ISO-10303-21;
HEADER;
FILE_DESCRIPTION( ( 'Unknown' ), '1' );
FILE_NAME( 'C:/Syc/3D/Product/eisos/RfdACHC/7449150023/Released_Data/7449150023_Rev01.stp', 'Unknown', ( 'Unknown' ), ( 'Unknown' ), 'PSStep 21.0.46', 'Unknown', '  ' );
FILE_SCHEMA( ( 'AUTOMOTIVE_DESIGN { 1 0 10303 214 1 1 1 1 }' ) );
ENDSEC;
DATA;
#1 = PRODUCT_DEFINITION_CONTEXT( '', #18, 'design' );
#2 = APPLICATION_PROTOCOL_DEFINITION( 'international standard', 'automotive_design', 2001, #18 );
#3 = PRODUCT_CATEGORY_RELATIONSHIP( 'NONE', 'NONE', #19, #20 );
#4 = SHAPE_DEFINITION_REPRESENTATION( #21, #22 );
#5 = PRODUCT_CATEGORY_RELATIONSHIP( 'NONE', 'NONE', #19, #23 );
#6 = CONTEXT_DEPENDENT_SHAPE_REPRESENTATION( #24, #25 );
#7 = SHAPE_DEFINITION_REPRESENTATION( #26, #27 );
#8 = SHAPE_REPRESENTATION_RELATIONSHIP( 'NONE', 'NONE', #27, #28 );
#9 = PRODUCT_CATEGORY_RELATIONSHIP( 'NONE', 'NONE', #19, #29 );
#10 = CONTEXT_DEPENDENT_SHAPE_REPRESENTATION( #30, #31 );
#11 = SHAPE_DEFINITION_REPRESENTATION( #32, #33 );
#12 = SHAPE_REPRESENTATION_RELATIONSHIP( 'NONE', 'NONE', #33, #34 );
#13 = MECHANICAL_DESIGN_GEOMETRIC_PRESENTATION_REPRESENTATION( ' ', ( #35, #36, #37, #38, #39, #40, #41, #42, #43, #44, #45, #46, #47, #48, #49, #50, #51, #52, #53, #54, #55, #56, #57, #58, #59, #60, #61, #62, #63, #64, #65, #66, #67, #68, #69, #70, #71, #72, #73, #74, #75, #76, #77, #78, #79, #80, #81, #82, #83, #84, #85, #86, #87, #88, #89, #90, #91, #92, #93, #94, #95, #96, #97, #98, #99, #100, #101, #102, #103, #104, #105, #106, #107, #108, #109, #110, #111, #112, #113, #114, #115, #116, #117, #118, #119, #120, #121, #122, #123, #124, #125, #126, #127, #128, #129, #130, #131, #132, #133, #134, #135 ), #14 );
#14 =  ( GEOMETRIC_REPRESENTATION_CONTEXT( 3 )GLOBAL_UNCERTAINTY_ASSIGNED_CONTEXT( ( #138 ) )GLOBAL_UNIT_ASSIGNED_CONTEXT( ( #140, #141, #142 ) )REPRESENTATION_CONTEXT( 'NONE', 'WORKSPACE' ) );
#18 = APPLICATION_CONTEXT( 'core data for automotive mechanical design processes' );
#19 = PRODUCT_CATEGORY( 'part', 'NONE' );
#20 = PRODUCT_RELATED_PRODUCT_CATEGORY( 'detail', ' ', ( #144 ) );
#21 = PRODUCT_DEFINITION_SHAPE( 'NONE', 'NONE', #145 );
#22 = SHAPE_REPRESENTATION( 'Assem1', ( #146, #147, #148 ), #149 );
#23 = PRODUCT_RELATED_PRODUCT_CATEGORY( 'detail', ' ', ( #150 ) );
#24 = ( REPRESENTATION_RELATIONSHIP( '', '', #27, #22 )REPRESENTATION_RELATIONSHIP_WITH_TRANSFORMATION( #153 )SHAPE_REPRESENTATION_RELATIONSHIP(  ) );
#25 = PRODUCT_DEFINITION_SHAPE( 'NAUO-PROD-DEF', 'NAUO-PROD-DEF', #155 );
#26 = PRODUCT_DEFINITION_SHAPE( 'NONE', 'NONE', #156 );
#27 = SHAPE_REPRESENTATION( 'Core', ( #146 ), #149 );
#28 = ADVANCED_BREP_SHAPE_REPRESENTATION( 'Core', ( #157 ), #14 );
#29 = PRODUCT_RELATED_PRODUCT_CATEGORY( 'detail', ' ', ( #158 ) );
#30 = ( REPRESENTATION_RELATIONSHIP( '', '', #33, #22 )REPRESENTATION_RELATIONSHIP_WITH_TRANSFORMATION( #161 )SHAPE_REPRESENTATION_RELATIONSHIP(  ) );
#31 = PRODUCT_DEFINITION_SHAPE( 'NAUO-PROD-DEF', 'NAUO-PROD-DEF', #163 );
#32 = PRODUCT_DEFINITION_SHAPE( 'NONE', 'NONE', #164 );
#33 = SHAPE_REPRESENTATION( 'Foil', ( #146 ), #149 );
#34 = ADVANCED_BREP_SHAPE_REPRESENTATION( 'Foil', ( #165 ), #14 );
#35 = STYLED_ITEM( '', ( #166 ), #167 );
#36 = STYLED_ITEM( '', ( #168 ), #169 );
#37 = STYLED_ITEM( '', ( #170 ), #171 );
#38 = STYLED_ITEM( '', ( #172 ), #173 );
#39 = STYLED_ITEM( '', ( #174 ), #175 );
#40 = STYLED_ITEM( '', ( #176 ), #177 );
#41 = STYLED_ITEM( '', ( #178 ), #179 );
#42 = STYLED_ITEM( '', ( #180 ), #181 );
#43 = STYLED_ITEM( '', ( #182 ), #183 );
#44 = STYLED_ITEM( '', ( #184 ), #185 );
#45 = STYLED_ITEM( '', ( #186 ), #187 );
#46 = STYLED_ITEM( '', ( #188 ), #189 );
#47 = STYLED_ITEM( '', ( #190 ), #191 );
#48 = STYLED_ITEM( '', ( #192 ), #193 );
#49 = STYLED_ITEM( '', ( #194 ), #195 );
#50 = STYLED_ITEM( '', ( #196 ), #197 );
#51 = STYLED_ITEM( '', ( #198 ), #199 );
#52 = STYLED_ITEM( '', ( #200 ), #201 );
#53 = STYLED_ITEM( '', ( #202 ), #203 );
#54 = STYLED_ITEM( '', ( #204 ), #205 );
#55 = STYLED_ITEM( '', ( #206 ), #207 );
#56 = STYLED_ITEM( '', ( #208 ), #209 );
#57 = STYLED_ITEM( '', ( #210 ), #211 );
#58 = STYLED_ITEM( '', ( #212 ), #213 );
#59 = STYLED_ITEM( '', ( #214 ), #215 );
#60 = STYLED_ITEM( '', ( #216 ), #217 );
#61 = STYLED_ITEM( '', ( #218 ), #219 );
#62 = STYLED_ITEM( '', ( #220 ), #221 );
#63 = STYLED_ITEM( '', ( #222 ), #223 );
#64 = STYLED_ITEM( '', ( #224 ), #225 );
#65 = STYLED_ITEM( '', ( #226 ), #227 );
#66 = STYLED_ITEM( '', ( #228 ), #229 );
#67 = STYLED_ITEM( '', ( #230 ), #231 );
#68 = STYLED_ITEM( '', ( #232 ), #233 );
#69 = STYLED_ITEM( '', ( #234 ), #235 );
#70 = STYLED_ITEM( '', ( #236 ), #237 );
#71 = STYLED_ITEM( '', ( #238 ), #239 );
#72 = STYLED_ITEM( '', ( #240 ), #241 );
#73 = STYLED_ITEM( '', ( #242 ), #243 );
#74 = STYLED_ITEM( '', ( #244 ), #245 );
#75 = STYLED_ITEM( '', ( #246 ), #247 );
#76 = STYLED_ITEM( '', ( #248 ), #249 );
#77 = STYLED_ITEM( '', ( #250 ), #251 );
#78 = STYLED_ITEM( '', ( #252 ), #253 );
#79 = STYLED_ITEM( '', ( #254 ), #255 );
#80 = STYLED_ITEM( '', ( #256 ), #257 );
#81 = STYLED_ITEM( '', ( #258 ), #259 );
#82 = STYLED_ITEM( '', ( #260 ), #261 );
#83 = STYLED_ITEM( '', ( #262 ), #263 );
#84 = STYLED_ITEM( '', ( #264 ), #265 );
#85 = STYLED_ITEM( '', ( #266 ), #267 );
#86 = STYLED_ITEM( '', ( #268 ), #269 );
#87 = STYLED_ITEM( '', ( #270 ), #271 );
#88 = STYLED_ITEM( '', ( #272 ), #273 );
#89 = STYLED_ITEM( '', ( #274 ), #275 );
#90 = STYLED_ITEM( '', ( #276 ), #277 );
#91 = STYLED_ITEM( '', ( #278 ), #279 );
#92 = STYLED_ITEM( '', ( #280 ), #281 );
#93 = STYLED_ITEM( '', ( #282 ), #283 );
#94 = STYLED_ITEM( '', ( #284 ), #285 );
#95 = STYLED_ITEM( '', ( #286 ), #287 );
#96 = STYLED_ITEM( '', ( #288 ), #289 );
#97 = STYLED_ITEM( '', ( #290 ), #291 );
#98 = STYLED_ITEM( '', ( #292 ), #293 );
#99 = STYLED_ITEM( '', ( #294 ), #295 );
#100 = STYLED_ITEM( '', ( #296 ), #297 );
#101 = STYLED_ITEM( '', ( #298 ), #299 );
#102 = STYLED_ITEM( '', ( #300 ), #301 );
#103 = STYLED_ITEM( '', ( #302 ), #303 );
#104 = STYLED_ITEM( '', ( #304 ), #305 );
#105 = STYLED_ITEM( '', ( #306 ), #307 );
#106 = STYLED_ITEM( '', ( #308 ), #309 );
#107 = STYLED_ITEM( '', ( #310 ), #311 );
#108 = STYLED_ITEM( '', ( #312 ), #313 );
#109 = STYLED_ITEM( '', ( #314 ), #315 );
#110 = STYLED_ITEM( '', ( #316 ), #317 );
#111 = STYLED_ITEM( '', ( #318 ), #319 );
#112 = STYLED_ITEM( '', ( #320 ), #321 );
#113 = STYLED_ITEM( '', ( #322 ), #323 );
#114 = STYLED_ITEM( '', ( #324 ), #325 );
#115 = STYLED_ITEM( '', ( #326 ), #327 );
#116 = STYLED_ITEM( '', ( #328 ), #329 );
#117 = STYLED_ITEM( '', ( #330 ), #331 );
#118 = STYLED_ITEM( '', ( #332 ), #333 );
#119 = STYLED_ITEM( '', ( #334 ), #335 );
#120 = STYLED_ITEM( '', ( #336 ), #337 );
#121 = STYLED_ITEM( '', ( #338 ), #339 );
#122 = STYLED_ITEM( '', ( #340 ), #341 );
#123 = STYLED_ITEM( '', ( #342 ), #343 );
#124 = STYLED_ITEM( '', ( #344 ), #345 );
#125 = STYLED_ITEM( '', ( #346 ), #347 );
#126 = STYLED_ITEM( '', ( #348 ), #349 );
#127 = STYLED_ITEM( '', ( #350 ), #351 );
#128 = STYLED_ITEM( '', ( #352 ), #353 );
#129 = STYLED_ITEM( '', ( #354 ), #355 );
#130 = STYLED_ITEM( '', ( #356 ), #357 );
#131 = STYLED_ITEM( '', ( #358 ), #359 );
#132 = STYLED_ITEM( '', ( #360 ), #361 );
#133 = STYLED_ITEM( '', ( #362 ), #363 );
#134 = STYLED_ITEM( '', ( #364 ), #365 );
#135 = STYLED_ITEM( '', ( #366 ), #367 );
#138 = UNCERTAINTY_MEASURE_WITH_UNIT( LENGTH_MEASURE( 0.00100000000000000 ), #140, '', '' );
#140 =  ( CONVERSION_BASED_UNIT( 'MILLIMETRE', #370 )LENGTH_UNIT(  )NAMED_UNIT( #373 ) );
#141 =  ( NAMED_UNIT( #375 )PLANE_ANGLE_UNIT(  )SI_UNIT( $, .RADIAN. ) );
#142 =  ( NAMED_UNIT( #375 )SI_UNIT( $, .STERADIAN. )SOLID_ANGLE_UNIT(  ) );
#144 = PRODUCT( 'Assem1', 'Assem1', 'PART-Assem1-DESC', ( #381 ) );
#145 = PRODUCT_DEFINITION( 'NONE', 'NONE', #382, #1 );
#146 = AXIS2_PLACEMENT_3D( '', #383, #384, #385 );
#147 = AXIS2_PLACEMENT_3D( '', #386, #387, #388 );
#148 = AXIS2_PLACEMENT_3D( '', #389, #390, #391 );
#149 =  ( GEOMETRIC_REPRESENTATION_CONTEXT( 3 )GLOBAL_UNCERTAINTY_ASSIGNED_CONTEXT( ( #394 ) )GLOBAL_UNIT_ASSIGNED_CONTEXT( ( #396, #397, #398 ) )REPRESENTATION_CONTEXT( 'NONE', 'WORKSPACE' ) );
#150 = PRODUCT( 'Core', 'Core', 'PART-Core-DESC', ( #381 ) );
#153 = ITEM_DEFINED_TRANSFORMATION( '', '', #146, #147 );
#155 = NEXT_ASSEMBLY_USAGE_OCCURRENCE( 'NAUO1', 'Core', 'Core', #145, #156, $ );
#156 = PRODUCT_DEFINITION( 'Core', 'Core', #400, #1 );
#157 = MANIFOLD_SOLID_BREP( 'Core', #401 );
#158 = PRODUCT( 'Foil', 'Foil', 'PART-Foil-DESC', ( #381 ) );
#161 = ITEM_DEFINED_TRANSFORMATION( '', '', #146, #148 );
#163 = NEXT_ASSEMBLY_USAGE_OCCURRENCE( 'NAUO2', 'Foil', 'Foil', #145, #164, $ );
#164 = PRODUCT_DEFINITION( 'Foil', 'Foil', #402, #1 );
#165 = MANIFOLD_SOLID_BREP( 'Foil', #403 );
#166 = PRESENTATION_STYLE_ASSIGNMENT( ( #404 ) );
#167 = ADVANCED_FACE( '', ( #405 ), #406, .T. );
#168 = PRESENTATION_STYLE_ASSIGNMENT( ( #407 ) );
#169 = ADVANCED_FACE( '', ( #408 ), #409, .T. );
#170 = PRESENTATION_STYLE_ASSIGNMENT( ( #410 ) );
#171 = ADVANCED_FACE( '', ( #411 ), #412, .T. );
#172 = PRESENTATION_STYLE_ASSIGNMENT( ( #413 ) );
#173 = ADVANCED_FACE( '', ( #414 ), #415, .F. );
#174 = PRESENTATION_STYLE_ASSIGNMENT( ( #416 ) );
#175 = ADVANCED_FACE( '', ( #417 ), #418, .T. );
#176 = PRESENTATION_STYLE_ASSIGNMENT( ( #419 ) );
#177 = ADVANCED_FACE( '', ( #420 ), #421, .F. );
#178 = PRESENTATION_STYLE_ASSIGNMENT( ( #422 ) );
#179 = ADVANCED_FACE( '', ( #423 ), #424, .T. );
#180 = PRESENTATION_STYLE_ASSIGNMENT( ( #425 ) );
#181 = ADVANCED_FACE( '', ( #426 ), #427, .T. );
#182 = PRESENTATION_STYLE_ASSIGNMENT( ( #428 ) );
#183 = ADVANCED_FACE( '', ( #429 ), #430, .T. );
#184 = PRESENTATION_STYLE_ASSIGNMENT( ( #431 ) );
#185 = ADVANCED_FACE( '', ( #432 ), #433, .T. );
#186 = PRESENTATION_STYLE_ASSIGNMENT( ( #434 ) );
#187 = ADVANCED_FACE( '', ( #435 ), #436, .F. );
#188 = PRESENTATION_STYLE_ASSIGNMENT( ( #437 ) );
#189 = ADVANCED_FACE( '', ( #438 ), #439, .T. );
#190 = PRESENTATION_STYLE_ASSIGNMENT( ( #440 ) );
#191 = ADVANCED_FACE( '', ( #441 ), #442, .F. );
#192 = PRESENTATION_STYLE_ASSIGNMENT( ( #443 ) );
#193 = ADVANCED_FACE( '', ( #444 ), #445, .T. );
#194 = PRESENTATION_STYLE_ASSIGNMENT( ( #446 ) );
#195 = ADVANCED_FACE( '', ( #447 ), #448, .T. );
#196 = PRESENTATION_STYLE_ASSIGNMENT( ( #449 ) );
#197 = ADVANCED_FACE( '', ( #450 ), #451, .T. );
#198 = PRESENTATION_STYLE_ASSIGNMENT( ( #452 ) );
#199 = ADVANCED_FACE( '', ( #453 ), #454, .T. );
#200 = PRESENTATION_STYLE_ASSIGNMENT( ( #455 ) );
#201 = ADVANCED_FACE( '', ( #456 ), #457, .T. );
#202 = PRESENTATION_STYLE_ASSIGNMENT( ( #458 ) );
#203 = ADVANCED_FACE( '', ( #459 ), #460, .T. );
#204 = PRESENTATION_STYLE_ASSIGNMENT( ( #461 ) );
#205 = ADVANCED_FACE( '', ( #462 ), #463, .T. );
#206 = PRESENTATION_STYLE_ASSIGNMENT( ( #464 ) );
#207 = ADVANCED_FACE( '', ( #465 ), #466, .T. );
#208 = PRESENTATION_STYLE_ASSIGNMENT( ( #467 ) );
#209 = ADVANCED_FACE( '', ( #468, #469, #470, #471, #472, #473, #474, #475, #476 ), #477, .F. );
#210 = PRESENTATION_STYLE_ASSIGNMENT( ( #478 ) );
#211 = ADVANCED_FACE( '', ( #479 ), #480, .T. );
#212 = PRESENTATION_STYLE_ASSIGNMENT( ( #481 ) );
#213 = ADVANCED_FACE( '', ( #482 ), #483, .T. );
#214 = PRESENTATION_STYLE_ASSIGNMENT( ( #484 ) );
#215 = ADVANCED_FACE( '', ( #485 ), #486, .T. );
#216 = PRESENTATION_STYLE_ASSIGNMENT( ( #487 ) );
#217 = ADVANCED_FACE( '', ( #488 ), #489, .T. );
#218 = PRESENTATION_STYLE_ASSIGNMENT( ( #490 ) );
#219 = ADVANCED_FACE( '', ( #491 ), #492, .T. );
#220 = PRESENTATION_STYLE_ASSIGNMENT( ( #493 ) );
#221 = ADVANCED_FACE( '', ( #494, #495 ), #496, .T. );
#222 = PRESENTATION_STYLE_ASSIGNMENT( ( #497 ) );
#223 = ADVANCED_FACE( '', ( #498 ), #499, .T. );
#224 = PRESENTATION_STYLE_ASSIGNMENT( ( #500 ) );
#225 = ADVANCED_FACE( '', ( #501 ), #502, .T. );
#226 = PRESENTATION_STYLE_ASSIGNMENT( ( #503 ) );
#227 = ADVANCED_FACE( '', ( #504, #505 ), #506, .T. );
#228 = PRESENTATION_STYLE_ASSIGNMENT( ( #507 ) );
#229 = ADVANCED_FACE( '', ( #508 ), #509, .F. );
#230 = PRESENTATION_STYLE_ASSIGNMENT( ( #510 ) );
#231 = ADVANCED_FACE( '', ( #511 ), #512, .F. );
#232 = PRESENTATION_STYLE_ASSIGNMENT( ( #513 ) );
#233 = ADVANCED_FACE( '', ( #514 ), #515, .T. );
#234 = PRESENTATION_STYLE_ASSIGNMENT( ( #516 ) );
#235 = ADVANCED_FACE( '', ( #517 ), #518, .T. );
#236 = PRESENTATION_STYLE_ASSIGNMENT( ( #519 ) );
#237 = ADVANCED_FACE( '', ( #520 ), #521, .T. );
#238 = PRESENTATION_STYLE_ASSIGNMENT( ( #522 ) );
#239 = ADVANCED_FACE( '', ( #523 ), #524, .T. );
#240 = PRESENTATION_STYLE_ASSIGNMENT( ( #525 ) );
#241 = ADVANCED_FACE( '', ( #526 ), #527, .T. );
#242 = PRESENTATION_STYLE_ASSIGNMENT( ( #528 ) );
#243 = ADVANCED_FACE( '', ( #529 ), #530, .T. );
#244 = PRESENTATION_STYLE_ASSIGNMENT( ( #531 ) );
#245 = ADVANCED_FACE( '', ( #532 ), #533, .T. );
#246 = PRESENTATION_STYLE_ASSIGNMENT( ( #534 ) );
#247 = ADVANCED_FACE( '', ( #535 ), #536, .F. );
#248 = PRESENTATION_STYLE_ASSIGNMENT( ( #537 ) );
#249 = ADVANCED_FACE( '', ( #538 ), #539, .T. );
#250 = PRESENTATION_STYLE_ASSIGNMENT( ( #540 ) );
#251 = ADVANCED_FACE( '', ( #541 ), #542, .F. );
#252 = PRESENTATION_STYLE_ASSIGNMENT( ( #543 ) );
#253 = ADVANCED_FACE( '', ( #544 ), #545, .F. );
#254 = PRESENTATION_STYLE_ASSIGNMENT( ( #546 ) );
#255 = ADVANCED_FACE( '', ( #547 ), #548, .T. );
#256 = PRESENTATION_STYLE_ASSIGNMENT( ( #549 ) );
#257 = ADVANCED_FACE( '', ( #550 ), #551, .F. );
#258 = PRESENTATION_STYLE_ASSIGNMENT( ( #552 ) );
#259 = ADVANCED_FACE( '', ( #553 ), #554, .T. );
#260 = PRESENTATION_STYLE_ASSIGNMENT( ( #555 ) );
#261 = ADVANCED_FACE( '', ( #556 ), #557, .T. );
#262 = PRESENTATION_STYLE_ASSIGNMENT( ( #558 ) );
#263 = ADVANCED_FACE( '', ( #559 ), #560, .F. );
#264 = PRESENTATION_STYLE_ASSIGNMENT( ( #561 ) );
#265 = ADVANCED_FACE( '', ( #562 ), #563, .T. );
#266 = PRESENTATION_STYLE_ASSIGNMENT( ( #564 ) );
#267 = ADVANCED_FACE( '', ( #565 ), #566, .T. );
#268 = PRESENTATION_STYLE_ASSIGNMENT( ( #567 ) );
#269 = ADVANCED_FACE( '', ( #568 ), #569, .F. );
#270 = PRESENTATION_STYLE_ASSIGNMENT( ( #570 ) );
#271 = ADVANCED_FACE( '', ( #571 ), #572, .T. );
#272 = PRESENTATION_STYLE_ASSIGNMENT( ( #573 ) );
#273 = ADVANCED_FACE( '', ( #574 ), #575, .T. );
#274 = PRESENTATION_STYLE_ASSIGNMENT( ( #576 ) );
#275 = ADVANCED_FACE( '', ( #577 ), #578, .T. );
#276 = PRESENTATION_STYLE_ASSIGNMENT( ( #579 ) );
#277 = ADVANCED_FACE( '', ( #580 ), #581, .T. );
#278 = PRESENTATION_STYLE_ASSIGNMENT( ( #582 ) );
#279 = ADVANCED_FACE( '', ( #583 ), #584, .T. );
#280 = PRESENTATION_STYLE_ASSIGNMENT( ( #585 ) );
#281 = ADVANCED_FACE( '', ( #586 ), #587, .F. );
#282 = PRESENTATION_STYLE_ASSIGNMENT( ( #588 ) );
#283 = ADVANCED_FACE( '', ( #589 ), #590, .F. );
#284 = PRESENTATION_STYLE_ASSIGNMENT( ( #591 ) );
#285 = ADVANCED_FACE( '', ( #592 ), #593, .T. );
#286 = PRESENTATION_STYLE_ASSIGNMENT( ( #594 ) );
#287 = ADVANCED_FACE( '', ( #595 ), #596, .T. );
#288 = PRESENTATION_STYLE_ASSIGNMENT( ( #597 ) );
#289 = ADVANCED_FACE( '', ( #598 ), #599, .T. );
#290 = PRESENTATION_STYLE_ASSIGNMENT( ( #600 ) );
#291 = ADVANCED_FACE( '', ( #601 ), #602, .T. );
#292 = PRESENTATION_STYLE_ASSIGNMENT( ( #603 ) );
#293 = ADVANCED_FACE( '', ( #604 ), #605, .F. );
#294 = PRESENTATION_STYLE_ASSIGNMENT( ( #606 ) );
#295 = ADVANCED_FACE( '', ( #607 ), #608, .T. );
#296 = PRESENTATION_STYLE_ASSIGNMENT( ( #609 ) );
#297 = ADVANCED_FACE( '', ( #610 ), #611, .T. );
#298 = PRESENTATION_STYLE_ASSIGNMENT( ( #612 ) );
#299 = ADVANCED_FACE( '', ( #613 ), #614, .T. );
#300 = PRESENTATION_STYLE_ASSIGNMENT( ( #615 ) );
#301 = ADVANCED_FACE( '', ( #616 ), #617, .T. );
#302 = PRESENTATION_STYLE_ASSIGNMENT( ( #618 ) );
#303 = ADVANCED_FACE( '', ( #619 ), #620, .T. );
#304 = PRESENTATION_STYLE_ASSIGNMENT( ( #621 ) );
#305 = ADVANCED_FACE( '', ( #622 ), #623, .T. );
#306 = PRESENTATION_STYLE_ASSIGNMENT( ( #624 ) );
#307 = ADVANCED_FACE( '', ( #625 ), #626, .T. );
#308 = PRESENTATION_STYLE_ASSIGNMENT( ( #627 ) );
#309 = ADVANCED_FACE( '', ( #628 ), #629, .T. );
#310 = PRESENTATION_STYLE_ASSIGNMENT( ( #630 ) );
#311 = ADVANCED_FACE( '', ( #631 ), #632, .T. );
#312 = PRESENTATION_STYLE_ASSIGNMENT( ( #633 ) );
#313 = ADVANCED_FACE( '', ( #634 ), #635, .T. );
#314 = PRESENTATION_STYLE_ASSIGNMENT( ( #636 ) );
#315 = ADVANCED_FACE( '', ( #637, #638 ), #639, .T. );
#316 = PRESENTATION_STYLE_ASSIGNMENT( ( #640 ) );
#317 = ADVANCED_FACE( '', ( #641 ), #642, .T. );
#318 = PRESENTATION_STYLE_ASSIGNMENT( ( #643 ) );
#319 = ADVANCED_FACE( '', ( #644 ), #645, .T. );
#320 = PRESENTATION_STYLE_ASSIGNMENT( ( #646 ) );
#321 = ADVANCED_FACE( '', ( #647 ), #648, .F. );
#322 = PRESENTATION_STYLE_ASSIGNMENT( ( #649 ) );
#323 = ADVANCED_FACE( '', ( #650 ), #651, .T. );
#324 = PRESENTATION_STYLE_ASSIGNMENT( ( #652 ) );
#325 = ADVANCED_FACE( '', ( #653 ), #654, .T. );
#326 = PRESENTATION_STYLE_ASSIGNMENT( ( #655 ) );
#327 = ADVANCED_FACE( '', ( #656 ), #657, .T. );
#328 = PRESENTATION_STYLE_ASSIGNMENT( ( #658 ) );
#329 = ADVANCED_FACE( '', ( #659 ), #660, .T. );
#330 = PRESENTATION_STYLE_ASSIGNMENT( ( #661 ) );
#331 = ADVANCED_FACE( '', ( #662 ), #663, .T. );
#332 = PRESENTATION_STYLE_ASSIGNMENT( ( #664 ) );
#333 = ADVANCED_FACE( '', ( #665 ), #666, .T. );
#334 = PRESENTATION_STYLE_ASSIGNMENT( ( #667 ) );
#335 = ADVANCED_FACE( '', ( #668 ), #669, .T. );
#336 = PRESENTATION_STYLE_ASSIGNMENT( ( #670 ) );
#337 = ADVANCED_FACE( '', ( #671 ), #672, .F. );
#338 = PRESENTATION_STYLE_ASSIGNMENT( ( #673 ) );
#339 = ADVANCED_FACE( '', ( #674 ), #675, .F. );
#340 = PRESENTATION_STYLE_ASSIGNMENT( ( #676 ) );
#341 = ADVANCED_FACE( '', ( #677 ), #678, .T. );
#342 = PRESENTATION_STYLE_ASSIGNMENT( ( #679 ) );
#343 = ADVANCED_FACE( '', ( #680 ), #681, .T. );
#344 = PRESENTATION_STYLE_ASSIGNMENT( ( #682 ) );
#345 = ADVANCED_FACE( '', ( #683 ), #684, .T. );
#346 = PRESENTATION_STYLE_ASSIGNMENT( ( #685 ) );
#347 = ADVANCED_FACE( '', ( #686 ), #687, .T. );
#348 = PRESENTATION_STYLE_ASSIGNMENT( ( #688 ) );
#349 = ADVANCED_FACE( '', ( #689 ), #690, .F. );
#350 = PRESENTATION_STYLE_ASSIGNMENT( ( #691 ) );
#351 = ADVANCED_FACE( '', ( #692 ), #693, .F. );
#352 = PRESENTATION_STYLE_ASSIGNMENT( ( #694 ) );
#353 = ADVANCED_FACE( '', ( #695 ), #696, .T. );
#354 = PRESENTATION_STYLE_ASSIGNMENT( ( #697 ) );
#355 = ADVANCED_FACE( '', ( #698 ), #699, .F. );
#356 = PRESENTATION_STYLE_ASSIGNMENT( ( #700 ) );
#357 = ADVANCED_FACE( '', ( #701 ), #702, .T. );
#358 = PRESENTATION_STYLE_ASSIGNMENT( ( #703 ) );
#359 = ADVANCED_FACE( '', ( #704 ), #705, .F. );
#360 = PRESENTATION_STYLE_ASSIGNMENT( ( #706 ) );
#361 = ADVANCED_FACE( '', ( #707 ), #708, .T. );
#362 = PRESENTATION_STYLE_ASSIGNMENT( ( #709 ) );
#363 = ADVANCED_FACE( '', ( #710 ), #711, .F. );
#364 = PRESENTATION_STYLE_ASSIGNMENT( ( #712 ) );
#365 = ADVANCED_FACE( '', ( #713 ), #714, .T. );
#366 = PRESENTATION_STYLE_ASSIGNMENT( ( #715 ) );
#367 = ADVANCED_FACE( '', ( #716, #717 ), #718, .T. );
#370 = LENGTH_MEASURE_WITH_UNIT( LENGTH_MEASURE( 1.00000000000000 ), #719 );
#373 = DIMENSIONAL_EXPONENTS( 1.00000000000000, 0.000000000000000, 0.000000000000000, 0.000000000000000, 0.000000000000000, 0.000000000000000, 0.000000000000000 );
#375 = DIMENSIONAL_EXPONENTS( 0.000000000000000, 0.000000000000000, 0.000000000000000, 0.000000000000000, 0.000000000000000, 0.000000000000000, 0.000000000000000 );
#381 = PRODUCT_CONTEXT( '', #18, 'mechanical' );
#382 = PRODUCT_DEFINITION_FORMATION_WITH_SPECIFIED_SOURCE( ' ', 'NONE', #144, .NOT_KNOWN. );
#383 = CARTESIAN_POINT( '', ( 0.000000000000000, 0.000000000000000, 0.000000000000000 ) );
#384 = DIRECTION( '', ( 0.000000000000000, 0.000000000000000, 1.00000000000000 ) );
#385 = DIRECTION( '', ( 1.00000000000000, 0.000000000000000, 0.000000000000000 ) );
#386 = CARTESIAN_POINT( '', ( 0.000000000000000, 0.000000000000000, 0.000000000000000 ) );
#387 = DIRECTION( '', ( 0.000000000000000, 0.000000000000000, 1.00000000000000 ) );
#388 = DIRECTION( '', ( 1.00000000000000, 0.000000000000000, 0.000000000000000 ) );
#389 = CARTESIAN_POINT( '', ( -1.21341150940598E-15, 4.38669689363839E-15, 1.97000000000000 ) );
#390 = DIRECTION( '', ( -2.77306541300928E-17, -1.11022302462516E-16, 1.00000000000000 ) );
#391 = DIRECTION( '', ( -1.00000000000000, 5.90964652984641E-17, -2.77306541300927E-17 ) );
#394 = UNCERTAINTY_MEASURE_WITH_UNIT( LENGTH_MEASURE( 0.00100000000000000 ), #396, '', '' );
#396 =  ( CONVERSION_BASED_UNIT( 'MILLIMETRE', #722 )LENGTH_UNIT(  )NAMED_UNIT( #725 ) );
#397 =  ( NAMED_UNIT( #727 )PLANE_ANGLE_UNIT(  )SI_UNIT( $, .RADIAN. ) );
#398 =  ( NAMED_UNIT( #727 )SI_UNIT( $, .STERADIAN. )SOLID_ANGLE_UNIT(  ) );
#400 = PRODUCT_DEFINITION_FORMATION_WITH_SPECIFIED_SOURCE( ' ', 'NONE', #150, .NOT_KNOWN. );
#401 = CLOSED_SHELL( '', ( #283, #247, #331, #281, #229, #351, #293, #263, #251, #337, #257, #173, #355, #339, #177, #269, #349, #359, #287, #187, #231, #363, #235, #191, #361, #317 ) );
#402 = PRODUCT_DEFINITION_FORMATION_WITH_SPECIFIED_SOURCE( ' ', 'NONE', #158, .NOT_KNOWN. );
#403 = CLOSED_SHELL( '', ( #271, #323, #185, #279, #197, #213, #205, #233, #273, #249, #309, #239, #365, #343, #259, #169, #275, #179, #193, #289, #183, #305, #311, #297, #319, #201, #245, #353, #195, #181, #341, #313, #223, #295, #225, #301, #189, #307, #303, #321, #345, #227, #209, #253, #315, #215, #333, #167, #327, #217, #255, #291, #335, #367, #171, #299, #241, #243, #199, #265, #285, #203, #219, #207, #329, #277, #325, #347, #357, #237, #267, #211, #261, #221, #175 ) );
#404 = SURFACE_STYLE_USAGE( .BOTH., #733 );
#405 = FACE_OUTER_BOUND( '', #734, .T. );
#406 = SURFACE_OF_LINEAR_EXTRUSION( '', #735, #736 );
#407 = SURFACE_STYLE_USAGE( .BOTH., #737 );
#408 = FACE_OUTER_BOUND( '', #738, .T. );
#409 = PLANE( '', #739 );
#410 = SURFACE_STYLE_USAGE( .BOTH., #740 );
#411 = FACE_OUTER_BOUND( '', #741, .T. );
#412 = PLANE( '', #742 );
#413 = SURFACE_STYLE_USAGE( .BOTH., #743 );
#414 = FACE_OUTER_BOUND( '', #744, .T. );
#415 = PLANE( '', #745 );
#416 = SURFACE_STYLE_USAGE( .BOTH., #746 );
#417 = FACE_OUTER_BOUND( '', #747, .T. );
#418 = PLANE( '', #748 );
#419 = SURFACE_STYLE_USAGE( .BOTH., #749 );
#420 = FACE_OUTER_BOUND( '', #750, .T. );
#421 = CYLINDRICAL_SURFACE( '', #751, 0.500000000000000 );
#422 = SURFACE_STYLE_USAGE( .BOTH., #752 );
#423 = FACE_OUTER_BOUND( '', #753, .T. );
#424 = PLANE( '', #754 );
#425 = SURFACE_STYLE_USAGE( .BOTH., #755 );
#426 = FACE_OUTER_BOUND( '', #756, .T. );
#427 = SURFACE_OF_LINEAR_EXTRUSION( '', #757, #758 );
#428 = SURFACE_STYLE_USAGE( .BOTH., #759 );
#429 = FACE_OUTER_BOUND( '', #760, .T. );
#430 = PLANE( '', #761 );
#431 = SURFACE_STYLE_USAGE( .BOTH., #762 );
#432 = FACE_OUTER_BOUND( '', #763, .T. );
#433 = PLANE( '', #764 );
#434 = SURFACE_STYLE_USAGE( .BOTH., #765 );
#435 = FACE_OUTER_BOUND( '', #766, .T. );
#436 = PLANE( '', #767 );
#437 = SURFACE_STYLE_USAGE( .BOTH., #768 );
#438 = FACE_OUTER_BOUND( '', #769, .T. );
#439 = PLANE( '', #770 );
#440 = SURFACE_STYLE_USAGE( .BOTH., #771 );
#441 = FACE_OUTER_BOUND( '', #772, .T. );
#442 = CYLINDRICAL_SURFACE( '', #773, 3.20000000000000 );
#443 = SURFACE_STYLE_USAGE( .BOTH., #774 );
#444 = FACE_OUTER_BOUND( '', #775, .T. );
#445 = PLANE( '', #776 );
#446 = SURFACE_STYLE_USAGE( .BOTH., #777 );
#447 = FACE_OUTER_BOUND( '', #778, .T. );
#448 = PLANE( '', #779 );
#449 = SURFACE_STYLE_USAGE( .BOTH., #780 );
#450 = FACE_OUTER_BOUND( '', #781, .T. );
#451 = PLANE( '', #782 );
#452 = SURFACE_STYLE_USAGE( .BOTH., #783 );
#453 = FACE_OUTER_BOUND( '', #784, .T. );
#454 = PLANE( '', #785 );
#455 = SURFACE_STYLE_USAGE( .BOTH., #786 );
#456 = FACE_OUTER_BOUND( '', #787, .T. );
#457 = PLANE( '', #788 );
#458 = SURFACE_STYLE_USAGE( .BOTH., #789 );
#459 = FACE_OUTER_BOUND( '', #790, .T. );
#460 = PLANE( '', #791 );
#461 = SURFACE_STYLE_USAGE( .BOTH., #792 );
#462 = FACE_OUTER_BOUND( '', #793, .T. );
#463 = PLANE( '', #794 );
#464 = SURFACE_STYLE_USAGE( .BOTH., #795 );
#465 = FACE_OUTER_BOUND( '', #796, .T. );
#466 = PLANE( '', #797 );
#467 = SURFACE_STYLE_USAGE( .BOTH., #798 );
#468 = FACE_BOUND( '', #799, .T. );
#469 = FACE_BOUND( '', #800, .T. );
#470 = FACE_BOUND( '', #801, .T. );
#471 = FACE_BOUND( '', #802, .T. );
#472 = FACE_OUTER_BOUND( '', #803, .T. );
#473 = FACE_BOUND( '', #804, .T. );
#474 = FACE_BOUND( '', #805, .T. );
#475 = FACE_BOUND( '', #806, .T. );
#476 = FACE_BOUND( '', #807, .T. );
#477 = PLANE( '', #808 );
#478 = SURFACE_STYLE_USAGE( .BOTH., #809 );
#479 = FACE_OUTER_BOUND( '', #810, .T. );
#480 = SURFACE_OF_LINEAR_EXTRUSION( '', #811, #812 );
#481 = SURFACE_STYLE_USAGE( .BOTH., #813 );
#482 = FACE_OUTER_BOUND( '', #814, .T. );
#483 = PLANE( '', #815 );
#484 = SURFACE_STYLE_USAGE( .BOTH., #816 );
#485 = FACE_OUTER_BOUND( '', #817, .T. );
#486 = SURFACE_OF_LINEAR_EXTRUSION( '', #818, #819 );
#487 = SURFACE_STYLE_USAGE( .BOTH., #820 );
#488 = FACE_OUTER_BOUND( '', #821, .T. );
#489 = PLANE( '', #822 );
#490 = SURFACE_STYLE_USAGE( .BOTH., #823 );
#491 = FACE_OUTER_BOUND( '', #824, .T. );
#492 = PLANE( '', #825 );
#493 = SURFACE_STYLE_USAGE( .BOTH., #826 );
#494 = FACE_OUTER_BOUND( '', #827, .T. );
#495 = FACE_OUTER_BOUND( '', #828, .T. );
#496 = SURFACE_OF_LINEAR_EXTRUSION( '', #829, #830 );
#497 = SURFACE_STYLE_USAGE( .BOTH., #831 );
#498 = FACE_OUTER_BOUND( '', #832, .T. );
#499 = SURFACE_OF_LINEAR_EXTRUSION( '', #833, #834 );
#500 = SURFACE_STYLE_USAGE( .BOTH., #835 );
#501 = FACE_OUTER_BOUND( '', #836, .T. );
#502 = SURFACE_OF_LINEAR_EXTRUSION( '', #837, #838 );
#503 = SURFACE_STYLE_USAGE( .BOTH., #839 );
#504 = FACE_OUTER_BOUND( '', #840, .T. );
#505 = FACE_OUTER_BOUND( '', #841, .T. );
#506 = CYLINDRICAL_SURFACE( '', #842, 4.80000000000000 );
#507 = SURFACE_STYLE_USAGE( .BOTH., #843 );
#508 = FACE_OUTER_BOUND( '', #844, .T. );
#509 = PLANE( '', #845 );
#510 = SURFACE_STYLE_USAGE( .BOTH., #846 );
#511 = FACE_OUTER_BOUND( '', #847, .T. );
#512 = PLANE( '', #848 );
#513 = SURFACE_STYLE_USAGE( .BOTH., #849 );
#514 = FACE_OUTER_BOUND( '', #850, .T. );
#515 = PLANE( '', #851 );
#516 = SURFACE_STYLE_USAGE( .BOTH., #852 );
#517 = FACE_OUTER_BOUND( '', #853, .T. );
#518 = ( BOUNDED_SURFACE(  )B_SPLINE_SURFACE( 1, 2, ( ( #856, #857, #858, #859, #860, #861, #862, #863, #864, #865, #866, #867, #868, #869, #870, #871, #872, #873, #874, #875, #876, #877, #878, #879, #880 ), ( #881, #882, #883, #884, #885, #886, #887, #888, #889, #890, #891, #892, #893, #894, #895, #896, #897, #898, #899, #900, #901, #902, #903, #904, #905 ) ), .UNSPECIFIED., .F., .F., .F. )B_SPLINE_SURFACE_WITH_KNOTS( ( 2, 2 ), ( 3, 2, 2, 2, 2, 2, 2, 2, 2, 2, 2, 2, 3 ), ( 0.000000000000000, 1.00000000000000 ), ( 0.000000000000000, 0.0833333333333333, 0.166666666666667, 0.250000000000000, 0.333333333333334, 0.416666666666667, 0.500000000000000, 0.583333333333333, 0.666666666666667, 0.750000000000000, 0.833333333333333, 0.916666666666667, 1.00000000000000 ), .UNSPECIFIED. )GEOMETRIC_REPRESENTATION_ITEM(  )RATIONAL_B_SPLINE_SURFACE( ( ( 1.00000000000000, 0.866025403784439, 1.00000000000000, 0.866025403784439, 1.00000000000000, 0.866025403784439, 1.00000000000000, 0.866025403784439, 1.00000000000000, 0.866025403784439, 1.00000000000000, 0.866025403784439, 1.00000000000000, 0.866025403784439, 1.00000000000000, 0.866025403784439, 1.00000000000000, 0.866025403784439, 1.00000000000000, 0.866025403784439, 1.00000000000000, 0.866025403784439, 1.00000000000000, 0.866025403784439, 1.00000000000000 ), ( 1.00000000000000, 0.866025403784439, 1.00000000000000, 0.866025403784439, 1.00000000000000, 0.866025403784439, 1.00000000000000, 0.866025403784439, 1.00000000000000, 0.866025403784439, 1.00000000000000, 0.866025403784439, 1.00000000000000, 0.866025403784439, 1.00000000000000, 0.866025403784439, 1.00000000000000, 0.866025403784439, 1.00000000000000, 0.866025403784439, 1.00000000000000, 0.866025403784439, 1.00000000000000, 0.866025403784439, 1.00000000000000 ) ) )REPRESENTATION_ITEM( '' )SURFACE(  ) );
#519 = SURFACE_STYLE_USAGE( .BOTH., #911 );
#520 = FACE_OUTER_BOUND( '', #912, .T. );
#521 = PLANE( '', #913 );
#522 = SURFACE_STYLE_USAGE( .BOTH., #914 );
#523 = FACE_OUTER_BOUND( '', #915, .T. );
#524 = PLANE( '', #916 );
#525 = SURFACE_STYLE_USAGE( .BOTH., #917 );
#526 = FACE_OUTER_BOUND( '', #918, .T. );
#527 = PLANE( '', #919 );
#528 = SURFACE_STYLE_USAGE( .BOTH., #920 );
#529 = FACE_OUTER_BOUND( '', #921, .T. );
#530 = PLANE( '', #922 );
#531 = SURFACE_STYLE_USAGE( .BOTH., #923 );
#532 = FACE_OUTER_BOUND( '', #924, .T. );
#533 = PLANE( '', #925 );
#534 = SURFACE_STYLE_USAGE( .BOTH., #926 );
#535 = FACE_OUTER_BOUND( '', #927, .T. );
#536 = PLANE( '', #928 );
#537 = SURFACE_STYLE_USAGE( .BOTH., #929 );
#538 = FACE_OUTER_BOUND( '', #930, .T. );
#539 = PLANE( '', #931 );
#540 = SURFACE_STYLE_USAGE( .BOTH., #932 );
#541 = FACE_OUTER_BOUND( '', #933, .T. );
#542 = PLANE( '', #934 );
#543 = SURFACE_STYLE_USAGE( .BOTH., #935 );
#544 = FACE_OUTER_BOUND( '', #936, .T. );
#545 = PLANE( '', #937 );
#546 = SURFACE_STYLE_USAGE( .BOTH., #938 );
#547 = FACE_OUTER_BOUND( '', #939, .T. );
#548 = PLANE( '', #940 );
#549 = SURFACE_STYLE_USAGE( .BOTH., #941 );
#550 = FACE_OUTER_BOUND( '', #942, .T. );
#551 = PLANE( '', #943 );
#552 = SURFACE_STYLE_USAGE( .BOTH., #944 );
#553 = FACE_OUTER_BOUND( '', #945, .T. );
#554 = PLANE( '', #946 );
#555 = SURFACE_STYLE_USAGE( .BOTH., #947 );
#556 = FACE_OUTER_BOUND( '', #948, .T. );
#557 = PLANE( '', #949 );
#558 = SURFACE_STYLE_USAGE( .BOTH., #950 );
#559 = FACE_OUTER_BOUND( '', #951, .T. );
#560 = PLANE( '', #952 );
#561 = SURFACE_STYLE_USAGE( .BOTH., #953 );
#562 = FACE_OUTER_BOUND( '', #954, .T. );
#563 = SURFACE_OF_LINEAR_EXTRUSION( '', #955, #956 );
#564 = SURFACE_STYLE_USAGE( .BOTH., #957 );
#565 = FACE_OUTER_BOUND( '', #958, .T. );
#566 = SURFACE_OF_LINEAR_EXTRUSION( '', #959, #960 );
#567 = SURFACE_STYLE_USAGE( .BOTH., #961 );
#568 = FACE_OUTER_BOUND( '', #962, .T. );
#569 = PLANE( '', #963 );
#570 = SURFACE_STYLE_USAGE( .BOTH., #964 );
#571 = FACE_OUTER_BOUND( '', #965, .T. );
#572 = SURFACE_OF_LINEAR_EXTRUSION( '', #966, #967 );
#573 = SURFACE_STYLE_USAGE( .BOTH., #968 );
#574 = FACE_OUTER_BOUND( '', #969, .T. );
#575 = PLANE( '', #970 );
#576 = SURFACE_STYLE_USAGE( .BOTH., #971 );
#577 = FACE_OUTER_BOUND( '', #972, .T. );
#578 = PLANE( '', #973 );
#579 = SURFACE_STYLE_USAGE( .BOTH., #974 );
#580 = FACE_OUTER_BOUND( '', #975, .T. );
#581 = PLANE( '', #976 );
#582 = SURFACE_STYLE_USAGE( .BOTH., #977 );
#583 = FACE_OUTER_BOUND( '', #978, .T. );
#584 = PLANE( '', #979 );
#585 = SURFACE_STYLE_USAGE( .BOTH., #980 );
#586 = FACE_OUTER_BOUND( '', #981, .T. );
#587 = PLANE( '', #982 );
#588 = SURFACE_STYLE_USAGE( .BOTH., #983 );
#589 = FACE_OUTER_BOUND( '', #984, .T. );
#590 = B_SPLINE_SURFACE_WITH_KNOTS( '', 1, 3, ( ( #985, #986, #987, #988, #989, #990, #991, #992, #993, #994, #995, #996, #997, #998 ), ( #999, #1000, #1001, #1002, #1003, #1004, #1005, #1006, #1007, #1008, #1009, #1010, #1011, #1012 ) ), .UNSPECIFIED., .F., .F., .F., ( 2, 2 ), ( 4, 2, 2, 2, 2, 2, 4 ), ( 0.000000000000000, 1.00000000000000 ), ( 0.000000000000000, 0.246263614991340, 0.369395422487009, 0.492527229982679, 0.619395422487009, 0.746263614991339, 1.00000000000000 ), .UNSPECIFIED. );
#591 = SURFACE_STYLE_USAGE( .BOTH., #1013 );
#592 = FACE_OUTER_BOUND( '', #1014, .T. );
#593 = PLANE( '', #1015 );
#594 = SURFACE_STYLE_USAGE( .BOTH., #1016 );
#595 = FACE_OUTER_BOUND( '', #1017, .T. );
#596 = CYLINDRICAL_SURFACE( '', #1018, 1.22000000000000 );
#597 = SURFACE_STYLE_USAGE( .BOTH., #1019 );
#598 = FACE_OUTER_BOUND( '', #1020, .T. );
#599 = PLANE( '', #1021 );
#600 = SURFACE_STYLE_USAGE( .BOTH., #1022 );
#601 = FACE_OUTER_BOUND( '', #1023, .T. );
#602 = PLANE( '', #1024 );
#603 = SURFACE_STYLE_USAGE( .BOTH., #1025 );
#604 = FACE_OUTER_BOUND( '', #1026, .T. );
#605 = PLANE( '', #1027 );
#606 = SURFACE_STYLE_USAGE( .BOTH., #1028 );
#607 = FACE_OUTER_BOUND( '', #1029, .T. );
#608 = PLANE( '', #1030 );
#609 = SURFACE_STYLE_USAGE( .BOTH., #1031 );
#610 = FACE_OUTER_BOUND( '', #1032, .T. );
#611 = PLANE( '', #1033 );
#612 = SURFACE_STYLE_USAGE( .BOTH., #1034 );
#613 = FACE_OUTER_BOUND( '', #1035, .T. );
#614 = PLANE( '', #1036 );
#615 = SURFACE_STYLE_USAGE( .BOTH., #1037 );
#616 = FACE_OUTER_BOUND( '', #1038, .T. );
#617 = SURFACE_OF_LINEAR_EXTRUSION( '', #1039, #1040 );
#618 = SURFACE_STYLE_USAGE( .BOTH., #1041 );
#619 = FACE_OUTER_BOUND( '', #1042, .T. );
#620 = PLANE( '', #1043 );
#621 = SURFACE_STYLE_USAGE( .BOTH., #1044 );
#622 = FACE_OUTER_BOUND( '', #1045, .T. );
#623 = PLANE( '', #1046 );
#624 = SURFACE_STYLE_USAGE( .BOTH., #1047 );
#625 = FACE_OUTER_BOUND( '', #1048, .T. );
#626 = PLANE( '', #1049 );
#627 = SURFACE_STYLE_USAGE( .BOTH., #1050 );
#628 = FACE_OUTER_BOUND( '', #1051, .T. );
#629 = PLANE( '', #1052 );
#630 = SURFACE_STYLE_USAGE( .BOTH., #1053 );
#631 = FACE_OUTER_BOUND( '', #1054, .T. );
#632 = PLANE( '', #1055 );
#633 = SURFACE_STYLE_USAGE( .BOTH., #1056 );
#634 = FACE_OUTER_BOUND( '', #1057, .T. );
#635 = SURFACE_OF_LINEAR_EXTRUSION( '', #1058, #1059 );
#636 = SURFACE_STYLE_USAGE( .BOTH., #1060 );
#637 = FACE_BOUND( '', #1061, .T. );
#638 = FACE_OUTER_BOUND( '', #1062, .T. );
#639 = PLANE( '', #1063 );
#640 = SURFACE_STYLE_USAGE( .BOTH., #1064 );
#641 = FACE_OUTER_BOUND( '', #1065, .T. );
#642 = CYLINDRICAL_SURFACE( '', #1066, 5.00000000000000 );
#643 = SURFACE_STYLE_USAGE( .BOTH., #1067 );
#644 = FACE_OUTER_BOUND( '', #1068, .T. );
#645 = PLANE( '', #1069 );
#646 = SURFACE_STYLE_USAGE( .BOTH., #1070 );
#647 = FACE_OUTER_BOUND( '', #1071, .T. );
#648 = PLANE( '', #1072 );
#649 = SURFACE_STYLE_USAGE( .BOTH., #1073 );
#650 = FACE_OUTER_BOUND( '', #1074, .T. );
#651 = PLANE( '', #1075 );
#652 = SURFACE_STYLE_USAGE( .BOTH., #1076 );
#653 = FACE_OUTER_BOUND( '', #1077, .T. );
#654 = SURFACE_OF_LINEAR_EXTRUSION( '', #1078, #1079 );
#655 = SURFACE_STYLE_USAGE( .BOTH., #1080 );
#656 = FACE_OUTER_BOUND( '', #1081, .T. );
#657 = SURFACE_OF_LINEAR_EXTRUSION( '', #1082, #1083 );
#658 = SURFACE_STYLE_USAGE( .BOTH., #1084 );
#659 = FACE_OUTER_BOUND( '', #1085, .T. );
#660 = SURFACE_OF_LINEAR_EXTRUSION( '', #1086, #1087 );
#661 = SURFACE_STYLE_USAGE( .BOTH., #1088 );
#662 = FACE_OUTER_BOUND( '', #1089, .T. );
#663 = CYLINDRICAL_SURFACE( '', #1090, 1.20000000000000 );
#664 = SURFACE_STYLE_USAGE( .BOTH., #1091 );
#665 = FACE_OUTER_BOUND( '', #1092, .T. );
#666 = PLANE( '', #1093 );
#667 = SURFACE_STYLE_USAGE( .BOTH., #1094 );
#668 = FACE_OUTER_BOUND( '', #1095, .T. );
#669 = PLANE( '', #1096 );
#670 = SURFACE_STYLE_USAGE( .BOTH., #1097 );
#671 = FACE_OUTER_BOUND( '', #1098, .T. );
#672 = PLANE( '', #1099 );
#673 = SURFACE_STYLE_USAGE( .BOTH., #1100 );
#674 = FACE_OUTER_BOUND( '', #1101, .T. );
#675 = PLANE( '', #1102 );
#676 = SURFACE_STYLE_USAGE( .BOTH., #1103 );
#677 = FACE_OUTER_BOUND( '', #1104, .T. );
#678 = SURFACE_OF_LINEAR_EXTRUSION( '', #1105, #1106 );
#679 = SURFACE_STYLE_USAGE( .BOTH., #1107 );
#680 = FACE_OUTER_BOUND( '', #1108, .T. );
#681 = PLANE( '', #1109 );
#682 = SURFACE_STYLE_USAGE( .BOTH., #1110 );
#683 = FACE_OUTER_BOUND( '', #1111, .T. );
#684 = PLANE( '', #1112 );
#685 = SURFACE_STYLE_USAGE( .BOTH., #1113 );
#686 = FACE_OUTER_BOUND( '', #1114, .T. );
#687 = PLANE( '', #1115 );
#688 = SURFACE_STYLE_USAGE( .BOTH., #1116 );
#689 = FACE_OUTER_BOUND( '', #1117, .T. );
#690 = PLANE( '', #1118 );
#691 = SURFACE_STYLE_USAGE( .BOTH., #1119 );
#692 = FACE_OUTER_BOUND( '', #1120, .T. );
#693 = CYLINDRICAL_SURFACE( '', #1121, 0.400000000000000 );
#694 = SURFACE_STYLE_USAGE( .BOTH., #1122 );
#695 = FACE_OUTER_BOUND( '', #1123, .T. );
#696 = PLANE( '', #1124 );
#697 = SURFACE_STYLE_USAGE( .BOTH., #1125 );
#698 = FACE_OUTER_BOUND( '', #1126, .T. );
#699 = PLANE( '', #1127 );
#700 = SURFACE_STYLE_USAGE( .BOTH., #1128 );
#701 = FACE_OUTER_BOUND( '', #1129, .T. );
#702 = PLANE( '', #1130 );
#703 = SURFACE_STYLE_USAGE( .BOTH., #1131 );
#704 = FACE_OUTER_BOUND( '', #1132, .T. );
#705 = PLANE( '', #1133 );
#706 = SURFACE_STYLE_USAGE( .BOTH., #1134 );
#707 = FACE_OUTER_BOUND( '', #1135, .T. );
#708 = ( BOUNDED_SURFACE(  )B_SPLINE_SURFACE( 1, 2, ( ( #1138, #1139, #1140, #1141, #1142, #1143, #1144, #1145, #1146, #1147, #1148, #1149, #1150, #1151, #1152, #1153, #1154, #1155, #1156, #1157, #1158, #1159, #1160, #1161, #1162 ), ( #1163, #1164, #1165, #1166, #1167, #1168, #1169, #1170, #1171, #1172, #1173, #1174, #1175, #1176, #1177, #1178, #1179, #1180, #1181, #1182, #1183, #1184, #1185, #1186, #1187 ) ), .UNSPECIFIED., .F., .F., .F. )B_SPLINE_SURFACE_WITH_KNOTS( ( 2, 2 ), ( 3, 2, 2, 2, 2, 2, 2, 2, 2, 2, 2, 2, 3 ), ( 0.000000000000000, 1.00000000000000 ), ( 0.000000000000000, 0.0833333333333333, 0.166666666666667, 0.250000000000000, 0.333333333333334, 0.416666666666667, 0.500000000000000, 0.583333333333333, 0.666666666666667, 0.750000000000000, 0.833333333333333, 0.916666666666667, 1.00000000000000 ), .UNSPECIFIED. )GEOMETRIC_REPRESENTATION_ITEM(  )RATIONAL_B_SPLINE_SURFACE( ( ( 1.00000000000000, 0.866025403784439, 1.00000000000000, 0.866025403784439, 1.00000000000000, 0.866025403784439, 1.00000000000000, 0.866025403784439, 1.00000000000000, 0.866025403784439, 1.00000000000000, 0.866025403784439, 1.00000000000000, 0.866025403784439, 1.00000000000000, 0.866025403784439, 1.00000000000000, 0.866025403784439, 1.00000000000000, 0.866025403784439, 1.00000000000000, 0.866025403784439, 1.00000000000000, 0.866025403784439, 1.00000000000000 ), ( 1.00000000000000, 0.866025403784439, 1.00000000000000, 0.866025403784439, 1.00000000000000, 0.866025403784439, 1.00000000000000, 0.866025403784439, 1.00000000000000, 0.866025403784439, 1.00000000000000, 0.866025403784439, 1.00000000000000, 0.866025403784439, 1.00000000000000, 0.866025403784439, 1.00000000000000, 0.866025403784439, 1.00000000000000, 0.866025403784439, 1.00000000000000, 0.866025403784439, 1.00000000000000, 0.866025403784439, 1.00000000000000 ) ) )REPRESENTATION_ITEM( '' )SURFACE(  ) );
#709 = SURFACE_STYLE_USAGE( .BOTH., #1193 );
#710 = FACE_OUTER_BOUND( '', #1194, .T. );
#711 = CYLINDRICAL_SURFACE( '', #1195, 0.420000000000000 );
#712 = SURFACE_STYLE_USAGE( .BOTH., #1196 );
#713 = FACE_OUTER_BOUND( '', #1197, .T. );
#714 = PLANE( '', #1198 );
#715 = SURFACE_STYLE_USAGE( .BOTH., #1199 );
#716 = FACE_BOUND( '', #1200, .T. );
#717 = FACE_OUTER_BOUND( '', #1201, .T. );
#718 = PLANE( '', #1202 );
#719 =  ( LENGTH_UNIT(  )NAMED_UNIT( #373 )SI_UNIT( .MILLI., .METRE. ) );
#722 = LENGTH_MEASURE_WITH_UNIT( LENGTH_MEASURE( 1.00000000000000 ), #1204 );
#725 = DIMENSIONAL_EXPONENTS( 1.00000000000000, 0.000000000000000, 0.000000000000000, 0.000000000000000, 0.000000000000000, 0.000000000000000, 0.000000000000000 );
#727 = DIMENSIONAL_EXPONENTS( 0.000000000000000, 0.000000000000000, 0.000000000000000, 0.000000000000000, 0.000000000000000, 0.000000000000000, 0.000000000000000 );
#733 = SURFACE_SIDE_STYLE( '', ( #1205 ) );
#734 = EDGE_LOOP( '', ( #1206, #1207, #1208, #1209 ) );
#735 = B_SPLINE_CURVE_WITH_KNOTS( '', 3, ( #1210, #1211, #1212, #1213, #1214, #1215, #1216, #1217, #1218, #1219, #1220, #1221, #1222, #1223, #1224, #1225, #1226, #1227, #1228, #1229 ), .UNSPECIFIED., .F., .F., ( 4, 3, 3, 2, 3, 2, 3, 4 ), ( 0.582301816735135, 0.697897258735781, 0.727682193021292, 0.749965873996903, 0.772249554972514, 0.818209178399425, 0.864168801826335, 0.967967528120303 ), .UNSPECIFIED. );
#736 = VECTOR( '', #1230, 1000.00000000000 );
#737 = SURFACE_SIDE_STYLE( '', ( #1231 ) );
#738 = EDGE_LOOP( '', ( #1232, #1233, #1234, #1235, #1236, #1237, #1238, #1239, #1240, #1241, #1242, #1243 ) );
#739 = AXIS2_PLACEMENT_3D( '', #1244, #1245, #1246 );
#740 = SURFACE_SIDE_STYLE( '', ( #1247 ) );
#741 = EDGE_LOOP( '', ( #1248, #1249, #1250, #1251 ) );
#742 = AXIS2_PLACEMENT_3D( '', #1252, #1253, #1254 );
#743 = SURFACE_SIDE_STYLE( '', ( #1255 ) );
#744 = EDGE_LOOP( '', ( #1256, #1257, #1258, #1259 ) );
#745 = AXIS2_PLACEMENT_3D( '', #1260, #1261, #1262 );
#746 = SURFACE_SIDE_STYLE( '', ( #1263 ) );
#747 = EDGE_LOOP( '', ( #1264, #1265, #1266, #1267 ) );
#748 = AXIS2_PLACEMENT_3D( '', #1268, #1269, #1270 );
#749 = SURFACE_SIDE_STYLE( '', ( #1271 ) );
#750 = EDGE_LOOP( '', ( #1272, #1273, #1274, #1275 ) );
#751 = AXIS2_PLACEMENT_3D( '', #1276, #1277, #1278 );
#752 = SURFACE_SIDE_STYLE( '', ( #1279 ) );
#753 = EDGE_LOOP( '', ( #1280, #1281, #1282, #1283 ) );
#754 = AXIS2_PLACEMENT_3D( '', #1284, #1285, #1286 );
#755 = SURFACE_SIDE_STYLE( '', ( #1287 ) );
#756 = EDGE_LOOP( '', ( #1288, #1289, #1290, #1291 ) );
#757 = B_SPLINE_CURVE_WITH_KNOTS( '', 3, ( #1292, #1293, #1294, #1295, #1296, #1297, #1298, #1299, #1300, #1301, #1302, #1303, #1304, #1305, #1306 ), .UNSPECIFIED., .F., .F., ( 4, 2, 3, 3, 3, 4 ), ( 0.610615742799227, 0.649515610191698, 0.683995038107752, 0.719625121518288, 0.782799083170768, 0.947219656909034 ), .UNSPECIFIED. );
#758 = VECTOR( '', #1307, 1000.00000000000 );
#759 = SURFACE_SIDE_STYLE( '', ( #1308 ) );
#760 = EDGE_LOOP( '', ( #1309, #1310, #1311, #1312 ) );
#761 = AXIS2_PLACEMENT_3D( '', #1313, #1314, #1315 );
#762 = SURFACE_SIDE_STYLE( '', ( #1316 ) );
#763 = EDGE_LOOP( '', ( #1317, #1318, #1319, #1320 ) );
#764 = AXIS2_PLACEMENT_3D( '', #1321, #1322, #1323 );
#765 = SURFACE_SIDE_STYLE( '', ( #1324 ) );
#766 = EDGE_LOOP( '', ( #1325, #1326, #1327, #1328, #1329, #1330, #1331, #1332 ) );
#767 = AXIS2_PLACEMENT_3D( '', #1333, #1334, #1335 );
#768 = SURFACE_SIDE_STYLE( '', ( #1336 ) );
#769 = EDGE_LOOP( '', ( #1337, #1338, #1339, #1340 ) );
#770 = AXIS2_PLACEMENT_3D( '', #1341, #1342, #1343 );
#771 = SURFACE_SIDE_STYLE( '', ( #1344 ) );
#772 = EDGE_LOOP( '', ( #1345, #1346, #1347, #1348 ) );
#773 = AXIS2_PLACEMENT_3D( '', #1349, #1350, #1351 );
#774 = SURFACE_SIDE_STYLE( '', ( #1352 ) );
#775 = EDGE_LOOP( '', ( #1353, #1354, #1355, #1356 ) );
#776 = AXIS2_PLACEMENT_3D( '', #1357, #1358, #1359 );
#777 = SURFACE_SIDE_STYLE( '', ( #1360 ) );
#778 = EDGE_LOOP( '', ( #1361, #1362, #1363, #1364, #1365, #1366, #1367 ) );
#779 = AXIS2_PLACEMENT_3D( '', #1368, #1369, #1370 );
#780 = SURFACE_SIDE_STYLE( '', ( #1371 ) );
#781 = EDGE_LOOP( '', ( #1372, #1373, #1374, #1375 ) );
#782 = AXIS2_PLACEMENT_3D( '', #1376, #1377, #1378 );
#783 = SURFACE_SIDE_STYLE( '', ( #1379 ) );
#784 = EDGE_LOOP( '', ( #1380, #1381, #1382, #1383 ) );
#785 = AXIS2_PLACEMENT_3D( '', #1384, #1385, #1386 );
#786 = SURFACE_SIDE_STYLE( '', ( #1387 ) );
#787 = EDGE_LOOP( '', ( #1388, #1389, #1390, #1391 ) );
#788 = AXIS2_PLACEMENT_3D( '', #1392, #1393, #1394 );
#789 = SURFACE_SIDE_STYLE( '', ( #1395 ) );
#790 = EDGE_LOOP( '', ( #1396, #1397, #1398, #1399 ) );
#791 = AXIS2_PLACEMENT_3D( '', #1400, #1401, #1402 );
#792 = SURFACE_SIDE_STYLE( '', ( #1403 ) );
#793 = EDGE_LOOP( '', ( #1404, #1405, #1406, #1407 ) );
#794 = AXIS2_PLACEMENT_3D( '', #1408, #1409, #1410 );
#795 = SURFACE_SIDE_STYLE( '', ( #1411 ) );
#796 = EDGE_LOOP( '', ( #1412, #1413, #1414, #1415, #1416, #1417, #1418, #1419, #1420, #1421, #1422, #1423, #1424 ) );
#797 = AXIS2_PLACEMENT_3D( '', #1425, #1426, #1427 );
#798 = SURFACE_SIDE_STYLE( '', ( #1428 ) );
#799 = EDGE_LOOP( '', ( #1429, #1430, #1431, #1432, #1433, #1434, #1435 ) );
#800 = EDGE_LOOP( '', ( #1436, #1437, #1438, #1439 ) );
#801 = EDGE_LOOP( '', ( #1440, #1441, #1442, #1443, #1444, #1445, #1446 ) );
#802 = EDGE_LOOP( '', ( #1447, #1448, #1449, #1450, #1451, #1452, #1453, #1454, #1455, #1456, #1457, #1458, #1459 ) );
#803 = EDGE_LOOP( '', ( #1460 ) );
#804 = EDGE_LOOP( '', ( #1461, #1462, #1463, #1464, #1465, #1466 ) );
#805 = EDGE_LOOP( '', ( #1467, #1468, #1469, #1470, #1471, #1472, #1473, #1474, #1475, #1476, #1477, #1478 ) );
#806 = EDGE_LOOP( '', ( #1479, #1480, #1481, #1482 ) );
#807 = EDGE_LOOP( '', ( #1483, #1484, #1485, #1486, #1487, #1488 ) );
#808 = AXIS2_PLACEMENT_3D( '', #1489, #1490, #1491 );
#809 = SURFACE_SIDE_STYLE( '', ( #1492 ) );
#810 = EDGE_LOOP( '', ( #1493, #1494, #1495, #1496 ) );
#811 = B_SPLINE_CURVE_WITH_KNOTS( '', 3, ( #1497, #1498, #1499, #1500, #1501, #1502, #1503, #1504, #1505, #1506, #1507, #1508, #1509, #1510, #1511, #1512, #1513, #1514 ), .UNSPECIFIED., .F., .F., ( 4, 2, 3, 2, 3, 2, 2, 4 ), ( 0.182838976793792, 0.235524243111121, 0.301819869893760, 0.369369061871496, 0.415142527487989, 0.458299330204613, 0.501456132921239, 0.558850231379432 ), .UNSPECIFIED. );
#812 = VECTOR( '', #1515, 1000.00000000000 );
#813 = SURFACE_SIDE_STYLE( '', ( #1516 ) );
#814 = EDGE_LOOP( '', ( #1517, #1518, #1519, #1520 ) );
#815 = AXIS2_PLACEMENT_3D( '', #1521, #1522, #1523 );
#816 = SURFACE_SIDE_STYLE( '', ( #1524 ) );
#817 = EDGE_LOOP( '', ( #1525, #1526, #1527, #1528 ) );
#818 = B_SPLINE_CURVE_WITH_KNOTS( '', 3, ( #1529, #1530, #1531, #1532, #1533, #1534, #1535, #1536, #1537, #1538, #1539, #1540, #1541, #1542, #1543, #1544, #1545 ), .UNSPECIFIED., .F., .F., ( 4, 3, 3, 2, 2, 3, 4 ), ( 0.606665047240643, 0.756803569044848, 0.815199863785842, 0.858155349706571, 0.901110835627300, 0.951876409897253, 1.00000000000000 ), .UNSPECIFIED. );
#819 = VECTOR( '', #1546, 1000.00000000000 );
#820 = SURFACE_SIDE_STYLE( '', ( #1547 ) );
#821 = EDGE_LOOP( '', ( #1548, #1549, #1550, #1551 ) );
#822 = AXIS2_PLACEMENT_3D( '', #1552, #1553, #1554 );
#823 = SURFACE_SIDE_STYLE( '', ( #1555 ) );
#824 = EDGE_LOOP( '', ( #1556, #1557, #1558, #1559 ) );
#825 = AXIS2_PLACEMENT_3D( '', #1560, #1561, #1562 );
#826 = SURFACE_SIDE_STYLE( '', ( #1563 ) );
#827 = EDGE_LOOP( '', ( #1564 ) );
#828 = EDGE_LOOP( '', ( #1565 ) );
#829 = B_SPLINE_CURVE_WITH_KNOTS( '', 3, ( #1566, #1567, #1568, #1569, #1570, #1571, #1572, #1573, #1574, #1575, #1576, #1577, #1578, #1579, #1580, #1581, #1582, #1583, #1584, #1585, #1586, #1587 ), .UNSPECIFIED., .T., .F., ( 4, 2, 2, 3, 2, 3, 3, 3, 4 ), ( 0.000000000000000, 0.119629600204721, 0.239259200409440, 0.360296207675391, 0.506488056325201, 0.646414540032876, 0.754586018311960, 0.860643409138521, 1.00000000000000 ), .UNSPECIFIED. );
#830 = VECTOR( '', #1588, 1000.00000000000 );
#831 = SURFACE_SIDE_STYLE( '', ( #1589 ) );
#832 = EDGE_LOOP( '', ( #1590, #1591, #1592, #1593 ) );
#833 = B_SPLINE_CURVE_WITH_KNOTS( '', 3, ( #1594, #1595, #1596, #1597, #1598, #1599, #1600, #1601, #1602, #1603, #1604, #1605, #1606, #1607, #1608, #1609 ), .UNSPECIFIED., .F., .F., ( 4, 3, 3, 3, 3, 4 ), ( 0.499265096298639, 0.607595818716467, 0.730441237094497, 0.841672752430367, 0.958533283835743, 1.00000000000000 ), .UNSPECIFIED. );
#834 = VECTOR( '', #1610, 1000.00000000000 );
#835 = SURFACE_SIDE_STYLE( '', ( #1611 ) );
#836 = EDGE_LOOP( '', ( #1612, #1613, #1614, #1615 ) );
#837 = B_SPLINE_CURVE_WITH_KNOTS( '', 3, ( #1616, #1617, #1618, #1619, #1620, #1621, #1622, #1623, #1624, #1625, #1626, #1627, #1628, #1629, #1630, #1631, #1632, #1633, #1634, #1635, #1636, #1637, #1638, #1639, #1640, #1641, #1642, #1643, #1644 ), .UNSPECIFIED., .F., .F., ( 4, 3, 3, 2, 3, 2, 3, 3, 3, 3, 4 ), ( 0.552703734267950, 0.591087798597977, 0.628264512461586, 0.673559569258794, 0.718372763749648, 0.745662116123218, 0.772951468496788, 0.804970043029894, 0.851074147843539, 0.911992415995526, 0.937795278096469 ), .UNSPECIFIED. );
#838 = VECTOR( '', #1645, 1000.00000000000 );
#839 = SURFACE_SIDE_STYLE( '', ( #1646 ) );
#840 = EDGE_LOOP( '', ( #1647 ) );
#841 = EDGE_LOOP( '', ( #1648 ) );
#842 = AXIS2_PLACEMENT_3D( '', #1649, #1650, #1651 );
#843 = SURFACE_SIDE_STYLE( '', ( #1652 ) );
#844 = EDGE_LOOP( '', ( #1653, #1654, #1655, #1656 ) );
#845 = AXIS2_PLACEMENT_3D( '', #1657, #1658, #1659 );
#846 = SURFACE_SIDE_STYLE( '', ( #1660 ) );
#847 = EDGE_LOOP( '', ( #1661, #1662, #1663, #1664 ) );
#848 = AXIS2_PLACEMENT_3D( '', #1665, #1666, #1667 );
#849 = SURFACE_SIDE_STYLE( '', ( #1668 ) );
#850 = EDGE_LOOP( '', ( #1669, #1670, #1671, #1672 ) );
#851 = AXIS2_PLACEMENT_3D( '', #1673, #1674, #1675 );
#852 = SURFACE_SIDE_STYLE( '', ( #1676 ) );
#853 = EDGE_LOOP( '', ( #1677, #1678, #1679, #1680 ) );
#856 = CARTESIAN_POINT( '', ( 5.00000000000000, 0.000000000000000, 0.400000000000000 ) );
#857 = CARTESIAN_POINT( '', ( 5.00000000000000, -2.88675134594813, 0.477777777777777 ) );
#858 = CARTESIAN_POINT( '', ( 2.50000000000000, -4.33012701892220, 0.555555555555555 ) );
#859 = CARTESIAN_POINT( '', ( 3.24949987594864E-16, -5.77350269189626, 0.633333333333333 ) );
#860 = CARTESIAN_POINT( '', ( -2.50000000000000, -4.33012701892220, 0.711111111111110 ) );
#861 = CARTESIAN_POINT( '', ( -5.00000000000000, -2.88675134594813, 0.788888888888887 ) );
#862 = CARTESIAN_POINT( '', ( -5.00000000000000, -6.12323399573677E-16, 0.866666666666665 ) );
#863 = CARTESIAN_POINT( '', ( -5.00000000000000, 2.88675134594813, 0.944444444444443 ) );
#864 = CARTESIAN_POINT( '', ( -2.50000000000000, 4.33012701892220, 1.02222222222222 ) );
#865 = CARTESIAN_POINT( '', ( -1.14630051466522E-15, 5.77350269189626, 1.10000000000000 ) );
#866 = CARTESIAN_POINT( '', ( 2.50000000000000, 4.33012701892220, 1.17777777777778 ) );
#867 = CARTESIAN_POINT( '', ( 5.00000000000000, 2.88675134594813, 1.25555555555555 ) );
#868 = CARTESIAN_POINT( '', ( 5.00000000000000, 0.000000000000000, 1.33333333333333 ) );
#869 = CARTESIAN_POINT( '', ( 5.00000000000000, -2.88675134594813, 1.41111111111111 ) );
#870 = CARTESIAN_POINT( '', ( 2.50000000000000, -4.33012701892220, 1.48888888888889 ) );
#871 = CARTESIAN_POINT( '', ( 2.10649619674445E-16, -5.77350269189626, 1.56666666666667 ) );
#872 = CARTESIAN_POINT( '', ( -2.50000000000000, -4.33012701892220, 1.64444444444445 ) );
#873 = CARTESIAN_POINT( '', ( -5.00000000000000, -2.88675134594813, 1.72222222222222 ) );
#874 = CARTESIAN_POINT( '', ( -5.00000000000000, -6.12323399573677E-16, 1.80000000000000 ) );
#875 = CARTESIAN_POINT( '', ( -5.00000000000000, 2.88675134594813, 1.87777777777778 ) );
#876 = CARTESIAN_POINT( '', ( -2.50000000000000, 4.33012701892220, 1.95555555555556 ) );
#877 = CARTESIAN_POINT( '', ( -1.26060088258564E-15, 5.77350269189626, 2.03333333333333 ) );
#878 = CARTESIAN_POINT( '', ( 2.50000000000000, 4.33012701892220, 2.11111111111111 ) );
#879 = CARTESIAN_POINT( '', ( 5.00000000000000, 2.88675134594813, 2.18888888888889 ) );
#880 = CARTESIAN_POINT( '', ( 5.00000000000000, 0.000000000000000, 2.26666666666667 ) );
#881 = CARTESIAN_POINT( '', ( 3.20000000000000, 0.000000000000000, 0.400000000000000 ) );
#882 = CARTESIAN_POINT( '', ( 3.20000000000000, -1.84752086140680, 0.477777777777777 ) );
#883 = CARTESIAN_POINT( '', ( 1.60000000000000, -2.77128129211021, 0.555555555555555 ) );
#884 = CARTESIAN_POINT( '', ( 1.97680958947875E-16, -3.69504172281360, 0.633333333333333 ) );
#885 = CARTESIAN_POINT( '', ( -1.60000000000000, -2.77128129211021, 0.711111111111110 ) );
#886 = CARTESIAN_POINT( '', ( -3.20000000000000, -1.84752086140680, 0.788888888888887 ) );
#887 = CARTESIAN_POINT( '', ( -3.20000000000000, -3.91886975727153E-16, 0.866666666666666 ) );
#888 = CARTESIAN_POINT( '', ( -3.20000000000000, 1.84752086140680, 0.944444444444443 ) );
#889 = CARTESIAN_POINT( '', ( -1.60000000000000, 2.77128129211021, 1.02222222222222 ) );
#890 = CARTESIAN_POINT( '', ( -7.64493428724255E-16, 3.69504172281360, 1.10000000000000 ) );
#891 = CARTESIAN_POINT( '', ( 1.60000000000000, 2.77128129211021, 1.17777777777778 ) );
#892 = CARTESIAN_POINT( '', ( 3.20000000000000, 1.84752086140680, 1.25555555555555 ) );
#893 = CARTESIAN_POINT( '', ( 3.20000000000000, 0.000000000000000, 1.33333333333333 ) );
#894 = CARTESIAN_POINT( '', ( 3.20000000000000, -1.84752086140680, 1.41111111111111 ) );
#895 = CARTESIAN_POINT( '', ( 1.60000000000000, -2.77128129211021, 1.48888888888889 ) );
#896 = CARTESIAN_POINT( '', ( 8.33805910274556E-17, -3.69504172281360, 1.56666666666667 ) );
#897 = CARTESIAN_POINT( '', ( -1.60000000000000, -2.77128129211021, 1.64444444444445 ) );
#898 = CARTESIAN_POINT( '', ( -3.20000000000000, -1.84752086140680, 1.72222222222222 ) );
#899 = CARTESIAN_POINT( '', ( -3.20000000000000, -3.91886975727153E-16, 1.80000000000000 ) );
#900 = CARTESIAN_POINT( '', ( -3.20000000000000, 1.84752086140680, 1.87777777777778 ) );
#901 = CARTESIAN_POINT( '', ( -1.60000000000000, 2.77128129211021, 1.95555555555556 ) );
#902 = CARTESIAN_POINT( '', ( -8.78793796644674E-16, 3.69504172281360, 2.03333333333333 ) );
#903 = CARTESIAN_POINT( '', ( 1.60000000000000, 2.77128129211021, 2.11111111111111 ) );
#904 = CARTESIAN_POINT( '', ( 3.20000000000000, 1.84752086140680, 2.18888888888889 ) );
#905 = CARTESIAN_POINT( '', ( 3.20000000000000, 0.000000000000000, 2.26666666666667 ) );
#911 = SURFACE_SIDE_STYLE( '', ( #1681 ) );
#912 = EDGE_LOOP( '', ( #1682, #1683, #1684, #1685 ) );
#913 = AXIS2_PLACEMENT_3D( '', #1686, #1687, #1688 );
#914 = SURFACE_SIDE_STYLE( '', ( #1689 ) );
#915 = EDGE_LOOP( '', ( #1690, #1691, #1692, #1693 ) );
#916 = AXIS2_PLACEMENT_3D( '', #1694, #1695, #1696 );
#917 = SURFACE_SIDE_STYLE( '', ( #1697 ) );
#918 = EDGE_LOOP( '', ( #1698, #1699, #1700, #1701 ) );
#919 = AXIS2_PLACEMENT_3D( '', #1702, #1703, #1704 );
#920 = SURFACE_SIDE_STYLE( '', ( #1705 ) );
#921 = EDGE_LOOP( '', ( #1706, #1707, #1708, #1709 ) );
#922 = AXIS2_PLACEMENT_3D( '', #1710, #1711, #1712 );
#923 = SURFACE_SIDE_STYLE( '', ( #1713 ) );
#924 = EDGE_LOOP( '', ( #1714, #1715, #1716, #1717 ) );
#925 = AXIS2_PLACEMENT_3D( '', #1718, #1719, #1720 );
#926 = SURFACE_SIDE_STYLE( '', ( #1721 ) );
#927 = EDGE_LOOP( '', ( #1722, #1723, #1724, #1725 ) );
#928 = AXIS2_PLACEMENT_3D( '', #1726, #1727, #1728 );
#929 = SURFACE_SIDE_STYLE( '', ( #1729 ) );
#930 = EDGE_LOOP( '', ( #1730, #1731, #1732, #1733 ) );
#931 = AXIS2_PLACEMENT_3D( '', #1734, #1735, #1736 );
#932 = SURFACE_SIDE_STYLE( '', ( #1737 ) );
#933 = EDGE_LOOP( '', ( #1738, #1739, #1740, #1741, #1742, #1743, #1744, #1745, #1746, #1747, #1748, #1749 ) );
#934 = AXIS2_PLACEMENT_3D( '', #1750, #1751, #1752 );
#935 = SURFACE_SIDE_STYLE( '', ( #1753 ) );
#936 = EDGE_LOOP( '', ( #1754 ) );
#937 = AXIS2_PLACEMENT_3D( '', #1755, #1756, #1757 );
#938 = SURFACE_SIDE_STYLE( '', ( #1758 ) );
#939 = EDGE_LOOP( '', ( #1759, #1760, #1761, #1762 ) );
#940 = AXIS2_PLACEMENT_3D( '', #1763, #1764, #1765 );
#941 = SURFACE_SIDE_STYLE( '', ( #1766 ) );
#942 = EDGE_LOOP( '', ( #1767, #1768, #1769, #1770, #1771, #1772, #1773, #1774, #1775, #1776, #1777, #1778 ) );
#943 = AXIS2_PLACEMENT_3D( '', #1779, #1780, #1781 );
#944 = SURFACE_SIDE_STYLE( '', ( #1782 ) );
#945 = EDGE_LOOP( '', ( #1783, #1784, #1785, #1786 ) );
#946 = AXIS2_PLACEMENT_3D( '', #1787, #1788, #1789 );
#947 = SURFACE_SIDE_STYLE( '', ( #1790 ) );
#948 = EDGE_LOOP( '', ( #1791, #1792, #1793, #1794 ) );
#949 = AXIS2_PLACEMENT_3D( '', #1795, #1796, #1797 );
#950 = SURFACE_SIDE_STYLE( '', ( #1798 ) );
#951 = EDGE_LOOP( '', ( #1799, #1800, #1801, #1802 ) );
#952 = AXIS2_PLACEMENT_3D( '', #1803, #1804, #1805 );
#953 = SURFACE_SIDE_STYLE( '', ( #1806 ) );
#954 = EDGE_LOOP( '', ( #1807, #1808, #1809, #1810 ) );
#955 = B_SPLINE_CURVE_WITH_KNOTS( '', 3, ( #1811, #1812, #1813, #1814, #1815, #1816, #1817 ), .UNSPECIFIED., .F., .F., ( 4, 3, 4 ), ( 0.261468230552944, 0.282521875201090, 0.374240109198532 ), .UNSPECIFIED. );
#956 = VECTOR( '', #1818, 1000.00000000000 );
#957 = SURFACE_SIDE_STYLE( '', ( #1819 ) );
#958 = EDGE_LOOP( '', ( #1820, #1821, #1822, #1823 ) );
#959 = B_SPLINE_CURVE_WITH_KNOTS( '', 3, ( #1824, #1825, #1826, #1827, #1828, #1829, #1830, #1831, #1832, #1833, #1834, #1835, #1836, #1837 ), .UNSPECIFIED., .F., .F., ( 4, 3, 2, 2, 3, 4 ), ( 0.0289427784437562, 0.0517557706347695, 0.0811537898240827, 0.113124135692460, 0.145094481560837, 0.182838976793792 ), .UNSPECIFIED. );
#960 = VECTOR( '', #1838, 1000.00000000000 );
#961 = SURFACE_SIDE_STYLE( '', ( #1839 ) );
#962 = EDGE_LOOP( '', ( #1840, #1841, #1842, #1843 ) );
#963 = AXIS2_PLACEMENT_3D( '', #1844, #1845, #1846 );
#964 = SURFACE_SIDE_STYLE( '', ( #1847 ) );
#965 = EDGE_LOOP( '', ( #1848, #1849, #1850, #1851 ) );
#966 = B_SPLINE_CURVE_WITH_KNOTS( '', 3, ( #1852, #1853, #1854, #1855, #1856, #1857, #1858, #1859, #1860, #1861, #1862, #1863, #1864, #1865, #1866, #1867, #1868, #1869 ), .UNSPECIFIED., .F., .F., ( 4, 2, 3, 3, 3, 3, 4 ), ( 0.245640314251375, 0.317563337196489, 0.348999890271838, 0.376335385920032, 0.402372375392432, 0.433633459013527, 0.550269344855437 ), .UNSPECIFIED. );
#967 = VECTOR( '', #1870, 1000.00000000000 );
#968 = SURFACE_SIDE_STYLE( '', ( #1871 ) );
#969 = EDGE_LOOP( '', ( #1872, #1873, #1874, #1875 ) );
#970 = AXIS2_PLACEMENT_3D( '', #1876, #1877, #1878 );
#971 = SURFACE_SIDE_STYLE( '', ( #1879 ) );
#972 = EDGE_LOOP( '', ( #1880, #1881, #1882, #1883 ) );
#973 = AXIS2_PLACEMENT_3D( '', #1884, #1885, #1886 );
#974 = SURFACE_SIDE_STYLE( '', ( #1887 ) );
#975 = EDGE_LOOP( '', ( #1888, #1889, #1890, #1891 ) );
#976 = AXIS2_PLACEMENT_3D( '', #1892, #1893, #1894 );
#977 = SURFACE_SIDE_STYLE( '', ( #1895 ) );
#978 = EDGE_LOOP( '', ( #1896, #1897, #1898, #1899 ) );
#979 = AXIS2_PLACEMENT_3D( '', #1900, #1901, #1902 );
#980 = SURFACE_SIDE_STYLE( '', ( #1903 ) );
#981 = EDGE_LOOP( '', ( #1904, #1905, #1906, #1907 ) );
#982 = AXIS2_PLACEMENT_3D( '', #1908, #1909, #1910 );
#983 = SURFACE_SIDE_STYLE( '', ( #1911 ) );
#984 = EDGE_LOOP( '', ( #1912, #1913, #1914, #1915 ) );
#985 = CARTESIAN_POINT( '', ( -3.20000000000000, 3.76874712670476, 1.94999959737080 ) );
#986 = CARTESIAN_POINT( '', ( -3.20000000000000, 3.90163781882828, 1.95486168900659 ) );
#987 = CARTESIAN_POINT( '', ( -3.19999999999993, 4.04740186020750, 1.96166971103173 ) );
#988 = CARTESIAN_POINT( '', ( -3.20000000000004, 4.28568135114099, 1.93376980047549 ) );
#989 = CARTESIAN_POINT( '', ( -3.20000000000000, 4.36905774515420, 1.91793711877437 ) );
#990 = CARTESIAN_POINT( '', ( -3.20000000000000, 4.54373212592307, 1.85325791531058 ) );
#991 = CARTESIAN_POINT( '', ( -3.20000000000000, 4.63661774519551, 1.80260058462811 ) );
#992 = CARTESIAN_POINT( '', ( -3.20000000000000, 4.80147385787927, 1.64348952238787 ) );
#993 = CARTESIAN_POINT( '', ( -3.20000000000000, 4.85631468800520, 1.54989105176211 ) );
#994 = CARTESIAN_POINT( '', ( -3.20000000000000, 4.92945829059832, 1.37329285383005 ) );
#995 = CARTESIAN_POINT( '', ( -3.20000000000000, 4.94963001288801, 1.28843415988132 ) );
#996 = CARTESIAN_POINT( '', ( -3.20000000000000, 4.99139262802043, 1.04371031478278 ) );
#997 = CARTESIAN_POINT( '', ( -3.20000000000000, 4.99466262054030, 0.891064688340187 ) );
#998 = CARTESIAN_POINT( '', ( -3.20000000000000, 5.00000000000000, 0.750633087242812 ) );
#999 = CARTESIAN_POINT( '', ( -5.00000000000000, 3.76874712670475, 1.94999959737080 ) );
#1000 = CARTESIAN_POINT( '', ( -5.00000000000000, 3.90163781882885, 1.95486168900661 ) );
#1001 = CARTESIAN_POINT( '', ( -4.99999999999990, 4.04740186020672, 1.96166971103179 ) );
#1002 = CARTESIAN_POINT( '', ( -5.00000000000000, 4.28568135114136, 1.93376980047546 ) );
#1003 = CARTESIAN_POINT( '', ( -5.00000000000000, 4.36905774515418, 1.91793711877437 ) );
#1004 = CARTESIAN_POINT( '', ( -5.00000000000000, 4.54373212592308, 1.85325791531058 ) );
#1005 = CARTESIAN_POINT( '', ( -5.00000000000000, 4.63661774519549, 1.80260058462813 ) );
#1006 = CARTESIAN_POINT( '', ( -5.00000000000000, 4.80147385787929, 1.64348952238785 ) );
#1007 = CARTESIAN_POINT( '', ( -5.00000000000000, 4.85631468800520, 1.54989105176212 ) );
#1008 = CARTESIAN_POINT( '', ( -5.00000000000000, 4.92945829059832, 1.37329285383006 ) );
#1009 = CARTESIAN_POINT( '', ( -5.00000000000000, 4.94963001288801, 1.28843415988132 ) );
#1010 = CARTESIAN_POINT( '', ( -5.00000000000000, 4.99139262802043, 1.04371031478280 ) );
#1011 = CARTESIAN_POINT( '', ( -5.00000000000000, 4.99466262054030, 0.891064688340170 ) );
#1012 = CARTESIAN_POINT( '', ( -5.00000000000000, 5.00000000000000, 0.750633087242812 ) );
#1013 = SURFACE_SIDE_STYLE( '', ( #1916 ) );
#1014 = EDGE_LOOP( '', ( #1917, #1918, #1919, #1920 ) );
#1015 = AXIS2_PLACEMENT_3D( '', #1921, #1922, #1923 );
#1016 = SURFACE_SIDE_STYLE( '', ( #1924 ) );
#1017 = EDGE_LOOP( '', ( #1925, #1926, #1927, #1928 ) );
#1018 = AXIS2_PLACEMENT_3D( '', #1929, #1930, #1931 );
#1019 = SURFACE_SIDE_STYLE( '', ( #1932 ) );
#1020 = EDGE_LOOP( '', ( #1933, #1934, #1935, #1936 ) );
#1021 = AXIS2_PLACEMENT_3D( '', #1937, #1938, #1939 );
#1022 = SURFACE_SIDE_STYLE( '', ( #1940 ) );
#1023 = EDGE_LOOP( '', ( #1941, #1942, #1943, #1944 ) );
#1024 = AXIS2_PLACEMENT_3D( '', #1945, #1946, #1947 );
#1025 = SURFACE_SIDE_STYLE( '', ( #1948 ) );
#1026 = EDGE_LOOP( '', ( #1949, #1950, #1951, #1952 ) );
#1027 = AXIS2_PLACEMENT_3D( '', #1953, #1954, #1955 );
#1028 = SURFACE_SIDE_STYLE( '', ( #1956 ) );
#1029 = EDGE_LOOP( '', ( #1957, #1958, #1959, #1960 ) );
#1030 = AXIS2_PLACEMENT_3D( '', #1961, #1962, #1963 );
#1031 = SURFACE_SIDE_STYLE( '', ( #1964 ) );
#1032 = EDGE_LOOP( '', ( #1965, #1966, #1967, #1968 ) );
#1033 = AXIS2_PLACEMENT_3D( '', #1969, #1970, #1971 );
#1034 = SURFACE_SIDE_STYLE( '', ( #1972 ) );
#1035 = EDGE_LOOP( '', ( #1973, #1974, #1975, #1976 ) );
#1036 = AXIS2_PLACEMENT_3D( '', #1977, #1978, #1979 );
#1037 = SURFACE_SIDE_STYLE( '', ( #1980 ) );
#1038 = EDGE_LOOP( '', ( #1981, #1982, #1983, #1984 ) );
#1039 = B_SPLINE_CURVE_WITH_KNOTS( '', 3, ( #1985, #1986, #1987, #1988, #1989, #1990, #1991 ), .UNSPECIFIED., .F., .F., ( 4, 3, 4 ), ( 0.149069852529666, 0.242039240282829, 0.261468230552944 ), .UNSPECIFIED. );
#1040 = VECTOR( '', #1992, 1000.00000000000 );
#1041 = SURFACE_SIDE_STYLE( '', ( #1993 ) );
#1042 = EDGE_LOOP( '', ( #1994, #1995, #1996, #1997 ) );
#1043 = AXIS2_PLACEMENT_3D( '', #1998, #1999, #2000 );
#1044 = SURFACE_SIDE_STYLE( '', ( #2001 ) );
#1045 = EDGE_LOOP( '', ( #2002, #2003, #2004, #2005 ) );
#1046 = AXIS2_PLACEMENT_3D( '', #2006, #2007, #2008 );
#1047 = SURFACE_SIDE_STYLE( '', ( #2009 ) );
#1048 = EDGE_LOOP( '', ( #2010, #2011, #2012, #2013 ) );
#1049 = AXIS2_PLACEMENT_3D( '', #2014, #2015, #2016 );
#1050 = SURFACE_SIDE_STYLE( '', ( #2017 ) );
#1051 = EDGE_LOOP( '', ( #2018, #2019, #2020, #2021 ) );
#1052 = AXIS2_PLACEMENT_3D( '', #2022, #2023, #2024 );
#1053 = SURFACE_SIDE_STYLE( '', ( #2025 ) );
#1054 = EDGE_LOOP( '', ( #2026, #2027, #2028, #2029 ) );
#1055 = AXIS2_PLACEMENT_3D( '', #2030, #2031, #2032 );
#1056 = SURFACE_SIDE_STYLE( '', ( #2033 ) );
#1057 = EDGE_LOOP( '', ( #2034, #2035, #2036, #2037 ) );
#1058 = B_SPLINE_CURVE_WITH_KNOTS( '', 3, ( #2038, #2039, #2040, #2041 ), .UNSPECIFIED., .F., .F., ( 4, 4 ), ( 0.973259864798146, 1.00000000000000 ), .UNSPECIFIED. );
#1059 = VECTOR( '', #2042, 1000.00000000000 );
#1060 = SURFACE_SIDE_STYLE( '', ( #2043 ) );
#1061 = EDGE_LOOP( '', ( #2044 ) );
#1062 = EDGE_LOOP( '', ( #2045, #2046, #2047, #2048, #2049, #2050 ) );
#1063 = AXIS2_PLACEMENT_3D( '', #2051, #2052, #2053 );
#1064 = SURFACE_SIDE_STYLE( '', ( #2054 ) );
#1065 = EDGE_LOOP( '', ( #2055, #2056, #2057, #2058 ) );
#1066 = AXIS2_PLACEMENT_3D( '', #2059, #2060, #2061 );
#1067 = SURFACE_SIDE_STYLE( '', ( #2062 ) );
#1068 = EDGE_LOOP( '', ( #2063, #2064, #2065, #2066 ) );
#1069 = AXIS2_PLACEMENT_3D( '', #2067, #2068, #2069 );
#1070 = SURFACE_SIDE_STYLE( '', ( #2070 ) );
#1071 = EDGE_LOOP( '', ( #2071, #2072 ) );
#1072 = AXIS2_PLACEMENT_3D( '', #2073, #2074, #2075 );
#1073 = SURFACE_SIDE_STYLE( '', ( #2076 ) );
#1074 = EDGE_LOOP( '', ( #2077, #2078, #2079, #2080 ) );
#1075 = AXIS2_PLACEMENT_3D( '', #2081, #2082, #2083 );
#1076 = SURFACE_SIDE_STYLE( '', ( #2084 ) );
#1077 = EDGE_LOOP( '', ( #2085, #2086, #2087, #2088 ) );
#1078 = B_SPLINE_CURVE_WITH_KNOTS( '', 3, ( #2089, #2090, #2091, #2092, #2093, #2094, #2095, #2096, #2097, #2098, #2099, #2100, #2101, #2102, #2103 ), .UNSPECIFIED., .F., .F., ( 4, 3, 3, 3, 2, 4 ), ( 0.000000000000000, 0.192720247722042, 0.295769340488981, 0.355183468830476, 0.411410445403418, 0.499265096298639 ), .UNSPECIFIED. );
#1079 = VECTOR( '', #2104, 1000.00000000000 );
#1080 = SURFACE_SIDE_STYLE( '', ( #2105 ) );
#1081 = EDGE_LOOP( '', ( #2106, #2107, #2108, #2109 ) );
#1082 = B_SPLINE_CURVE_WITH_KNOTS( '', 3, ( #2110, #2111, #2112, #2113, #2114, #2115, #2116, #2117, #2118 ), .UNSPECIFIED., .F., .F., ( 4, 3, 2, 4 ), ( 0.409840806187227, 0.465242072542819, 0.502901973289724, 0.558495160106587 ), .UNSPECIFIED. );
#1083 = VECTOR( '', #2119, 1000.00000000000 );
#1084 = SURFACE_SIDE_STYLE( '', ( #2120 ) );
#1085 = EDGE_LOOP( '', ( #2121, #2122, #2123, #2124 ) );
#1086 = B_SPLINE_CURVE_WITH_KNOTS( '', 3, ( #2125, #2126, #2127, #2128, #2129, #2130, #2131, #2132, #2133, #2134, #2135, #2136, #2137, #2138, #2139 ), .UNSPECIFIED., .F., .F., ( 4, 2, 3, 3, 3, 4 ), ( 0.361874099558837, 0.365413816403879, 0.403339354029330, 0.445351932389542, 0.482793293465244, 0.518253236707346 ), .UNSPECIFIED. );
#1087 = VECTOR( '', #2140, 1000.00000000000 );
#1088 = SURFACE_SIDE_STYLE( '', ( #2141 ) );
#1089 = EDGE_LOOP( '', ( #2142, #2143, #2144, #2145 ) );
#1090 = AXIS2_PLACEMENT_3D( '', #2146, #2147, #2148 );
#1091 = SURFACE_SIDE_STYLE( '', ( #2149 ) );
#1092 = EDGE_LOOP( '', ( #2150, #2151, #2152, #2153, #2154, #2155, #2156 ) );
#1093 = AXIS2_PLACEMENT_3D( '', #2157, #2158, #2159 );
#1094 = SURFACE_SIDE_STYLE( '', ( #2160 ) );
#1095 = EDGE_LOOP( '', ( #2161, #2162, #2163, #2164 ) );
#1096 = AXIS2_PLACEMENT_3D( '', #2165, #2166, #2167 );
#1097 = SURFACE_SIDE_STYLE( '', ( #2168 ) );
#1098 = EDGE_LOOP( '', ( #2169, #2170, #2171, #2172 ) );
#1099 = AXIS2_PLACEMENT_3D( '', #2173, #2174, #2175 );
#1100 = SURFACE_SIDE_STYLE( '', ( #2176 ) );
#1101 = EDGE_LOOP( '', ( #2177, #2178, #2179, #2180 ) );
#1102 = AXIS2_PLACEMENT_3D( '', #2181, #2182, #2183 );
#1103 = SURFACE_SIDE_STYLE( '', ( #2184 ) );
#1104 = EDGE_LOOP( '', ( #2185, #2186, #2187, #2188 ) );
#1105 = B_SPLINE_CURVE_WITH_KNOTS( '', 3, ( #2189, #2190, #2191, #2192, #2193, #2194, #2195, #2196, #2197, #2198, #2199, #2200, #2201, #2202, #2203, #2204, #2205, #2206, #2207, #2208, #2209, #2210, #2211, #2212, #2213 ), .UNSPECIFIED., .F., .F., ( 4, 3, 2, 3, 2, 2, 3, 3, 3, 4 ), ( 0.000000000000000, 0.0435638216839925, 0.0792759739261166, 0.137980881721388, 0.185553075564697, 0.212958795930951, 0.240364516297206, 0.267788989284262, 0.299022718295815, 0.361874099558837 ), .UNSPECIFIED. );
#1106 = VECTOR( '', #2214, 1000.00000000000 );
#1107 = SURFACE_SIDE_STYLE( '', ( #2215 ) );
#1108 = EDGE_LOOP( '', ( #2216, #2217, #2218, #2219 ) );
#1109 = AXIS2_PLACEMENT_3D( '', #2220, #2221, #2222 );
#1110 = SURFACE_SIDE_STYLE( '', ( #2223 ) );
#1111 = EDGE_LOOP( '', ( #2224 ) );
#1112 = AXIS2_PLACEMENT_3D( '', #2225, #2226, #2227 );
#1113 = SURFACE_SIDE_STYLE( '', ( #2228 ) );
#1114 = EDGE_LOOP( '', ( #2229, #2230, #2231, #2232 ) );
#1115 = AXIS2_PLACEMENT_3D( '', #2233, #2234, #2235 );
#1116 = SURFACE_SIDE_STYLE( '', ( #2236 ) );
#1117 = EDGE_LOOP( '', ( #2237, #2238, #2239, #2240, #2241, #2242, #2243, #2244 ) );
#1118 = AXIS2_PLACEMENT_3D( '', #2245, #2246, #2247 );
#1119 = SURFACE_SIDE_STYLE( '', ( #2248 ) );
#1120 = EDGE_LOOP( '', ( #2249, #2250, #2251, #2252 ) );
#1121 = AXIS2_PLACEMENT_3D( '', #2253, #2254, #2255 );
#1122 = SURFACE_SIDE_STYLE( '', ( #2256 ) );
#1123 = EDGE_LOOP( '', ( #2257, #2258, #2259, #2260 ) );
#1124 = AXIS2_PLACEMENT_3D( '', #2261, #2262, #2263 );
#1125 = SURFACE_SIDE_STYLE( '', ( #2264 ) );
#1126 = EDGE_LOOP( '', ( #2265, #2266, #2267, #2268 ) );
#1127 = AXIS2_PLACEMENT_3D( '', #2269, #2270, #2271 );
#1128 = SURFACE_SIDE_STYLE( '', ( #2272 ) );
#1129 = EDGE_LOOP( '', ( #2273, #2274, #2275, #2276 ) );
#1130 = AXIS2_PLACEMENT_3D( '', #2277, #2278, #2279 );
#1131 = SURFACE_SIDE_STYLE( '', ( #2280 ) );
#1132 = EDGE_LOOP( '', ( #2281, #2282, #2283, #2284 ) );
#1133 = AXIS2_PLACEMENT_3D( '', #2285, #2286, #2287 );
#1134 = SURFACE_SIDE_STYLE( '', ( #2288 ) );
#1135 = EDGE_LOOP( '', ( #2289, #2290, #2291, #2292 ) );
#1138 = CARTESIAN_POINT( '', ( 3.20000000000000, 0.000000000000000, -0.400000000000000 ) );
#1139 = CARTESIAN_POINT( '', ( 3.20000000000000, -1.84752086140680, -0.322222222222221 ) );
#1140 = CARTESIAN_POINT( '', ( 1.60000000000000, -2.77128129211021, -0.244444444444444 ) );
#1141 = CARTESIAN_POINT( '', ( 2.95652702879663E-16, -3.69504172281360, -0.166666666666667 ) );
#1142 = CARTESIAN_POINT( '', ( -1.60000000000000, -2.77128129211021, -0.0888888888888891 ) );
#1143 = CARTESIAN_POINT( '', ( -3.20000000000000, -1.84752086140680, -0.0111111111111115 ) );
#1144 = CARTESIAN_POINT( '', ( -3.20000000000000, -3.91886975727153E-16, 0.0666666666666663 ) );
#1145 = CARTESIAN_POINT( '', ( -3.20000000000000, 1.84752086140680, 0.144444444444444 ) );
#1146 = CARTESIAN_POINT( '', ( -1.60000000000000, 2.77128129211021, 0.222222222222222 ) );
#1147 = CARTESIAN_POINT( '', ( -6.66521684792466E-16, 3.69504172281360, 0.300000000000000 ) );
#1148 = CARTESIAN_POINT( '', ( 1.60000000000000, 2.77128129211021, 0.377777777777778 ) );
#1149 = CARTESIAN_POINT( '', ( 3.20000000000000, 1.84752086140680, 0.455555555555556 ) );
#1150 = CARTESIAN_POINT( '', ( 3.20000000000000, 0.000000000000000, 0.533333333333334 ) );
#1151 = CARTESIAN_POINT( '', ( 3.20000000000000, -1.84752086140680, 0.611111111111111 ) );
#1152 = CARTESIAN_POINT( '', ( 1.60000000000000, -2.77128129211021, 0.688888888888889 ) );
#1153 = CARTESIAN_POINT( '', ( 1.81352334959244E-16, -3.69504172281360, 0.766666666666667 ) );
#1154 = CARTESIAN_POINT( '', ( -1.60000000000000, -2.77128129211021, 0.844444444444444 ) );
#1155 = CARTESIAN_POINT( '', ( -3.20000000000000, -1.84752086140680, 0.922222222222221 ) );
#1156 = CARTESIAN_POINT( '', ( -3.20000000000000, -3.91886975727153E-16, 1.00000000000000 ) );
#1157 = CARTESIAN_POINT( '', ( -3.20000000000000, 1.84752086140680, 1.07777777777778 ) );
#1158 = CARTESIAN_POINT( '', ( -1.60000000000000, 2.77128129211021, 1.15555555555555 ) );
#1159 = CARTESIAN_POINT( '', ( -7.80822052712887E-16, 3.69504172281360, 1.23333333333333 ) );
#1160 = CARTESIAN_POINT( '', ( 1.60000000000000, 2.77128129211021, 1.31111111111111 ) );
#1161 = CARTESIAN_POINT( '', ( 3.20000000000000, 1.84752086140680, 1.38888888888889 ) );
#1162 = CARTESIAN_POINT( '', ( 3.20000000000000, 0.000000000000000, 1.46666666666667 ) );
#1163 = CARTESIAN_POINT( '', ( 5.00000000000000, 0.000000000000000, -0.400000000000000 ) );
#1164 = CARTESIAN_POINT( '', ( 5.00000000000000, -2.88675134594813, -0.322222222222221 ) );
#1165 = CARTESIAN_POINT( '', ( 2.50000000000000, -4.33012701892220, -0.244444444444444 ) );
#1166 = CARTESIAN_POINT( '', ( 4.22921731526652E-16, -5.77350269189626, -0.166666666666667 ) );
#1167 = CARTESIAN_POINT( '', ( -2.50000000000000, -4.33012701892220, -0.0888888888888894 ) );
#1168 = CARTESIAN_POINT( '', ( -5.00000000000000, -2.88675134594813, -0.0111111111111120 ) );
#1169 = CARTESIAN_POINT( '', ( -5.00000000000000, -6.12323399573677E-16, 0.0666666666666658 ) );
#1170 = CARTESIAN_POINT( '', ( -5.00000000000000, 2.88675134594813, 0.144444444444444 ) );
#1171 = CARTESIAN_POINT( '', ( -2.50000000000000, 4.33012701892220, 0.222222222222221 ) );
#1172 = CARTESIAN_POINT( '', ( -1.04832877073343E-15, 5.77350269189626, 0.300000000000000 ) );
#1173 = CARTESIAN_POINT( '', ( 2.50000000000000, 4.33012701892220, 0.377777777777778 ) );
#1174 = CARTESIAN_POINT( '', ( 5.00000000000000, 2.88675134594813, 0.455555555555556 ) );
#1175 = CARTESIAN_POINT( '', ( 5.00000000000000, 0.000000000000000, 0.533333333333334 ) );
#1176 = CARTESIAN_POINT( '', ( 5.00000000000000, -2.88675134594813, 0.611111111111111 ) );
#1177 = CARTESIAN_POINT( '', ( 2.50000000000000, -4.33012701892220, 0.688888888888889 ) );
#1178 = CARTESIAN_POINT( '', ( 3.08621363606233E-16, -5.77350269189626, 0.766666666666666 ) );
#1179 = CARTESIAN_POINT( '', ( -2.50000000000000, -4.33012701892220, 0.844444444444444 ) );
#1180 = CARTESIAN_POINT( '', ( -5.00000000000000, -2.88675134594813, 0.922222222222220 ) );
#1181 = CARTESIAN_POINT( '', ( -5.00000000000000, -6.12323399573677E-16, 1.00000000000000 ) );
#1182 = CARTESIAN_POINT( '', ( -5.00000000000000, 2.88675134594813, 1.07777777777778 ) );
#1183 = CARTESIAN_POINT( '', ( -2.50000000000000, 4.33012701892220, 1.15555555555555 ) );
#1184 = CARTESIAN_POINT( '', ( -1.16262913865385E-15, 5.77350269189626, 1.23333333333333 ) );
#1185 = CARTESIAN_POINT( '', ( 2.50000000000000, 4.33012701892220, 1.31111111111111 ) );
#1186 = CARTESIAN_POINT( '', ( 5.00000000000000, 2.88675134594813, 1.38888888888889 ) );
#1187 = CARTESIAN_POINT( '', ( 5.00000000000000, 0.000000000000000, 1.46666666666667 ) );
#1193 = SURFACE_SIDE_STYLE( '', ( #2293 ) );
#1194 = EDGE_LOOP( '', ( #2294, #2295, #2296, #2297 ) );
#1195 = AXIS2_PLACEMENT_3D( '', #2298, #2299, #2300 );
#1196 = SURFACE_SIDE_STYLE( '', ( #2301 ) );
#1197 = EDGE_LOOP( '', ( #2302, #2303, #2304, #2305 ) );
#1198 = AXIS2_PLACEMENT_3D( '', #2306, #2307, #2308 );
#1199 = SURFACE_SIDE_STYLE( '', ( #2309 ) );
#1200 = EDGE_LOOP( '', ( #2310, #2311 ) );
#1201 = EDGE_LOOP( '', ( #2312, #2313, #2314, #2315, #2316, #2317 ) );
#1202 = AXIS2_PLACEMENT_3D( '', #2318, #2319, #2320 );
#1204 =  ( LENGTH_UNIT(  )NAMED_UNIT( #725 )SI_UNIT( .MILLI., .METRE. ) );
#1205 = SURFACE_STYLE_FILL_AREA( #2322 );
#1206 = ORIENTED_EDGE( '', *, *, #2323, .F. );
#1207 = ORIENTED_EDGE( '', *, *, #2324, .F. );
#1208 = ORIENTED_EDGE( '', *, *, #2325, .T. );
#1209 = ORIENTED_EDGE( '', *, *, #2326, .T. );
#1210 = CARTESIAN_POINT( '', ( 2.14919614147910, -0.511736334405145, 0.0150000000000000 ) );
#1211 = CARTESIAN_POINT( '', ( 2.14919614147910, -0.298231511254020, 0.0150000000000000 ) );
#1212 = CARTESIAN_POINT( '', ( 2.14919614147910, -0.0847266881028939, 0.0150000000000000 ) );
#1213 = CARTESIAN_POINT( '', ( 2.14919614147910, 0.128778135048231, 0.0150000000000000 ) );
#1214 = CARTESIAN_POINT( '', ( 2.14919614147910, 0.201125401929261, 0.0150000000000000 ) );
#1215 = CARTESIAN_POINT( '', ( 2.14244372990354, 0.255144694533762, 0.0150000000000000 ) );
#1216 = CARTESIAN_POINT( '', ( 2.12893890675241, 0.291800643086817, 0.0150000000000000 ) );
#1217 = CARTESIAN_POINT( '', ( 2.11563171515960, 0.327920163124460, 0.0150000000000000 ) );
#1218 = CARTESIAN_POINT( '', ( 2.09035369774919, 0.356430868167202, 0.0150000000000000 ) );
#1219 = CARTESIAN_POINT( '', ( 2.01897106109325, 0.398874598070739, 0.0150000000000000 ) );
#1220 = CARTESIAN_POINT( '', ( 1.97749196141479, 0.409485530546624, 0.0150000000000000 ) );
#1221 = CARTESIAN_POINT( '', ( 1.92926045016077, 0.410450160771704, 0.0150000000000000 ) );
#1222 = CARTESIAN_POINT( '', ( 1.85310441739703, 0.411973281426978, 0.0150000000000000 ) );
#1223 = CARTESIAN_POINT( '', ( 1.78745980707395, 0.385369774919614, 0.0150000000000000 ) );
#1224 = CARTESIAN_POINT( '', ( 1.67749196141479, 0.288906752411575, 0.0150000000000000 ) );
#1225 = CARTESIAN_POINT( '', ( 1.64951768488746, 0.197266881028939, 0.0150000000000000 ) );
#1226 = CARTESIAN_POINT( '', ( 1.64951768488746, 0.0631832797427653, 0.0150000000000000 ) );
#1227 = CARTESIAN_POINT( '', ( 1.64951768488746, -0.128456591639871, 0.0150000000000000 ) );
#1228 = CARTESIAN_POINT( '', ( 1.64951768488746, -0.320096463022508, 0.0150000000000000 ) );
#1229 = CARTESIAN_POINT( '', ( 1.64951768488746, -0.511736334405145, 0.0150000000000000 ) );
#1230 = DIRECTION( '', ( 0.000000000000000, 0.000000000000000, 1.00000000000000 ) );
#1231 = SURFACE_STYLE_FILL_AREA( #2327 );
#1232 = ORIENTED_EDGE( '', *, *, #2328, .F. );
#1233 = ORIENTED_EDGE( '', *, *, #2329, .F. );
#1234 = ORIENTED_EDGE( '', *, *, #2330, .F. );
#1235 = ORIENTED_EDGE( '', *, *, #2331, .F. );
#1236 = ORIENTED_EDGE( '', *, *, #2332, .F. );
#1237 = ORIENTED_EDGE( '', *, *, #2333, .F. );
#1238 = ORIENTED_EDGE( '', *, *, #2334, .F. );
#1239 = ORIENTED_EDGE( '', *, *, #2335, .F. );
#1240 = ORIENTED_EDGE( '', *, *, #2336, .F. );
#1241 = ORIENTED_EDGE( '', *, *, #2337, .F. );
#1242 = ORIENTED_EDGE( '', *, *, #2338, .F. );
#1243 = ORIENTED_EDGE( '', *, *, #2339, .F. );
#1244 = CARTESIAN_POINT( '', ( 0.0993569131832791, -0.511736334405145, 0.0150000000000000 ) );
#1245 = DIRECTION( '', ( 0.000000000000000, 0.000000000000000, 1.00000000000000 ) );
#1246 = DIRECTION( '', ( 1.00000000000000, 0.000000000000000, 0.000000000000000 ) );
#1247 = SURFACE_STYLE_FILL_AREA( #2340 );
#1248 = ORIENTED_EDGE( '', *, *, #2341, .F. );
#1249 = ORIENTED_EDGE( '', *, *, #2342, .F. );
#1250 = ORIENTED_EDGE( '', *, *, #2343, .T. );
#1251 = ORIENTED_EDGE( '', *, *, #2344, .T. );
#1252 = CARTESIAN_POINT( '', ( -2.26109324758843, -0.511736334405145, 0.0150000000000000 ) );
#1253 = DIRECTION( '', ( 1.00000000000000, 0.000000000000000, 0.000000000000000 ) );
#1254 = DIRECTION( '', ( 0.000000000000000, 0.000000000000000, -1.00000000000000 ) );
#1255 = SURFACE_STYLE_FILL_AREA( #2345 );
#1256 = ORIENTED_EDGE( '', *, *, #2346, .T. );
#1257 = ORIENTED_EDGE( '', *, *, #2347, .F. );
#1258 = ORIENTED_EDGE( '', *, *, #2348, .T. );
#1259 = ORIENTED_EDGE( '', *, *, #2349, .T. );
#1260 = CARTESIAN_POINT( '', ( -5.00000000000000, -1.83697019872103E-15, 1.80000000000000 ) );
#1261 = DIRECTION( '', ( 1.69936456665603E-16, 0.0397755183232310, -0.999208640946483 ) );
#1262 = DIRECTION( '', ( -5.89585521604272E-33, 0.999208640946483, 0.0397755183232310 ) );
#1263 = SURFACE_STYLE_FILL_AREA( #2350 );
#1264 = ORIENTED_EDGE( '', *, *, #2351, .F. );
#1265 = ORIENTED_EDGE( '', *, *, #2352, .F. );
#1266 = ORIENTED_EDGE( '', *, *, #2353, .T. );
#1267 = ORIENTED_EDGE( '', *, *, #2354, .T. );
#1268 = CARTESIAN_POINT( '', ( 3.29807073954984, 0.539710610932476, 0.0150000000000000 ) );
#1269 = DIRECTION( '', ( 0.000000000000000, -1.00000000000000, 0.000000000000000 ) );
#1270 = DIRECTION( '', ( 0.000000000000000, 0.000000000000000, -1.00000000000000 ) );
#1271 = SURFACE_STYLE_FILL_AREA( #2355 );
#1272 = ORIENTED_EDGE( '', *, *, #2356, .F. );
#1273 = ORIENTED_EDGE( '', *, *, #2357, .F. );
#1274 = ORIENTED_EDGE( '', *, *, #2358, .F. );
#1275 = ORIENTED_EDGE( '', *, *, #2359, .F. );
#1276 = CARTESIAN_POINT( '', ( -5.00000000000000, 3.70000000000000, 0.646889980985519 ) );
#1277 = DIRECTION( '', ( -1.00000000000000, 1.20466908053945E-16, -2.25509069338434E-16 ) );
#1278 = DIRECTION( '', ( 2.25509069338434E-16, 0.000000000000000, -1.00000000000000 ) );
#1279 = SURFACE_STYLE_FILL_AREA( #2360 );
#1280 = ORIENTED_EDGE( '', *, *, #2361, .F. );
#1281 = ORIENTED_EDGE( '', *, *, #2362, .F. );
#1282 = ORIENTED_EDGE( '', *, *, #2330, .T. );
#1283 = ORIENTED_EDGE( '', *, *, #2363, .T. );
#1284 = CARTESIAN_POINT( '', ( 0.311575562700963, 0.0236334405144694, 0.0150000000000000 ) );
#1285 = DIRECTION( '', ( -0.695795215827014, 0.718240222789172, 0.000000000000000 ) );
#1286 = DIRECTION( '', ( -0.718240222789172, -0.695795215827014, 0.000000000000000 ) );
#1287 = SURFACE_STYLE_FILL_AREA( #2364 );
#1288 = ORIENTED_EDGE( '', *, *, #2365, .F. );
#1289 = ORIENTED_EDGE( '', *, *, #2366, .F. );
#1290 = ORIENTED_EDGE( '', *, *, #2367, .T. );
#1291 = ORIENTED_EDGE( '', *, *, #2368, .T. );
#1292 = CARTESIAN_POINT( '', ( -0.162057877813505, 0.342926045016077, 0.0150000000000000 ) );
#1293 = CARTESIAN_POINT( '', ( -0.204501607717042, 0.367041800643087, 0.0150000000000000 ) );
#1294 = CARTESIAN_POINT( '', ( -0.247909967845659, 0.379581993569132, 0.0150000000000000 ) );
#1295 = CARTESIAN_POINT( '', ( -0.327974276527332, 0.379581993569132, 0.0150000000000000 ) );
#1296 = CARTESIAN_POINT( '', ( -0.362700964630226, 0.368006430868168, 0.0150000000000000 ) );
#1297 = CARTESIAN_POINT( '', ( -0.392604501607717, 0.343890675241158, 0.0150000000000000 ) );
#1298 = CARTESIAN_POINT( '', ( -0.422621166720055, 0.319683687247336, 0.0150000000000000 ) );
#1299 = CARTESIAN_POINT( '', ( -0.444694533762059, 0.287942122186495, 0.0150000000000000 ) );
#1300 = CARTESIAN_POINT( '', ( -0.458199356913184, 0.246463022508039, 0.0150000000000000 ) );
#1301 = CARTESIAN_POINT( '', ( -0.478790084827712, 0.183220072484846, 0.0150000000000000 ) );
#1302 = CARTESIAN_POINT( '', ( -0.488102893890677, 0.113344051446945, 0.0150000000000000 ) );
#1303 = CARTESIAN_POINT( '', ( -0.488102893890677, 0.0381028938906751, 0.0150000000000000 ) );
#1304 = CARTESIAN_POINT( '', ( -0.488102893890677, -0.145176848874598, 0.0150000000000000 ) );
#1305 = CARTESIAN_POINT( '', ( -0.488102893890677, -0.328456591639872, 0.0150000000000000 ) );
#1306 = CARTESIAN_POINT( '', ( -0.488102893890677, -0.511736334405145, 0.0150000000000000 ) );
#1307 = DIRECTION( '', ( 0.000000000000000, 0.000000000000000, 1.00000000000000 ) );
#1308 = SURFACE_STYLE_FILL_AREA( #2369 );
#1309 = ORIENTED_EDGE( '', *, *, #2370, .F. );
#1310 = ORIENTED_EDGE( '', *, *, #2371, .F. );
#1311 = ORIENTED_EDGE( '', *, *, #2333, .T. );
#1312 = ORIENTED_EDGE( '', *, *, #2372, .T. );
#1313 = CARTESIAN_POINT( '', ( 0.439871382636655, 0.148070739549839, 0.0150000000000000 ) );
#1314 = DIRECTION( '', ( -0.829803825565358, -0.558055204327580, 0.000000000000000 ) );
#1315 = DIRECTION( '', ( 0.558055204327580, -0.829803825565358, 0.000000000000000 ) );
#1316 = SURFACE_STYLE_FILL_AREA( #2373 );
#1317 = ORIENTED_EDGE( '', *, *, #2374, .F. );
#1318 = ORIENTED_EDGE( '', *, *, #2375, .F. );
#1319 = ORIENTED_EDGE( '', *, *, #2376, .T. );
#1320 = ORIENTED_EDGE( '', *, *, #2377, .T. );
#1321 = CARTESIAN_POINT( '', ( 1.47202572347267, 0.539710610932476, 0.0150000000000000 ) );
#1322 = DIRECTION( '', ( 0.000000000000000, -1.00000000000000, 0.000000000000000 ) );
#1323 = DIRECTION( '', ( 0.000000000000000, 0.000000000000000, -1.00000000000000 ) );
#1324 = SURFACE_STYLE_FILL_AREA( #2378 );
#1325 = ORIENTED_EDGE( '', *, *, #2379, .F. );
#1326 = ORIENTED_EDGE( '', *, *, #2380, .F. );
#1327 = ORIENTED_EDGE( '', *, *, #2381, .T. );
#1328 = ORIENTED_EDGE( '', *, *, #2382, .T. );
#1329 = ORIENTED_EDGE( '', *, *, #2383, .T. );
#1330 = ORIENTED_EDGE( '', *, *, #2384, .F. );
#1331 = ORIENTED_EDGE( '', *, *, #2385, .F. );
#1332 = ORIENTED_EDGE( '', *, *, #2386, .F. );
#1333 = CARTESIAN_POINT( '', ( 5.00000000000000, -3.55000000000000, -1.24000000000000 ) );
#1334 = DIRECTION( '', ( -1.00000000000000, 0.000000000000000, 0.000000000000000 ) );
#1335 = DIRECTION( '', ( 0.000000000000000, 0.000000000000000, 1.00000000000000 ) );
#1336 = SURFACE_STYLE_FILL_AREA( #2387 );
#1337 = ORIENTED_EDGE( '', *, *, #2388, .F. );
#1338 = ORIENTED_EDGE( '', *, *, #2389, .F. );
#1339 = ORIENTED_EDGE( '', *, *, #2390, .T. );
#1340 = ORIENTED_EDGE( '', *, *, #2391, .T. );
#1341 = CARTESIAN_POINT( '', ( -3.45819935691318, 0.937138263665595, 0.0150000000000000 ) );
#1342 = DIRECTION( '', ( 0.000000000000000, -1.00000000000000, 0.000000000000000 ) );
#1343 = DIRECTION( '', ( 0.000000000000000, 0.000000000000000, -1.00000000000000 ) );
#1344 = SURFACE_STYLE_FILL_AREA( #2392 );
#1345 = ORIENTED_EDGE( '', *, *, #2393, .T. );
#1346 = ORIENTED_EDGE( '', *, *, #2394, .F. );
#1347 = ORIENTED_EDGE( '', *, *, #2395, .F. );
#1348 = ORIENTED_EDGE( '', *, *, #2396, .T. );
#1349 = CARTESIAN_POINT( '', ( 1.71450551880629E-16, 0.000000000000000, -1.00000000000000 ) );
#1350 = DIRECTION( '', ( 1.22464679914735E-16, -0.000000000000000, -1.00000000000000 ) );
#1351 = DIRECTION( '', ( 1.00000000000000, 0.000000000000000, 1.22464679914735E-16 ) );
#1352 = SURFACE_STYLE_FILL_AREA( #2397 );
#1353 = ORIENTED_EDGE( '', *, *, #2398, .F. );
#1354 = ORIENTED_EDGE( '', *, *, #2399, .F. );
#1355 = ORIENTED_EDGE( '', *, *, #2331, .T. );
#1356 = ORIENTED_EDGE( '', *, *, #2362, .T. );
#1357 = CARTESIAN_POINT( '', ( 0.663665594855304, -0.511736334405145, 0.0150000000000000 ) );
#1358 = DIRECTION( '', ( 0.835508021739430, 0.549478248531336, 0.000000000000000 ) );
#1359 = DIRECTION( '', ( -0.549478248531336, 0.835508021739430, 0.000000000000000 ) );
#1360 = SURFACE_STYLE_FILL_AREA( #2400 );
#1361 = ORIENTED_EDGE( '', *, *, #2401, .F. );
#1362 = ORIENTED_EDGE( '', *, *, #2367, .F. );
#1363 = ORIENTED_EDGE( '', *, *, #2402, .F. );
#1364 = ORIENTED_EDGE( '', *, *, #2403, .F. );
#1365 = ORIENTED_EDGE( '', *, *, #2404, .F. );
#1366 = ORIENTED_EDGE( '', *, *, #2405, .F. );
#1367 = ORIENTED_EDGE( '', *, *, #2406, .F. );
#1368 = CARTESIAN_POINT( '', ( -0.338968291589172, 0.554072647984028, 0.0150000000000000 ) );
#1369 = DIRECTION( '', ( 0.000000000000000, 0.000000000000000, 1.00000000000000 ) );
#1370 = DIRECTION( '', ( 1.00000000000000, 0.000000000000000, 0.000000000000000 ) );
#1371 = SURFACE_STYLE_FILL_AREA( #2407 );
#1372 = ORIENTED_EDGE( '', *, *, #2408, .F. );
#1373 = ORIENTED_EDGE( '', *, *, #2326, .F. );
#1374 = ORIENTED_EDGE( '', *, *, #2409, .T. );
#1375 = ORIENTED_EDGE( '', *, *, #2410, .T. );
#1376 = CARTESIAN_POINT( '', ( 1.64951768488746, -0.511736334405145, 0.0150000000000000 ) );
#1377 = DIRECTION( '', ( 0.000000000000000, 1.00000000000000, 0.000000000000000 ) );
#1378 = DIRECTION( '', ( 0.000000000000000, 0.000000000000000, 1.00000000000000 ) );
#1379 = SURFACE_STYLE_FILL_AREA( #2411 );
#1380 = ORIENTED_EDGE( '', *, *, #2412, .F. );
#1381 = ORIENTED_EDGE( '', *, *, #2413, .F. );
#1382 = ORIENTED_EDGE( '', *, *, #2414, .T. );
#1383 = ORIENTED_EDGE( '', *, *, #2415, .T. );
#1384 = CARTESIAN_POINT( '', ( -2.33151125401929, 0.937138263665595, 0.0150000000000000 ) );
#1385 = DIRECTION( '', ( 0.000000000000000, -1.00000000000000, 0.000000000000000 ) );
#1386 = DIRECTION( '', ( 0.000000000000000, 0.000000000000000, -1.00000000000000 ) );
#1387 = SURFACE_STYLE_FILL_AREA( #2416 );
#1388 = ORIENTED_EDGE( '', *, *, #2417, .F. );
#1389 = ORIENTED_EDGE( '', *, *, #2418, .F. );
#1390 = ORIENTED_EDGE( '', *, *, #2338, .T. );
#1391 = ORIENTED_EDGE( '', *, *, #2419, .T. );
#1392 = CARTESIAN_POINT( '', ( 0.0106109324758833, 0.937138263665595, 0.0150000000000000 ) );
#1393 = DIRECTION( '', ( 0.000000000000000, -1.00000000000000, 0.000000000000000 ) );
#1394 = DIRECTION( '', ( 0.000000000000000, 0.000000000000000, -1.00000000000000 ) );
#1395 = SURFACE_STYLE_FILL_AREA( #2420 );
#1396 = ORIENTED_EDGE( '', *, *, #2421, .F. );
#1397 = ORIENTED_EDGE( '', *, *, #2422, .F. );
#1398 = ORIENTED_EDGE( '', *, *, #2423, .T. );
#1399 = ORIENTED_EDGE( '', *, *, #2424, .T. );
#1400 = CARTESIAN_POINT( '', ( -2.85627009646302, -0.511736334405145, 0.0150000000000000 ) );
#1401 = DIRECTION( '', ( 0.947043000102940, 0.321106767222403, 0.000000000000000 ) );
#1402 = DIRECTION( '', ( -0.321106767222403, 0.947043000102940, 0.000000000000000 ) );
#1403 = SURFACE_STYLE_FILL_AREA( #2425 );
#1404 = ORIENTED_EDGE( '', *, *, #2426, .F. );
#1405 = ORIENTED_EDGE( '', *, *, #2427, .F. );
#1406 = ORIENTED_EDGE( '', *, *, #2428, .T. );
#1407 = ORIENTED_EDGE( '', *, *, #2429, .T. );
#1408 = CARTESIAN_POINT( '', ( 1.20385852090032, 0.539710610932476, 0.0150000000000000 ) );
#1409 = DIRECTION( '', ( -1.00000000000000, 0.000000000000000, 0.000000000000000 ) );
#1410 = DIRECTION( '', ( 0.000000000000000, 0.000000000000000, 1.00000000000000 ) );
#1411 = SURFACE_STYLE_FILL_AREA( #2430 );
#1412 = ORIENTED_EDGE( '', *, *, #2431, .F. );
#1413 = ORIENTED_EDGE( '', *, *, #2432, .F. );
#1414 = ORIENTED_EDGE( '', *, *, #2423, .F. );
#1415 = ORIENTED_EDGE( '', *, *, #2433, .F. );
#1416 = ORIENTED_EDGE( '', *, *, #2434, .F. );
#1417 = ORIENTED_EDGE( '', *, *, #2343, .F. );
#1418 = ORIENTED_EDGE( '', *, *, #2435, .F. );
#1419 = ORIENTED_EDGE( '', *, *, #2436, .F. );
#1420 = ORIENTED_EDGE( '', *, *, #2414, .F. );
#1421 = ORIENTED_EDGE( '', *, *, #2437, .F. );
#1422 = ORIENTED_EDGE( '', *, *, #2438, .F. );
#1423 = ORIENTED_EDGE( '', *, *, #2390, .F. );
#1424 = ORIENTED_EDGE( '', *, *, #2439, .F. );
#1425 = CARTESIAN_POINT( '', ( -2.96449832274380, 0.317291685903801, 0.0150000000000000 ) );
#1426 = DIRECTION( '', ( 0.000000000000000, 0.000000000000000, 1.00000000000000 ) );
#1427 = DIRECTION( '', ( 1.00000000000000, 0.000000000000000, 0.000000000000000 ) );
#1428 = SURFACE_STYLE_FILL_AREA( #2440 );
#1429 = ORIENTED_EDGE( '', *, *, #2408, .T. );
#1430 = ORIENTED_EDGE( '', *, *, #2441, .T. );
#1431 = ORIENTED_EDGE( '', *, *, #2374, .T. );
#1432 = ORIENTED_EDGE( '', *, *, #2442, .T. );
#1433 = ORIENTED_EDGE( '', *, *, #2443, .T. );
#1434 = ORIENTED_EDGE( '', *, *, #2444, .T. );
#1435 = ORIENTED_EDGE( '', *, *, #2323, .T. );
#1436 = ORIENTED_EDGE( '', *, *, #2445, .T. );
#1437 = ORIENTED_EDGE( '', *, *, #2446, .T. );
#1438 = ORIENTED_EDGE( '', *, *, #2447, .T. );
#1439 = ORIENTED_EDGE( '', *, *, #2448, .T. );
#1440 = ORIENTED_EDGE( '', *, *, #2449, .T. );
#1441 = ORIENTED_EDGE( '', *, *, #2450, .T. );
#1442 = ORIENTED_EDGE( '', *, *, #2451, .T. );
#1443 = ORIENTED_EDGE( '', *, *, #2452, .T. );
#1444 = ORIENTED_EDGE( '', *, *, #2453, .T. );
#1445 = ORIENTED_EDGE( '', *, *, #2454, .T. );
#1446 = ORIENTED_EDGE( '', *, *, #2365, .T. );
#1447 = ORIENTED_EDGE( '', *, *, #2455, .T. );
#1448 = ORIENTED_EDGE( '', *, *, #2456, .T. );
#1449 = ORIENTED_EDGE( '', *, *, #2388, .T. );
#1450 = ORIENTED_EDGE( '', *, *, #2457, .T. );
#1451 = ORIENTED_EDGE( '', *, *, #2458, .T. );
#1452 = ORIENTED_EDGE( '', *, *, #2412, .T. );
#1453 = ORIENTED_EDGE( '', *, *, #2459, .T. );
#1454 = ORIENTED_EDGE( '', *, *, #2460, .T. );
#1455 = ORIENTED_EDGE( '', *, *, #2341, .T. );
#1456 = ORIENTED_EDGE( '', *, *, #2461, .T. );
#1457 = ORIENTED_EDGE( '', *, *, #2462, .T. );
#1458 = ORIENTED_EDGE( '', *, *, #2421, .T. );
#1459 = ORIENTED_EDGE( '', *, *, #2463, .T. );
#1460 = ORIENTED_EDGE( '', *, *, #2464, .F. );
#1461 = ORIENTED_EDGE( '', *, *, #2465, .T. );
#1462 = ORIENTED_EDGE( '', *, *, #2466, .T. );
#1463 = ORIENTED_EDGE( '', *, *, #2467, .T. );
#1464 = ORIENTED_EDGE( '', *, *, #2468, .T. );
#1465 = ORIENTED_EDGE( '', *, *, #2469, .T. );
#1466 = ORIENTED_EDGE( '', *, *, #2470, .T. );
#1467 = ORIENTED_EDGE( '', *, *, #2471, .T. );
#1468 = ORIENTED_EDGE( '', *, *, #2472, .T. );
#1469 = ORIENTED_EDGE( '', *, *, #2417, .T. );
#1470 = ORIENTED_EDGE( '', *, *, #2473, .T. );
#1471 = ORIENTED_EDGE( '', *, *, #2474, .T. );
#1472 = ORIENTED_EDGE( '', *, *, #2475, .T. );
#1473 = ORIENTED_EDGE( '', *, *, #2476, .T. );
#1474 = ORIENTED_EDGE( '', *, *, #2370, .T. );
#1475 = ORIENTED_EDGE( '', *, *, #2477, .T. );
#1476 = ORIENTED_EDGE( '', *, *, #2398, .T. );
#1477 = ORIENTED_EDGE( '', *, *, #2361, .T. );
#1478 = ORIENTED_EDGE( '', *, *, #2478, .T. );
#1479 = ORIENTED_EDGE( '', *, *, #2479, .T. );
#1480 = ORIENTED_EDGE( '', *, *, #2480, .T. );
#1481 = ORIENTED_EDGE( '', *, *, #2481, .T. );
#1482 = ORIENTED_EDGE( '', *, *, #2426, .T. );
#1483 = ORIENTED_EDGE( '', *, *, #2482, .T. );
#1484 = ORIENTED_EDGE( '', *, *, #2483, .T. );
#1485 = ORIENTED_EDGE( '', *, *, #2484, .T. );
#1486 = ORIENTED_EDGE( '', *, *, #2485, .T. );
#1487 = ORIENTED_EDGE( '', *, *, #2486, .T. );
#1488 = ORIENTED_EDGE( '', *, *, #2351, .T. );
#1489 = CARTESIAN_POINT( '', ( 0.000000000000000, 0.000000000000000, 0.0250000000000000 ) );
#1490 = DIRECTION( '', ( 0.000000000000000, 0.000000000000000, -1.00000000000000 ) );
#1491 = DIRECTION( '', ( -1.00000000000000, 0.000000000000000, 0.000000000000000 ) );
#1492 = SURFACE_STYLE_FILL_AREA( #2487 );
#1493 = ORIENTED_EDGE( '', *, *, #2485, .F. );
#1494 = ORIENTED_EDGE( '', *, *, #2488, .F. );
#1495 = ORIENTED_EDGE( '', *, *, #2489, .T. );
#1496 = ORIENTED_EDGE( '', *, *, #2490, .T. );
#1497 = CARTESIAN_POINT( '', ( 3.28167202572348, -0.375723472668811, 0.0150000000000000 ) );
#1498 = CARTESIAN_POINT( '', ( 3.20257234726688, -0.467363344051447, 0.0150000000000000 ) );
#1499 = CARTESIAN_POINT( '', ( 3.10514469453376, -0.511736334405145, 0.0150000000000000 ) );
#1500 = CARTESIAN_POINT( '', ( 2.84372990353698, -0.511736334405145, 0.0150000000000000 ) );
#1501 = CARTESIAN_POINT( '', ( 2.73183279742765, -0.460610932475884, 0.0150000000000000 ) );
#1502 = CARTESIAN_POINT( '', ( 2.65176848874598, -0.355466237942122, 0.0150000000000000 ) );
#1503 = CARTESIAN_POINT( '', ( 2.57252316500127, -0.251397077843655, 0.0150000000000000 ) );
#1504 = CARTESIAN_POINT( '', ( 2.53311897106109, -0.126848874598071, 0.0150000000000000 ) );
#1505 = CARTESIAN_POINT( '', ( 2.53311897106109, 0.119131832797428, 0.0150000000000000 ) );
#1506 = CARTESIAN_POINT( '', ( 2.55048231511254, 0.211736334405145, 0.0150000000000000 ) );
#1507 = CARTESIAN_POINT( '', ( 2.58713826366560, 0.297588424437299, 0.0150000000000000 ) );
#1508 = CARTESIAN_POINT( '', ( 2.62309749477685, 0.381808728882084, 0.0150000000000000 ) );
#1509 = CARTESIAN_POINT( '', ( 2.67684887459807, 0.447106109324759, 0.0150000000000000 ) );
#1510 = CARTESIAN_POINT( '', ( 2.81575562700965, 0.539710610932476, 0.0150000000000000 ) );
#1511 = CARTESIAN_POINT( '', ( 2.89678456591640, 0.562861736334405, 0.0150000000000000 ) );
#1512 = CARTESIAN_POINT( '', ( 3.11479099678457, 0.562861736334405, 0.0150000000000000 ) );
#1513 = CARTESIAN_POINT( '', ( 3.21704180064309, 0.511736334405145, 0.0150000000000000 ) );
#1514 = CARTESIAN_POINT( '', ( 3.29807073954984, 0.410450160771704, 0.0150000000000000 ) );
#1515 = DIRECTION( '', ( 0.000000000000000, 0.000000000000000, 1.00000000000000 ) );
#1516 = SURFACE_STYLE_FILL_AREA( #2491 );
#1517 = ORIENTED_EDGE( '', *, *, #2492, .F. );
#1518 = ORIENTED_EDGE( '', *, *, #2428, .F. );
#1519 = ORIENTED_EDGE( '', *, *, #2493, .F. );
#1520 = ORIENTED_EDGE( '', *, *, #2494, .F. );
#1521 = CARTESIAN_POINT( '', ( 1.11511254019292, -0.511736334405145, 0.0150000000000000 ) );
#1522 = DIRECTION( '', ( 0.000000000000000, 0.000000000000000, 1.00000000000000 ) );
#1523 = DIRECTION( '', ( 1.00000000000000, 0.000000000000000, 0.000000000000000 ) );
#1524 = SURFACE_STYLE_FILL_AREA( #2495 );
#1525 = ORIENTED_EDGE( '', *, *, #2482, .F. );
#1526 = ORIENTED_EDGE( '', *, *, #2354, .F. );
#1527 = ORIENTED_EDGE( '', *, *, #2496, .T. );
#1528 = ORIENTED_EDGE( '', *, *, #2497, .T. );
#1529 = CARTESIAN_POINT( '', ( 3.45819935691318, 0.539710610932476, 0.0150000000000000 ) );
#1530 = CARTESIAN_POINT( '', ( 3.45819935691318, 0.236816720257234, 0.0150000000000000 ) );
#1531 = CARTESIAN_POINT( '', ( 3.45819935691318, -0.0660771704180064, 0.0150000000000000 ) );
#1532 = CARTESIAN_POINT( '', ( 3.45819935691318, -0.368971061093248, 0.0150000000000000 ) );
#1533 = CARTESIAN_POINT( '', ( 3.45819935691318, -0.531993569131833, 0.0150000000000000 ) );
#1534 = CARTESIAN_POINT( '', ( 3.44180064308682, -0.647749196141479, 0.0150000000000000 ) );
#1535 = CARTESIAN_POINT( '', ( 3.40803858520900, -0.716237942122187, 0.0150000000000000 ) );
#1536 = CARTESIAN_POINT( '', ( 3.37446511207835, -0.784344130472935, 0.0150000000000000 ) );
#1537 = CARTESIAN_POINT( '', ( 3.32218649517685, -0.838745980707395, 0.0150000000000000 ) );
#1538 = CARTESIAN_POINT( '', ( 3.17749196141479, -0.917845659163987, 0.0150000000000000 ) );
#1539 = CARTESIAN_POINT( '', ( 3.08874598070740, -0.937138263665595, 0.0150000000000000 ) );
#1540 = CARTESIAN_POINT( '', ( 2.85723472668810, -0.937138263665595, 0.0150000000000000 ) );
#1541 = CARTESIAN_POINT( '', ( 2.75594855305466, -0.909163987138264, 0.0150000000000000 ) );
#1542 = CARTESIAN_POINT( '', ( 2.67877813504823, -0.853215434083601, 0.0150000000000000 ) );
#1543 = CARTESIAN_POINT( '', ( 2.60114931021628, -0.796934536080438, 0.0150000000000000 ) );
#1544 = CARTESIAN_POINT( '', ( 2.56398713826366, -0.711414790996784, 0.0150000000000000 ) );
#1545 = CARTESIAN_POINT( '', ( 2.56688102893891, -0.597588424437299, 0.0150000000000000 ) );
#1546 = DIRECTION( '', ( 0.000000000000000, 0.000000000000000, 1.00000000000000 ) );
#1547 = SURFACE_STYLE_FILL_AREA( #2498 );
#1548 = ORIENTED_EDGE( '', *, *, #2452, .F. );
#1549 = ORIENTED_EDGE( '', *, *, #2499, .F. );
#1550 = ORIENTED_EDGE( '', *, *, #2404, .T. );
#1551 = ORIENTED_EDGE( '', *, *, #2500, .T. );
#1552 = CARTESIAN_POINT( '', ( -0.504501607717043, 0.539710610932476, 0.0150000000000000 ) );
#1553 = DIRECTION( '', ( -1.00000000000000, 0.000000000000000, 0.000000000000000 ) );
#1554 = DIRECTION( '', ( 0.000000000000000, 0.000000000000000, 1.00000000000000 ) );
#1555 = SURFACE_STYLE_FILL_AREA( #2501 );
#1556 = ORIENTED_EDGE( '', *, *, #2463, .F. );
#1557 = ORIENTED_EDGE( '', *, *, #2424, .F. );
#1558 = ORIENTED_EDGE( '', *, *, #2432, .T. );
#1559 = ORIENTED_EDGE( '', *, *, #2502, .T. );
#1560 = CARTESIAN_POINT( '', ( -3.27491961414791, 0.722990353697749, 0.0150000000000000 ) );
#1561 = DIRECTION( '', ( -1.00000000000000, 0.000000000000000, 0.000000000000000 ) );
#1562 = DIRECTION( '', ( 0.000000000000000, 0.000000000000000, 1.00000000000000 ) );
#1563 = SURFACE_STYLE_FILL_AREA( #2503 );
#1564 = ORIENTED_EDGE( '', *, *, #2504, .T. );
#1565 = ORIENTED_EDGE( '', *, *, #2505, .F. );
#1566 = CARTESIAN_POINT( '', ( 2.71639871382636, 0.0323151125401929, 0.0150000000000000 ) );
#1567 = CARTESIAN_POINT( '', ( 2.71639871382636, -0.106591639871383, 0.0150000000000000 ) );
#1568 = CARTESIAN_POINT( '', ( 2.74340836012861, -0.206913183279743, 0.0150000000000000 ) );
#1569 = CARTESIAN_POINT( '', ( 2.85337620578778, -0.334244372990354, 0.0150000000000000 ) );
#1570 = CARTESIAN_POINT( '', ( 2.92282958199357, -0.366077170418007, 0.0150000000000000 ) );
#1571 = CARTESIAN_POINT( '', ( 3.08778135048231, -0.366077170418007, 0.0150000000000000 ) );
#1572 = CARTESIAN_POINT( '', ( 3.15627009646302, -0.334244372990354, 0.0150000000000000 ) );
#1573 = CARTESIAN_POINT( '', ( 3.21125401929261, -0.271543408360128, 0.0150000000000000 ) );
#1574 = CARTESIAN_POINT( '', ( 3.26713545865754, -0.207818959961521, 0.0150000000000000 ) );
#1575 = CARTESIAN_POINT( '', ( 3.29517684887460, -0.108520900321543, 0.0150000000000000 ) );
#1576 = CARTESIAN_POINT( '', ( 3.29517684887460, 0.155787781350482, 0.0150000000000000 ) );
#1577 = CARTESIAN_POINT( '', ( 3.26623794212218, 0.252250803858521, 0.0150000000000000 ) );
#1578 = CARTESIAN_POINT( '', ( 3.20932475884244, 0.318810289389068, 0.0150000000000000 ) );
#1579 = CARTESIAN_POINT( '', ( 3.15288803875686, 0.384812555251865, 0.0150000000000000 ) );
#1580 = CARTESIAN_POINT( '', ( 3.08295819935692, 0.416237942122187, 0.0150000000000000 ) );
#1581 = CARTESIAN_POINT( '', ( 3.00192926045016, 0.417202572347267, 0.0150000000000000 ) );
#1582 = CARTESIAN_POINT( '', ( 2.92285227274281, 0.418143965058069, 0.0150000000000000 ) );
#1583 = CARTESIAN_POINT( '', ( 2.85530546623794, 0.384405144694534, 0.0150000000000000 ) );
#1584 = CARTESIAN_POINT( '', ( 2.79935691318328, 0.319774919614148, 0.0150000000000000 ) );
#1585 = CARTESIAN_POINT( '', ( 2.74382158005440, 0.255622034792856, 0.0150000000000000 ) );
#1586 = CARTESIAN_POINT( '', ( 2.71639871382636, 0.159646302250804, 0.0150000000000000 ) );
#1587 = CARTESIAN_POINT( '', ( 2.71639871382636, 0.0323151125401929, 0.0150000000000000 ) );
#1588 = DIRECTION( '', ( 0.000000000000000, 0.000000000000000, 1.00000000000000 ) );
#1589 = SURFACE_STYLE_FILL_AREA( #2506 );
#1590 = ORIENTED_EDGE( '', *, *, #2507, .F. );
#1591 = ORIENTED_EDGE( '', *, *, #2508, .F. );
#1592 = ORIENTED_EDGE( '', *, *, #2509, .T. );
#1593 = ORIENTED_EDGE( '', *, *, #2510, .T. );
#1594 = CARTESIAN_POINT( '', ( -1.60418006430868, -0.348713826366560, 0.0150000000000000 ) );
#1595 = CARTESIAN_POINT( '', ( -1.56745961895829, -0.380472049372299, 0.0150000000000000 ) );
#1596 = CARTESIAN_POINT( '', ( -1.51543408360129, -0.396945337620579, 0.0150000000000000 ) );
#1597 = CARTESIAN_POINT( '', ( -1.44598070739550, -0.395980707395499, 0.0150000000000000 ) );
#1598 = CARTESIAN_POINT( '', ( -1.37655412130589, -0.395016449255365, 0.0150000000000000 ) );
#1599 = CARTESIAN_POINT( '', ( -1.31575562700965, -0.381511254019292, 0.0150000000000000 ) );
#1600 = CARTESIAN_POINT( '', ( -1.26173633440514, -0.351607717041800, 0.0150000000000000 ) );
#1601 = CARTESIAN_POINT( '', ( -1.20845540655189, -0.322112917694462, 0.0150000000000000 ) );
#1602 = CARTESIAN_POINT( '', ( -1.16913183279743, -0.280225080385852, 0.0150000000000000 ) );
#1603 = CARTESIAN_POINT( '', ( -1.14405144694534, -0.228135048231511, 0.0150000000000000 ) );
#1604 = CARTESIAN_POINT( '', ( -1.12496186595435, -0.188487456942544, 0.0150000000000000 ) );
#1605 = CARTESIAN_POINT( '', ( -1.11511254019293, -0.128778135048231, 0.0150000000000000 ) );
#1606 = CARTESIAN_POINT( '', ( -1.11511254019293, -0.0496784565916400, 0.0150000000000000 ) );
#1607 = CARTESIAN_POINT( '', ( -1.11511254019293, -0.0281350482315113, 0.0150000000000000 ) );
#1608 = CARTESIAN_POINT( '', ( -1.11446945337621, -0.00659163987138268, 0.0150000000000000 ) );
#1609 = CARTESIAN_POINT( '', ( -1.11414790996785, 0.0149517684887460, 0.0150000000000000 ) );
#1610 = DIRECTION( '', ( 0.000000000000000, 0.000000000000000, 1.00000000000000 ) );
#1611 = SURFACE_STYLE_FILL_AREA( #2511 );
#1612 = ORIENTED_EDGE( '', *, *, #2469, .F. );
#1613 = ORIENTED_EDGE( '', *, *, #2512, .F. );
#1614 = ORIENTED_EDGE( '', *, *, #2513, .T. );
#1615 = ORIENTED_EDGE( '', *, *, #2514, .T. );
#1616 = CARTESIAN_POINT( '', ( -1.81832797427653, 0.239710610932476, 0.0150000000000000 ) );
#1617 = CARTESIAN_POINT( '', ( -1.80289389067524, 0.313987138263665, 0.0150000000000000 ) );
#1618 = CARTESIAN_POINT( '', ( -1.77684887459807, 0.373794212218650, 0.0150000000000000 ) );
#1619 = CARTESIAN_POINT( '', ( -1.74019292604502, 0.420096463022508, 0.0150000000000000 ) );
#1620 = CARTESIAN_POINT( '', ( -1.70400642400491, 0.465805728757374, 0.0150000000000000 ) );
#1621 = CARTESIAN_POINT( '', ( -1.65144694533762, 0.501125401929260, 0.0150000000000000 ) );
#1622 = CARTESIAN_POINT( '', ( -1.58295819935692, 0.526205787781350, 0.0150000000000000 ) );
#1623 = CARTESIAN_POINT( '', ( -1.51393036057069, 0.551483587900250, 0.0150000000000000 ) );
#1624 = CARTESIAN_POINT( '', ( -1.43440514469453, 0.562861736334405, 0.0150000000000000 ) );
#1625 = CARTESIAN_POINT( '', ( -1.25401929260450, 0.562861736334405, 0.0150000000000000 ) );
#1626 = CARTESIAN_POINT( '', ( -1.18167202572347, 0.552250803858521, 0.0150000000000000 ) );
#1627 = CARTESIAN_POINT( '', ( -1.12475884244373, 0.531028938906752, 0.0150000000000000 ) );
#1628 = CARTESIAN_POINT( '', ( -1.06869253881430, 0.510122859587305, 0.0150000000000000 ) );
#1629 = CARTESIAN_POINT( '', ( -1.02733118971061, 0.483762057877813, 0.0150000000000000 ) );
#1630 = CARTESIAN_POINT( '', ( -0.975241157556271, 0.420096463022508, 0.0150000000000000 ) );
#1631 = CARTESIAN_POINT( '', ( -0.956913183279743, 0.379581993569132, 0.0150000000000000 ) );
#1632 = CARTESIAN_POINT( '', ( -0.946302250803859, 0.331350482315112, 0.0150000000000000 ) );
#1633 = CARTESIAN_POINT( '', ( -0.939513035328065, 0.300490411970591, 0.0150000000000000 ) );
#1634 = CARTESIAN_POINT( '', ( -0.936655948553055, 0.245498392282958, 0.0150000000000000 ) );
#1635 = CARTESIAN_POINT( '', ( -0.936655948553055, 0.166398713826367, 0.0150000000000000 ) );
#1636 = CARTESIAN_POINT( '', ( -0.936655948553055, 0.0869774919614148, 0.0150000000000000 ) );
#1637 = CARTESIAN_POINT( '', ( -0.936655948553055, 0.00755627009646303, 0.0150000000000000 ) );
#1638 = CARTESIAN_POINT( '', ( -0.936655948553055, -0.0718649517684887, 0.0150000000000000 ) );
#1639 = CARTESIAN_POINT( '', ( -0.936655948553055, -0.237781350482315, 0.0150000000000000 ) );
#1640 = CARTESIAN_POINT( '', ( -0.932797427652734, -0.341961414790996, 0.0150000000000000 ) );
#1641 = CARTESIAN_POINT( '', ( -0.926045016077171, -0.386334405144694, 0.0150000000000000 ) );
#1642 = CARTESIAN_POINT( '', ( -0.919414241476872, -0.429908066803799, 0.0150000000000000 ) );
#1643 = CARTESIAN_POINT( '', ( -0.903858520900322, -0.472186495176849, 0.0150000000000000 ) );
#1644 = CARTESIAN_POINT( '', ( -0.882636655948554, -0.511736334405145, 0.0150000000000000 ) );
#1645 = DIRECTION( '', ( 0.000000000000000, 0.000000000000000, 1.00000000000000 ) );
#1646 = SURFACE_STYLE_FILL_AREA( #2515 );
#1647 = ORIENTED_EDGE( '', *, *, #2464, .T. );
#1648 = ORIENTED_EDGE( '', *, *, #2516, .F. );
#1649 = CARTESIAN_POINT( '', ( 0.000000000000000, 0.000000000000000, 0.0250000000000000 ) );
#1650 = DIRECTION( '', ( -0.000000000000000, -0.000000000000000, 1.00000000000000 ) );
#1651 = DIRECTION( '', ( -1.00000000000000, 0.000000000000000, 0.000000000000000 ) );
#1652 = SURFACE_STYLE_FILL_AREA( #2517 );
#1653 = ORIENTED_EDGE( '', *, *, #2518, .T. );
#1654 = ORIENTED_EDGE( '', *, *, #2519, .F. );
#1655 = ORIENTED_EDGE( '', *, *, #2520, .F. );
#1656 = ORIENTED_EDGE( '', *, *, #2521, .T. );
#1657 = CARTESIAN_POINT( '', ( -5.00000000000000, -3.55000000000000, -1.24000000000000 ) );
#1658 = DIRECTION( '', ( 1.20466908053945E-16, -1.18008399726313E-16, -1.00000000000000 ) );
#1659 = DIRECTION( '', ( -1.00000000000000, 0.000000000000000, -1.20466908053945E-16 ) );
#1660 = SURFACE_STYLE_FILL_AREA( #2522 );
#1661 = ORIENTED_EDGE( '', *, *, #2523, .T. );
#1662 = ORIENTED_EDGE( '', *, *, #2524, .F. );
#1663 = ORIENTED_EDGE( '', *, *, #2525, .F. );
#1664 = ORIENTED_EDGE( '', *, *, #2379, .T. );
#1665 = CARTESIAN_POINT( '', ( 3.20000000000000, -3.55000000000000, -1.24000000000000 ) );
#1666 = DIRECTION( '', ( 0.000000000000000, -1.19967045364924E-16, -1.00000000000000 ) );
#1667 = DIRECTION( '', ( 0.000000000000000, 1.00000000000000, -1.19967045364924E-16 ) );
#1668 = SURFACE_STYLE_FILL_AREA( #2526 );
#1669 = ORIENTED_EDGE( '', *, *, #2481, .F. );
#1670 = ORIENTED_EDGE( '', *, *, #2527, .F. );
#1671 = ORIENTED_EDGE( '', *, *, #2493, .T. );
#1672 = ORIENTED_EDGE( '', *, *, #2427, .T. );
#1673 = CARTESIAN_POINT( '', ( 1.02636655948553, 0.539710610932476, 0.0150000000000000 ) );
#1674 = DIRECTION( '', ( 0.000000000000000, -1.00000000000000, 0.000000000000000 ) );
#1675 = DIRECTION( '', ( 0.000000000000000, 0.000000000000000, -1.00000000000000 ) );
#1676 = SURFACE_STYLE_FILL_AREA( #2528 );
#1677 = ORIENTED_EDGE( '', *, *, #2395, .T. );
#1678 = ORIENTED_EDGE( '', *, *, #2348, .F. );
#1679 = ORIENTED_EDGE( '', *, *, #2529, .F. );
#1680 = ORIENTED_EDGE( '', *, *, #2530, .T. );
#1681 = SURFACE_STYLE_FILL_AREA( #2531 );
#1682 = ORIENTED_EDGE( '', *, *, #2483, .F. );
#1683 = ORIENTED_EDGE( '', *, *, #2497, .F. );
#1684 = ORIENTED_EDGE( '', *, *, #2532, .T. );
#1685 = ORIENTED_EDGE( '', *, *, #2533, .T. );
#1686 = CARTESIAN_POINT( '', ( 2.56688102893891, -0.597588424437299, 0.0150000000000000 ) );
#1687 = DIRECTION( '', ( -0.132163720091017, -0.991227900682635, 0.000000000000000 ) );
#1688 = DIRECTION( '', ( 0.991227900682635, -0.132163720091017, 0.000000000000000 ) );
#1689 = SURFACE_STYLE_FILL_AREA( #2534 );
#1690 = ORIENTED_EDGE( '', *, *, #2448, .F. );
#1691 = ORIENTED_EDGE( '', *, *, #2535, .F. );
#1692 = ORIENTED_EDGE( '', *, *, #2536, .T. );
#1693 = ORIENTED_EDGE( '', *, *, #2537, .T. );
#1694 = CARTESIAN_POINT( '', ( 1.20385852090032, 0.937138263665595, 0.0150000000000000 ) );
#1695 = DIRECTION( '', ( -1.00000000000000, 0.000000000000000, 0.000000000000000 ) );
#1696 = DIRECTION( '', ( 0.000000000000000, 0.000000000000000, 1.00000000000000 ) );
#1697 = SURFACE_STYLE_FILL_AREA( #2538 );
#1698 = ORIENTED_EDGE( '', *, *, #2460, .F. );
#1699 = ORIENTED_EDGE( '', *, *, #2539, .F. );
#1700 = ORIENTED_EDGE( '', *, *, #2435, .T. );
#1701 = ORIENTED_EDGE( '', *, *, #2342, .T. );
#1702 = CARTESIAN_POINT( '', ( -2.07684887459807, -0.511736334405145, 0.0150000000000000 ) );
#1703 = DIRECTION( '', ( 0.000000000000000, 1.00000000000000, 0.000000000000000 ) );
#1704 = DIRECTION( '', ( 0.000000000000000, 0.000000000000000, 1.00000000000000 ) );
#1705 = SURFACE_STYLE_FILL_AREA( #2540 );
#1706 = ORIENTED_EDGE( '', *, *, #2459, .F. );
#1707 = ORIENTED_EDGE( '', *, *, #2415, .F. );
#1708 = ORIENTED_EDGE( '', *, *, #2436, .T. );
#1709 = ORIENTED_EDGE( '', *, *, #2539, .T. );
#1710 = CARTESIAN_POINT( '', ( -2.07684887459807, 0.937138263665595, 0.0150000000000000 ) );
#1711 = DIRECTION( '', ( -1.00000000000000, 0.000000000000000, 0.000000000000000 ) );
#1712 = DIRECTION( '', ( 0.000000000000000, 0.000000000000000, 1.00000000000000 ) );
#1713 = SURFACE_STYLE_FILL_AREA( #2541 );
#1714 = ORIENTED_EDGE( '', *, *, #2472, .F. );
#1715 = ORIENTED_EDGE( '', *, *, #2542, .F. );
#1716 = ORIENTED_EDGE( '', *, *, #2339, .T. );
#1717 = ORIENTED_EDGE( '', *, *, #2418, .T. );
#1718 = CARTESIAN_POINT( '', ( 0.0106109324758833, -0.511736334405145, 0.0150000000000000 ) );
#1719 = DIRECTION( '', ( 1.00000000000000, 0.000000000000000, 0.000000000000000 ) );
#1720 = DIRECTION( '', ( 0.000000000000000, 0.000000000000000, -1.00000000000000 ) );
#1721 = SURFACE_STYLE_FILL_AREA( #2543 );
#1722 = ORIENTED_EDGE( '', *, *, #2544, .F. );
#1723 = ORIENTED_EDGE( '', *, *, #2545, .F. );
#1724 = ORIENTED_EDGE( '', *, *, #2546, .T. );
#1725 = ORIENTED_EDGE( '', *, *, #2547, .T. );
#1726 = CARTESIAN_POINT( '', ( -3.20000000000000, -3.55000000000000, -2.04000000000000 ) );
#1727 = DIRECTION( '', ( 2.05422862293096E-48, 1.18008399726313E-16, 1.00000000000000 ) );
#1728 = DIRECTION( '', ( 0.000000000000000, -1.00000000000000, 1.18008399726313E-16 ) );
#1729 = SURFACE_STYLE_FILL_AREA( #2548 );
#1730 = ORIENTED_EDGE( '', *, *, #2479, .F. );
#1731 = ORIENTED_EDGE( '', *, *, #2429, .F. );
#1732 = ORIENTED_EDGE( '', *, *, #2492, .T. );
#1733 = ORIENTED_EDGE( '', *, *, #2549, .T. );
#1734 = CARTESIAN_POINT( '', ( 1.20385852090032, -0.511736334405145, 0.0150000000000000 ) );
#1735 = DIRECTION( '', ( 0.000000000000000, 1.00000000000000, 0.000000000000000 ) );
#1736 = DIRECTION( '', ( 0.000000000000000, 0.000000000000000, 1.00000000000000 ) );
#1737 = SURFACE_STYLE_FILL_AREA( #2550 );
#1738 = ORIENTED_EDGE( '', *, *, #2551, .F. );
#1739 = ORIENTED_EDGE( '', *, *, #2552, .T. );
#1740 = ORIENTED_EDGE( '', *, *, #2347, .T. );
#1741 = ORIENTED_EDGE( '', *, *, #2553, .T. );
#1742 = ORIENTED_EDGE( '', *, *, #2554, .F. );
#1743 = ORIENTED_EDGE( '', *, *, #2555, .F. );
#1744 = ORIENTED_EDGE( '', *, *, #2546, .F. );
#1745 = ORIENTED_EDGE( '', *, *, #2556, .F. );
#1746 = ORIENTED_EDGE( '', *, *, #2519, .T. );
#1747 = ORIENTED_EDGE( '', *, *, #2557, .T. );
#1748 = ORIENTED_EDGE( '', *, *, #2558, .T. );
#1749 = ORIENTED_EDGE( '', *, *, #2358, .T. );
#1750 = CARTESIAN_POINT( '', ( -5.00000000000000, -1.83697019872103E-15, 1.00000000000000 ) );
#1751 = DIRECTION( '', ( 1.00000000000000, -9.74990791769596E-18, 2.44929359829470E-16 ) );
#1752 = DIRECTION( '', ( 2.44929359829470E-16, 0.000000000000000, -1.00000000000000 ) );
#1753 = SURFACE_STYLE_FILL_AREA( #2559 );
#1754 = ORIENTED_EDGE( '', *, *, #2505, .T. );
#1755 = CARTESIAN_POINT( '', ( 0.000000000000000, 0.000000000000000, 0.0250000000000000 ) );
#1756 = DIRECTION( '', ( 0.000000000000000, 0.000000000000000, -1.00000000000000 ) );
#1757 = DIRECTION( '', ( -1.00000000000000, 0.000000000000000, 0.000000000000000 ) );
#1758 = SURFACE_STYLE_FILL_AREA( #2560 );
#1759 = ORIENTED_EDGE( '', *, *, #2451, .F. );
#1760 = ORIENTED_EDGE( '', *, *, #2561, .F. );
#1761 = ORIENTED_EDGE( '', *, *, #2405, .T. );
#1762 = ORIENTED_EDGE( '', *, *, #2499, .T. );
#1763 = CARTESIAN_POINT( '', ( -0.664630225080387, 0.539710610932476, 0.0150000000000000 ) );
#1764 = DIRECTION( '', ( 0.000000000000000, -1.00000000000000, 0.000000000000000 ) );
#1765 = DIRECTION( '', ( 0.000000000000000, 0.000000000000000, -1.00000000000000 ) );
#1766 = SURFACE_STYLE_FILL_AREA( #2562 );
#1767 = ORIENTED_EDGE( '', *, *, #2349, .F. );
#1768 = ORIENTED_EDGE( '', *, *, #2394, .T. );
#1769 = ORIENTED_EDGE( '', *, *, #2563, .T. );
#1770 = ORIENTED_EDGE( '', *, *, #2356, .T. );
#1771 = ORIENTED_EDGE( '', *, *, #2564, .F. );
#1772 = ORIENTED_EDGE( '', *, *, #2565, .F. );
#1773 = ORIENTED_EDGE( '', *, *, #2521, .F. );
#1774 = ORIENTED_EDGE( '', *, *, #2566, .F. );
#1775 = ORIENTED_EDGE( '', *, *, #2544, .T. );
#1776 = ORIENTED_EDGE( '', *, *, #2567, .T. );
#1777 = ORIENTED_EDGE( '', *, *, #2568, .T. );
#1778 = ORIENTED_EDGE( '', *, *, #2569, .F. );
#1779 = CARTESIAN_POINT( '', ( -3.20000000000000, -1.17566092718146E-15, 1.80000000000000 ) );
#1780 = DIRECTION( '', ( -1.00000000000000, 9.74990791769596E-18, -2.44929359829470E-16 ) );
#1781 = DIRECTION( '', ( -2.44929359829470E-16, 0.000000000000000, 1.00000000000000 ) );
#1782 = SURFACE_STYLE_FILL_AREA( #2570 );
#1783 = ORIENTED_EDGE( '', *, *, #2445, .F. );
#1784 = ORIENTED_EDGE( '', *, *, #2537, .F. );
#1785 = ORIENTED_EDGE( '', *, *, #2571, .T. );
#1786 = ORIENTED_EDGE( '', *, *, #2572, .T. );
#1787 = CARTESIAN_POINT( '', ( 1.20385852090032, 0.733601286173634, 0.0150000000000000 ) );
#1788 = DIRECTION( '', ( 0.000000000000000, 1.00000000000000, 0.000000000000000 ) );
#1789 = DIRECTION( '', ( 0.000000000000000, 0.000000000000000, 1.00000000000000 ) );
#1790 = SURFACE_STYLE_FILL_AREA( #2573 );
#1791 = ORIENTED_EDGE( '', *, *, #2486, .F. );
#1792 = ORIENTED_EDGE( '', *, *, #2490, .F. );
#1793 = ORIENTED_EDGE( '', *, *, #2574, .T. );
#1794 = ORIENTED_EDGE( '', *, *, #2352, .T. );
#1795 = CARTESIAN_POINT( '', ( 3.29807073954984, 0.410450160771704, 0.0150000000000000 ) );
#1796 = DIRECTION( '', ( 1.00000000000000, 0.000000000000000, 0.000000000000000 ) );
#1797 = DIRECTION( '', ( 0.000000000000000, 0.000000000000000, -1.00000000000000 ) );
#1798 = SURFACE_STYLE_FILL_AREA( #2575 );
#1799 = ORIENTED_EDGE( '', *, *, #2520, .T. );
#1800 = ORIENTED_EDGE( '', *, *, #2556, .T. );
#1801 = ORIENTED_EDGE( '', *, *, #2545, .T. );
#1802 = ORIENTED_EDGE( '', *, *, #2566, .T. );
#1803 = CARTESIAN_POINT( '', ( -3.65000000000000, -3.55000000000000, -1.44000000000000 ) );
#1804 = DIRECTION( '', ( 0.000000000000000, 1.00000000000000, 0.000000000000000 ) );
#1805 = DIRECTION( '', ( 0.000000000000000, 0.000000000000000, 1.00000000000000 ) );
#1806 = SURFACE_STYLE_FILL_AREA( #2576 );
#1807 = ORIENTED_EDGE( '', *, *, #2458, .F. );
#1808 = ORIENTED_EDGE( '', *, *, #2577, .F. );
#1809 = ORIENTED_EDGE( '', *, *, #2437, .T. );
#1810 = ORIENTED_EDGE( '', *, *, #2413, .T. );
#1811 = CARTESIAN_POINT( '', ( -2.75884244372990, -0.303376205787782, 0.0150000000000000 ) );
#1812 = CARTESIAN_POINT( '', ( -2.74244372990354, -0.250321543408360, 0.0150000000000000 ) );
#1813 = CARTESIAN_POINT( '', ( -2.71639871382636, -0.173151125401930, 0.0150000000000000 ) );
#1814 = CARTESIAN_POINT( '', ( -2.68167202572347, -0.0709003215434083, 0.0150000000000000 ) );
#1815 = CARTESIAN_POINT( '', ( -2.56728529305814, 0.265905057971208, 0.0150000000000000 ) );
#1816 = CARTESIAN_POINT( '', ( -2.44823151125402, 0.601125401929261, 0.0150000000000000 ) );
#1817 = CARTESIAN_POINT( '', ( -2.33151125401929, 0.937138263665595, 0.0150000000000000 ) );
#1818 = DIRECTION( '', ( 0.000000000000000, 0.000000000000000, 1.00000000000000 ) );
#1819 = SURFACE_STYLE_FILL_AREA( #2578 );
#1820 = ORIENTED_EDGE( '', *, *, #2484, .F. );
#1821 = ORIENTED_EDGE( '', *, *, #2533, .F. );
#1822 = ORIENTED_EDGE( '', *, *, #2579, .T. );
#1823 = ORIENTED_EDGE( '', *, *, #2488, .T. );
#1824 = CARTESIAN_POINT( '', ( 2.74051446945338, -0.620739549839228, 0.0150000000000000 ) );
#1825 = CARTESIAN_POINT( '', ( 2.74726688102894, -0.675723472668810, 0.0150000000000000 ) );
#1826 = CARTESIAN_POINT( '', ( 2.76752411575562, -0.715273311897106, 0.0150000000000000 ) );
#1827 = CARTESIAN_POINT( '', ( 2.80128617363344, -0.740353697749196, 0.0150000000000000 ) );
#1828 = CARTESIAN_POINT( '', ( 2.84604176850566, -0.773600711082844, 0.0150000000000000 ) );
#1829 = CARTESIAN_POINT( '', ( 2.90643086816721, -0.791479099678457, 0.0150000000000000 ) );
#1830 = CARTESIAN_POINT( '', ( 3.06752411575562, -0.791479099678457, 0.0150000000000000 ) );
#1831 = CARTESIAN_POINT( '', ( 3.13118971061093, -0.775080385852090, 0.0150000000000000 ) );
#1832 = CARTESIAN_POINT( '', ( 3.22186495176849, -0.709485530546624, 0.0150000000000000 ) );
#1833 = CARTESIAN_POINT( '', ( 3.25273311897106, -0.663183279742765, 0.0150000000000000 ) );
#1834 = CARTESIAN_POINT( '', ( 3.26816720257235, -0.603376205787781, 0.0150000000000000 ) );
#1835 = CARTESIAN_POINT( '', ( 3.27740506626931, -0.567579483962043, 0.0150000000000000 ) );
#1836 = CARTESIAN_POINT( '', ( 3.28167202572348, -0.491479099678457, 0.0150000000000000 ) );
#1837 = CARTESIAN_POINT( '', ( 3.28167202572348, -0.375723472668811, 0.0150000000000000 ) );
#1838 = DIRECTION( '', ( 0.000000000000000, 0.000000000000000, 1.00000000000000 ) );
#1839 = SURFACE_STYLE_FILL_AREA( #2580 );
#1840 = ORIENTED_EDGE( '', *, *, #2525, .T. );
#1841 = ORIENTED_EDGE( '', *, *, #2581, .T. );
#1842 = ORIENTED_EDGE( '', *, *, #2582, .T. );
#1843 = ORIENTED_EDGE( '', *, *, #2380, .T. );
#1844 = CARTESIAN_POINT( '', ( 4.55000000000000, -3.55000000000000, -1.44000000000000 ) );
#1845 = DIRECTION( '', ( 0.000000000000000, 1.00000000000000, -2.11898313823919E-18 ) );
#1846 = DIRECTION( '', ( 0.000000000000000, 2.11898313823919E-18, 1.00000000000000 ) );
#1847 = SURFACE_STYLE_FILL_AREA( #2583 );
#1848 = ORIENTED_EDGE( '', *, *, #2443, .F. );
#1849 = ORIENTED_EDGE( '', *, *, #2584, .F. );
#1850 = ORIENTED_EDGE( '', *, *, #2585, .T. );
#1851 = ORIENTED_EDGE( '', *, *, #2586, .T. );
#1852 = CARTESIAN_POINT( '', ( 1.63215434083602, 0.390192926045016, 0.0150000000000000 ) );
#1853 = CARTESIAN_POINT( '', ( 1.70932475884244, 0.504983922829582, 0.0150000000000000 ) );
#1854 = CARTESIAN_POINT( '', ( 1.82122186495177, 0.562861736334405, 0.0150000000000000 ) );
#1855 = CARTESIAN_POINT( '', ( 2.03054662379421, 0.562861736334405, 0.0150000000000000 ) );
#1856 = CARTESIAN_POINT( '', ( 2.08842443729904, 0.551286173633441, 0.0150000000000000 ) );
#1857 = CARTESIAN_POINT( '', ( 2.14147909967846, 0.529099678456592, 0.0150000000000000 ) );
#1858 = CARTESIAN_POINT( '', ( 2.19487710961971, 0.506769601572070, 0.0150000000000000 ) );
#1859 = CARTESIAN_POINT( '', ( 2.23504823151125, 0.476045016077170, 0.0150000000000000 ) );
#1860 = CARTESIAN_POINT( '', ( 2.26109324758843, 0.439389067524116, 0.0150000000000000 ) );
#1861 = CARTESIAN_POINT( '', ( 2.28759372183905, 0.402092103763966, 0.0150000000000000 ) );
#1862 = CARTESIAN_POINT( '', ( 2.30643086816720, 0.358360128617363, 0.0150000000000000 ) );
#1863 = CARTESIAN_POINT( '', ( 2.31607717041800, 0.307234726688103, 0.0150000000000000 ) );
#1864 = CARTESIAN_POINT( '', ( 2.32228475990357, 0.274334502414616, 0.0150000000000000 ) );
#1865 = CARTESIAN_POINT( '', ( 2.32668810289389, 0.216559485530546, 0.0150000000000000 ) );
#1866 = CARTESIAN_POINT( '', ( 2.32668810289389, 0.134565916398714, 0.0150000000000000 ) );
#1867 = CARTESIAN_POINT( '', ( 2.32668810289389, -0.0808681672025723, 0.0150000000000000 ) );
#1868 = CARTESIAN_POINT( '', ( 2.32668810289389, -0.296302250803859, 0.0150000000000000 ) );
#1869 = CARTESIAN_POINT( '', ( 2.32668810289389, -0.511736334405145, 0.0150000000000000 ) );
#1870 = DIRECTION( '', ( 0.000000000000000, 0.000000000000000, 1.00000000000000 ) );
#1871 = SURFACE_STYLE_FILL_AREA( #2587 );
#1872 = ORIENTED_EDGE( '', *, *, #2480, .F. );
#1873 = ORIENTED_EDGE( '', *, *, #2549, .F. );
#1874 = ORIENTED_EDGE( '', *, *, #2494, .T. );
#1875 = ORIENTED_EDGE( '', *, *, #2527, .T. );
#1876 = CARTESIAN_POINT( '', ( 1.02636655948553, -0.511736334405145, 0.0150000000000000 ) );
#1877 = DIRECTION( '', ( 1.00000000000000, 0.000000000000000, 0.000000000000000 ) );
#1878 = DIRECTION( '', ( 0.000000000000000, 0.000000000000000, -1.00000000000000 ) );
#1879 = SURFACE_STYLE_FILL_AREA( #2588 );
#1880 = ORIENTED_EDGE( '', *, *, #2478, .F. );
#1881 = ORIENTED_EDGE( '', *, *, #2363, .F. );
#1882 = ORIENTED_EDGE( '', *, *, #2329, .T. );
#1883 = ORIENTED_EDGE( '', *, *, #2589, .T. );
#1884 = CARTESIAN_POINT( '', ( 0.188102893890675, -0.0959807073954984, 0.0150000000000000 ) );
#1885 = DIRECTION( '', ( -1.00000000000000, 0.000000000000000, 0.000000000000000 ) );
#1886 = DIRECTION( '', ( 0.000000000000000, 0.000000000000000, 1.00000000000000 ) );
#1887 = SURFACE_STYLE_FILL_AREA( #2590 );
#1888 = ORIENTED_EDGE( '', *, *, #2468, .F. );
#1889 = ORIENTED_EDGE( '', *, *, #2591, .F. );
#1890 = ORIENTED_EDGE( '', *, *, #2592, .T. );
#1891 = ORIENTED_EDGE( '', *, *, #2512, .T. );
#1892 = CARTESIAN_POINT( '', ( -1.64180064308682, 0.216559485530546, 0.0150000000000000 ) );
#1893 = DIRECTION( '', ( 0.130034036800186, 0.991509530601420, 0.000000000000000 ) );
#1894 = DIRECTION( '', ( -0.991509530601420, 0.130034036800186, 0.000000000000000 ) );
#1895 = SURFACE_STYLE_FILL_AREA( #2593 );
#1896 = ORIENTED_EDGE( '', *, *, #2441, .F. );
#1897 = ORIENTED_EDGE( '', *, *, #2410, .F. );
#1898 = ORIENTED_EDGE( '', *, *, #2594, .T. );
#1899 = ORIENTED_EDGE( '', *, *, #2375, .T. );
#1900 = CARTESIAN_POINT( '', ( 1.47202572347267, -0.511736334405145, 0.0150000000000000 ) );
#1901 = DIRECTION( '', ( 1.00000000000000, 0.000000000000000, 0.000000000000000 ) );
#1902 = DIRECTION( '', ( 0.000000000000000, 0.000000000000000, -1.00000000000000 ) );
#1903 = SURFACE_STYLE_FILL_AREA( #2595 );
#1904 = ORIENTED_EDGE( '', *, *, #2568, .F. );
#1905 = ORIENTED_EDGE( '', *, *, #2596, .F. );
#1906 = ORIENTED_EDGE( '', *, *, #2554, .T. );
#1907 = ORIENTED_EDGE( '', *, *, #2597, .T. );
#1908 = CARTESIAN_POINT( '', ( -3.20000000000000, 5.00000000000000, -0.840000000000000 ) );
#1909 = DIRECTION( '', ( 2.05422862293096E-48, -1.00000000000000, 5.45293408608694E-16 ) );
#1910 = DIRECTION( '', ( 0.000000000000000, -5.45293408608694E-16, -1.00000000000000 ) );
#1911 = SURFACE_STYLE_FILL_AREA( #2598 );
#1912 = ORIENTED_EDGE( '', *, *, #2597, .F. );
#1913 = ORIENTED_EDGE( '', *, *, #2553, .F. );
#1914 = ORIENTED_EDGE( '', *, *, #2346, .F. );
#1915 = ORIENTED_EDGE( '', *, *, #2569, .T. );
#1916 = SURFACE_STYLE_FILL_AREA( #2599 );
#1917 = ORIENTED_EDGE( '', *, *, #2462, .F. );
#1918 = ORIENTED_EDGE( '', *, *, #2600, .F. );
#1919 = ORIENTED_EDGE( '', *, *, #2433, .T. );
#1920 = ORIENTED_EDGE( '', *, *, #2422, .T. );
#1921 = CARTESIAN_POINT( '', ( -2.68649517684887, -0.511736334405145, 0.0150000000000000 ) );
#1922 = DIRECTION( '', ( 0.000000000000000, 1.00000000000000, 0.000000000000000 ) );
#1923 = DIRECTION( '', ( 0.000000000000000, 0.000000000000000, 1.00000000000000 ) );
#1924 = SURFACE_STYLE_FILL_AREA( #2601 );
#1925 = ORIENTED_EDGE( '', *, *, #2382, .F. );
#1926 = ORIENTED_EDGE( '', *, *, #2602, .F. );
#1927 = ORIENTED_EDGE( '', *, *, #2603, .T. );
#1928 = ORIENTED_EDGE( '', *, *, #2604, .T. );
#1929 = CARTESIAN_POINT( '', ( 4.80000000000000, 3.68000000000000, -0.820000000000000 ) );
#1930 = DIRECTION( '', ( -1.00000000000000, -0.000000000000000, -0.000000000000000 ) );
#1931 = DIRECTION( '', ( 0.000000000000000, 0.000000000000000, -1.00000000000000 ) );
#1932 = SURFACE_STYLE_FILL_AREA( #2605 );
#1933 = ORIENTED_EDGE( '', *, *, #2477, .F. );
#1934 = ORIENTED_EDGE( '', *, *, #2372, .F. );
#1935 = ORIENTED_EDGE( '', *, *, #2332, .T. );
#1936 = ORIENTED_EDGE( '', *, *, #2399, .T. );
#1937 = CARTESIAN_POINT( '', ( 0.883601286173633, -0.511736334405145, 0.0150000000000000 ) );
#1938 = DIRECTION( '', ( 0.000000000000000, 1.00000000000000, 0.000000000000000 ) );
#1939 = DIRECTION( '', ( 0.000000000000000, 0.000000000000000, 1.00000000000000 ) );
#1940 = SURFACE_STYLE_FILL_AREA( #2606 );
#1941 = ORIENTED_EDGE( '', *, *, #2450, .F. );
#1942 = ORIENTED_EDGE( '', *, *, #2607, .F. );
#1943 = ORIENTED_EDGE( '', *, *, #2406, .T. );
#1944 = ORIENTED_EDGE( '', *, *, #2561, .T. );
#1945 = CARTESIAN_POINT( '', ( -0.664630225080387, -0.511736334405145, 0.0150000000000000 ) );
#1946 = DIRECTION( '', ( 1.00000000000000, 0.000000000000000, 0.000000000000000 ) );
#1947 = DIRECTION( '', ( 0.000000000000000, 0.000000000000000, -1.00000000000000 ) );
#1948 = SURFACE_STYLE_FILL_AREA( #2608 );
#1949 = ORIENTED_EDGE( '', *, *, #2564, .T. );
#1950 = ORIENTED_EDGE( '', *, *, #2359, .T. );
#1951 = ORIENTED_EDGE( '', *, *, #2558, .F. );
#1952 = ORIENTED_EDGE( '', *, *, #2609, .F. );
#1953 = CARTESIAN_POINT( '', ( -5.00000000000000, 4.20000000000000, -0.840000000000000 ) );
#1954 = DIRECTION( '', ( 1.20466908053945E-16, 1.00000000000000, -5.45293408608694E-16 ) );
#1955 = DIRECTION( '', ( 0.000000000000000, 5.45293408608694E-16, 1.00000000000000 ) );
#1956 = SURFACE_STYLE_FILL_AREA( #2610 );
#1957 = ORIENTED_EDGE( '', *, *, #2470, .F. );
#1958 = ORIENTED_EDGE( '', *, *, #2514, .F. );
#1959 = ORIENTED_EDGE( '', *, *, #2611, .T. );
#1960 = ORIENTED_EDGE( '', *, *, #2612, .T. );
#1961 = CARTESIAN_POINT( '', ( -0.882636655948554, -0.511736334405145, 0.0150000000000000 ) );
#1962 = DIRECTION( '', ( 0.000000000000000, 1.00000000000000, 0.000000000000000 ) );
#1963 = DIRECTION( '', ( 0.000000000000000, 0.000000000000000, 1.00000000000000 ) );
#1964 = SURFACE_STYLE_FILL_AREA( #2613 );
#1965 = ORIENTED_EDGE( '', *, *, #2474, .F. );
#1966 = ORIENTED_EDGE( '', *, *, #2614, .F. );
#1967 = ORIENTED_EDGE( '', *, *, #2336, .T. );
#1968 = ORIENTED_EDGE( '', *, *, #2615, .T. );
#1969 = CARTESIAN_POINT( '', ( 0.188102893890675, 0.113344051446945, 0.0150000000000000 ) );
#1970 = DIRECTION( '', ( 0.709510522722878, -0.704694840441952, 0.000000000000000 ) );
#1971 = DIRECTION( '', ( 0.704694840441952, 0.709510522722878, 0.000000000000000 ) );
#1972 = SURFACE_STYLE_FILL_AREA( #2616 );
#1973 = ORIENTED_EDGE( '', *, *, #2461, .F. );
#1974 = ORIENTED_EDGE( '', *, *, #2344, .F. );
#1975 = ORIENTED_EDGE( '', *, *, #2434, .T. );
#1976 = ORIENTED_EDGE( '', *, *, #2600, .T. );
#1977 = CARTESIAN_POINT( '', ( -2.26109324758843, 0.702733118971061, 0.0150000000000000 ) );
#1978 = DIRECTION( '', ( -0.943776519914421, 0.330584150343336, 0.000000000000000 ) );
#1979 = DIRECTION( '', ( -0.330584150343336, -0.943776519914421, 0.000000000000000 ) );
#1980 = SURFACE_STYLE_FILL_AREA( #2617 );
#1981 = ORIENTED_EDGE( '', *, *, #2457, .F. );
#1982 = ORIENTED_EDGE( '', *, *, #2391, .F. );
#1983 = ORIENTED_EDGE( '', *, *, #2438, .T. );
#1984 = ORIENTED_EDGE( '', *, *, #2577, .T. );
#1985 = CARTESIAN_POINT( '', ( -3.17266881028939, 0.937138263665595, 0.0150000000000000 ) );
#1986 = CARTESIAN_POINT( '', ( -3.05787781350482, 0.595337620578778, 0.0150000000000000 ) );
#1987 = CARTESIAN_POINT( '', ( -2.94308681672026, 0.253536977491962, 0.0150000000000000 ) );
#1988 = CARTESIAN_POINT( '', ( -2.82829581993569, -0.0882636655948554, 0.0150000000000000 ) );
#1989 = CARTESIAN_POINT( '', ( -2.79595660809527, -0.184556612895596, 0.0150000000000000 ) );
#1990 = CARTESIAN_POINT( '', ( -2.77331189710611, -0.256109324758842, 0.0150000000000000 ) );
#1991 = CARTESIAN_POINT( '', ( -2.75884244372990, -0.303376205787782, 0.0150000000000000 ) );
#1992 = DIRECTION( '', ( 0.000000000000000, 0.000000000000000, 1.00000000000000 ) );
#1993 = SURFACE_STYLE_FILL_AREA( #2618 );
#1994 = ORIENTED_EDGE( '', *, *, #2455, .F. );
#1995 = ORIENTED_EDGE( '', *, *, #2502, .F. );
#1996 = ORIENTED_EDGE( '', *, *, #2431, .T. );
#1997 = ORIENTED_EDGE( '', *, *, #2619, .T. );
#1998 = CARTESIAN_POINT( '', ( -3.27491961414791, -0.511736334405145, 0.0150000000000000 ) );
#1999 = DIRECTION( '', ( 0.000000000000000, 1.00000000000000, 0.000000000000000 ) );
#2000 = DIRECTION( '', ( 0.000000000000000, 0.000000000000000, 1.00000000000000 ) );
#2001 = SURFACE_STYLE_FILL_AREA( #2620 );
#2002 = ORIENTED_EDGE( '', *, *, #2476, .F. );
#2003 = ORIENTED_EDGE( '', *, *, #2621, .F. );
#2004 = ORIENTED_EDGE( '', *, *, #2334, .T. );
#2005 = ORIENTED_EDGE( '', *, *, #2371, .T. );
#2006 = CARTESIAN_POINT( '', ( 0.843086816720257, 0.539710610932476, 0.0150000000000000 ) );
#2007 = DIRECTION( '', ( -0.696735230307812, 0.717328389824299, 0.000000000000000 ) );
#2008 = DIRECTION( '', ( -0.717328389824299, -0.696735230307812, 0.000000000000000 ) );
#2009 = SURFACE_STYLE_FILL_AREA( #2622 );
#2010 = ORIENTED_EDGE( '', *, *, #2456, .F. );
#2011 = ORIENTED_EDGE( '', *, *, #2619, .F. );
#2012 = ORIENTED_EDGE( '', *, *, #2439, .T. );
#2013 = ORIENTED_EDGE( '', *, *, #2389, .T. );
#2014 = CARTESIAN_POINT( '', ( -3.45819935691318, -0.511736334405145, 0.0150000000000000 ) );
#2015 = DIRECTION( '', ( 1.00000000000000, 0.000000000000000, 0.000000000000000 ) );
#2016 = DIRECTION( '', ( 0.000000000000000, 0.000000000000000, -1.00000000000000 ) );
#2017 = SURFACE_STYLE_FILL_AREA( #2623 );
#2018 = ORIENTED_EDGE( '', *, *, #2571, .F. );
#2019 = ORIENTED_EDGE( '', *, *, #2536, .F. );
#2020 = ORIENTED_EDGE( '', *, *, #2624, .F. );
#2021 = ORIENTED_EDGE( '', *, *, #2625, .F. );
#2022 = CARTESIAN_POINT( '', ( 1.11511254019292, 0.733601286173634, 0.0150000000000000 ) );
#2023 = DIRECTION( '', ( 0.000000000000000, 0.000000000000000, 1.00000000000000 ) );
#2024 = DIRECTION( '', ( 1.00000000000000, 0.000000000000000, 0.000000000000000 ) );
#2025 = SURFACE_STYLE_FILL_AREA( #2626 );
#2026 = ORIENTED_EDGE( '', *, *, #2475, .F. );
#2027 = ORIENTED_EDGE( '', *, *, #2615, .F. );
#2028 = ORIENTED_EDGE( '', *, *, #2335, .T. );
#2029 = ORIENTED_EDGE( '', *, *, #2621, .T. );
#2030 = CARTESIAN_POINT( '', ( 0.611575562700963, 0.539710610932476, 0.0150000000000000 ) );
#2031 = DIRECTION( '', ( 0.000000000000000, -1.00000000000000, 0.000000000000000 ) );
#2032 = DIRECTION( '', ( 0.000000000000000, 0.000000000000000, -1.00000000000000 ) );
#2033 = SURFACE_STYLE_FILL_AREA( #2627 );
#2034 = ORIENTED_EDGE( '', *, *, #2465, .F. );
#2035 = ORIENTED_EDGE( '', *, *, #2612, .F. );
#2036 = ORIENTED_EDGE( '', *, *, #2628, .T. );
#2037 = ORIENTED_EDGE( '', *, *, #2629, .T. );
#2038 = CARTESIAN_POINT( '', ( -1.06591639871383, -0.511736334405145, 0.0150000000000000 ) );
#2039 = CARTESIAN_POINT( '', ( -1.08520900321543, -0.475080385852090, 0.0150000000000000 ) );
#2040 = CARTESIAN_POINT( '', ( -1.09774919614148, -0.430707395498392, 0.0150000000000000 ) );
#2041 = CARTESIAN_POINT( '', ( -1.10353697749196, -0.379581993569132, 0.0150000000000000 ) );
#2042 = DIRECTION( '', ( 0.000000000000000, 0.000000000000000, 1.00000000000000 ) );
#2043 = SURFACE_STYLE_FILL_AREA( #2630 );
#2044 = ORIENTED_EDGE( '', *, *, #2504, .F. );
#2045 = ORIENTED_EDGE( '', *, *, #2496, .F. );
#2046 = ORIENTED_EDGE( '', *, *, #2353, .F. );
#2047 = ORIENTED_EDGE( '', *, *, #2574, .F. );
#2048 = ORIENTED_EDGE( '', *, *, #2489, .F. );
#2049 = ORIENTED_EDGE( '', *, *, #2579, .F. );
#2050 = ORIENTED_EDGE( '', *, *, #2532, .F. );
#2051 = CARTESIAN_POINT( '', ( 3.42647888591694, -0.668626754638206, 0.0150000000000000 ) );
#2052 = DIRECTION( '', ( 0.000000000000000, 0.000000000000000, 1.00000000000000 ) );
#2053 = DIRECTION( '', ( 1.00000000000000, 0.000000000000000, 0.000000000000000 ) );
#2054 = SURFACE_STYLE_FILL_AREA( #2631 );
#2055 = ORIENTED_EDGE( '', *, *, #2552, .F. );
#2056 = ORIENTED_EDGE( '', *, *, #2632, .F. );
#2057 = ORIENTED_EDGE( '', *, *, #2384, .T. );
#2058 = ORIENTED_EDGE( '', *, *, #2529, .T. );
#2059 = CARTESIAN_POINT( '', ( 1.71450551880629E-16, 0.000000000000000, -1.00000000000000 ) );
#2060 = DIRECTION( '', ( 1.22464679914735E-16, -0.000000000000000, -1.00000000000000 ) );
#2061 = DIRECTION( '', ( 1.00000000000000, 0.000000000000000, 1.22464679914735E-16 ) );
#2062 = SURFACE_STYLE_FILL_AREA( #2633 );
#2063 = ORIENTED_EDGE( '', *, *, #2473, .F. );
#2064 = ORIENTED_EDGE( '', *, *, #2419, .F. );
#2065 = ORIENTED_EDGE( '', *, *, #2337, .T. );
#2066 = ORIENTED_EDGE( '', *, *, #2614, .T. );
#2067 = CARTESIAN_POINT( '', ( 0.188102893890675, 0.937138263665595, 0.0150000000000000 ) );
#2068 = DIRECTION( '', ( -1.00000000000000, 0.000000000000000, 0.000000000000000 ) );
#2069 = DIRECTION( '', ( 0.000000000000000, 0.000000000000000, 1.00000000000000 ) );
#2070 = SURFACE_STYLE_FILL_AREA( #2634 );
#2071 = ORIENTED_EDGE( '', *, *, #2507, .T. );
#2072 = ORIENTED_EDGE( '', *, *, #2635, .T. );
#2073 = CARTESIAN_POINT( '', ( 0.000000000000000, 0.000000000000000, 0.0250000000000000 ) );
#2074 = DIRECTION( '', ( 0.000000000000000, 0.000000000000000, -1.00000000000000 ) );
#2075 = DIRECTION( '', ( -1.00000000000000, 0.000000000000000, 0.000000000000000 ) );
#2076 = SURFACE_STYLE_FILL_AREA( #2636 );
#2077 = ORIENTED_EDGE( '', *, *, #2442, .F. );
#2078 = ORIENTED_EDGE( '', *, *, #2377, .F. );
#2079 = ORIENTED_EDGE( '', *, *, #2637, .T. );
#2080 = ORIENTED_EDGE( '', *, *, #2584, .T. );
#2081 = CARTESIAN_POINT( '', ( 1.63215434083602, 0.539710610932476, 0.0150000000000000 ) );
#2082 = DIRECTION( '', ( -1.00000000000000, 0.000000000000000, 0.000000000000000 ) );
#2083 = DIRECTION( '', ( 0.000000000000000, 0.000000000000000, 1.00000000000000 ) );
#2084 = SURFACE_STYLE_FILL_AREA( #2638 );
#2085 = ORIENTED_EDGE( '', *, *, #2635, .F. );
#2086 = ORIENTED_EDGE( '', *, *, #2510, .F. );
#2087 = ORIENTED_EDGE( '', *, *, #2639, .T. );
#2088 = ORIENTED_EDGE( '', *, *, #2508, .T. );
#2089 = CARTESIAN_POINT( '', ( -1.11414790996785, 0.0149517684887460, 0.0150000000000000 ) );
#2090 = CARTESIAN_POINT( '', ( -1.17877813504823, -0.0110932475884244, 0.0150000000000000 ) );
#2091 = CARTESIAN_POINT( '', ( -1.27620578778135, -0.0332797427652734, 0.0150000000000000 ) );
#2092 = CARTESIAN_POINT( '', ( -1.40643086816720, -0.0516077170418007, 0.0150000000000000 ) );
#2093 = CARTESIAN_POINT( '', ( -1.47978319607851, -0.0619313780070952, 0.0150000000000000 ) );
#2094 = CARTESIAN_POINT( '', ( -1.53183279742766, -0.0747588424437299, 0.0150000000000000 ) );
#2095 = CARTESIAN_POINT( '', ( -1.56270096463023, -0.0872990353697749, 0.0150000000000000 ) );
#2096 = CARTESIAN_POINT( '', ( -1.59390549912000, -0.0999758775062462, 0.0150000000000000 ) );
#2097 = CARTESIAN_POINT( '', ( -1.61672025723473, -0.120096463022508, 0.0150000000000000 ) );
#2098 = CARTESIAN_POINT( '', ( -1.63311897106110, -0.145176848874598, 0.0150000000000000 ) );
#2099 = CARTESIAN_POINT( '', ( -1.65024840477817, -0.171374806324243, 0.0150000000000000 ) );
#2100 = CARTESIAN_POINT( '', ( -1.65819935691318, -0.199196141479100, 0.0150000000000000 ) );
#2101 = CARTESIAN_POINT( '', ( -1.65819935691318, -0.278295819935692, 0.0150000000000000 ) );
#2102 = CARTESIAN_POINT( '', ( -1.63987138263665, -0.317845659163987, 0.0150000000000000 ) );
#2103 = CARTESIAN_POINT( '', ( -1.60418006430868, -0.348713826366560, 0.0150000000000000 ) );
#2104 = DIRECTION( '', ( 0.000000000000000, 0.000000000000000, 1.00000000000000 ) );
#2105 = SURFACE_STYLE_FILL_AREA( #2640 );
#2106 = ORIENTED_EDGE( '', *, *, #2453, .F. );
#2107 = ORIENTED_EDGE( '', *, *, #2500, .F. );
#2108 = ORIENTED_EDGE( '', *, *, #2403, .T. );
#2109 = ORIENTED_EDGE( '', *, *, #2641, .T. );
#2110 = CARTESIAN_POINT( '', ( -0.504501607717043, 0.380546623794212, 0.0150000000000000 ) );
#2111 = CARTESIAN_POINT( '', ( -0.463987138263666, 0.454823151125402, 0.0150000000000000 ) );
#2112 = CARTESIAN_POINT( '', ( -0.427331189710612, 0.504019292604502, 0.0150000000000000 ) );
#2113 = CARTESIAN_POINT( '', ( -0.393569131832798, 0.527170418006431, 0.0150000000000000 ) );
#2114 = CARTESIAN_POINT( '', ( -0.358701043186083, 0.551079964507035, 0.0150000000000000 ) );
#2115 = CARTESIAN_POINT( '', ( -0.321221864951769, 0.562861736334405, 0.0150000000000000 ) );
#2116 = CARTESIAN_POINT( '', ( -0.220900321543408, 0.562861736334405, 0.0150000000000000 ) );
#2117 = CARTESIAN_POINT( '', ( -0.161093247588425, 0.543569131832797, 0.0150000000000000 ) );
#2118 = CARTESIAN_POINT( '', ( -0.100321543408361, 0.505948553054662, 0.0150000000000000 ) );
#2119 = DIRECTION( '', ( 0.000000000000000, 0.000000000000000, 1.00000000000000 ) );
#2120 = SURFACE_STYLE_FILL_AREA( #2642 );
#2121 = ORIENTED_EDGE( '', *, *, #2467, .F. );
#2122 = ORIENTED_EDGE( '', *, *, #2643, .F. );
#2123 = ORIENTED_EDGE( '', *, *, #2644, .T. );
#2124 = ORIENTED_EDGE( '', *, *, #2591, .T. );
#2125 = CARTESIAN_POINT( '', ( -1.11511254019293, 0.154823151125402, 0.0150000000000000 ) );
#2126 = CARTESIAN_POINT( '', ( -1.11414790996785, 0.178938906752412, 0.0150000000000000 ) );
#2127 = CARTESIAN_POINT( '', ( -1.11414790996785, 0.195337620578778, 0.0150000000000000 ) );
#2128 = CARTESIAN_POINT( '', ( -1.11414790996785, 0.274437299035370, 0.0150000000000000 ) );
#2129 = CARTESIAN_POINT( '', ( -1.13054662379421, 0.325562700964631, 0.0150000000000000 ) );
#2130 = CARTESIAN_POINT( '', ( -1.16430868167203, 0.356430868167202, 0.0150000000000000 ) );
#2131 = CARTESIAN_POINT( '', ( -1.20917964254210, 0.397455746676980, 0.0150000000000000 ) );
#2132 = CARTESIAN_POINT( '', ( -1.27813504823151, 0.416237942122187, 0.0150000000000000 ) );
#2133 = CARTESIAN_POINT( '', ( -1.36784565916399, 0.417202572347267, 0.0150000000000000 ) );
#2134 = CARTESIAN_POINT( '', ( -1.45078389680873, 0.418094381354200, 0.0150000000000000 ) );
#2135 = CARTESIAN_POINT( '', ( -1.51254019292605, 0.401768488745981, 0.0150000000000000 ) );
#2136 = CARTESIAN_POINT( '', ( -1.55305466237942, 0.372829581993569, 0.0150000000000000 ) );
#2137 = CARTESIAN_POINT( '', ( -1.59338663422265, 0.344021030676980, 0.0150000000000000 ) );
#2138 = CARTESIAN_POINT( '', ( -1.62250803858521, 0.290836012861736, 0.0150000000000000 ) );
#2139 = CARTESIAN_POINT( '', ( -1.64180064308682, 0.216559485530546, 0.0150000000000000 ) );
#2140 = DIRECTION( '', ( 0.000000000000000, 0.000000000000000, 1.00000000000000 ) );
#2141 = SURFACE_STYLE_FILL_AREA( #2645 );
#2142 = ORIENTED_EDGE( '', *, *, #2567, .F. );
#2143 = ORIENTED_EDGE( '', *, *, #2547, .F. );
#2144 = ORIENTED_EDGE( '', *, *, #2555, .T. );
#2145 = ORIENTED_EDGE( '', *, *, #2596, .T. );
#2146 = CARTESIAN_POINT( '', ( -4.80000000000000, 3.80000000000000, -0.840000000000000 ) );
#2147 = DIRECTION( '', ( -1.00000000000000, -0.000000000000000, -0.000000000000000 ) );
#2148 = DIRECTION( '', ( 0.000000000000000, 0.000000000000000, -1.00000000000000 ) );
#2149 = SURFACE_STYLE_FILL_AREA( #2646 );
#2150 = ORIENTED_EDGE( '', *, *, #2409, .F. );
#2151 = ORIENTED_EDGE( '', *, *, #2325, .F. );
#2152 = ORIENTED_EDGE( '', *, *, #2647, .F. );
#2153 = ORIENTED_EDGE( '', *, *, #2585, .F. );
#2154 = ORIENTED_EDGE( '', *, *, #2637, .F. );
#2155 = ORIENTED_EDGE( '', *, *, #2376, .F. );
#2156 = ORIENTED_EDGE( '', *, *, #2594, .F. );
#2157 = CARTESIAN_POINT( '', ( 2.31038103173272, 0.332623383315577, 0.0150000000000000 ) );
#2158 = DIRECTION( '', ( 0.000000000000000, 0.000000000000000, 1.00000000000000 ) );
#2159 = DIRECTION( '', ( 1.00000000000000, 0.000000000000000, 0.000000000000000 ) );
#2160 = SURFACE_STYLE_FILL_AREA( #2648 );
#2161 = ORIENTED_EDGE( '', *, *, #2449, .F. );
#2162 = ORIENTED_EDGE( '', *, *, #2368, .F. );
#2163 = ORIENTED_EDGE( '', *, *, #2401, .T. );
#2164 = ORIENTED_EDGE( '', *, *, #2607, .T. );
#2165 = CARTESIAN_POINT( '', ( -0.488102893890677, -0.511736334405145, 0.0150000000000000 ) );
#2166 = DIRECTION( '', ( 0.000000000000000, 1.00000000000000, 0.000000000000000 ) );
#2167 = DIRECTION( '', ( 0.000000000000000, 0.000000000000000, 1.00000000000000 ) );
#2168 = SURFACE_STYLE_FILL_AREA( #2649 );
#2169 = ORIENTED_EDGE( '', *, *, #2551, .T. );
#2170 = ORIENTED_EDGE( '', *, *, #2357, .T. );
#2171 = ORIENTED_EDGE( '', *, *, #2563, .F. );
#2172 = ORIENTED_EDGE( '', *, *, #2650, .T. );
#2173 = CARTESIAN_POINT( '', ( -3.20000000000000, -1.17566092718146E-15, 1.00000000000000 ) );
#2174 = DIRECTION( '', ( -2.30122244403406E-16, -0.0397755183232310, 0.999208640946483 ) );
#2175 = DIRECTION( '', ( 7.98396919422121E-33, -0.999208640946483, -0.0397755183232310 ) );
#2176 = SURFACE_STYLE_FILL_AREA( #2651 );
#2177 = ORIENTED_EDGE( '', *, *, #2383, .F. );
#2178 = ORIENTED_EDGE( '', *, *, #2604, .F. );
#2179 = ORIENTED_EDGE( '', *, *, #2652, .T. );
#2180 = ORIENTED_EDGE( '', *, *, #2530, .F. );
#2181 = CARTESIAN_POINT( '', ( 5.00000000000000, 3.68000000000000, 0.400000000000000 ) );
#2182 = DIRECTION( '', ( 6.02334540269725E-17, -1.17848062226685E-16, -1.00000000000000 ) );
#2183 = DIRECTION( '', ( 0.000000000000000, 1.00000000000000, -1.17848062226685E-16 ) );
#2184 = SURFACE_STYLE_FILL_AREA( #2653 );
#2185 = ORIENTED_EDGE( '', *, *, #2466, .F. );
#2186 = ORIENTED_EDGE( '', *, *, #2629, .F. );
#2187 = ORIENTED_EDGE( '', *, *, #2654, .T. );
#2188 = ORIENTED_EDGE( '', *, *, #2643, .T. );
#2189 = CARTESIAN_POINT( '', ( -1.10353697749196, -0.379581993569132, 0.0150000000000000 ) );
#2190 = CARTESIAN_POINT( '', ( -1.16720257234727, -0.436495176848875, 0.0150000000000000 ) );
#2191 = CARTESIAN_POINT( '', ( -1.22990353697749, -0.477009646302251, 0.0150000000000000 ) );
#2192 = CARTESIAN_POINT( '', ( -1.29163987138264, -0.501125401929261, 0.0150000000000000 ) );
#2193 = CARTESIAN_POINT( '', ( -1.35221235623005, -0.524786528822780, 0.0150000000000000 ) );
#2194 = CARTESIAN_POINT( '', ( -1.41800643086817, -0.535852090032154, 0.0150000000000000 ) );
#2195 = CARTESIAN_POINT( '', ( -1.60418006430868, -0.535852090032154, 0.0150000000000000 ) );
#2196 = CARTESIAN_POINT( '', ( -1.69292604501608, -0.507877813504823, 0.0150000000000000 ) );
#2197 = CARTESIAN_POINT( '', ( -1.75562700964631, -0.450964630225080, 0.0150000000000000 ) );
#2198 = CARTESIAN_POINT( '', ( -1.81731903064635, -0.394967257317345, 0.0150000000000000 ) );
#2199 = CARTESIAN_POINT( '', ( -1.84919614147910, -0.323633440514470, 0.0150000000000000 ) );
#2200 = CARTESIAN_POINT( '', ( -1.84919614147910, -0.183762057877813, 0.0150000000000000 ) );
#2201 = CARTESIAN_POINT( '', ( -1.83665594855306, -0.136495176848875, 0.0150000000000000 ) );
#2202 = CARTESIAN_POINT( '', ( -1.79035369774919, -0.0516077170418007, 0.0150000000000000 ) );
#2203 = CARTESIAN_POINT( '', ( -1.75948553054663, -0.0178456591639871, 0.0150000000000000 ) );
#2204 = CARTESIAN_POINT( '', ( -1.72090032154341, 0.00819935691318322, 0.0150000000000000 ) );
#2205 = CARTESIAN_POINT( '', ( -1.68342512069958, 0.0334951174827665, 0.0150000000000000 ) );
#2206 = CARTESIAN_POINT( '', ( -1.63987138263665, 0.0535369774919614, 0.0150000000000000 ) );
#2207 = CARTESIAN_POINT( '', ( -1.59260450160772, 0.0670418006430869, 0.0150000000000000 ) );
#2208 = CARTESIAN_POINT( '', ( -1.55820542376995, 0.0768701085967357, 0.0150000000000000 ) );
#2209 = CARTESIAN_POINT( '', ( -1.50482315112540, 0.0844051446945338, 0.0150000000000000 ) );
#2210 = CARTESIAN_POINT( '', ( -1.43344051446945, 0.0930868167202572, 0.0150000000000000 ) );
#2211 = CARTESIAN_POINT( '', ( -1.28972467158539, 0.110565770584535, 0.0150000000000000 ) );
#2212 = CARTESIAN_POINT( '', ( -1.18263665594855, 0.130707395498392, 0.0150000000000000 ) );
#2213 = CARTESIAN_POINT( '', ( -1.11511254019293, 0.154823151125402, 0.0150000000000000 ) );
#2214 = DIRECTION( '', ( 0.000000000000000, 0.000000000000000, 1.00000000000000 ) );
#2215 = SURFACE_STYLE_FILL_AREA( #2655 );
#2216 = ORIENTED_EDGE( '', *, *, #2446, .F. );
#2217 = ORIENTED_EDGE( '', *, *, #2572, .F. );
#2218 = ORIENTED_EDGE( '', *, *, #2625, .T. );
#2219 = ORIENTED_EDGE( '', *, *, #2656, .T. );
#2220 = CARTESIAN_POINT( '', ( 1.02636655948553, 0.733601286173634, 0.0150000000000000 ) );
#2221 = DIRECTION( '', ( 1.00000000000000, 0.000000000000000, 0.000000000000000 ) );
#2222 = DIRECTION( '', ( 0.000000000000000, 0.000000000000000, -1.00000000000000 ) );
#2223 = SURFACE_STYLE_FILL_AREA( #2657 );
#2224 = ORIENTED_EDGE( '', *, *, #2516, .T. );
#2225 = CARTESIAN_POINT( '', ( 0.000000000000000, 0.000000000000000, -0.0250000000000000 ) );
#2226 = DIRECTION( '', ( 0.000000000000000, 0.000000000000000, -1.00000000000000 ) );
#2227 = DIRECTION( '', ( -1.00000000000000, 0.000000000000000, 0.000000000000000 ) );
#2228 = SURFACE_STYLE_FILL_AREA( #2658 );
#2229 = ORIENTED_EDGE( '', *, *, #2454, .F. );
#2230 = ORIENTED_EDGE( '', *, *, #2641, .F. );
#2231 = ORIENTED_EDGE( '', *, *, #2402, .T. );
#2232 = ORIENTED_EDGE( '', *, *, #2366, .T. );
#2233 = CARTESIAN_POINT( '', ( -0.100321543408361, 0.505948553054662, 0.0150000000000000 ) );
#2234 = DIRECTION( '', ( -0.935187216216636, 0.354153738685586, 0.000000000000000 ) );
#2235 = DIRECTION( '', ( -0.354153738685586, -0.935187216216636, 0.000000000000000 ) );
#2236 = SURFACE_STYLE_FILL_AREA( #2659 );
#2237 = ORIENTED_EDGE( '', *, *, #2660, .F. );
#2238 = ORIENTED_EDGE( '', *, *, #2581, .F. );
#2239 = ORIENTED_EDGE( '', *, *, #2524, .T. );
#2240 = ORIENTED_EDGE( '', *, *, #2661, .T. );
#2241 = ORIENTED_EDGE( '', *, *, #2662, .T. );
#2242 = ORIENTED_EDGE( '', *, *, #2396, .F. );
#2243 = ORIENTED_EDGE( '', *, *, #2652, .F. );
#2244 = ORIENTED_EDGE( '', *, *, #2603, .F. );
#2245 = CARTESIAN_POINT( '', ( 3.20000000000000, -3.55000000000000, -2.04000000000000 ) );
#2246 = DIRECTION( '', ( 1.00000000000000, 0.000000000000000, 0.000000000000000 ) );
#2247 = DIRECTION( '', ( 0.000000000000000, 0.000000000000000, -1.00000000000000 ) );
#2248 = SURFACE_STYLE_FILL_AREA( #2663 );
#2249 = ORIENTED_EDGE( '', *, *, #2609, .T. );
#2250 = ORIENTED_EDGE( '', *, *, #2557, .F. );
#2251 = ORIENTED_EDGE( '', *, *, #2518, .F. );
#2252 = ORIENTED_EDGE( '', *, *, #2565, .T. );
#2253 = CARTESIAN_POINT( '', ( -4.80000000000000, 3.80000000000000, -0.840000000000000 ) );
#2254 = DIRECTION( '', ( -1.00000000000000, -0.000000000000000, -0.000000000000000 ) );
#2255 = DIRECTION( '', ( 0.000000000000000, 0.000000000000000, -1.00000000000000 ) );
#2256 = SURFACE_STYLE_FILL_AREA( #2664 );
#2257 = ORIENTED_EDGE( '', *, *, #2471, .F. );
#2258 = ORIENTED_EDGE( '', *, *, #2589, .F. );
#2259 = ORIENTED_EDGE( '', *, *, #2328, .T. );
#2260 = ORIENTED_EDGE( '', *, *, #2542, .T. );
#2261 = CARTESIAN_POINT( '', ( 0.188102893890675, -0.511736334405145, 0.0150000000000000 ) );
#2262 = DIRECTION( '', ( 0.000000000000000, 1.00000000000000, 0.000000000000000 ) );
#2263 = DIRECTION( '', ( 0.000000000000000, 0.000000000000000, 1.00000000000000 ) );
#2264 = SURFACE_STYLE_FILL_AREA( #2665 );
#2265 = ORIENTED_EDGE( '', *, *, #2666, .F. );
#2266 = ORIENTED_EDGE( '', *, *, #2662, .F. );
#2267 = ORIENTED_EDGE( '', *, *, #2667, .F. );
#2268 = ORIENTED_EDGE( '', *, *, #2385, .T. );
#2269 = CARTESIAN_POINT( '', ( 3.20000000000000, 3.68000000000000, -0.400000000000000 ) );
#2270 = DIRECTION( '', ( 0.000000000000000, 1.17848062226685E-16, 1.00000000000000 ) );
#2271 = DIRECTION( '', ( 0.000000000000000, -1.00000000000000, 1.17848062226685E-16 ) );
#2272 = SURFACE_STYLE_FILL_AREA( #2668 );
#2273 = ORIENTED_EDGE( '', *, *, #2444, .F. );
#2274 = ORIENTED_EDGE( '', *, *, #2586, .F. );
#2275 = ORIENTED_EDGE( '', *, *, #2647, .T. );
#2276 = ORIENTED_EDGE( '', *, *, #2324, .T. );
#2277 = CARTESIAN_POINT( '', ( 2.32668810289389, -0.511736334405145, 0.0150000000000000 ) );
#2278 = DIRECTION( '', ( 0.000000000000000, 1.00000000000000, 0.000000000000000 ) );
#2279 = DIRECTION( '', ( 0.000000000000000, 0.000000000000000, 1.00000000000000 ) );
#2280 = SURFACE_STYLE_FILL_AREA( #2669 );
#2281 = ORIENTED_EDGE( '', *, *, #2381, .F. );
#2282 = ORIENTED_EDGE( '', *, *, #2582, .F. );
#2283 = ORIENTED_EDGE( '', *, *, #2660, .T. );
#2284 = ORIENTED_EDGE( '', *, *, #2602, .T. );
#2285 = CARTESIAN_POINT( '', ( 5.00000000000000, -3.55000000000000, -2.04000000000000 ) );
#2286 = DIRECTION( '', ( 6.02334540269725E-17, 1.19967045364924E-16, 1.00000000000000 ) );
#2287 = DIRECTION( '', ( 0.000000000000000, -1.00000000000000, 1.19967045364924E-16 ) );
#2288 = SURFACE_STYLE_FILL_AREA( #2670 );
#2289 = ORIENTED_EDGE( '', *, *, #2632, .T. );
#2290 = ORIENTED_EDGE( '', *, *, #2650, .F. );
#2291 = ORIENTED_EDGE( '', *, *, #2393, .F. );
#2292 = ORIENTED_EDGE( '', *, *, #2666, .T. );
#2293 = SURFACE_STYLE_FILL_AREA( #2671 );
#2294 = ORIENTED_EDGE( '', *, *, #2667, .T. );
#2295 = ORIENTED_EDGE( '', *, *, #2661, .F. );
#2296 = ORIENTED_EDGE( '', *, *, #2523, .F. );
#2297 = ORIENTED_EDGE( '', *, *, #2386, .T. );
#2298 = CARTESIAN_POINT( '', ( 4.80000000000000, 3.68000000000000, -0.820000000000000 ) );
#2299 = DIRECTION( '', ( -1.00000000000000, -0.000000000000000, -0.000000000000000 ) );
#2300 = DIRECTION( '', ( 0.000000000000000, 0.000000000000000, -1.00000000000000 ) );
#2301 = SURFACE_STYLE_FILL_AREA( #2672 );
#2302 = ORIENTED_EDGE( '', *, *, #2447, .F. );
#2303 = ORIENTED_EDGE( '', *, *, #2656, .F. );
#2304 = ORIENTED_EDGE( '', *, *, #2624, .T. );
#2305 = ORIENTED_EDGE( '', *, *, #2535, .T. );
#2306 = CARTESIAN_POINT( '', ( 1.02636655948553, 0.937138263665595, 0.0150000000000000 ) );
#2307 = DIRECTION( '', ( 0.000000000000000, -1.00000000000000, 0.000000000000000 ) );
#2308 = DIRECTION( '', ( 0.000000000000000, 0.000000000000000, -1.00000000000000 ) );
#2309 = SURFACE_STYLE_FILL_AREA( #2673 );
#2310 = ORIENTED_EDGE( '', *, *, #2509, .F. );
#2311 = ORIENTED_EDGE( '', *, *, #2639, .F. );
#2312 = ORIENTED_EDGE( '', *, *, #2628, .F. );
#2313 = ORIENTED_EDGE( '', *, *, #2611, .F. );
#2314 = ORIENTED_EDGE( '', *, *, #2513, .F. );
#2315 = ORIENTED_EDGE( '', *, *, #2592, .F. );
#2316 = ORIENTED_EDGE( '', *, *, #2644, .F. );
#2317 = ORIENTED_EDGE( '', *, *, #2654, .F. );
#2318 = CARTESIAN_POINT( '', ( -1.08979099678457, -0.451085209003215, 0.0150000000000000 ) );
#2319 = DIRECTION( '', ( 0.000000000000000, 0.000000000000000, 1.00000000000000 ) );
#2320 = DIRECTION( '', ( 1.00000000000000, 0.000000000000000, 0.000000000000000 ) );
#2322 = FILL_AREA_STYLE( '', ( #2674 ) );
#2323 = EDGE_CURVE( '', #2675, #2676, #2677, .T. );
#2324 = EDGE_CURVE( '', #2678, #2675, #2679, .T. );
#2325 = EDGE_CURVE( '', #2678, #2680, #2681, .T. );
#2326 = EDGE_CURVE( '', #2680, #2676, #2682, .T. );
#2327 = FILL_AREA_STYLE( '', ( #2683 ) );
#2328 = EDGE_CURVE( '', #2684, #2685, #2686, .T. );
#2329 = EDGE_CURVE( '', #2687, #2684, #2688, .T. );
#2330 = EDGE_CURVE( '', #2689, #2687, #2690, .T. );
#2331 = EDGE_CURVE( '', #2691, #2689, #2692, .T. );
#2332 = EDGE_CURVE( '', #2693, #2691, #2694, .T. );
#2333 = EDGE_CURVE( '', #2695, #2693, #2696, .T. );
#2334 = EDGE_CURVE( '', #2697, #2695, #2698, .T. );
#2335 = EDGE_CURVE( '', #2699, #2697, #2700, .T. );
#2336 = EDGE_CURVE( '', #2701, #2699, #2702, .T. );
#2337 = EDGE_CURVE( '', #2703, #2701, #2704, .T. );
#2338 = EDGE_CURVE( '', #2705, #2703, #2706, .T. );
#2339 = EDGE_CURVE( '', #2685, #2705, #2707, .T. );
#2340 = FILL_AREA_STYLE( '', ( #2708 ) );
#2341 = EDGE_CURVE( '', #2709, #2710, #2711, .T. );
#2342 = EDGE_CURVE( '', #2712, #2709, #2713, .T. );
#2343 = EDGE_CURVE( '', #2712, #2714, #2715, .T. );
#2344 = EDGE_CURVE( '', #2714, #2710, #2716, .T. );
#2345 = FILL_AREA_STYLE( '', ( #2717 ) );
#2346 = EDGE_CURVE( '', #2718, #2719, #2720, .T. );
#2347 = EDGE_CURVE( '', #2721, #2719, #2722, .T. );
#2348 = EDGE_CURVE( '', #2721, #2723, #2724, .T. );
#2349 = EDGE_CURVE( '', #2723, #2718, #2725, .T. );
#2350 = FILL_AREA_STYLE( '', ( #2726 ) );
#2351 = EDGE_CURVE( '', #2727, #2728, #2729, .T. );
#2352 = EDGE_CURVE( '', #2730, #2727, #2731, .T. );
#2353 = EDGE_CURVE( '', #2730, #2732, #2733, .T. );
#2354 = EDGE_CURVE( '', #2732, #2728, #2734, .T. );
#2355 = FILL_AREA_STYLE( '', ( #2735 ) );
#2356 = EDGE_CURVE( '', #2736, #2737, #2738, .T. );
#2357 = EDGE_CURVE( '', #2739, #2736, #2740, .F. );
#2358 = EDGE_CURVE( '', #2741, #2739, #2742, .T. );
#2359 = EDGE_CURVE( '', #2737, #2741, #2743, .T. );
#2360 = FILL_AREA_STYLE( '', ( #2744 ) );
#2361 = EDGE_CURVE( '', #2745, #2746, #2747, .T. );
#2362 = EDGE_CURVE( '', #2689, #2745, #2748, .T. );
#2363 = EDGE_CURVE( '', #2687, #2746, #2749, .T. );
#2364 = FILL_AREA_STYLE( '', ( #2750 ) );
#2365 = EDGE_CURVE( '', #2751, #2752, #2753, .T. );
#2366 = EDGE_CURVE( '', #2754, #2751, #2755, .T. );
#2367 = EDGE_CURVE( '', #2754, #2756, #2757, .T. );
#2368 = EDGE_CURVE( '', #2756, #2752, #2758, .T. );
#2369 = FILL_AREA_STYLE( '', ( #2759 ) );
#2370 = EDGE_CURVE( '', #2760, #2761, #2762, .T. );
#2371 = EDGE_CURVE( '', #2695, #2760, #2763, .T. );
#2372 = EDGE_CURVE( '', #2693, #2761, #2764, .T. );
#2373 = FILL_AREA_STYLE( '', ( #2765 ) );
#2374 = EDGE_CURVE( '', #2766, #2767, #2768, .T. );
#2375 = EDGE_CURVE( '', #2769, #2766, #2770, .T. );
#2376 = EDGE_CURVE( '', #2769, #2771, #2772, .T. );
#2377 = EDGE_CURVE( '', #2771, #2767, #2773, .T. );
#2378 = FILL_AREA_STYLE( '', ( #2774 ) );
#2379 = EDGE_CURVE( '', #2775, #2776, #2777, .T. );
#2380 = EDGE_CURVE( '', #2778, #2775, #2779, .F. );
#2381 = EDGE_CURVE( '', #2778, #2780, #2781, .T. );
#2382 = EDGE_CURVE( '', #2780, #2782, #2783, .T. );
#2383 = EDGE_CURVE( '', #2782, #2784, #2785, .T. );
#2384 = EDGE_CURVE( '', #2786, #2784, #2787, .T. );
#2385 = EDGE_CURVE( '', #2788, #2786, #2789, .T. );
#2386 = EDGE_CURVE( '', #2776, #2788, #2790, .T. );
#2387 = FILL_AREA_STYLE( '', ( #2791 ) );
#2388 = EDGE_CURVE( '', #2792, #2793, #2794, .T. );
#2389 = EDGE_CURVE( '', #2795, #2792, #2796, .T. );
#2390 = EDGE_CURVE( '', #2795, #2797, #2798, .T. );
#2391 = EDGE_CURVE( '', #2797, #2793, #2799, .T. );
#2392 = FILL_AREA_STYLE( '', ( #2800 ) );
#2393 = EDGE_CURVE( '', #2801, #2802, #2803, .T. );
#2394 = EDGE_CURVE( '', #2723, #2802, #2804, .T. );
#2395 = EDGE_CURVE( '', #2805, #2723, #2806, .T. );
#2396 = EDGE_CURVE( '', #2805, #2801, #2807, .T. );
#2397 = FILL_AREA_STYLE( '', ( #2808 ) );
#2398 = EDGE_CURVE( '', #2809, #2745, #2810, .T. );
#2399 = EDGE_CURVE( '', #2691, #2809, #2811, .T. );
#2400 = FILL_AREA_STYLE( '', ( #2812 ) );
#2401 = EDGE_CURVE( '', #2756, #2813, #2814, .T. );
#2402 = EDGE_CURVE( '', #2815, #2754, #2816, .T. );
#2403 = EDGE_CURVE( '', #2817, #2815, #2818, .T. );
#2404 = EDGE_CURVE( '', #2819, #2817, #2820, .T. );
#2405 = EDGE_CURVE( '', #2821, #2819, #2822, .T. );
#2406 = EDGE_CURVE( '', #2813, #2821, #2823, .T. );
#2407 = FILL_AREA_STYLE( '', ( #2824 ) );
#2408 = EDGE_CURVE( '', #2676, #2825, #2826, .T. );
#2409 = EDGE_CURVE( '', #2680, #2827, #2828, .T. );
#2410 = EDGE_CURVE( '', #2827, #2825, #2829, .T. );
#2411 = FILL_AREA_STYLE( '', ( #2830 ) );
#2412 = EDGE_CURVE( '', #2831, #2832, #2833, .T. );
#2413 = EDGE_CURVE( '', #2834, #2831, #2835, .T. );
#2414 = EDGE_CURVE( '', #2834, #2836, #2837, .T. );
#2415 = EDGE_CURVE( '', #2836, #2832, #2838, .T. );
#2416 = FILL_AREA_STYLE( '', ( #2839 ) );
#2417 = EDGE_CURVE( '', #2840, #2841, #2842, .T. );
#2418 = EDGE_CURVE( '', #2705, #2840, #2843, .T. );
#2419 = EDGE_CURVE( '', #2703, #2841, #2844, .T. );
#2420 = FILL_AREA_STYLE( '', ( #2845 ) );
#2421 = EDGE_CURVE( '', #2846, #2847, #2848, .T. );
#2422 = EDGE_CURVE( '', #2849, #2846, #2850, .T. );
#2423 = EDGE_CURVE( '', #2849, #2851, #2852, .T. );
#2424 = EDGE_CURVE( '', #2851, #2847, #2853, .T. );
#2425 = FILL_AREA_STYLE( '', ( #2854 ) );
#2426 = EDGE_CURVE( '', #2855, #2856, #2857, .T. );
#2427 = EDGE_CURVE( '', #2858, #2855, #2859, .T. );
#2428 = EDGE_CURVE( '', #2858, #2860, #2861, .T. );
#2429 = EDGE_CURVE( '', #2860, #2856, #2862, .T. );
#2430 = FILL_AREA_STYLE( '', ( #2863 ) );
#2431 = EDGE_CURVE( '', #2864, #2865, #2866, .T. );
#2432 = EDGE_CURVE( '', #2851, #2864, #2867, .T. );
#2433 = EDGE_CURVE( '', #2868, #2849, #2869, .T. );
#2434 = EDGE_CURVE( '', #2714, #2868, #2870, .T. );
#2435 = EDGE_CURVE( '', #2871, #2712, #2872, .T. );
#2436 = EDGE_CURVE( '', #2836, #2871, #2873, .T. );
#2437 = EDGE_CURVE( '', #2874, #2834, #2875, .T. );
#2438 = EDGE_CURVE( '', #2797, #2874, #2876, .T. );
#2439 = EDGE_CURVE( '', #2865, #2795, #2877, .T. );
#2440 = FILL_AREA_STYLE( '', ( #2878 ) );
#2441 = EDGE_CURVE( '', #2825, #2766, #2879, .T. );
#2442 = EDGE_CURVE( '', #2767, #2880, #2881, .T. );
#2443 = EDGE_CURVE( '', #2880, #2882, #2883, .T. );
#2444 = EDGE_CURVE( '', #2882, #2675, #2884, .T. );
#2445 = EDGE_CURVE( '', #2885, #2886, #2887, .T. );
#2446 = EDGE_CURVE( '', #2886, #2888, #2889, .T. );
#2447 = EDGE_CURVE( '', #2888, #2890, #2891, .T. );
#2448 = EDGE_CURVE( '', #2890, #2885, #2892, .T. );
#2449 = EDGE_CURVE( '', #2752, #2893, #2894, .T. );
#2450 = EDGE_CURVE( '', #2893, #2895, #2896, .T. );
#2451 = EDGE_CURVE( '', #2895, #2897, #2898, .T. );
#2452 = EDGE_CURVE( '', #2897, #2899, #2900, .T. );
#2453 = EDGE_CURVE( '', #2899, #2901, #2902, .T. );
#2454 = EDGE_CURVE( '', #2901, #2751, #2903, .T. );
#2455 = EDGE_CURVE( '', #2904, #2905, #2906, .T. );
#2456 = EDGE_CURVE( '', #2905, #2792, #2907, .T. );
#2457 = EDGE_CURVE( '', #2793, #2908, #2909, .T. );
#2458 = EDGE_CURVE( '', #2908, #2831, #2910, .T. );
#2459 = EDGE_CURVE( '', #2832, #2911, #2912, .T. );
#2460 = EDGE_CURVE( '', #2911, #2709, #2913, .T. );
#2461 = EDGE_CURVE( '', #2710, #2914, #2915, .T. );
#2462 = EDGE_CURVE( '', #2914, #2846, #2916, .T. );
#2463 = EDGE_CURVE( '', #2847, #2904, #2917, .T. );
#2464 = EDGE_CURVE( '', #2918, #2918, #2919, .T. );
#2465 = EDGE_CURVE( '', #2920, #2921, #2922, .T. );
#2466 = EDGE_CURVE( '', #2921, #2923, #2924, .T. );
#2467 = EDGE_CURVE( '', #2923, #2925, #2926, .T. );
#2468 = EDGE_CURVE( '', #2925, #2927, #2928, .T. );
#2469 = EDGE_CURVE( '', #2927, #2929, #2930, .T. );
#2470 = EDGE_CURVE( '', #2929, #2920, #2931, .T. );
#2471 = EDGE_CURVE( '', #2932, #2933, #2934, .T. );
#2472 = EDGE_CURVE( '', #2933, #2840, #2935, .T. );
#2473 = EDGE_CURVE( '', #2841, #2936, #2937, .T. );
#2474 = EDGE_CURVE( '', #2936, #2938, #2939, .T. );
#2475 = EDGE_CURVE( '', #2938, #2940, #2941, .T. );
#2476 = EDGE_CURVE( '', #2940, #2760, #2942, .T. );
#2477 = EDGE_CURVE( '', #2761, #2809, #2943, .T. );
#2478 = EDGE_CURVE( '', #2746, #2932, #2944, .T. );
#2479 = EDGE_CURVE( '', #2856, #2945, #2946, .T. );
#2480 = EDGE_CURVE( '', #2945, #2947, #2948, .T. );
#2481 = EDGE_CURVE( '', #2947, #2855, #2949, .T. );
#2482 = EDGE_CURVE( '', #2728, #2950, #2951, .T. );
#2483 = EDGE_CURVE( '', #2950, #2952, #2953, .T. );
#2484 = EDGE_CURVE( '', #2952, #2954, #2955, .T. );
#2485 = EDGE_CURVE( '', #2954, #2956, #2957, .T. );
#2486 = EDGE_CURVE( '', #2956, #2727, #2958, .T. );
#2487 = FILL_AREA_STYLE( '', ( #2959 ) );
#2488 = EDGE_CURVE( '', #2960, #2954, #2961, .T. );
#2489 = EDGE_CURVE( '', #2960, #2962, #2963, .T. );
#2490 = EDGE_CURVE( '', #2962, #2956, #2964, .T. );
#2491 = FILL_AREA_STYLE( '', ( #2965 ) );
#2492 = EDGE_CURVE( '', #2860, #2966, #2967, .T. );
#2493 = EDGE_CURVE( '', #2968, #2858, #2969, .T. );
#2494 = EDGE_CURVE( '', #2966, #2968, #2970, .T. );
#2495 = FILL_AREA_STYLE( '', ( #2971 ) );
#2496 = EDGE_CURVE( '', #2732, #2972, #2973, .T. );
#2497 = EDGE_CURVE( '', #2972, #2950, #2974, .T. );
#2498 = FILL_AREA_STYLE( '', ( #2975 ) );
#2499 = EDGE_CURVE( '', #2819, #2897, #2976, .T. );
#2500 = EDGE_CURVE( '', #2817, #2899, #2977, .T. );
#2501 = FILL_AREA_STYLE( '', ( #2978 ) );
#2502 = EDGE_CURVE( '', #2864, #2904, #2979, .T. );
#2503 = FILL_AREA_STYLE( '', ( #2980 ) );
#2504 = EDGE_CURVE( '', #2981, #2981, #2982, .T. );
#2505 = EDGE_CURVE( '', #2983, #2983, #2984, .T. );
#2506 = FILL_AREA_STYLE( '', ( #2985 ) );
#2507 = EDGE_CURVE( '', #2986, #2987, #2988, .T. );
#2508 = EDGE_CURVE( '', #2989, #2986, #2990, .T. );
#2509 = EDGE_CURVE( '', #2989, #2991, #2992, .T. );
#2510 = EDGE_CURVE( '', #2991, #2987, #2993, .T. );
#2511 = FILL_AREA_STYLE( '', ( #2994 ) );
#2512 = EDGE_CURVE( '', #2995, #2927, #2996, .T. );
#2513 = EDGE_CURVE( '', #2995, #2997, #2998, .T. );
#2514 = EDGE_CURVE( '', #2997, #2929, #2999, .T. );
#2515 = FILL_AREA_STYLE( '', ( #3000 ) );
#2516 = EDGE_CURVE( '', #3001, #3001, #3002, .T. );
#2517 = FILL_AREA_STYLE( '', ( #3003 ) );
#2518 = EDGE_CURVE( '', #3004, #3005, #3006, .F. );
#2519 = EDGE_CURVE( '', #3007, #3005, #3008, .T. );
#2520 = EDGE_CURVE( '', #3009, #3007, #3010, .F. );
#2521 = EDGE_CURVE( '', #3009, #3004, #3011, .T. );
#2522 = FILL_AREA_STYLE( '', ( #3012 ) );
#2523 = EDGE_CURVE( '', #2776, #3013, #3014, .F. );
#2524 = EDGE_CURVE( '', #3015, #3013, #3016, .T. );
#2525 = EDGE_CURVE( '', #2775, #3015, #3017, .F. );
#2526 = FILL_AREA_STYLE( '', ( #3018 ) );
#2527 = EDGE_CURVE( '', #2968, #2947, #3019, .T. );
#2528 = FILL_AREA_STYLE( '', ( #3020 ) );
#2529 = EDGE_CURVE( '', #2784, #2721, #3021, .T. );
#2530 = EDGE_CURVE( '', #2784, #2805, #3022, .T. );
#2531 = FILL_AREA_STYLE( '', ( #3023 ) );
#2532 = EDGE_CURVE( '', #2972, #3024, #3025, .T. );
#2533 = EDGE_CURVE( '', #3024, #2952, #3026, .T. );
#2534 = FILL_AREA_STYLE( '', ( #3027 ) );
#2535 = EDGE_CURVE( '', #3028, #2890, #3029, .T. );
#2536 = EDGE_CURVE( '', #3028, #3030, #3031, .T. );
#2537 = EDGE_CURVE( '', #3030, #2885, #3032, .T. );
#2538 = FILL_AREA_STYLE( '', ( #3033 ) );
#2539 = EDGE_CURVE( '', #2871, #2911, #3034, .T. );
#2540 = FILL_AREA_STYLE( '', ( #3035 ) );
#2541 = FILL_AREA_STYLE( '', ( #3036 ) );
#2542 = EDGE_CURVE( '', #2685, #2933, #3037, .T. );
#2543 = FILL_AREA_STYLE( '', ( #3038 ) );
#2544 = EDGE_CURVE( '', #3039, #3040, #3041, .T. );
#2545 = EDGE_CURVE( '', #3042, #3039, #3043, .F. );
#2546 = EDGE_CURVE( '', #3042, #3044, #3045, .T. );
#2547 = EDGE_CURVE( '', #3044, #3040, #3046, .F. );
#2548 = FILL_AREA_STYLE( '', ( #3047 ) );
#2549 = EDGE_CURVE( '', #2966, #2945, #3048, .T. );
#2550 = FILL_AREA_STYLE( '', ( #3049 ) );
#2551 = EDGE_CURVE( '', #3050, #2739, #3051, .T. );
#2552 = EDGE_CURVE( '', #3050, #2721, #3052, .T. );
#2553 = EDGE_CURVE( '', #2719, #3053, #3054, .T. );
#2554 = EDGE_CURVE( '', #3055, #3053, #3056, .T. );
#2555 = EDGE_CURVE( '', #3044, #3055, #3057, .T. );
#2556 = EDGE_CURVE( '', #3007, #3042, #3058, .F. );
#2557 = EDGE_CURVE( '', #3005, #3059, #3060, .T. );
#2558 = EDGE_CURVE( '', #3059, #2741, #3061, .T. );
#2559 = FILL_AREA_STYLE( '', ( #3062 ) );
#2560 = FILL_AREA_STYLE( '', ( #3063 ) );
#2561 = EDGE_CURVE( '', #2821, #2895, #3064, .T. );
#2562 = FILL_AREA_STYLE( '', ( #3065 ) );
#2563 = EDGE_CURVE( '', #2802, #2736, #3066, .T. );
#2564 = EDGE_CURVE( '', #3067, #2737, #3068, .T. );
#2565 = EDGE_CURVE( '', #3004, #3067, #3069, .T. );
#2566 = EDGE_CURVE( '', #3039, #3009, #3070, .F. );
#2567 = EDGE_CURVE( '', #3040, #3071, #3072, .T. );
#2568 = EDGE_CURVE( '', #3071, #3073, #3074, .T. );
#2569 = EDGE_CURVE( '', #2718, #3073, #3075, .T. );
#2570 = FILL_AREA_STYLE( '', ( #3076 ) );
#2571 = EDGE_CURVE( '', #3030, #3077, #3078, .T. );
#2572 = EDGE_CURVE( '', #3077, #2886, #3079, .T. );
#2573 = FILL_AREA_STYLE( '', ( #3080 ) );
#2574 = EDGE_CURVE( '', #2962, #2730, #3081, .T. );
#2575 = FILL_AREA_STYLE( '', ( #3082 ) );
#2576 = FILL_AREA_STYLE( '', ( #3083 ) );
#2577 = EDGE_CURVE( '', #2874, #2908, #3084, .T. );
#2578 = FILL_AREA_STYLE( '', ( #3085 ) );
#2579 = EDGE_CURVE( '', #3024, #2960, #3086, .T. );
#2580 = FILL_AREA_STYLE( '', ( #3087 ) );
#2581 = EDGE_CURVE( '', #3015, #3088, #3089, .F. );
#2582 = EDGE_CURVE( '', #3088, #2778, #3090, .F. );
#2583 = FILL_AREA_STYLE( '', ( #3091 ) );
#2584 = EDGE_CURVE( '', #3092, #2880, #3093, .T. );
#2585 = EDGE_CURVE( '', #3092, #3094, #3095, .T. );
#2586 = EDGE_CURVE( '', #3094, #2882, #3096, .T. );
#2587 = FILL_AREA_STYLE( '', ( #3097 ) );
#2588 = FILL_AREA_STYLE( '', ( #3098 ) );
#2589 = EDGE_CURVE( '', #2684, #2932, #3099, .T. );
#2590 = FILL_AREA_STYLE( '', ( #3100 ) );
#2591 = EDGE_CURVE( '', #3101, #2925, #3102, .T. );
#2592 = EDGE_CURVE( '', #3101, #2995, #3103, .T. );
#2593 = FILL_AREA_STYLE( '', ( #3104 ) );
#2594 = EDGE_CURVE( '', #2827, #2769, #3105, .T. );
#2595 = FILL_AREA_STYLE( '', ( #3106 ) );
#2596 = EDGE_CURVE( '', #3055, #3071, #3107, .F. );
#2597 = EDGE_CURVE( '', #3053, #3073, #3108, .F. );
#2598 = FILL_AREA_STYLE( '', ( #3109 ) );
#2599 = FILL_AREA_STYLE( '', ( #3110 ) );
#2600 = EDGE_CURVE( '', #2868, #2914, #3111, .T. );
#2601 = FILL_AREA_STYLE( '', ( #3112 ) );
#2602 = EDGE_CURVE( '', #3113, #2780, #3114, .F. );
#2603 = EDGE_CURVE( '', #3113, #3115, #3116, .T. );
#2604 = EDGE_CURVE( '', #3115, #2782, #3117, .F. );
#2605 = FILL_AREA_STYLE( '', ( #3118 ) );
#2606 = FILL_AREA_STYLE( '', ( #3119 ) );
#2607 = EDGE_CURVE( '', #2813, #2893, #3120, .T. );
#2608 = FILL_AREA_STYLE( '', ( #3121 ) );
#2609 = EDGE_CURVE( '', #3067, #3059, #3122, .F. );
#2610 = FILL_AREA_STYLE( '', ( #3123 ) );
#2611 = EDGE_CURVE( '', #2997, #3124, #3125, .T. );
#2612 = EDGE_CURVE( '', #3124, #2920, #3126, .T. );
#2613 = FILL_AREA_STYLE( '', ( #3127 ) );
#2614 = EDGE_CURVE( '', #2701, #2936, #3128, .T. );
#2615 = EDGE_CURVE( '', #2699, #2938, #3129, .T. );
#2616 = FILL_AREA_STYLE( '', ( #3130 ) );
#2617 = FILL_AREA_STYLE( '', ( #3131 ) );
#2618 = FILL_AREA_STYLE( '', ( #3132 ) );
#2619 = EDGE_CURVE( '', #2865, #2905, #3133, .T. );
#2620 = FILL_AREA_STYLE( '', ( #3134 ) );
#2621 = EDGE_CURVE( '', #2697, #2940, #3135, .T. );
#2622 = FILL_AREA_STYLE( '', ( #3136 ) );
#2623 = FILL_AREA_STYLE( '', ( #3137 ) );
#2624 = EDGE_CURVE( '', #3138, #3028, #3139, .T. );
#2625 = EDGE_CURVE( '', #3077, #3138, #3140, .T. );
#2626 = FILL_AREA_STYLE( '', ( #3141 ) );
#2627 = FILL_AREA_STYLE( '', ( #3142 ) );
#2628 = EDGE_CURVE( '', #3124, #3143, #3144, .T. );
#2629 = EDGE_CURVE( '', #3143, #2921, #3145, .T. );
#2630 = FILL_AREA_STYLE( '', ( #3146 ) );
#2631 = FILL_AREA_STYLE( '', ( #3147 ) );
#2632 = EDGE_CURVE( '', #2786, #3050, #3148, .T. );
#2633 = FILL_AREA_STYLE( '', ( #3149 ) );
#2634 = FILL_AREA_STYLE( '', ( #3150 ) );
#2635 = EDGE_CURVE( '', #2987, #2986, #3151, .T. );
#2636 = FILL_AREA_STYLE( '', ( #3152 ) );
#2637 = EDGE_CURVE( '', #2771, #3092, #3153, .T. );
#2638 = FILL_AREA_STYLE( '', ( #3154 ) );
#2639 = EDGE_CURVE( '', #2991, #2989, #3155, .T. );
#2640 = FILL_AREA_STYLE( '', ( #3156 ) );
#2641 = EDGE_CURVE( '', #2815, #2901, #3157, .T. );
#2642 = FILL_AREA_STYLE( '', ( #3158 ) );
#2643 = EDGE_CURVE( '', #3159, #2923, #3160, .T. );
#2644 = EDGE_CURVE( '', #3159, #3101, #3161, .T. );
#2645 = FILL_AREA_STYLE( '', ( #3162 ) );
#2646 = FILL_AREA_STYLE( '', ( #3163 ) );
#2647 = EDGE_CURVE( '', #3094, #2678, #3164, .T. );
#2648 = FILL_AREA_STYLE( '', ( #3165 ) );
#2649 = FILL_AREA_STYLE( '', ( #3166 ) );
#2650 = EDGE_CURVE( '', #2802, #3050, #3167, .T. );
#2651 = FILL_AREA_STYLE( '', ( #3168 ) );
#2652 = EDGE_CURVE( '', #3115, #2805, #3169, .T. );
#2653 = FILL_AREA_STYLE( '', ( #3170 ) );
#2654 = EDGE_CURVE( '', #3143, #3159, #3171, .T. );
#2655 = FILL_AREA_STYLE( '', ( #3172 ) );
#2656 = EDGE_CURVE( '', #3138, #2888, #3173, .T. );
#2657 = FILL_AREA_STYLE( '', ( #3174 ) );
#2658 = FILL_AREA_STYLE( '', ( #3175 ) );
#2659 = FILL_AREA_STYLE( '', ( #3176 ) );
#2660 = EDGE_CURVE( '', #3088, #3113, #3177, .T. );
#2661 = EDGE_CURVE( '', #3013, #3178, #3179, .T. );
#2662 = EDGE_CURVE( '', #3178, #2801, #3180, .T. );
#2663 = FILL_AREA_STYLE( '', ( #3181 ) );
#2664 = FILL_AREA_STYLE( '', ( #3182 ) );
#2665 = FILL_AREA_STYLE( '', ( #3183 ) );
#2666 = EDGE_CURVE( '', #2801, #2786, #3184, .T. );
#2667 = EDGE_CURVE( '', #2788, #3178, #3185, .F. );
#2668 = FILL_AREA_STYLE( '', ( #3186 ) );
#2669 = FILL_AREA_STYLE( '', ( #3187 ) );
#2670 = FILL_AREA_STYLE( '', ( #3188 ) );
#2671 = FILL_AREA_STYLE( '', ( #3189 ) );
#2672 = FILL_AREA_STYLE( '', ( #3190 ) );
#2673 = FILL_AREA_STYLE( '', ( #3191 ) );
#2674 = FILL_AREA_STYLE_COLOUR( '', #3192 );
#2675 = VERTEX_POINT( '', #3193 );
#2676 = VERTEX_POINT( '', #3194 );
#2677 = B_SPLINE_CURVE_WITH_KNOTS( '', 3, ( #3195, #3196, #3197, #3198, #3199, #3200, #3201, #3202, #3203, #3204, #3205, #3206, #3207, #3208, #3209, #3210, #3211, #3212, #3213, #3214 ), .UNSPECIFIED., .F., .F., ( 4, 3, 3, 2, 3, 2, 3, 4 ), ( 0.582301816735135, 0.697897258735781, 0.727682193021292, 0.749965873996903, 0.772249554972514, 0.818209178399425, 0.864168801826335, 0.967967528120303 ), .UNSPECIFIED. );
#2678 = VERTEX_POINT( '', #3215 );
#2679 = LINE( '', #3216, #3217 );
#2680 = VERTEX_POINT( '', #3218 );
#2681 = B_SPLINE_CURVE_WITH_KNOTS( '', 3, ( #3219, #3220, #3221, #3222, #3223, #3224, #3225, #3226, #3227, #3228, #3229, #3230, #3231, #3232, #3233, #3234, #3235, #3236, #3237, #3238 ), .UNSPECIFIED., .F., .F., ( 4, 3, 3, 2, 3, 2, 3, 4 ), ( 0.582301816735135, 0.697897258735781, 0.727682193021292, 0.749965873996903, 0.772249554972514, 0.818209178399425, 0.864168801826335, 0.967967528120303 ), .UNSPECIFIED. );
#2682 = LINE( '', #3239, #3240 );
#2683 = FILL_AREA_STYLE_COLOUR( '', #3241 );
#2684 = VERTEX_POINT( '', #3242 );
#2685 = VERTEX_POINT( '', #3243 );
#2686 = B_SPLINE_CURVE_WITH_KNOTS( '', 1, ( #3244, #3245 ), .UNSPECIFIED., .F., .F., ( 2, 2 ), ( 0.971672493844612, 1.00000000000000 ), .UNSPECIFIED. );
#2687 = VERTEX_POINT( '', #3246 );
#2688 = B_SPLINE_CURVE_WITH_KNOTS( '', 1, ( #3247, #3248 ), .UNSPECIFIED., .F., .F., ( 2, 2 ), ( 0.905318389752371, 0.971672493844612 ), .UNSPECIFIED. );
#2689 = VERTEX_POINT( '', #3249 );
#2690 = B_SPLINE_CURVE_WITH_KNOTS( '', 1, ( #3250, #3251 ), .UNSPECIFIED., .F., .F., ( 2, 2 ), ( 0.877881759759685, 0.905318389752371 ), .UNSPECIFIED. );
#2691 = VERTEX_POINT( '', #3252 );
#2692 = B_SPLINE_CURVE_WITH_KNOTS( '', 1, ( #3253, #3254 ), .UNSPECIFIED., .F., .F., ( 2, 2 ), ( 0.775615380794607, 0.877881759759685 ), .UNSPECIFIED. );
#2693 = VERTEX_POINT( '', #3255 );
#2694 = B_SPLINE_CURVE_WITH_KNOTS( '', 1, ( #3256, #3257 ), .UNSPECIFIED., .F., .F., ( 2, 2 ), ( 0.740513905775974, 0.775615380794607 ), .UNSPECIFIED. );
#2695 = VERTEX_POINT( '', #3258 );
#2696 = B_SPLINE_CURVE_WITH_KNOTS( '', 1, ( #3259, #3260 ), .UNSPECIFIED., .F., .F., ( 2, 2 ), ( 0.613611110426539, 0.740513905775974 ), .UNSPECIFIED. );
#2697 = VERTEX_POINT( '', #3261 );
#2698 = B_SPLINE_CURVE_WITH_KNOTS( '', 1, ( #3262, #3263 ), .UNSPECIFIED., .F., .F., ( 2, 2 ), ( 0.523899473310670, 0.613611110426539 ), .UNSPECIFIED. );
#2699 = VERTEX_POINT( '', #3264 );
#2700 = B_SPLINE_CURVE_WITH_KNOTS( '', 1, ( #3265, #3266 ), .UNSPECIFIED., .F., .F., ( 2, 2 ), ( 0.486950552238425, 0.523899473310670 ), .UNSPECIFIED. );
#2701 = VERTEX_POINT( '', #3267 );
#2702 = B_SPLINE_CURVE_WITH_KNOTS( '', 1, ( #3268, #3269 ), .UNSPECIFIED., .F., .F., ( 2, 2 ), ( 0.391042748014596, 0.486950552238425 ), .UNSPECIFIED. );
#2703 = VERTEX_POINT( '', #3270 );
#2704 = B_SPLINE_CURVE_WITH_KNOTS( '', 1, ( #3271, #3272 ), .UNSPECIFIED., .F., .F., ( 2, 2 ), ( 0.259566170532524, 0.391042748014596 ), .UNSPECIFIED. );
#2705 = VERTEX_POINT( '', #3273 );
#2706 = B_SPLINE_CURVE_WITH_KNOTS( '', 1, ( #3274, #3275 ), .UNSPECIFIED., .F., .F., ( 2, 2 ), ( 0.231238664377135, 0.259566170532524 ), .UNSPECIFIED. );
#2707 = B_SPLINE_CURVE_WITH_KNOTS( '', 1, ( #3276, #3277 ), .UNSPECIFIED., .F., .F., ( 2, 2 ), ( 0.000000000000000, 0.231238664377135 ), .UNSPECIFIED. );
#2708 = FILL_AREA_STYLE_COLOUR( '', #3278 );
#2709 = VERTEX_POINT( '', #3279 );
#2710 = VERTEX_POINT( '', #3280 );
#2711 = B_SPLINE_CURVE_WITH_KNOTS( '', 3, ( #3281, #3282, #3283, #3284 ), .UNSPECIFIED., .F., .F., ( 4, 4 ), ( 0.536492445906294, 0.640874506159269 ), .UNSPECIFIED. );
#2712 = VERTEX_POINT( '', #3285 );
#2713 = LINE( '', #3286, #3287 );
#2714 = VERTEX_POINT( '', #3288 );
#2715 = B_SPLINE_CURVE_WITH_KNOTS( '', 3, ( #3289, #3290, #3291, #3292 ), .UNSPECIFIED., .F., .F., ( 4, 4 ), ( 0.536492445906294, 0.640874506159269 ), .UNSPECIFIED. );
#2716 = LINE( '', #3293, #3294 );
#2717 = FILL_AREA_STYLE_COLOUR( '', #3295 );
#2718 = VERTEX_POINT( '', #3296 );
#2719 = VERTEX_POINT( '', #3297 );
#2720 = B_SPLINE_CURVE_WITH_KNOTS( '', 1, ( #3298, #3299 ), .UNSPECIFIED., .F., .F., ( 2, 2 ), ( 0.000000000000000, 1.00000000000000 ), .UNSPECIFIED. );
#2721 = VERTEX_POINT( '', #3300 );
#2722 = LINE( '', #3301, #3302 );
#2723 = VERTEX_POINT( '', #3303 );
#2724 = LINE( '', #3304, #3305 );
#2725 = LINE( '', #3306, #3307 );
#2726 = FILL_AREA_STYLE_COLOUR( '', #3308 );
#2727 = VERTEX_POINT( '', #3309 );
#2728 = VERTEX_POINT( '', #3310 );
#2729 = B_SPLINE_CURVE_WITH_KNOTS( '', 3, ( #3311, #3312, #3313, #3314 ), .UNSPECIFIED., .F., .F., ( 4, 4 ), ( 0.580207515797440, 0.606665047240643 ), .UNSPECIFIED. );
#2730 = VERTEX_POINT( '', #3315 );
#2731 = LINE( '', #3316, #3317 );
#2732 = VERTEX_POINT( '', #3318 );
#2733 = B_SPLINE_CURVE_WITH_KNOTS( '', 3, ( #3319, #3320, #3321, #3322 ), .UNSPECIFIED., .F., .F., ( 4, 4 ), ( 0.580207515797440, 0.606665047240643 ), .UNSPECIFIED. );
#2734 = LINE( '', #3323, #3324 );
#2735 = FILL_AREA_STYLE_COLOUR( '', #3325 );
#2736 = VERTEX_POINT( '', #3326 );
#2737 = VERTEX_POINT( '', #3327 );
#2738 = CIRCLE( '', #3328, 0.500000000000000 );
#2739 = VERTEX_POINT( '', #3329 );
#2740 = LINE( '', #3330, #3331 );
#2741 = VERTEX_POINT( '', #3332 );
#2742 = CIRCLE( '', #3333, 0.500000000000000 );
#2743 = LINE( '', #3334, #3335 );
#2744 = FILL_AREA_STYLE_COLOUR( '', #3336 );
#2745 = VERTEX_POINT( '', #3337 );
#2746 = VERTEX_POINT( '', #3338 );
#2747 = B_SPLINE_CURVE_WITH_KNOTS( '', 1, ( #3339, #3340 ), .UNSPECIFIED., .F., .F., ( 2, 2 ), ( 0.877881759759685, 0.905318389752371 ), .UNSPECIFIED. );
#2748 = LINE( '', #3341, #3342 );
#2749 = LINE( '', #3343, #3344 );
#2750 = FILL_AREA_STYLE_COLOUR( '', #3345 );
#2751 = VERTEX_POINT( '', #3346 );
#2752 = VERTEX_POINT( '', #3347 );
#2753 = B_SPLINE_CURVE_WITH_KNOTS( '', 3, ( #3348, #3349, #3350, #3351, #3352, #3353, #3354, #3355, #3356, #3357, #3358, #3359, #3360, #3361, #3362 ), .UNSPECIFIED., .F., .F., ( 4, 2, 3, 3, 3, 4 ), ( 0.610615742799227, 0.649515610191698, 0.683995038107752, 0.719625121518288, 0.782799083170768, 0.947219656909034 ), .UNSPECIFIED. );
#2754 = VERTEX_POINT( '', #3363 );
#2755 = LINE( '', #3364, #3365 );
#2756 = VERTEX_POINT( '', #3366 );
#2757 = B_SPLINE_CURVE_WITH_KNOTS( '', 3, ( #3367, #3368, #3369, #3370, #3371, #3372, #3373, #3374, #3375, #3376, #3377, #3378, #3379, #3380, #3381 ), .UNSPECIFIED., .F., .F., ( 4, 2, 3, 3, 3, 4 ), ( 0.610615742799227, 0.649515610191698, 0.683995038107752, 0.719625121518288, 0.782799083170768, 0.947219656909034 ), .UNSPECIFIED. );
#2758 = LINE( '', #3382, #3383 );
#2759 = FILL_AREA_STYLE_COLOUR( '', #3384 );
#2760 = VERTEX_POINT( '', #3385 );
#2761 = VERTEX_POINT( '', #3386 );
#2762 = B_SPLINE_CURVE_WITH_KNOTS( '', 1, ( #3387, #3388 ), .UNSPECIFIED., .F., .F., ( 2, 2 ), ( 0.613611110426539, 0.740513905775974 ), .UNSPECIFIED. );
#2763 = LINE( '', #3389, #3390 );
#2764 = LINE( '', #3391, #3392 );
#2765 = FILL_AREA_STYLE_COLOUR( '', #3393 );
#2766 = VERTEX_POINT( '', #3394 );
#2767 = VERTEX_POINT( '', #3395 );
#2768 = B_SPLINE_CURVE_WITH_KNOTS( '', 3, ( #3396, #3397, #3398, #3399 ), .UNSPECIFIED., .F., .F., ( 4, 4 ), ( 0.189757577982990, 0.218656438483151 ), .UNSPECIFIED. );
#2769 = VERTEX_POINT( '', #3400 );
#2770 = LINE( '', #3401, #3402 );
#2771 = VERTEX_POINT( '', #3403 );
#2772 = B_SPLINE_CURVE_WITH_KNOTS( '', 3, ( #3404, #3405, #3406, #3407 ), .UNSPECIFIED., .F., .F., ( 4, 4 ), ( 0.189757577982990, 0.218656438483151 ), .UNSPECIFIED. );
#2773 = LINE( '', #3408, #3409 );
#2774 = FILL_AREA_STYLE_COLOUR( '', #3410 );
#2775 = VERTEX_POINT( '', #3411 );
#2776 = VERTEX_POINT( '', #3412 );
#2777 = LINE( '', #3413, #3414 );
#2778 = VERTEX_POINT( '', #3415 );
#2779 = LINE( '', #3416, #3417 );
#2780 = VERTEX_POINT( '', #3418 );
#2781 = LINE( '', #3419, #3420 );
#2782 = VERTEX_POINT( '', #3421 );
#2783 = CIRCLE( '', #3422, 1.22000000000000 );
#2784 = VERTEX_POINT( '', #3423 );
#2785 = LINE( '', #3424, #3425 );
#2786 = VERTEX_POINT( '', #3426 );
#2787 = LINE( '', #3427, #3428 );
#2788 = VERTEX_POINT( '', #3429 );
#2789 = LINE( '', #3430, #3431 );
#2790 = CIRCLE( '', #3432, 0.420000000000000 );
#2791 = FILL_AREA_STYLE_COLOUR( '', #3433 );
#2792 = VERTEX_POINT( '', #3434 );
#2793 = VERTEX_POINT( '', #3435 );
#2794 = B_SPLINE_CURVE_WITH_KNOTS( '', 3, ( #3436, #3437, #3438, #3439 ), .UNSPECIFIED., .F., .F., ( 4, 4 ), ( 0.124528875694971, 0.149069852529666 ), .UNSPECIFIED. );
#2795 = VERTEX_POINT( '', #3440 );
#2796 = LINE( '', #3441, #3442 );
#2797 = VERTEX_POINT( '', #3443 );
#2798 = B_SPLINE_CURVE_WITH_KNOTS( '', 3, ( #3444, #3445, #3446, #3447 ), .UNSPECIFIED., .F., .F., ( 4, 4 ), ( 0.124528875694971, 0.149069852529666 ), .UNSPECIFIED. );
#2799 = LINE( '', #3448, #3449 );
#2800 = FILL_AREA_STYLE_COLOUR( '', #3450 );
#2801 = VERTEX_POINT( '', #3451 );
#2802 = VERTEX_POINT( '', #3452 );
#2803 = ( BOUNDED_CURVE(  )B_SPLINE_CURVE( 2, ( #3455, #3456, #3457, #3458, #3459, #3460, #3461, #3462, #3463, #3464, #3465, #3466, #3467, #3468, #3469, #3470, #3471, #3472, #3473 ), .UNSPECIFIED., .F., .F. )B_SPLINE_CURVE_WITH_KNOTS( ( 3, 2, 2, 2, 2, 2, 2, 2, 2, 3 ), ( 0.000000000000000, 0.0833333333333333, 0.166666666666667, 0.250000000000000, 0.333333333333334, 0.416666666666667, 0.500000000000000, 0.583333333333333, 0.666666666666667, 0.750000000000000 ), .UNSPECIFIED. )CURVE(  )GEOMETRIC_REPRESENTATION_ITEM(  )RATIONAL_B_SPLINE_CURVE( ( 1.00000000000000, 0.866025403784439, 1.00000000000000, 0.866025403784439, 1.00000000000000, 0.866025403784439, 1.00000000000000, 0.866025403784439, 1.00000000000000, 0.866025403784439, 1.00000000000000, 0.866025403784439, 1.00000000000000, 0.866025403784439, 1.00000000000000, 0.866025403784439, 1.00000000000000, 0.866025403784439, 1.00000000000000 ) )REPRESENTATION_ITEM( '' ) );
#2804 = LINE( '', #3479, #3480 );
#2805 = VERTEX_POINT( '', #3481 );
#2806 = ( BOUNDED_CURVE(  )B_SPLINE_CURVE( 2, ( #3484, #3485, #3486, #3487, #3488, #3489, #3490, #3491, #3492, #3493, #3494, #3495, #3496, #3497, #3498, #3499, #3500, #3501, #3502 ), .UNSPECIFIED., .F., .F. )B_SPLINE_CURVE_WITH_KNOTS( ( 3, 2, 2, 2, 2, 2, 2, 2, 2, 3 ), ( 0.000000000000000, 0.0833333333333333, 0.166666666666667, 0.250000000000000, 0.333333333333334, 0.416666666666667, 0.500000000000000, 0.583333333333333, 0.666666666666667, 0.750000000000000 ), .UNSPECIFIED. )CURVE(  )GEOMETRIC_REPRESENTATION_ITEM(  )RATIONAL_B_SPLINE_CURVE( ( 1.00000000000000, 0.866025403784439, 1.00000000000000, 0.866025403784439, 1.00000000000000, 0.866025403784439, 1.00000000000000, 0.866025403784439, 1.00000000000000, 0.866025403784439, 1.00000000000000, 0.866025403784439, 1.00000000000000, 0.866025403784439, 1.00000000000000, 0.866025403784439, 1.00000000000000, 0.866025403784439, 1.00000000000000 ) )REPRESENTATION_ITEM( '' ) );
#2807 = LINE( '', #3508, #3509 );
#2808 = FILL_AREA_STYLE_COLOUR( '', #3510 );
#2809 = VERTEX_POINT( '', #3511 );
#2810 = B_SPLINE_CURVE_WITH_KNOTS( '', 1, ( #3512, #3513 ), .UNSPECIFIED., .F., .F., ( 2, 2 ), ( 0.775615380794607, 0.877881759759685 ), .UNSPECIFIED. );
#2811 = LINE( '', #3514, #3515 );
#2812 = FILL_AREA_STYLE_COLOUR( '', #3516 );
#2813 = VERTEX_POINT( '', #3517 );
#2814 = B_SPLINE_CURVE_WITH_KNOTS( '', 3, ( #3518, #3519, #3520, #3521 ), .UNSPECIFIED., .F., .F., ( 4, 4 ), ( 0.947219656909034, 1.00000000000000 ), .UNSPECIFIED. );
#2815 = VERTEX_POINT( '', #3522 );
#2816 = B_SPLINE_CURVE_WITH_KNOTS( '', 3, ( #3523, #3524, #3525, #3526 ), .UNSPECIFIED., .F., .F., ( 4, 4 ), ( 0.558495160106587, 0.610615742799227 ), .UNSPECIFIED. );
#2817 = VERTEX_POINT( '', #3527 );
#2818 = B_SPLINE_CURVE_WITH_KNOTS( '', 3, ( #3528, #3529, #3530, #3531, #3532, #3533, #3534, #3535, #3536 ), .UNSPECIFIED., .F., .F., ( 4, 3, 2, 4 ), ( 0.409840806187227, 0.465242072542819, 0.502901973289724, 0.558495160106587 ), .UNSPECIFIED. );
#2819 = VERTEX_POINT( '', #3537 );
#2820 = B_SPLINE_CURVE_WITH_KNOTS( '', 3, ( #3538, #3539, #3540, #3541 ), .UNSPECIFIED., .F., .F., ( 4, 4 ), ( 0.362251972252749, 0.409840806187227 ), .UNSPECIFIED. );
#2821 = VERTEX_POINT( '', #3542 );
#2822 = B_SPLINE_CURVE_WITH_KNOTS( '', 3, ( #3543, #3544, #3545, #3546 ), .UNSPECIFIED., .F., .F., ( 4, 4 ), ( 0.314374721142912, 0.362251972252749 ), .UNSPECIFIED. );
#2823 = B_SPLINE_CURVE_WITH_KNOTS( '', 3, ( #3547, #3548, #3549, #3550 ), .UNSPECIFIED., .F., .F., ( 4, 4 ), ( 0.000000000000000, 0.314374721142912 ), .UNSPECIFIED. );
#2824 = FILL_AREA_STYLE_COLOUR( '', #3551 );
#2825 = VERTEX_POINT( '', #3552 );
#2826 = B_SPLINE_CURVE_WITH_KNOTS( '', 3, ( #3553, #3554, #3555, #3556 ), .UNSPECIFIED., .F., .F., ( 4, 4 ), ( 0.967967528120303, 1.00000000000000 ), .UNSPECIFIED. );
#2827 = VERTEX_POINT( '', #3557 );
#2828 = B_SPLINE_CURVE_WITH_KNOTS( '', 3, ( #3558, #3559, #3560, #3561 ), .UNSPECIFIED., .F., .F., ( 4, 4 ), ( 0.967967528120303, 1.00000000000000 ), .UNSPECIFIED. );
#2829 = LINE( '', #3562, #3563 );
#2830 = FILL_AREA_STYLE_COLOUR( '', #3564 );
#2831 = VERTEX_POINT( '', #3565 );
#2832 = VERTEX_POINT( '', #3566 );
#2833 = B_SPLINE_CURVE_WITH_KNOTS( '', 3, ( #3567, #3568, #3569, #3570 ), .UNSPECIFIED., .F., .F., ( 4, 4 ), ( 0.374240109198532, 0.396128007456503 ), .UNSPECIFIED. );
#2834 = VERTEX_POINT( '', #3571 );
#2835 = LINE( '', #3572, #3573 );
#2836 = VERTEX_POINT( '', #3574 );
#2837 = B_SPLINE_CURVE_WITH_KNOTS( '', 3, ( #3575, #3576, #3577, #3578 ), .UNSPECIFIED., .F., .F., ( 4, 4 ), ( 0.374240109198532, 0.396128007456503 ), .UNSPECIFIED. );
#2838 = LINE( '', #3579, #3580 );
#2839 = FILL_AREA_STYLE_COLOUR( '', #3581 );
#2840 = VERTEX_POINT( '', #3582 );
#2841 = VERTEX_POINT( '', #3583 );
#2842 = B_SPLINE_CURVE_WITH_KNOTS( '', 1, ( #3584, #3585 ), .UNSPECIFIED., .F., .F., ( 2, 2 ), ( 0.231238664377135, 0.259566170532524 ), .UNSPECIFIED. );
#2843 = LINE( '', #3586, #3587 );
#2844 = LINE( '', #3588, #3589 );
#2845 = FILL_AREA_STYLE_COLOUR( '', #3590 );
#2846 = VERTEX_POINT( '', #3591 );
#2847 = VERTEX_POINT( '', #3592 );
#2848 = B_SPLINE_CURVE_WITH_KNOTS( '', 3, ( #3593, #3594, #3595, #3596 ), .UNSPECIFIED., .F., .F., ( 4, 4 ), ( 0.766066837949627, 0.878124202881752 ), .UNSPECIFIED. );
#2849 = VERTEX_POINT( '', #3597 );
#2850 = LINE( '', #3598, #3599 );
#2851 = VERTEX_POINT( '', #3600 );
#2852 = B_SPLINE_CURVE_WITH_KNOTS( '', 3, ( #3601, #3602, #3603, #3604 ), .UNSPECIFIED., .F., .F., ( 4, 4 ), ( 0.766066837949627, 0.878124202881752 ), .UNSPECIFIED. );
#2853 = LINE( '', #3605, #3606 );
#2854 = FILL_AREA_STYLE_COLOUR( '', #3607 );
#2855 = VERTEX_POINT( '', #3608 );
#2856 = VERTEX_POINT( '', #3609 );
#2857 = B_SPLINE_CURVE_WITH_KNOTS( '', 1, ( #3610, #3611 ), .UNSPECIFIED., .F., .F., ( 2, 2 ), ( 0.500000000000000, 0.927786499215070 ), .UNSPECIFIED. );
#2858 = VERTEX_POINT( '', #3612 );
#2859 = LINE( '', #3613, #3614 );
#2860 = VERTEX_POINT( '', #3615 );
#2861 = B_SPLINE_CURVE_WITH_KNOTS( '', 1, ( #3616, #3617 ), .UNSPECIFIED., .F., .F., ( 2, 2 ), ( 0.500000000000000, 0.927786499215070 ), .UNSPECIFIED. );
#2862 = LINE( '', #3618, #3619 );
#2863 = FILL_AREA_STYLE_COLOUR( '', #3620 );
#2864 = VERTEX_POINT( '', #3621 );
#2865 = VERTEX_POINT( '', #3622 );
#2866 = B_SPLINE_CURVE_WITH_KNOTS( '', 3, ( #3623, #3624, #3625, #3626 ), .UNSPECIFIED., .F., .F., ( 4, 4 ), ( 0.984247345950703, 1.00000000000000 ), .UNSPECIFIED. );
#2867 = B_SPLINE_CURVE_WITH_KNOTS( '', 3, ( #3627, #3628, #3629, #3630 ), .UNSPECIFIED., .F., .F., ( 4, 4 ), ( 0.878124202881752, 0.984247345950703 ), .UNSPECIFIED. );
#2868 = VERTEX_POINT( '', #3631 );
#2869 = B_SPLINE_CURVE_WITH_KNOTS( '', 3, ( #3632, #3633, #3634, #3635 ), .UNSPECIFIED., .F., .F., ( 4, 4 ), ( 0.751474905777646, 0.766066837949627 ), .UNSPECIFIED. );
#2870 = B_SPLINE_CURVE_WITH_KNOTS( '', 3, ( #3636, #3637, #3638, #3639 ), .UNSPECIFIED., .F., .F., ( 4, 4 ), ( 0.640874506159269, 0.751474905777646 ), .UNSPECIFIED. );
#2871 = VERTEX_POINT( '', #3640 );
#2872 = B_SPLINE_CURVE_WITH_KNOTS( '', 3, ( #3641, #3642, #3643, #3644 ), .UNSPECIFIED., .F., .F., ( 4, 4 ), ( 0.520656883151474, 0.536492445906294 ), .UNSPECIFIED. );
#2873 = B_SPLINE_CURVE_WITH_KNOTS( '', 3, ( #3645, #3646, #3647, #3648 ), .UNSPECIFIED., .F., .F., ( 4, 4 ), ( 0.396128007456503, 0.520656883151474 ), .UNSPECIFIED. );
#2874 = VERTEX_POINT( '', #3649 );
#2875 = B_SPLINE_CURVE_WITH_KNOTS( '', 3, ( #3650, #3651, #3652, #3653, #3654, #3655, #3656 ), .UNSPECIFIED., .F., .F., ( 4, 3, 4 ), ( 0.261468230552944, 0.282521875201090, 0.374240109198532 ), .UNSPECIFIED. );
#2876 = B_SPLINE_CURVE_WITH_KNOTS( '', 3, ( #3657, #3658, #3659, #3660, #3661, #3662, #3663 ), .UNSPECIFIED., .F., .F., ( 4, 3, 4 ), ( 0.149069852529666, 0.242039240282829, 0.261468230552944 ), .UNSPECIFIED. );
#2877 = B_SPLINE_CURVE_WITH_KNOTS( '', 3, ( #3664, #3665, #3666, #3667 ), .UNSPECIFIED., .F., .F., ( 4, 4 ), ( 0.000000000000000, 0.124528875694971 ), .UNSPECIFIED. );
#2878 = FILL_AREA_STYLE_COLOUR( '', #3668 );
#2879 = B_SPLINE_CURVE_WITH_KNOTS( '', 3, ( #3669, #3670, #3671, #3672 ), .UNSPECIFIED., .F., .F., ( 4, 4 ), ( 0.000000000000000, 0.189757577982990 ), .UNSPECIFIED. );
#2880 = VERTEX_POINT( '', #3673 );
#2881 = B_SPLINE_CURVE_WITH_KNOTS( '', 3, ( #3674, #3675, #3676, #3677 ), .UNSPECIFIED., .F., .F., ( 4, 4 ), ( 0.218656438483151, 0.245640314251375 ), .UNSPECIFIED. );
#2882 = VERTEX_POINT( '', #3678 );
#2883 = B_SPLINE_CURVE_WITH_KNOTS( '', 3, ( #3679, #3680, #3681, #3682, #3683, #3684, #3685, #3686, #3687, #3688, #3689, #3690, #3691, #3692, #3693, #3694, #3695, #3696 ), .UNSPECIFIED., .F., .F., ( 4, 2, 3, 3, 3, 3, 4 ), ( 0.245640314251375, 0.317563337196489, 0.348999890271838, 0.376335385920032, 0.402372375392432, 0.433633459013527, 0.550269344855437 ), .UNSPECIFIED. );
#2884 = B_SPLINE_CURVE_WITH_KNOTS( '', 3, ( #3697, #3698, #3699, #3700 ), .UNSPECIFIED., .F., .F., ( 4, 4 ), ( 0.550269344855437, 0.582301816735135 ), .UNSPECIFIED. );
#2885 = VERTEX_POINT( '', #3701 );
#2886 = VERTEX_POINT( '', #3702 );
#2887 = B_SPLINE_CURVE_WITH_KNOTS( '', 1, ( #3703, #3704 ), .UNSPECIFIED., .F., .F., ( 2, 2 ), ( 0.767088607594936, 1.00000000000000 ), .UNSPECIFIED. );
#2888 = VERTEX_POINT( '', #3705 );
#2889 = B_SPLINE_CURVE_WITH_KNOTS( '', 1, ( #3706, #3707 ), .UNSPECIFIED., .F., .F., ( 2, 2 ), ( 0.000000000000000, 0.267088607594936 ), .UNSPECIFIED. );
#2890 = VERTEX_POINT( '', #3708 );
#2891 = B_SPLINE_CURVE_WITH_KNOTS( '', 1, ( #3709, #3710 ), .UNSPECIFIED., .F., .F., ( 2, 2 ), ( 0.267088607594936, 0.500000000000000 ), .UNSPECIFIED. );
#2892 = B_SPLINE_CURVE_WITH_KNOTS( '', 1, ( #3711, #3712 ), .UNSPECIFIED., .F., .F., ( 2, 2 ), ( 0.500000000000000, 0.767088607594936 ), .UNSPECIFIED. );
#2893 = VERTEX_POINT( '', #3713 );
#2894 = B_SPLINE_CURVE_WITH_KNOTS( '', 3, ( #3714, #3715, #3716, #3717 ), .UNSPECIFIED., .F., .F., ( 4, 4 ), ( 0.947219656909034, 1.00000000000000 ), .UNSPECIFIED. );
#2895 = VERTEX_POINT( '', #3718 );
#2896 = B_SPLINE_CURVE_WITH_KNOTS( '', 3, ( #3719, #3720, #3721, #3722 ), .UNSPECIFIED., .F., .F., ( 4, 4 ), ( 0.000000000000000, 0.314374721142912 ), .UNSPECIFIED. );
#2897 = VERTEX_POINT( '', #3723 );
#2898 = B_SPLINE_CURVE_WITH_KNOTS( '', 3, ( #3724, #3725, #3726, #3727 ), .UNSPECIFIED., .F., .F., ( 4, 4 ), ( 0.314374721142912, 0.362251972252749 ), .UNSPECIFIED. );
#2899 = VERTEX_POINT( '', #3728 );
#2900 = B_SPLINE_CURVE_WITH_KNOTS( '', 3, ( #3729, #3730, #3731, #3732 ), .UNSPECIFIED., .F., .F., ( 4, 4 ), ( 0.362251972252749, 0.409840806187227 ), .UNSPECIFIED. );
#2901 = VERTEX_POINT( '', #3733 );
#2902 = B_SPLINE_CURVE_WITH_KNOTS( '', 3, ( #3734, #3735, #3736, #3737, #3738, #3739, #3740, #3741, #3742 ), .UNSPECIFIED., .F., .F., ( 4, 3, 2, 4 ), ( 0.409840806187227, 0.465242072542819, 0.502901973289724, 0.558495160106587 ), .UNSPECIFIED. );
#2903 = B_SPLINE_CURVE_WITH_KNOTS( '', 3, ( #3743, #3744, #3745, #3746 ), .UNSPECIFIED., .F., .F., ( 4, 4 ), ( 0.558495160106587, 0.610615742799227 ), .UNSPECIFIED. );
#2904 = VERTEX_POINT( '', #3747 );
#2905 = VERTEX_POINT( '', #3748 );
#2906 = B_SPLINE_CURVE_WITH_KNOTS( '', 3, ( #3749, #3750, #3751, #3752 ), .UNSPECIFIED., .F., .F., ( 4, 4 ), ( 0.984247345950703, 1.00000000000000 ), .UNSPECIFIED. );
#2907 = B_SPLINE_CURVE_WITH_KNOTS( '', 3, ( #3753, #3754, #3755, #3756 ), .UNSPECIFIED., .F., .F., ( 4, 4 ), ( 0.000000000000000, 0.124528875694971 ), .UNSPECIFIED. );
#2908 = VERTEX_POINT( '', #3757 );
#2909 = B_SPLINE_CURVE_WITH_KNOTS( '', 3, ( #3758, #3759, #3760, #3761, #3762, #3763, #3764 ), .UNSPECIFIED., .F., .F., ( 4, 3, 4 ), ( 0.149069852529666, 0.242039240282829, 0.261468230552944 ), .UNSPECIFIED. );
#2910 = B_SPLINE_CURVE_WITH_KNOTS( '', 3, ( #3765, #3766, #3767, #3768, #3769, #3770, #3771 ), .UNSPECIFIED., .F., .F., ( 4, 3, 4 ), ( 0.261468230552944, 0.282521875201090, 0.374240109198532 ), .UNSPECIFIED. );
#2911 = VERTEX_POINT( '', #3772 );
#2912 = B_SPLINE_CURVE_WITH_KNOTS( '', 3, ( #3773, #3774, #3775, #3776 ), .UNSPECIFIED., .F., .F., ( 4, 4 ), ( 0.396128007456503, 0.520656883151474 ), .UNSPECIFIED. );
#2913 = B_SPLINE_CURVE_WITH_KNOTS( '', 3, ( #3777, #3778, #3779, #3780 ), .UNSPECIFIED., .F., .F., ( 4, 4 ), ( 0.520656883151474, 0.536492445906294 ), .UNSPECIFIED. );
#2914 = VERTEX_POINT( '', #3781 );
#2915 = B_SPLINE_CURVE_WITH_KNOTS( '', 3, ( #3782, #3783, #3784, #3785 ), .UNSPECIFIED., .F., .F., ( 4, 4 ), ( 0.640874506159269, 0.751474905777646 ), .UNSPECIFIED. );
#2916 = B_SPLINE_CURVE_WITH_KNOTS( '', 3, ( #3786, #3787, #3788, #3789 ), .UNSPECIFIED., .F., .F., ( 4, 4 ), ( 0.751474905777646, 0.766066837949627 ), .UNSPECIFIED. );
#2917 = B_SPLINE_CURVE_WITH_KNOTS( '', 3, ( #3790, #3791, #3792, #3793 ), .UNSPECIFIED., .F., .F., ( 4, 4 ), ( 0.878124202881752, 0.984247345950703 ), .UNSPECIFIED. );
#2918 = VERTEX_POINT( '', #3794 );
#2919 = CIRCLE( '', #3795, 4.80000000000000 );
#2920 = VERTEX_POINT( '', #3796 );
#2921 = VERTEX_POINT( '', #3797 );
#2922 = B_SPLINE_CURVE_WITH_KNOTS( '', 3, ( #3798, #3799, #3800, #3801 ), .UNSPECIFIED., .F., .F., ( 4, 4 ), ( 0.973259864798146, 1.00000000000000 ), .UNSPECIFIED. );
#2923 = VERTEX_POINT( '', #3802 );
#2924 = B_SPLINE_CURVE_WITH_KNOTS( '', 3, ( #3803, #3804, #3805, #3806, #3807, #3808, #3809, #3810, #3811, #3812, #3813, #3814, #3815, #3816, #3817, #3818, #3819, #3820, #3821, #3822, #3823, #3824, #3825, #3826, #3827 ), .UNSPECIFIED., .F., .F., ( 4, 3, 2, 3, 2, 2, 3, 3, 3, 4 ), ( 0.000000000000000, 0.0435638216839925, 0.0792759739261166, 0.137980881721388, 0.185553075564697, 0.212958795930951, 0.240364516297206, 0.267788989284262, 0.299022718295815, 0.361874099558837 ), .UNSPECIFIED. );
#2925 = VERTEX_POINT( '', #3828 );
#2926 = B_SPLINE_CURVE_WITH_KNOTS( '', 3, ( #3829, #3830, #3831, #3832, #3833, #3834, #3835, #3836, #3837, #3838, #3839, #3840, #3841, #3842, #3843 ), .UNSPECIFIED., .F., .F., ( 4, 2, 3, 3, 3, 4 ), ( 0.361874099558837, 0.365413816403879, 0.403339354029330, 0.445351932389542, 0.482793293465244, 0.518253236707346 ), .UNSPECIFIED. );
#2927 = VERTEX_POINT( '', #3844 );
#2928 = B_SPLINE_CURVE_WITH_KNOTS( '', 3, ( #3845, #3846, #3847, #3848 ), .UNSPECIFIED., .F., .F., ( 4, 4 ), ( 0.518253236707346, 0.552703734267950 ), .UNSPECIFIED. );
#2929 = VERTEX_POINT( '', #3849 );
#2930 = B_SPLINE_CURVE_WITH_KNOTS( '', 3, ( #3850, #3851, #3852, #3853, #3854, #3855, #3856, #3857, #3858, #3859, #3860, #3861, #3862, #3863, #3864, #3865, #3866, #3867, #3868, #3869, #3870, #3871, #3872, #3873, #3874, #3875, #3876, #3877, #3878 ), .UNSPECIFIED., .F., .F., ( 4, 3, 3, 2, 3, 2, 3, 3, 3, 3, 4 ), ( 0.552703734267950, 0.591087798597977, 0.628264512461586, 0.673559569258794, 0.718372763749648, 0.745662116123218, 0.772951468496788, 0.804970043029894, 0.851074147843539, 0.911992415995526, 0.937795278096469 ), .UNSPECIFIED. );
#2931 = B_SPLINE_CURVE_WITH_KNOTS( '', 3, ( #3879, #3880, #3881, #3882 ), .UNSPECIFIED., .F., .F., ( 4, 4 ), ( 0.937795278096469, 0.973259864798146 ), .UNSPECIFIED. );
#2932 = VERTEX_POINT( '', #3883 );
#2933 = VERTEX_POINT( '', #3884 );
#2934 = B_SPLINE_CURVE_WITH_KNOTS( '', 1, ( #3885, #3886 ), .UNSPECIFIED., .F., .F., ( 2, 2 ), ( 0.971672493844612, 1.00000000000000 ), .UNSPECIFIED. );
#2935 = B_SPLINE_CURVE_WITH_KNOTS( '', 1, ( #3887, #3888 ), .UNSPECIFIED., .F., .F., ( 2, 2 ), ( 0.000000000000000, 0.231238664377135 ), .UNSPECIFIED. );
#2936 = VERTEX_POINT( '', #3889 );
#2937 = B_SPLINE_CURVE_WITH_KNOTS( '', 1, ( #3890, #3891 ), .UNSPECIFIED., .F., .F., ( 2, 2 ), ( 0.259566170532524, 0.391042748014596 ), .UNSPECIFIED. );
#2938 = VERTEX_POINT( '', #3892 );
#2939 = B_SPLINE_CURVE_WITH_KNOTS( '', 1, ( #3893, #3894 ), .UNSPECIFIED., .F., .F., ( 2, 2 ), ( 0.391042748014596, 0.486950552238425 ), .UNSPECIFIED. );
#2940 = VERTEX_POINT( '', #3895 );
#2941 = B_SPLINE_CURVE_WITH_KNOTS( '', 1, ( #3896, #3897 ), .UNSPECIFIED., .F., .F., ( 2, 2 ), ( 0.486950552238425, 0.523899473310670 ), .UNSPECIFIED. );
#2942 = B_SPLINE_CURVE_WITH_KNOTS( '', 1, ( #3898, #3899 ), .UNSPECIFIED., .F., .F., ( 2, 2 ), ( 0.523899473310670, 0.613611110426539 ), .UNSPECIFIED. );
#2943 = B_SPLINE_CURVE_WITH_KNOTS( '', 1, ( #3900, #3901 ), .UNSPECIFIED., .F., .F., ( 2, 2 ), ( 0.740513905775974, 0.775615380794607 ), .UNSPECIFIED. );
#2944 = B_SPLINE_CURVE_WITH_KNOTS( '', 1, ( #3902, #3903 ), .UNSPECIFIED., .F., .F., ( 2, 2 ), ( 0.905318389752371, 0.971672493844612 ), .UNSPECIFIED. );
#2945 = VERTEX_POINT( '', #3904 );
#2946 = B_SPLINE_CURVE_WITH_KNOTS( '', 1, ( #3905, #3906 ), .UNSPECIFIED., .F., .F., ( 2, 2 ), ( 0.927786499215070, 1.00000000000000 ), .UNSPECIFIED. );
#2947 = VERTEX_POINT( '', #3907 );
#2948 = B_SPLINE_CURVE_WITH_KNOTS( '', 1, ( #3908, #3909 ), .UNSPECIFIED., .F., .F., ( 2, 2 ), ( 0.000000000000000, 0.427786499215071 ), .UNSPECIFIED. );
#2949 = B_SPLINE_CURVE_WITH_KNOTS( '', 1, ( #3910, #3911 ), .UNSPECIFIED., .F., .F., ( 2, 2 ), ( 0.427786499215071, 0.500000000000000 ), .UNSPECIFIED. );
#2950 = VERTEX_POINT( '', #3912 );
#2951 = B_SPLINE_CURVE_WITH_KNOTS( '', 3, ( #3913, #3914, #3915, #3916, #3917, #3918, #3919, #3920, #3921, #3922, #3923, #3924, #3925, #3926, #3927, #3928, #3929 ), .UNSPECIFIED., .F., .F., ( 4, 3, 3, 2, 2, 3, 4 ), ( 0.606665047240643, 0.756803569044848, 0.815199863785842, 0.858155349706571, 0.901110835627300, 0.951876409897253, 1.00000000000000 ), .UNSPECIFIED. );
#2952 = VERTEX_POINT( '', #3930 );
#2953 = B_SPLINE_CURVE_WITH_KNOTS( '', 3, ( #3931, #3932, #3933, #3934 ), .UNSPECIFIED., .F., .F., ( 4, 4 ), ( 0.000000000000000, 0.0289427784437562 ), .UNSPECIFIED. );
#2954 = VERTEX_POINT( '', #3935 );
#2955 = B_SPLINE_CURVE_WITH_KNOTS( '', 3, ( #3936, #3937, #3938, #3939, #3940, #3941, #3942, #3943, #3944, #3945, #3946, #3947, #3948, #3949 ), .UNSPECIFIED., .F., .F., ( 4, 3, 2, 2, 3, 4 ), ( 0.0289427784437562, 0.0517557706347695, 0.0811537898240827, 0.113124135692460, 0.145094481560837, 0.182838976793792 ), .UNSPECIFIED. );
#2956 = VERTEX_POINT( '', #3950 );
#2957 = B_SPLINE_CURVE_WITH_KNOTS( '', 3, ( #3951, #3952, #3953, #3954, #3955, #3956, #3957, #3958, #3959, #3960, #3961, #3962, #3963, #3964, #3965, #3966, #3967, #3968 ), .UNSPECIFIED., .F., .F., ( 4, 2, 3, 2, 3, 2, 2, 4 ), ( 0.182838976793792, 0.235524243111121, 0.301819869893760, 0.369369061871496, 0.415142527487989, 0.458299330204613, 0.501456132921239, 0.558850231379432 ), .UNSPECIFIED. );
#2958 = B_SPLINE_CURVE_WITH_KNOTS( '', 3, ( #3969, #3970, #3971, #3972 ), .UNSPECIFIED., .F., .F., ( 4, 4 ), ( 0.558850231379432, 0.580207515797440 ), .UNSPECIFIED. );
#2959 = FILL_AREA_STYLE_COLOUR( '', #3973 );
#2960 = VERTEX_POINT( '', #3974 );
#2961 = LINE( '', #3975, #3976 );
#2962 = VERTEX_POINT( '', #3977 );
#2963 = B_SPLINE_CURVE_WITH_KNOTS( '', 3, ( #3978, #3979, #3980, #3981, #3982, #3983, #3984, #3985, #3986, #3987, #3988, #3989, #3990, #3991, #3992, #3993, #3994, #3995 ), .UNSPECIFIED., .F., .F., ( 4, 2, 3, 2, 3, 2, 2, 4 ), ( 0.182838976793792, 0.235524243111121, 0.301819869893760, 0.369369061871496, 0.415142527487989, 0.458299330204613, 0.501456132921239, 0.558850231379432 ), .UNSPECIFIED. );
#2964 = LINE( '', #3996, #3997 );
#2965 = FILL_AREA_STYLE_COLOUR( '', #3998 );
#2966 = VERTEX_POINT( '', #3999 );
#2967 = B_SPLINE_CURVE_WITH_KNOTS( '', 1, ( #4000, #4001 ), .UNSPECIFIED., .F., .F., ( 2, 2 ), ( 0.927786499215070, 1.00000000000000 ), .UNSPECIFIED. );
#2968 = VERTEX_POINT( '', #4002 );
#2969 = B_SPLINE_CURVE_WITH_KNOTS( '', 1, ( #4003, #4004 ), .UNSPECIFIED., .F., .F., ( 2, 2 ), ( 0.427786499215071, 0.500000000000000 ), .UNSPECIFIED. );
#2970 = B_SPLINE_CURVE_WITH_KNOTS( '', 1, ( #4005, #4006 ), .UNSPECIFIED., .F., .F., ( 2, 2 ), ( 0.000000000000000, 0.427786499215071 ), .UNSPECIFIED. );
#2971 = FILL_AREA_STYLE_COLOUR( '', #4007 );
#2972 = VERTEX_POINT( '', #4008 );
#2973 = B_SPLINE_CURVE_WITH_KNOTS( '', 3, ( #4009, #4010, #4011, #4012, #4013, #4014, #4015, #4016, #4017, #4018, #4019, #4020, #4021, #4022, #4023, #4024, #4025 ), .UNSPECIFIED., .F., .F., ( 4, 3, 3, 2, 2, 3, 4 ), ( 0.606665047240643, 0.756803569044848, 0.815199863785842, 0.858155349706571, 0.901110835627300, 0.951876409897253, 1.00000000000000 ), .UNSPECIFIED. );
#2974 = LINE( '', #4026, #4027 );
#2975 = FILL_AREA_STYLE_COLOUR( '', #4028 );
#2976 = LINE( '', #4029, #4030 );
#2977 = LINE( '', #4031, #4032 );
#2978 = FILL_AREA_STYLE_COLOUR( '', #4033 );
#2979 = LINE( '', #4034, #4035 );
#2980 = FILL_AREA_STYLE_COLOUR( '', #4036 );
#2981 = VERTEX_POINT( '', #4037 );
#2982 = B_SPLINE_CURVE_WITH_KNOTS( '', 3, ( #4038, #4039, #4040, #4041, #4042, #4043, #4044, #4045, #4046, #4047, #4048, #4049, #4050, #4051, #4052, #4053, #4054, #4055, #4056, #4057, #4058, #4059 ), .UNSPECIFIED., .T., .F., ( 4, 2, 2, 3, 2, 3, 3, 3, 4 ), ( 0.000000000000000, 0.119629600204721, 0.239259200409440, 0.360296207675391, 0.506488056325201, 0.646414540032876, 0.754586018311960, 0.860643409138521, 1.00000000000000 ), .UNSPECIFIED. );
#2983 = VERTEX_POINT( '', #4060 );
#2984 = B_SPLINE_CURVE_WITH_KNOTS( '', 3, ( #4061, #4062, #4063, #4064, #4065, #4066, #4067, #4068, #4069, #4070, #4071, #4072, #4073, #4074, #4075, #4076, #4077, #4078, #4079, #4080, #4081, #4082 ), .UNSPECIFIED., .T., .F., ( 4, 2, 2, 3, 2, 3, 3, 3, 4 ), ( 0.000000000000000, 0.119629600204721, 0.239259200409440, 0.360296207675391, 0.506488056325201, 0.646414540032876, 0.754586018311960, 0.860643409138521, 1.00000000000000 ), .UNSPECIFIED. );
#2985 = FILL_AREA_STYLE_COLOUR( '', #4083 );
#2986 = VERTEX_POINT( '', #4084 );
#2987 = VERTEX_POINT( '', #4085 );
#2988 = B_SPLINE_CURVE_WITH_KNOTS( '', 3, ( #4086, #4087, #4088, #4089, #4090, #4091, #4092, #4093, #4094, #4095, #4096, #4097, #4098, #4099, #4100, #4101 ), .UNSPECIFIED., .F., .F., ( 4, 3, 3, 3, 3, 4 ), ( 0.499265096298639, 0.607595818716467, 0.730441237094497, 0.841672752430367, 0.958533283835743, 1.00000000000000 ), .UNSPECIFIED. );
#2989 = VERTEX_POINT( '', #4102 );
#2990 = LINE( '', #4103, #4104 );
#2991 = VERTEX_POINT( '', #4105 );
#2992 = B_SPLINE_CURVE_WITH_KNOTS( '', 3, ( #4106, #4107, #4108, #4109, #4110, #4111, #4112, #4113, #4114, #4115, #4116, #4117, #4118, #4119, #4120, #4121 ), .UNSPECIFIED., .F., .F., ( 4, 3, 3, 3, 3, 4 ), ( 0.499265096298639, 0.607595818716467, 0.730441237094497, 0.841672752430367, 0.958533283835743, 1.00000000000000 ), .UNSPECIFIED. );
#2993 = LINE( '', #4122, #4123 );
#2994 = FILL_AREA_STYLE_COLOUR( '', #4124 );
#2995 = VERTEX_POINT( '', #4125 );
#2996 = LINE( '', #4126, #4127 );
#2997 = VERTEX_POINT( '', #4128 );
#2998 = B_SPLINE_CURVE_WITH_KNOTS( '', 3, ( #4129, #4130, #4131, #4132, #4133, #4134, #4135, #4136, #4137, #4138, #4139, #4140, #4141, #4142, #4143, #4144, #4145, #4146, #4147, #4148, #4149, #4150, #4151, #4152, #4153, #4154, #4155, #4156, #4157 ), .UNSPECIFIED., .F., .F., ( 4, 3, 3, 2, 3, 2, 3, 3, 3, 3, 4 ), ( 0.552703734267950, 0.591087798597977, 0.628264512461586, 0.673559569258794, 0.718372763749648, 0.745662116123218, 0.772951468496788, 0.804970043029894, 0.851074147843539, 0.911992415995526, 0.937795278096469 ), .UNSPECIFIED. );
#2999 = LINE( '', #4158, #4159 );
#3000 = FILL_AREA_STYLE_COLOUR( '', #4160 );
#3001 = VERTEX_POINT( '', #4161 );
#3002 = CIRCLE( '', #4162, 4.80000000000000 );
#3003 = FILL_AREA_STYLE_COLOUR( '', #4163 );
#3004 = VERTEX_POINT( '', #4164 );
#3005 = VERTEX_POINT( '', #4165 );
#3006 = LINE( '', #4166, #4167 );
#3007 = VERTEX_POINT( '', #4168 );
#3008 = LINE( '', #4169, #4170 );
#3009 = VERTEX_POINT( '', #4171 );
#3010 = LINE( '', #4172, #4173 );
#3011 = LINE( '', #4174, #4175 );
#3012 = FILL_AREA_STYLE_COLOUR( '', #4176 );
#3013 = VERTEX_POINT( '', #4177 );
#3014 = LINE( '', #4178, #4179 );
#3015 = VERTEX_POINT( '', #4180 );
#3016 = LINE( '', #4181, #4182 );
#3017 = LINE( '', #4183, #4184 );
#3018 = FILL_AREA_STYLE_COLOUR( '', #4185 );
#3019 = LINE( '', #4186, #4187 );
#3020 = FILL_AREA_STYLE_COLOUR( '', #4188 );
#3021 = ( BOUNDED_CURVE(  )B_SPLINE_CURVE( 2, ( #4191, #4192, #4193, #4194, #4195, #4196, #4197, #4198, #4199, #4200, #4201, #4202, #4203, #4204, #4205, #4206, #4207, #4208, #4209 ), .UNSPECIFIED., .F., .F. )B_SPLINE_CURVE_WITH_KNOTS( ( 3, 2, 2, 2, 2, 2, 2, 2, 2, 3 ), ( 0.000000000000000, 0.0833333333333333, 0.166666666666667, 0.250000000000000, 0.333333333333334, 0.416666666666667, 0.500000000000000, 0.583333333333333, 0.666666666666667, 0.750000000000000 ), .UNSPECIFIED. )CURVE(  )GEOMETRIC_REPRESENTATION_ITEM(  )RATIONAL_B_SPLINE_CURVE( ( 1.00000000000000, 0.866025403784439, 1.00000000000000, 0.866025403784439, 1.00000000000000, 0.866025403784439, 1.00000000000000, 0.866025403784439, 1.00000000000000, 0.866025403784439, 1.00000000000000, 0.866025403784439, 1.00000000000000, 0.866025403784439, 1.00000000000000, 0.866025403784439, 1.00000000000000, 0.866025403784439, 1.00000000000000 ) )REPRESENTATION_ITEM( '' ) );
#3022 = LINE( '', #4215, #4216 );
#3023 = FILL_AREA_STYLE_COLOUR( '', #4217 );
#3024 = VERTEX_POINT( '', #4218 );
#3025 = B_SPLINE_CURVE_WITH_KNOTS( '', 3, ( #4219, #4220, #4221, #4222 ), .UNSPECIFIED., .F., .F., ( 4, 4 ), ( 0.000000000000000, 0.0289427784437562 ), .UNSPECIFIED. );
#3026 = LINE( '', #4223, #4224 );
#3027 = FILL_AREA_STYLE_COLOUR( '', #4225 );
#3028 = VERTEX_POINT( '', #4226 );
#3029 = LINE( '', #4227, #4228 );
#3030 = VERTEX_POINT( '', #4229 );
#3031 = B_SPLINE_CURVE_WITH_KNOTS( '', 1, ( #4230, #4231 ), .UNSPECIFIED., .F., .F., ( 2, 2 ), ( 0.500000000000000, 0.767088607594936 ), .UNSPECIFIED. );
#3032 = LINE( '', #4232, #4233 );
#3033 = FILL_AREA_STYLE_COLOUR( '', #4234 );
#3034 = LINE( '', #4235, #4236 );
#3035 = FILL_AREA_STYLE_COLOUR( '', #4237 );
#3036 = FILL_AREA_STYLE_COLOUR( '', #4238 );
#3037 = LINE( '', #4239, #4240 );
#3038 = FILL_AREA_STYLE_COLOUR( '', #4241 );
#3039 = VERTEX_POINT( '', #4242 );
#3040 = VERTEX_POINT( '', #4243 );
#3041 = LINE( '', #4244, #4245 );
#3042 = VERTEX_POINT( '', #4246 );
#3043 = LINE( '', #4247, #4248 );
#3044 = VERTEX_POINT( '', #4249 );
#3045 = LINE( '', #4250, #4251 );
#3046 = LINE( '', #4252, #4253 );
#3047 = FILL_AREA_STYLE_COLOUR( '', #4254 );
#3048 = LINE( '', #4255, #4256 );
#3049 = FILL_AREA_STYLE_COLOUR( '', #4257 );
#3050 = VERTEX_POINT( '', #4258 );
#3051 = LINE( '', #4259, #4260 );
#3052 = LINE( '', #4261, #4262 );
#3053 = VERTEX_POINT( '', #4263 );
#3054 = B_SPLINE_CURVE_WITH_KNOTS( '', 3, ( #4264, #4265, #4266, #4267, #4268, #4269, #4270, #4271, #4272, #4273, #4274, #4275, #4276, #4277 ), .UNSPECIFIED., .F., .F., ( 4, 2, 2, 2, 2, 2, 4 ), ( 0.000000000000000, 0.246263614991340, 0.369395422487009, 0.492527229982679, 0.619395422487009, 0.746263614991339, 1.00000000000000 ), .UNSPECIFIED. );
#3055 = VERTEX_POINT( '', #4278 );
#3056 = LINE( '', #4279, #4280 );
#3057 = CIRCLE( '', #4281, 1.20000000000000 );
#3058 = LINE( '', #4282, #4283 );
#3059 = VERTEX_POINT( '', #4284 );
#3060 = CIRCLE( '', #4285, 0.400000000000000 );
#3061 = LINE( '', #4286, #4287 );
#3062 = FILL_AREA_STYLE_COLOUR( '', #4288 );
#3063 = FILL_AREA_STYLE_COLOUR( '', #4289 );
#3064 = LINE( '', #4290, #4291 );
#3065 = FILL_AREA_STYLE_COLOUR( '', #4292 );
#3066 = LINE( '', #4293, #4294 );
#3067 = VERTEX_POINT( '', #4295 );
#3068 = LINE( '', #4296, #4297 );
#3069 = CIRCLE( '', #4298, 0.400000000000000 );
#3070 = LINE( '', #4299, #4300 );
#3071 = VERTEX_POINT( '', #4301 );
#3072 = CIRCLE( '', #4302, 1.20000000000000 );
#3073 = VERTEX_POINT( '', #4303 );
#3074 = LINE( '', #4304, #4305 );
#3075 = B_SPLINE_CURVE_WITH_KNOTS( '', 3, ( #4306, #4307, #4308, #4309, #4310, #4311, #4312, #4313, #4314, #4315, #4316, #4317, #4318, #4319 ), .UNSPECIFIED., .F., .F., ( 4, 2, 2, 2, 2, 2, 4 ), ( 0.000000000000000, 0.246263614991340, 0.369395422487009, 0.492527229982679, 0.619395422487009, 0.746263614991339, 1.00000000000000 ), .UNSPECIFIED. );
#3076 = FILL_AREA_STYLE_COLOUR( '', #4320 );
#3077 = VERTEX_POINT( '', #4321 );
#3078 = B_SPLINE_CURVE_WITH_KNOTS( '', 1, ( #4322, #4323 ), .UNSPECIFIED., .F., .F., ( 2, 2 ), ( 0.767088607594936, 1.00000000000000 ), .UNSPECIFIED. );
#3079 = LINE( '', #4324, #4325 );
#3080 = FILL_AREA_STYLE_COLOUR( '', #4326 );
#3081 = B_SPLINE_CURVE_WITH_KNOTS( '', 3, ( #4327, #4328, #4329, #4330 ), .UNSPECIFIED., .F., .F., ( 4, 4 ), ( 0.558850231379432, 0.580207515797440 ), .UNSPECIFIED. );
#3082 = FILL_AREA_STYLE_COLOUR( '', #4331 );
#3083 = FILL_AREA_STYLE_COLOUR( '', #4332 );
#3084 = LINE( '', #4333, #4334 );
#3085 = FILL_AREA_STYLE_COLOUR( '', #4335 );
#3086 = B_SPLINE_CURVE_WITH_KNOTS( '', 3, ( #4336, #4337, #4338, #4339, #4340, #4341, #4342, #4343, #4344, #4345, #4346, #4347, #4348, #4349 ), .UNSPECIFIED., .F., .F., ( 4, 3, 2, 2, 3, 4 ), ( 0.0289427784437562, 0.0517557706347695, 0.0811537898240827, 0.113124135692460, 0.145094481560837, 0.182838976793792 ), .UNSPECIFIED. );
#3087 = FILL_AREA_STYLE_COLOUR( '', #4350 );
#3088 = VERTEX_POINT( '', #4351 );
#3089 = LINE( '', #4352, #4353 );
#3090 = LINE( '', #4354, #4355 );
#3091 = FILL_AREA_STYLE_COLOUR( '', #4356 );
#3092 = VERTEX_POINT( '', #4357 );
#3093 = LINE( '', #4358, #4359 );
#3094 = VERTEX_POINT( '', #4360 );
#3095 = B_SPLINE_CURVE_WITH_KNOTS( '', 3, ( #4361, #4362, #4363, #4364, #4365, #4366, #4367, #4368, #4369, #4370, #4371, #4372, #4373, #4374, #4375, #4376, #4377, #4378 ), .UNSPECIFIED., .F., .F., ( 4, 2, 3, 3, 3, 3, 4 ), ( 0.245640314251375, 0.317563337196489, 0.348999890271838, 0.376335385920032, 0.402372375392432, 0.433633459013527, 0.550269344855437 ), .UNSPECIFIED. );
#3096 = LINE( '', #4379, #4380 );
#3097 = FILL_AREA_STYLE_COLOUR( '', #4381 );
#3098 = FILL_AREA_STYLE_COLOUR( '', #4382 );
#3099 = LINE( '', #4383, #4384 );
#3100 = FILL_AREA_STYLE_COLOUR( '', #4385 );
#3101 = VERTEX_POINT( '', #4386 );
#3102 = LINE( '', #4387, #4388 );
#3103 = B_SPLINE_CURVE_WITH_KNOTS( '', 3, ( #4389, #4390, #4391, #4392 ), .UNSPECIFIED., .F., .F., ( 4, 4 ), ( 0.518253236707346, 0.552703734267950 ), .UNSPECIFIED. );
#3104 = FILL_AREA_STYLE_COLOUR( '', #4393 );
#3105 = B_SPLINE_CURVE_WITH_KNOTS( '', 3, ( #4394, #4395, #4396, #4397 ), .UNSPECIFIED., .F., .F., ( 4, 4 ), ( 0.000000000000000, 0.189757577982990 ), .UNSPECIFIED. );
#3106 = FILL_AREA_STYLE_COLOUR( '', #4398 );
#3107 = LINE( '', #4399, #4400 );
#3108 = LINE( '', #4401, #4402 );
#3109 = FILL_AREA_STYLE_COLOUR( '', #4403 );
#3110 = FILL_AREA_STYLE_COLOUR( '', #4404 );
#3111 = LINE( '', #4405, #4406 );
#3112 = FILL_AREA_STYLE_COLOUR( '', #4407 );
#3113 = VERTEX_POINT( '', #4408 );
#3114 = LINE( '', #4409, #4410 );
#3115 = VERTEX_POINT( '', #4411 );
#3116 = CIRCLE( '', #4412, 1.22000000000000 );
#3117 = LINE( '', #4413, #4414 );
#3118 = FILL_AREA_STYLE_COLOUR( '', #4415 );
#3119 = FILL_AREA_STYLE_COLOUR( '', #4416 );
#3120 = LINE( '', #4417, #4418 );
#3121 = FILL_AREA_STYLE_COLOUR( '', #4419 );
#3122 = LINE( '', #4420, #4421 );
#3123 = FILL_AREA_STYLE_COLOUR( '', #4422 );
#3124 = VERTEX_POINT( '', #4423 );
#3125 = B_SPLINE_CURVE_WITH_KNOTS( '', 3, ( #4424, #4425, #4426, #4427 ), .UNSPECIFIED., .F., .F., ( 4, 4 ), ( 0.937795278096469, 0.973259864798146 ), .UNSPECIFIED. );
#3126 = LINE( '', #4428, #4429 );
#3127 = FILL_AREA_STYLE_COLOUR( '', #4430 );
#3128 = LINE( '', #4431, #4432 );
#3129 = LINE( '', #4433, #4434 );
#3130 = FILL_AREA_STYLE_COLOUR( '', #4435 );
#3131 = FILL_AREA_STYLE_COLOUR( '', #4436 );
#3132 = FILL_AREA_STYLE_COLOUR( '', #4437 );
#3133 = LINE( '', #4438, #4439 );
#3134 = FILL_AREA_STYLE_COLOUR( '', #4440 );
#3135 = LINE( '', #4441, #4442 );
#3136 = FILL_AREA_STYLE_COLOUR( '', #4443 );
#3137 = FILL_AREA_STYLE_COLOUR( '', #4444 );
#3138 = VERTEX_POINT( '', #4445 );
#3139 = B_SPLINE_CURVE_WITH_KNOTS( '', 1, ( #4446, #4447 ), .UNSPECIFIED., .F., .F., ( 2, 2 ), ( 0.267088607594936, 0.500000000000000 ), .UNSPECIFIED. );
#3140 = B_SPLINE_CURVE_WITH_KNOTS( '', 1, ( #4448, #4449 ), .UNSPECIFIED., .F., .F., ( 2, 2 ), ( 0.000000000000000, 0.267088607594936 ), .UNSPECIFIED. );
#3141 = FILL_AREA_STYLE_COLOUR( '', #4450 );
#3142 = FILL_AREA_STYLE_COLOUR( '', #4451 );
#3143 = VERTEX_POINT( '', #4452 );
#3144 = B_SPLINE_CURVE_WITH_KNOTS( '', 3, ( #4453, #4454, #4455, #4456 ), .UNSPECIFIED., .F., .F., ( 4, 4 ), ( 0.973259864798146, 1.00000000000000 ), .UNSPECIFIED. );
#3145 = LINE( '', #4457, #4458 );
#3146 = FILL_AREA_STYLE_COLOUR( '', #4459 );
#3147 = FILL_AREA_STYLE_COLOUR( '', #4460 );
#3148 = ( BOUNDED_CURVE(  )B_SPLINE_CURVE( 2, ( #4463, #4464, #4465, #4466, #4467, #4468, #4469, #4470, #4471, #4472, #4473, #4474, #4475, #4476, #4477, #4478, #4479, #4480, #4481 ), .UNSPECIFIED., .F., .F. )B_SPLINE_CURVE_WITH_KNOTS( ( 3, 2, 2, 2, 2, 2, 2, 2, 2, 3 ), ( 0.000000000000000, 0.0833333333333333, 0.166666666666667, 0.250000000000000, 0.333333333333334, 0.416666666666667, 0.500000000000000, 0.583333333333333, 0.666666666666667, 0.750000000000000 ), .UNSPECIFIED. )CURVE(  )GEOMETRIC_REPRESENTATION_ITEM(  )RATIONAL_B_SPLINE_CURVE( ( 1.00000000000000, 0.866025403784439, 1.00000000000000, 0.866025403784439, 1.00000000000000, 0.866025403784439, 1.00000000000000, 0.866025403784439, 1.00000000000000, 0.866025403784439, 1.00000000000000, 0.866025403784439, 1.00000000000000, 0.866025403784439, 1.00000000000000, 0.866025403784439, 1.00000000000000, 0.866025403784439, 1.00000000000000 ) )REPRESENTATION_ITEM( '' ) );
#3149 = FILL_AREA_STYLE_COLOUR( '', #4487 );
#3150 = FILL_AREA_STYLE_COLOUR( '', #4488 );
#3151 = B_SPLINE_CURVE_WITH_KNOTS( '', 3, ( #4489, #4490, #4491, #4492, #4493, #4494, #4495, #4496, #4497, #4498, #4499, #4500, #4501, #4502, #4503 ), .UNSPECIFIED., .F., .F., ( 4, 3, 3, 3, 2, 4 ), ( 0.000000000000000, 0.192720247722042, 0.295769340488981, 0.355183468830476, 0.411410445403418, 0.499265096298639 ), .UNSPECIFIED. );
#3152 = FILL_AREA_STYLE_COLOUR( '', #4504 );
#3153 = B_SPLINE_CURVE_WITH_KNOTS( '', 3, ( #4505, #4506, #4507, #4508 ), .UNSPECIFIED., .F., .F., ( 4, 4 ), ( 0.218656438483151, 0.245640314251375 ), .UNSPECIFIED. );
#3154 = FILL_AREA_STYLE_COLOUR( '', #4509 );
#3155 = B_SPLINE_CURVE_WITH_KNOTS( '', 3, ( #4510, #4511, #4512, #4513, #4514, #4515, #4516, #4517, #4518, #4519, #4520, #4521, #4522, #4523, #4524 ), .UNSPECIFIED., .F., .F., ( 4, 3, 3, 3, 2, 4 ), ( 0.000000000000000, 0.192720247722042, 0.295769340488981, 0.355183468830476, 0.411410445403418, 0.499265096298639 ), .UNSPECIFIED. );
#3156 = FILL_AREA_STYLE_COLOUR( '', #4525 );
#3157 = LINE( '', #4526, #4527 );
#3158 = FILL_AREA_STYLE_COLOUR( '', #4528 );
#3159 = VERTEX_POINT( '', #4529 );
#3160 = LINE( '', #4530, #4531 );
#3161 = B_SPLINE_CURVE_WITH_KNOTS( '', 3, ( #4532, #4533, #4534, #4535, #4536, #4537, #4538, #4539, #4540, #4541, #4542, #4543, #4544, #4545, #4546 ), .UNSPECIFIED., .F., .F., ( 4, 2, 3, 3, 3, 4 ), ( 0.361874099558837, 0.365413816403879, 0.403339354029330, 0.445351932389542, 0.482793293465244, 0.518253236707346 ), .UNSPECIFIED. );
#3162 = FILL_AREA_STYLE_COLOUR( '', #4547 );
#3163 = FILL_AREA_STYLE_COLOUR( '', #4548 );
#3164 = B_SPLINE_CURVE_WITH_KNOTS( '', 3, ( #4549, #4550, #4551, #4552 ), .UNSPECIFIED., .F., .F., ( 4, 4 ), ( 0.550269344855437, 0.582301816735135 ), .UNSPECIFIED. );
#3165 = FILL_AREA_STYLE_COLOUR( '', #4553 );
#3166 = FILL_AREA_STYLE_COLOUR( '', #4554 );
#3167 = LINE( '', #4555, #4556 );
#3168 = FILL_AREA_STYLE_COLOUR( '', #4557 );
#3169 = LINE( '', #4558, #4559 );
#3170 = FILL_AREA_STYLE_COLOUR( '', #4560 );
#3171 = B_SPLINE_CURVE_WITH_KNOTS( '', 3, ( #4561, #4562, #4563, #4564, #4565, #4566, #4567, #4568, #4569, #4570, #4571, #4572, #4573, #4574, #4575, #4576, #4577, #4578, #4579, #4580, #4581, #4582, #4583, #4584, #4585 ), .UNSPECIFIED., .F., .F., ( 4, 3, 2, 3, 2, 2, 3, 3, 3, 4 ), ( 0.000000000000000, 0.0435638216839925, 0.0792759739261166, 0.137980881721388, 0.185553075564697, 0.212958795930951, 0.240364516297206, 0.267788989284262, 0.299022718295815, 0.361874099558837 ), .UNSPECIFIED. );
#3172 = FILL_AREA_STYLE_COLOUR( '', #4586 );
#3173 = LINE( '', #4587, #4588 );
#3174 = FILL_AREA_STYLE_COLOUR( '', #4589 );
#3175 = FILL_AREA_STYLE_COLOUR( '', #4590 );
#3176 = FILL_AREA_STYLE_COLOUR( '', #4591 );
#3177 = LINE( '', #4592, #4593 );
#3178 = VERTEX_POINT( '', #4594 );
#3179 = CIRCLE( '', #4595, 0.420000000000000 );
#3180 = LINE( '', #4596, #4597 );
#3181 = FILL_AREA_STYLE_COLOUR( '', #4598 );
#3182 = FILL_AREA_STYLE_COLOUR( '', #4599 );
#3183 = FILL_AREA_STYLE_COLOUR( '', #4600 );
#3184 = LINE( '', #4601, #4602 );
#3185 = LINE( '', #4603, #4604 );
#3186 = FILL_AREA_STYLE_COLOUR( '', #4605 );
#3187 = FILL_AREA_STYLE_COLOUR( '', #4606 );
#3188 = FILL_AREA_STYLE_COLOUR( '', #4607 );
#3189 = FILL_AREA_STYLE_COLOUR( '', #4608 );
#3190 = FILL_AREA_STYLE_COLOUR( '', #4609 );
#3191 = FILL_AREA_STYLE_COLOUR( '', #4610 );
#3192 = COLOUR_RGB( '', 0.000000000000000, 0.000000000000000, 0.000000000000000 );
#3193 = CARTESIAN_POINT( '', ( 2.14919614147910, -0.511736334405145, 0.0250000000000000 ) );
#3194 = CARTESIAN_POINT( '', ( 1.64951768488746, -0.511736334405145, 0.0250000000000000 ) );
#3195 = CARTESIAN_POINT( '', ( 2.14919614147910, -0.511736334405145, 0.0250000000000000 ) );
#3196 = CARTESIAN_POINT( '', ( 2.14919614147910, -0.298231511254020, 0.0250000000000000 ) );
#3197 = CARTESIAN_POINT( '', ( 2.14919614147910, -0.0847266881028939, 0.0250000000000000 ) );
#3198 = CARTESIAN_POINT( '', ( 2.14919614147910, 0.128778135048231, 0.0250000000000000 ) );
#3199 = CARTESIAN_POINT( '', ( 2.14919614147910, 0.201125401929261, 0.0250000000000000 ) );
#3200 = CARTESIAN_POINT( '', ( 2.14244372990354, 0.255144694533762, 0.0250000000000000 ) );
#3201 = CARTESIAN_POINT( '', ( 2.12893890675241, 0.291800643086817, 0.0250000000000000 ) );
#3202 = CARTESIAN_POINT( '', ( 2.11563171515960, 0.327920163124460, 0.0250000000000000 ) );
#3203 = CARTESIAN_POINT( '', ( 2.09035369774919, 0.356430868167202, 0.0250000000000000 ) );
#3204 = CARTESIAN_POINT( '', ( 2.01897106109325, 0.398874598070739, 0.0250000000000000 ) );
#3205 = CARTESIAN_POINT( '', ( 1.97749196141479, 0.409485530546624, 0.0250000000000000 ) );
#3206 = CARTESIAN_POINT( '', ( 1.92926045016077, 0.410450160771704, 0.0250000000000000 ) );
#3207 = CARTESIAN_POINT( '', ( 1.85310441739703, 0.411973281426978, 0.0250000000000000 ) );
#3208 = CARTESIAN_POINT( '', ( 1.78745980707395, 0.385369774919614, 0.0250000000000000 ) );
#3209 = CARTESIAN_POINT( '', ( 1.67749196141479, 0.288906752411575, 0.0250000000000000 ) );
#3210 = CARTESIAN_POINT( '', ( 1.64951768488746, 0.197266881028939, 0.0250000000000000 ) );
#3211 = CARTESIAN_POINT( '', ( 1.64951768488746, 0.0631832797427653, 0.0250000000000000 ) );
#3212 = CARTESIAN_POINT( '', ( 1.64951768488746, -0.128456591639871, 0.0250000000000000 ) );
#3213 = CARTESIAN_POINT( '', ( 1.64951768488746, -0.320096463022508, 0.0250000000000000 ) );
#3214 = CARTESIAN_POINT( '', ( 1.64951768488746, -0.511736334405145, 0.0250000000000000 ) );
#3215 = CARTESIAN_POINT( '', ( 2.14919614147910, -0.511736334405145, 0.0150000000000000 ) );
#3216 = CARTESIAN_POINT( '', ( 2.14919614147910, -0.511736334405145, 0.0150000000000000 ) );
#3217 = VECTOR( '', #4611, 1000.00000000000 );
#3218 = CARTESIAN_POINT( '', ( 1.64951768488746, -0.511736334405145, 0.0150000000000000 ) );
#3219 = CARTESIAN_POINT( '', ( 2.14919614147910, -0.511736334405145, 0.0150000000000000 ) );
#3220 = CARTESIAN_POINT( '', ( 2.14919614147910, -0.298231511254020, 0.0150000000000000 ) );
#3221 = CARTESIAN_POINT( '', ( 2.14919614147910, -0.0847266881028939, 0.0150000000000000 ) );
#3222 = CARTESIAN_POINT( '', ( 2.14919614147910, 0.128778135048231, 0.0150000000000000 ) );
#3223 = CARTESIAN_POINT( '', ( 2.14919614147910, 0.201125401929261, 0.0150000000000000 ) );
#3224 = CARTESIAN_POINT( '', ( 2.14244372990354, 0.255144694533762, 0.0150000000000000 ) );
#3225 = CARTESIAN_POINT( '', ( 2.12893890675241, 0.291800643086817, 0.0150000000000000 ) );
#3226 = CARTESIAN_POINT( '', ( 2.11563171515960, 0.327920163124460, 0.0150000000000000 ) );
#3227 = CARTESIAN_POINT( '', ( 2.09035369774919, 0.356430868167202, 0.0150000000000000 ) );
#3228 = CARTESIAN_POINT( '', ( 2.01897106109325, 0.398874598070739, 0.0150000000000000 ) );
#3229 = CARTESIAN_POINT( '', ( 1.97749196141479, 0.409485530546624, 0.0150000000000000 ) );
#3230 = CARTESIAN_POINT( '', ( 1.92926045016077, 0.410450160771704, 0.0150000000000000 ) );
#3231 = CARTESIAN_POINT( '', ( 1.85310441739703, 0.411973281426978, 0.0150000000000000 ) );
#3232 = CARTESIAN_POINT( '', ( 1.78745980707395, 0.385369774919614, 0.0150000000000000 ) );
#3233 = CARTESIAN_POINT( '', ( 1.67749196141479, 0.288906752411575, 0.0150000000000000 ) );
#3234 = CARTESIAN_POINT( '', ( 1.64951768488746, 0.197266881028939, 0.0150000000000000 ) );
#3235 = CARTESIAN_POINT( '', ( 1.64951768488746, 0.0631832797427653, 0.0150000000000000 ) );
#3236 = CARTESIAN_POINT( '', ( 1.64951768488746, -0.128456591639871, 0.0150000000000000 ) );
#3237 = CARTESIAN_POINT( '', ( 1.64951768488746, -0.320096463022508, 0.0150000000000000 ) );
#3238 = CARTESIAN_POINT( '', ( 1.64951768488746, -0.511736334405145, 0.0150000000000000 ) );
#3239 = CARTESIAN_POINT( '', ( 1.64951768488746, -0.511736334405145, 0.0150000000000000 ) );
#3240 = VECTOR( '', #4612, 1000.00000000000 );
#3241 = COLOUR_RGB( '', 0.000000000000000, 0.000000000000000, 0.000000000000000 );
#3242 = CARTESIAN_POINT( '', ( 0.188102893890675, -0.511736334405145, 0.0150000000000000 ) );
#3243 = CARTESIAN_POINT( '', ( 0.0106109324758833, -0.511736334405145, 0.0150000000000000 ) );
#3244 = CARTESIAN_POINT( '', ( 0.188102893890675, -0.511736334405145, 0.0150000000000000 ) );
#3245 = CARTESIAN_POINT( '', ( 0.0106109324758833, -0.511736334405145, 0.0150000000000000 ) );
#3246 = CARTESIAN_POINT( '', ( 0.188102893890675, -0.0959807073954984, 0.0150000000000000 ) );
#3247 = CARTESIAN_POINT( '', ( 0.188102893890675, -0.0959807073954984, 0.0150000000000000 ) );
#3248 = CARTESIAN_POINT( '', ( 0.188102893890675, -0.511736334405145, 0.0150000000000000 ) );
#3249 = CARTESIAN_POINT( '', ( 0.311575562700963, 0.0236334405144694, 0.0150000000000000 ) );
#3250 = CARTESIAN_POINT( '', ( 0.311575562700963, 0.0236334405144694, 0.0150000000000000 ) );
#3251 = CARTESIAN_POINT( '', ( 0.188102893890675, -0.0959807073954984, 0.0150000000000000 ) );
#3252 = CARTESIAN_POINT( '', ( 0.663665594855304, -0.511736334405145, 0.0150000000000000 ) );
#3253 = CARTESIAN_POINT( '', ( 0.663665594855304, -0.511736334405145, 0.0150000000000000 ) );
#3254 = CARTESIAN_POINT( '', ( 0.311575562700963, 0.0236334405144694, 0.0150000000000000 ) );
#3255 = CARTESIAN_POINT( '', ( 0.883601286173633, -0.511736334405145, 0.0150000000000000 ) );
#3256 = CARTESIAN_POINT( '', ( 0.883601286173633, -0.511736334405145, 0.0150000000000000 ) );
#3257 = CARTESIAN_POINT( '', ( 0.663665594855304, -0.511736334405145, 0.0150000000000000 ) );
#3258 = CARTESIAN_POINT( '', ( 0.439871382636655, 0.148070739549839, 0.0150000000000000 ) );
#3259 = CARTESIAN_POINT( '', ( 0.439871382636655, 0.148070739549839, 0.0150000000000000 ) );
#3260 = CARTESIAN_POINT( '', ( 0.883601286173633, -0.511736334405145, 0.0150000000000000 ) );
#3261 = CARTESIAN_POINT( '', ( 0.843086816720257, 0.539710610932476, 0.0150000000000000 ) );
#3262 = CARTESIAN_POINT( '', ( 0.843086816720257, 0.539710610932476, 0.0150000000000000 ) );
#3263 = CARTESIAN_POINT( '', ( 0.439871382636655, 0.148070739549839, 0.0150000000000000 ) );
#3264 = CARTESIAN_POINT( '', ( 0.611575562700963, 0.539710610932476, 0.0150000000000000 ) );
#3265 = CARTESIAN_POINT( '', ( 0.611575562700963, 0.539710610932476, 0.0150000000000000 ) );
#3266 = CARTESIAN_POINT( '', ( 0.843086816720257, 0.539710610932476, 0.0150000000000000 ) );
#3267 = CARTESIAN_POINT( '', ( 0.188102893890675, 0.113344051446945, 0.0150000000000000 ) );
#3268 = CARTESIAN_POINT( '', ( 0.188102893890675, 0.113344051446945, 0.0150000000000000 ) );
#3269 = CARTESIAN_POINT( '', ( 0.611575562700963, 0.539710610932476, 0.0150000000000000 ) );
#3270 = CARTESIAN_POINT( '', ( 0.188102893890675, 0.937138263665595, 0.0150000000000000 ) );
#3271 = CARTESIAN_POINT( '', ( 0.188102893890675, 0.937138263665595, 0.0150000000000000 ) );
#3272 = CARTESIAN_POINT( '', ( 0.188102893890675, 0.113344051446945, 0.0150000000000000 ) );
#3273 = CARTESIAN_POINT( '', ( 0.0106109324758833, 0.937138263665595, 0.0150000000000000 ) );
#3274 = CARTESIAN_POINT( '', ( 0.0106109324758833, 0.937138263665595, 0.0150000000000000 ) );
#3275 = CARTESIAN_POINT( '', ( 0.188102893890675, 0.937138263665595, 0.0150000000000000 ) );
#3276 = CARTESIAN_POINT( '', ( 0.0106109324758833, -0.511736334405145, 0.0150000000000000 ) );
#3277 = CARTESIAN_POINT( '', ( 0.0106109324758833, 0.937138263665595, 0.0150000000000000 ) );
#3278 = COLOUR_RGB( '', 0.000000000000000, 0.000000000000000, 0.000000000000000 );
#3279 = CARTESIAN_POINT( '', ( -2.26109324758843, -0.511736334405145, 0.0250000000000000 ) );
#3280 = CARTESIAN_POINT( '', ( -2.26109324758843, 0.702733118971061, 0.0250000000000000 ) );
#3281 = CARTESIAN_POINT( '', ( -2.26109324758843, -0.511736334405145, 0.0250000000000000 ) );
#3282 = CARTESIAN_POINT( '', ( -2.26109324758843, -0.106913183279743, 0.0250000000000000 ) );
#3283 = CARTESIAN_POINT( '', ( -2.26109324758843, 0.297909967845659, 0.0250000000000000 ) );
#3284 = CARTESIAN_POINT( '', ( -2.26109324758843, 0.702733118971061, 0.0250000000000000 ) );
#3285 = CARTESIAN_POINT( '', ( -2.26109324758843, -0.511736334405145, 0.0150000000000000 ) );
#3286 = CARTESIAN_POINT( '', ( -2.26109324758843, -0.511736334405145, 0.0150000000000000 ) );
#3287 = VECTOR( '', #4613, 1000.00000000000 );
#3288 = CARTESIAN_POINT( '', ( -2.26109324758843, 0.702733118971061, 0.0150000000000000 ) );
#3289 = CARTESIAN_POINT( '', ( -2.26109324758843, -0.511736334405145, 0.0150000000000000 ) );
#3290 = CARTESIAN_POINT( '', ( -2.26109324758843, -0.106913183279743, 0.0150000000000000 ) );
#3291 = CARTESIAN_POINT( '', ( -2.26109324758843, 0.297909967845659, 0.0150000000000000 ) );
#3292 = CARTESIAN_POINT( '', ( -2.26109324758843, 0.702733118971061, 0.0150000000000000 ) );
#3293 = CARTESIAN_POINT( '', ( -2.26109324758843, 0.702733118971061, 0.0150000000000000 ) );
#3294 = VECTOR( '', #4614, 1000.00000000000 );
#3295 = COLOUR_RGB( '', 0.550000011900000, 0.311243504300000, 0.218416497100000 );
#3296 = CARTESIAN_POINT( '', ( -3.20000000000000, 3.76846335602309, 1.94999979868540 ) );
#3297 = CARTESIAN_POINT( '', ( -5.00000000000000, 3.76846335602308, 1.94999979868540 ) );
#3298 = CARTESIAN_POINT( '', ( -3.20000000000000, 3.76817958534142, 1.95000000000000 ) );
#3299 = CARTESIAN_POINT( '', ( -5.00000000000000, 3.76817958534142, 1.95000000000000 ) );
#3300 = CARTESIAN_POINT( '', ( -5.00000000000000, -1.83697019872103E-15, 1.80000000000000 ) );
#3301 = CARTESIAN_POINT( '', ( -5.00000000000000, -1.83697019872103E-15, 1.80000000000000 ) );
#3302 = VECTOR( '', #4615, 1000.00000000000 );
#3303 = CARTESIAN_POINT( '', ( -3.20000000000000, -1.17566092718146E-15, 1.80000000000000 ) );
#3304 = CARTESIAN_POINT( '', ( -5.00000000000000, -1.83697019872103E-15, 1.80000000000000 ) );
#3305 = VECTOR( '', #4616, 1000.00000000000 );
#3306 = CARTESIAN_POINT( '', ( -3.20000000000000, -1.17566092718146E-15, 1.80000000000000 ) );
#3307 = VECTOR( '', #4617, 1000.00000000000 );
#3308 = COLOUR_RGB( '', 0.000000000000000, 0.000000000000000, 0.000000000000000 );
#3309 = CARTESIAN_POINT( '', ( 3.29807073954984, 0.539710610932476, 0.0250000000000000 ) );
#3310 = CARTESIAN_POINT( '', ( 3.45819935691318, 0.539710610932476, 0.0250000000000000 ) );
#3311 = CARTESIAN_POINT( '', ( 3.29807073954984, 0.539710610932476, 0.0250000000000000 ) );
#3312 = CARTESIAN_POINT( '', ( 3.35144694533762, 0.539710610932476, 0.0250000000000000 ) );
#3313 = CARTESIAN_POINT( '', ( 3.40482315112540, 0.539710610932476, 0.0250000000000000 ) );
#3314 = CARTESIAN_POINT( '', ( 3.45819935691318, 0.539710610932476, 0.0250000000000000 ) );
#3315 = CARTESIAN_POINT( '', ( 3.29807073954984, 0.539710610932476, 0.0150000000000000 ) );
#3316 = CARTESIAN_POINT( '', ( 3.29807073954984, 0.539710610932476, 0.0150000000000000 ) );
#3317 = VECTOR( '', #4618, 1000.00000000000 );
#3318 = CARTESIAN_POINT( '', ( 3.45819935691318, 0.539710610932476, 0.0150000000000000 ) );
#3319 = CARTESIAN_POINT( '', ( 3.29807073954984, 0.539710610932476, 0.0150000000000000 ) );
#3320 = CARTESIAN_POINT( '', ( 3.35144694533762, 0.539710610932476, 0.0150000000000000 ) );
#3321 = CARTESIAN_POINT( '', ( 3.40482315112540, 0.539710610932476, 0.0150000000000000 ) );
#3322 = CARTESIAN_POINT( '', ( 3.45819935691318, 0.539710610932476, 0.0150000000000000 ) );
#3323 = CARTESIAN_POINT( '', ( 3.45819935691318, 0.539710610932476, 0.0150000000000000 ) );
#3324 = VECTOR( '', #4619, 1000.00000000000 );
#3325 = COLOUR_RGB( '', 0.550000011900000, 0.311243504300000, 0.218416497100000 );
#3326 = CARTESIAN_POINT( '', ( -3.20000000000000, 3.68011224083839, 1.14649430145876 ) );
#3327 = CARTESIAN_POINT( '', ( -3.20000000000000, 4.20000000000000, 0.646889980985519 ) );
#3328 = AXIS2_PLACEMENT_3D( '', #4620, #4621, #4622 );
#3329 = CARTESIAN_POINT( '', ( -5.00000000000000, 3.68011224083839, 1.14649430145876 ) );
#3330 = CARTESIAN_POINT( '', ( -3.20000000000000, 3.68011224083839, 1.14649430145876 ) );
#3331 = VECTOR( '', #4623, 1000.00000000000 );
#3332 = CARTESIAN_POINT( '', ( -5.00000000000000, 4.20000000000000, 0.646889980985519 ) );
#3333 = AXIS2_PLACEMENT_3D( '', #4624, #4625, #4626 );
#3334 = CARTESIAN_POINT( '', ( -5.00000000000000, 4.20000000000000, 0.646889980985519 ) );
#3335 = VECTOR( '', #4627, 1000.00000000000 );
#3336 = COLOUR_RGB( '', 0.000000000000000, 0.000000000000000, 0.000000000000000 );
#3337 = CARTESIAN_POINT( '', ( 0.311575562700963, 0.0236334405144694, 0.0250000000000000 ) );
#3338 = CARTESIAN_POINT( '', ( 0.188102893890675, -0.0959807073954984, 0.0250000000000000 ) );
#3339 = CARTESIAN_POINT( '', ( 0.311575562700963, 0.0236334405144694, 0.0250000000000000 ) );
#3340 = CARTESIAN_POINT( '', ( 0.188102893890675, -0.0959807073954984, 0.0250000000000000 ) );
#3341 = CARTESIAN_POINT( '', ( 0.311575562700963, 0.0236334405144694, 0.0150000000000000 ) );
#3342 = VECTOR( '', #4628, 1000.00000000000 );
#3343 = CARTESIAN_POINT( '', ( 0.188102893890675, -0.0959807073954984, 0.0150000000000000 ) );
#3344 = VECTOR( '', #4629, 1000.00000000000 );
#3345 = COLOUR_RGB( '', 0.000000000000000, 0.000000000000000, 0.000000000000000 );
#3346 = CARTESIAN_POINT( '', ( -0.162057877813505, 0.342926045016077, 0.0250000000000000 ) );
#3347 = CARTESIAN_POINT( '', ( -0.488102893890677, -0.511736334405145, 0.0250000000000000 ) );
#3348 = CARTESIAN_POINT( '', ( -0.162057877813505, 0.342926045016077, 0.0250000000000000 ) );
#3349 = CARTESIAN_POINT( '', ( -0.204501607717042, 0.367041800643087, 0.0250000000000000 ) );
#3350 = CARTESIAN_POINT( '', ( -0.247909967845659, 0.379581993569132, 0.0250000000000000 ) );
#3351 = CARTESIAN_POINT( '', ( -0.327974276527332, 0.379581993569132, 0.0250000000000000 ) );
#3352 = CARTESIAN_POINT( '', ( -0.362700964630226, 0.368006430868168, 0.0250000000000000 ) );
#3353 = CARTESIAN_POINT( '', ( -0.392604501607717, 0.343890675241158, 0.0250000000000000 ) );
#3354 = CARTESIAN_POINT( '', ( -0.422621166720055, 0.319683687247336, 0.0250000000000000 ) );
#3355 = CARTESIAN_POINT( '', ( -0.444694533762059, 0.287942122186495, 0.0250000000000000 ) );
#3356 = CARTESIAN_POINT( '', ( -0.458199356913184, 0.246463022508039, 0.0250000000000000 ) );
#3357 = CARTESIAN_POINT( '', ( -0.478790084827712, 0.183220072484846, 0.0250000000000000 ) );
#3358 = CARTESIAN_POINT( '', ( -0.488102893890677, 0.113344051446945, 0.0250000000000000 ) );
#3359 = CARTESIAN_POINT( '', ( -0.488102893890677, 0.0381028938906751, 0.0250000000000000 ) );
#3360 = CARTESIAN_POINT( '', ( -0.488102893890677, -0.145176848874598, 0.0250000000000000 ) );
#3361 = CARTESIAN_POINT( '', ( -0.488102893890677, -0.328456591639872, 0.0250000000000000 ) );
#3362 = CARTESIAN_POINT( '', ( -0.488102893890677, -0.511736334405145, 0.0250000000000000 ) );
#3363 = CARTESIAN_POINT( '', ( -0.162057877813505, 0.342926045016077, 0.0150000000000000 ) );
#3364 = CARTESIAN_POINT( '', ( -0.162057877813505, 0.342926045016077, 0.0150000000000000 ) );
#3365 = VECTOR( '', #4630, 1000.00000000000 );
#3366 = CARTESIAN_POINT( '', ( -0.488102893890677, -0.511736334405145, 0.0150000000000000 ) );
#3367 = CARTESIAN_POINT( '', ( -0.162057877813505, 0.342926045016077, 0.0150000000000000 ) );
#3368 = CARTESIAN_POINT( '', ( -0.204501607717042, 0.367041800643087, 0.0150000000000000 ) );
#3369 = CARTESIAN_POINT( '', ( -0.247909967845659, 0.379581993569132, 0.0150000000000000 ) );
#3370 = CARTESIAN_POINT( '', ( -0.327974276527332, 0.379581993569132, 0.0150000000000000 ) );
#3371 = CARTESIAN_POINT( '', ( -0.362700964630226, 0.368006430868168, 0.0150000000000000 ) );
#3372 = CARTESIAN_POINT( '', ( -0.392604501607717, 0.343890675241158, 0.0150000000000000 ) );
#3373 = CARTESIAN_POINT( '', ( -0.422621166720055, 0.319683687247336, 0.0150000000000000 ) );
#3374 = CARTESIAN_POINT( '', ( -0.444694533762059, 0.287942122186495, 0.0150000000000000 ) );
#3375 = CARTESIAN_POINT( '', ( -0.458199356913184, 0.246463022508039, 0.0150000000000000 ) );
#3376 = CARTESIAN_POINT( '', ( -0.478790084827712, 0.183220072484846, 0.0150000000000000 ) );
#3377 = CARTESIAN_POINT( '', ( -0.488102893890677, 0.113344051446945, 0.0150000000000000 ) );
#3378 = CARTESIAN_POINT( '', ( -0.488102893890677, 0.0381028938906751, 0.0150000000000000 ) );
#3379 = CARTESIAN_POINT( '', ( -0.488102893890677, -0.145176848874598, 0.0150000000000000 ) );
#3380 = CARTESIAN_POINT( '', ( -0.488102893890677, -0.328456591639872, 0.0150000000000000 ) );
#3381 = CARTESIAN_POINT( '', ( -0.488102893890677, -0.511736334405145, 0.0150000000000000 ) );
#3382 = CARTESIAN_POINT( '', ( -0.488102893890677, -0.511736334405145, 0.0150000000000000 ) );
#3383 = VECTOR( '', #4631, 1000.00000000000 );
#3384 = COLOUR_RGB( '', 0.000000000000000, 0.000000000000000, 0.000000000000000 );
#3385 = CARTESIAN_POINT( '', ( 0.439871382636655, 0.148070739549839, 0.0250000000000000 ) );
#3386 = CARTESIAN_POINT( '', ( 0.883601286173633, -0.511736334405145, 0.0250000000000000 ) );
#3387 = CARTESIAN_POINT( '', ( 0.439871382636655, 0.148070739549839, 0.0250000000000000 ) );
#3388 = CARTESIAN_POINT( '', ( 0.883601286173633, -0.511736334405145, 0.0250000000000000 ) );
#3389 = CARTESIAN_POINT( '', ( 0.439871382636655, 0.148070739549839, 0.0150000000000000 ) );
#3390 = VECTOR( '', #4632, 1000.00000000000 );
#3391 = CARTESIAN_POINT( '', ( 0.883601286173633, -0.511736334405145, 0.0150000000000000 ) );
#3392 = VECTOR( '', #4633, 1000.00000000000 );
#3393 = COLOUR_RGB( '', 0.000000000000000, 0.000000000000000, 0.000000000000000 );
#3394 = CARTESIAN_POINT( '', ( 1.47202572347267, 0.539710610932476, 0.0250000000000000 ) );
#3395 = CARTESIAN_POINT( '', ( 1.63215434083602, 0.539710610932476, 0.0250000000000000 ) );
#3396 = CARTESIAN_POINT( '', ( 1.47202572347267, 0.539710610932476, 0.0250000000000000 ) );
#3397 = CARTESIAN_POINT( '', ( 1.52540192926045, 0.539710610932476, 0.0250000000000000 ) );
#3398 = CARTESIAN_POINT( '', ( 1.57877813504823, 0.539710610932476, 0.0250000000000000 ) );
#3399 = CARTESIAN_POINT( '', ( 1.63215434083602, 0.539710610932476, 0.0250000000000000 ) );
#3400 = CARTESIAN_POINT( '', ( 1.47202572347267, 0.539710610932476, 0.0150000000000000 ) );
#3401 = CARTESIAN_POINT( '', ( 1.47202572347267, 0.539710610932476, 0.0150000000000000 ) );
#3402 = VECTOR( '', #4634, 1000.00000000000 );
#3403 = CARTESIAN_POINT( '', ( 1.63215434083602, 0.539710610932476, 0.0150000000000000 ) );
#3404 = CARTESIAN_POINT( '', ( 1.47202572347267, 0.539710610932476, 0.0150000000000000 ) );
#3405 = CARTESIAN_POINT( '', ( 1.52540192926045, 0.539710610932476, 0.0150000000000000 ) );
#3406 = CARTESIAN_POINT( '', ( 1.57877813504823, 0.539710610932476, 0.0150000000000000 ) );
#3407 = CARTESIAN_POINT( '', ( 1.63215434083602, 0.539710610932476, 0.0150000000000000 ) );
#3408 = CARTESIAN_POINT( '', ( 1.63215434083602, 0.539710610932476, 0.0150000000000000 ) );
#3409 = VECTOR( '', #4635, 1000.00000000000 );
#3410 = COLOUR_RGB( '', 0.550000011900000, 0.311243504300000, 0.218416497100000 );
#3411 = CARTESIAN_POINT( '', ( 5.00000000000000, -3.55000000000000, -1.24000000000000 ) );
#3412 = CARTESIAN_POINT( '', ( 5.00000000000000, 3.68000000000000, -1.24000000000000 ) );
#3413 = CARTESIAN_POINT( '', ( 5.00000000000000, -3.55000000000000, -1.24000000000000 ) );
#3414 = VECTOR( '', #4636, 1000.00000000000 );
#3415 = CARTESIAN_POINT( '', ( 5.00000000000000, -3.55000000000000, -2.04000000000000 ) );
#3416 = CARTESIAN_POINT( '', ( 5.00000000000000, -3.55000000000000, -1.24000000000000 ) );
#3417 = VECTOR( '', #4637, 1000.00000000000 );
#3418 = CARTESIAN_POINT( '', ( 5.00000000000000, 3.68000000000000, -2.04000000000000 ) );
#3419 = CARTESIAN_POINT( '', ( 5.00000000000000, -3.55000000000000, -2.04000000000000 ) );
#3420 = VECTOR( '', #4638, 1000.00000000000 );
#3421 = CARTESIAN_POINT( '', ( 5.00000000000000, 3.68000000000000, 0.400000000000000 ) );
#3422 = AXIS2_PLACEMENT_3D( '', #4639, #4640, #4641 );
#3423 = CARTESIAN_POINT( '', ( 5.00000000000000, 0.000000000000000, 0.400000000000000 ) );
#3424 = CARTESIAN_POINT( '', ( 5.00000000000000, 3.68000000000000, 0.400000000000000 ) );
#3425 = VECTOR( '', #4642, 1000.00000000000 );
#3426 = CARTESIAN_POINT( '', ( 5.00000000000000, 0.000000000000000, -0.400000000000000 ) );
#3427 = CARTESIAN_POINT( '', ( 5.00000000000000, 0.000000000000000, -0.400000000000000 ) );
#3428 = VECTOR( '', #4643, 1000.00000000000 );
#3429 = CARTESIAN_POINT( '', ( 5.00000000000000, 3.68000000000000, -0.400000000000000 ) );
#3430 = CARTESIAN_POINT( '', ( 5.00000000000000, 3.68000000000000, -0.400000000000000 ) );
#3431 = VECTOR( '', #4644, 1000.00000000000 );
#3432 = AXIS2_PLACEMENT_3D( '', #4645, #4646, #4647 );
#3433 = COLOUR_RGB( '', 0.000000000000000, 0.000000000000000, 0.000000000000000 );
#3434 = CARTESIAN_POINT( '', ( -3.45819935691318, 0.937138263665595, 0.0250000000000000 ) );
#3435 = CARTESIAN_POINT( '', ( -3.17266881028939, 0.937138263665595, 0.0250000000000000 ) );
#3436 = CARTESIAN_POINT( '', ( -3.45819935691318, 0.937138263665595, 0.0250000000000000 ) );
#3437 = CARTESIAN_POINT( '', ( -3.36302250803858, 0.937138263665595, 0.0250000000000000 ) );
#3438 = CARTESIAN_POINT( '', ( -3.26784565916399, 0.937138263665595, 0.0250000000000000 ) );
#3439 = CARTESIAN_POINT( '', ( -3.17266881028939, 0.937138263665595, 0.0250000000000000 ) );
#3440 = CARTESIAN_POINT( '', ( -3.45819935691318, 0.937138263665595, 0.0150000000000000 ) );
#3441 = CARTESIAN_POINT( '', ( -3.45819935691318, 0.937138263665595, 0.0150000000000000 ) );
#3442 = VECTOR( '', #4648, 1000.00000000000 );
#3443 = CARTESIAN_POINT( '', ( -3.17266881028939, 0.937138263665595, 0.0150000000000000 ) );
#3444 = CARTESIAN_POINT( '', ( -3.45819935691318, 0.937138263665595, 0.0150000000000000 ) );
#3445 = CARTESIAN_POINT( '', ( -3.36302250803858, 0.937138263665595, 0.0150000000000000 ) );
#3446 = CARTESIAN_POINT( '', ( -3.26784565916399, 0.937138263665595, 0.0150000000000000 ) );
#3447 = CARTESIAN_POINT( '', ( -3.17266881028939, 0.937138263665595, 0.0150000000000000 ) );
#3448 = CARTESIAN_POINT( '', ( -3.17266881028939, 0.937138263665595, 0.0150000000000000 ) );
#3449 = VECTOR( '', #4649, 1000.00000000000 );
#3450 = COLOUR_RGB( '', 0.550000011900000, 0.311243504300000, 0.218416497100000 );
#3451 = CARTESIAN_POINT( '', ( 3.20000000000000, 0.000000000000000, -0.400000000000000 ) );
#3452 = CARTESIAN_POINT( '', ( -3.20000000000000, -1.17566092718146E-15, 1.00000000000000 ) );
#3455 = CARTESIAN_POINT( '', ( 3.20000000000000, 0.000000000000000, -0.400000000000000 ) );
#3456 = CARTESIAN_POINT( '', ( 3.20000000000000, -1.84752086140680, -0.322222222222221 ) );
#3457 = CARTESIAN_POINT( '', ( 1.60000000000000, -2.77128129211021, -0.244444444444444 ) );
#3458 = CARTESIAN_POINT( '', ( 2.95652702879663E-16, -3.69504172281360, -0.166666666666667 ) );
#3459 = CARTESIAN_POINT( '', ( -1.60000000000000, -2.77128129211021, -0.0888888888888891 ) );
#3460 = CARTESIAN_POINT( '', ( -3.20000000000000, -1.84752086140680, -0.0111111111111115 ) );
#3461 = CARTESIAN_POINT( '', ( -3.20000000000000, -3.91886975727153E-16, 0.0666666666666663 ) );
#3462 = CARTESIAN_POINT( '', ( -3.20000000000000, 1.84752086140680, 0.144444444444444 ) );
#3463 = CARTESIAN_POINT( '', ( -1.60000000000000, 2.77128129211021, 0.222222222222222 ) );
#3464 = CARTESIAN_POINT( '', ( -6.66521684792466E-16, 3.69504172281360, 0.300000000000000 ) );
#3465 = CARTESIAN_POINT( '', ( 1.60000000000000, 2.77128129211021, 0.377777777777778 ) );
#3466 = CARTESIAN_POINT( '', ( 3.20000000000000, 1.84752086140680, 0.455555555555556 ) );
#3467 = CARTESIAN_POINT( '', ( 3.20000000000000, 7.83773951454306E-16, 0.533333333333334 ) );
#3468 = CARTESIAN_POINT( '', ( 3.20000000000000, -1.84752086140680, 0.611111111111111 ) );
#3469 = CARTESIAN_POINT( '', ( 1.60000000000000, -2.77128129211021, 0.688888888888889 ) );
#3470 = CARTESIAN_POINT( '', ( 4.36823285676578E-15, -3.69504172281360, 0.766666666666667 ) );
#3471 = CARTESIAN_POINT( '', ( -1.60000000000000, -2.77128129211021, 0.844444444444444 ) );
#3472 = CARTESIAN_POINT( '', ( -3.19999999999999, -1.84752086140680, 0.922222222222221 ) );
#3473 = CARTESIAN_POINT( '', ( -3.20000000000000, -1.17566092718146E-15, 1.00000000000000 ) );
#3479 = CARTESIAN_POINT( '', ( -3.20000000000000, -1.17566092718146E-15, 1.80000000000000 ) );
#3480 = VECTOR( '', #4650, 1000.00000000000 );
#3481 = CARTESIAN_POINT( '', ( 3.20000000000000, 0.000000000000000, 0.400000000000000 ) );
#3484 = CARTESIAN_POINT( '', ( 3.20000000000000, 0.000000000000000, 0.400000000000000 ) );
#3485 = CARTESIAN_POINT( '', ( 3.20000000000000, -1.84752086140680, 0.477777777777777 ) );
#3486 = CARTESIAN_POINT( '', ( 1.60000000000000, -2.77128129211021, 0.555555555555555 ) );
#3487 = CARTESIAN_POINT( '', ( 1.97680958947875E-16, -3.69504172281360, 0.633333333333333 ) );
#3488 = CARTESIAN_POINT( '', ( -1.60000000000000, -2.77128129211021, 0.711111111111110 ) );
#3489 = CARTESIAN_POINT( '', ( -3.20000000000000, -1.84752086140680, 0.788888888888887 ) );
#3490 = CARTESIAN_POINT( '', ( -3.20000000000000, -3.91886975727153E-16, 0.866666666666666 ) );
#3491 = CARTESIAN_POINT( '', ( -3.20000000000000, 1.84752086140680, 0.944444444444443 ) );
#3492 = CARTESIAN_POINT( '', ( -1.60000000000000, 2.77128129211021, 1.02222222222222 ) );
#3493 = CARTESIAN_POINT( '', ( -7.64493428724255E-16, 3.69504172281360, 1.10000000000000 ) );
#3494 = CARTESIAN_POINT( '', ( 1.60000000000000, 2.77128129211021, 1.17777777777778 ) );
#3495 = CARTESIAN_POINT( '', ( 3.20000000000000, 1.84752086140680, 1.25555555555555 ) );
#3496 = CARTESIAN_POINT( '', ( 3.20000000000000, 7.83773951454306E-16, 1.33333333333333 ) );
#3497 = CARTESIAN_POINT( '', ( 3.20000000000000, -1.84752086140680, 1.41111111111111 ) );
#3498 = CARTESIAN_POINT( '', ( 1.60000000000000, -2.77128129211021, 1.48888888888889 ) );
#3499 = CARTESIAN_POINT( '', ( 4.27026111283399E-15, -3.69504172281360, 1.56666666666667 ) );
#3500 = CARTESIAN_POINT( '', ( -1.60000000000000, -2.77128129211021, 1.64444444444445 ) );
#3501 = CARTESIAN_POINT( '', ( -3.19999999999999, -1.84752086140680, 1.72222222222222 ) );
#3502 = CARTESIAN_POINT( '', ( -3.20000000000000, -1.17566092718146E-15, 1.80000000000000 ) );
#3508 = CARTESIAN_POINT( '', ( 3.20000000000000, 0.000000000000000, 0.400000000000000 ) );
#3509 = VECTOR( '', #4651, 1000.00000000000 );
#3510 = COLOUR_RGB( '', 0.000000000000000, 0.000000000000000, 0.000000000000000 );
#3511 = CARTESIAN_POINT( '', ( 0.663665594855304, -0.511736334405145, 0.0250000000000000 ) );
#3512 = CARTESIAN_POINT( '', ( 0.663665594855304, -0.511736334405145, 0.0250000000000000 ) );
#3513 = CARTESIAN_POINT( '', ( 0.311575562700963, 0.0236334405144694, 0.0250000000000000 ) );
#3514 = CARTESIAN_POINT( '', ( 0.663665594855304, -0.511736334405145, 0.0150000000000000 ) );
#3515 = VECTOR( '', #4652, 1000.00000000000 );
#3516 = COLOUR_RGB( '', 0.000000000000000, 0.000000000000000, 0.000000000000000 );
#3517 = CARTESIAN_POINT( '', ( -0.664630225080387, -0.511736334405145, 0.0150000000000000 ) );
#3518 = CARTESIAN_POINT( '', ( -0.488102893890677, -0.511736334405145, 0.0150000000000000 ) );
#3519 = CARTESIAN_POINT( '', ( -0.546945337620580, -0.511736334405145, 0.0150000000000000 ) );
#3520 = CARTESIAN_POINT( '', ( -0.605787781350483, -0.511736334405145, 0.0150000000000000 ) );
#3521 = CARTESIAN_POINT( '', ( -0.664630225080387, -0.511736334405145, 0.0150000000000000 ) );
#3522 = CARTESIAN_POINT( '', ( -0.100321543408361, 0.505948553054662, 0.0150000000000000 ) );
#3523 = CARTESIAN_POINT( '', ( -0.100321543408361, 0.505948553054662, 0.0150000000000000 ) );
#3524 = CARTESIAN_POINT( '', ( -0.120900321543409, 0.451607717041801, 0.0150000000000000 ) );
#3525 = CARTESIAN_POINT( '', ( -0.141479099678457, 0.397266881028939, 0.0150000000000000 ) );
#3526 = CARTESIAN_POINT( '', ( -0.162057877813505, 0.342926045016077, 0.0150000000000000 ) );
#3527 = CARTESIAN_POINT( '', ( -0.504501607717043, 0.380546623794212, 0.0150000000000000 ) );
#3528 = CARTESIAN_POINT( '', ( -0.504501607717043, 0.380546623794212, 0.0150000000000000 ) );
#3529 = CARTESIAN_POINT( '', ( -0.463987138263666, 0.454823151125402, 0.0150000000000000 ) );
#3530 = CARTESIAN_POINT( '', ( -0.427331189710612, 0.504019292604502, 0.0150000000000000 ) );
#3531 = CARTESIAN_POINT( '', ( -0.393569131832798, 0.527170418006431, 0.0150000000000000 ) );
#3532 = CARTESIAN_POINT( '', ( -0.358701043186083, 0.551079964507035, 0.0150000000000000 ) );
#3533 = CARTESIAN_POINT( '', ( -0.321221864951769, 0.562861736334405, 0.0150000000000000 ) );
#3534 = CARTESIAN_POINT( '', ( -0.220900321543408, 0.562861736334405, 0.0150000000000000 ) );
#3535 = CARTESIAN_POINT( '', ( -0.161093247588425, 0.543569131832797, 0.0150000000000000 ) );
#3536 = CARTESIAN_POINT( '', ( -0.100321543408361, 0.505948553054662, 0.0150000000000000 ) );
#3537 = CARTESIAN_POINT( '', ( -0.504501607717043, 0.539710610932476, 0.0150000000000000 ) );
#3538 = CARTESIAN_POINT( '', ( -0.504501607717043, 0.539710610932476, 0.0150000000000000 ) );
#3539 = CARTESIAN_POINT( '', ( -0.504501607717043, 0.486655948553055, 0.0150000000000000 ) );
#3540 = CARTESIAN_POINT( '', ( -0.504501607717043, 0.433601286173633, 0.0150000000000000 ) );
#3541 = CARTESIAN_POINT( '', ( -0.504501607717043, 0.380546623794212, 0.0150000000000000 ) );
#3542 = CARTESIAN_POINT( '', ( -0.664630225080387, 0.539710610932476, 0.0150000000000000 ) );
#3543 = CARTESIAN_POINT( '', ( -0.664630225080387, 0.539710610932476, 0.0150000000000000 ) );
#3544 = CARTESIAN_POINT( '', ( -0.611254019292606, 0.539710610932476, 0.0150000000000000 ) );
#3545 = CARTESIAN_POINT( '', ( -0.557877813504824, 0.539710610932476, 0.0150000000000000 ) );
#3546 = CARTESIAN_POINT( '', ( -0.504501607717043, 0.539710610932476, 0.0150000000000000 ) );
#3547 = CARTESIAN_POINT( '', ( -0.664630225080387, -0.511736334405145, 0.0150000000000000 ) );
#3548 = CARTESIAN_POINT( '', ( -0.664630225080387, -0.161254019292605, 0.0150000000000000 ) );
#3549 = CARTESIAN_POINT( '', ( -0.664630225080387, 0.189228295819935, 0.0150000000000000 ) );
#3550 = CARTESIAN_POINT( '', ( -0.664630225080387, 0.539710610932476, 0.0150000000000000 ) );
#3551 = COLOUR_RGB( '', 0.000000000000000, 0.000000000000000, 0.000000000000000 );
#3552 = CARTESIAN_POINT( '', ( 1.47202572347267, -0.511736334405145, 0.0250000000000000 ) );
#3553 = CARTESIAN_POINT( '', ( 1.64951768488746, -0.511736334405145, 0.0250000000000000 ) );
#3554 = CARTESIAN_POINT( '', ( 1.59035369774919, -0.511736334405145, 0.0250000000000000 ) );
#3555 = CARTESIAN_POINT( '', ( 1.53118971061093, -0.511736334405145, 0.0250000000000000 ) );
#3556 = CARTESIAN_POINT( '', ( 1.47202572347267, -0.511736334405145, 0.0250000000000000 ) );
#3557 = CARTESIAN_POINT( '', ( 1.47202572347267, -0.511736334405145, 0.0150000000000000 ) );
#3558 = CARTESIAN_POINT( '', ( 1.64951768488746, -0.511736334405145, 0.0150000000000000 ) );
#3559 = CARTESIAN_POINT( '', ( 1.59035369774919, -0.511736334405145, 0.0150000000000000 ) );
#3560 = CARTESIAN_POINT( '', ( 1.53118971061093, -0.511736334405145, 0.0150000000000000 ) );
#3561 = CARTESIAN_POINT( '', ( 1.47202572347267, -0.511736334405145, 0.0150000000000000 ) );
#3562 = CARTESIAN_POINT( '', ( 1.47202572347267, -0.511736334405145, 0.0150000000000000 ) );
#3563 = VECTOR( '', #4653, 1000.00000000000 );
#3564 = COLOUR_RGB( '', 0.000000000000000, 0.000000000000000, 0.000000000000000 );
#3565 = CARTESIAN_POINT( '', ( -2.33151125401929, 0.937138263665595, 0.0250000000000000 ) );
#3566 = CARTESIAN_POINT( '', ( -2.07684887459807, 0.937138263665595, 0.0250000000000000 ) );
#3567 = CARTESIAN_POINT( '', ( -2.33151125401929, 0.937138263665595, 0.0250000000000000 ) );
#3568 = CARTESIAN_POINT( '', ( -2.24662379421222, 0.937138263665595, 0.0250000000000000 ) );
#3569 = CARTESIAN_POINT( '', ( -2.16173633440515, 0.937138263665595, 0.0250000000000000 ) );
#3570 = CARTESIAN_POINT( '', ( -2.07684887459807, 0.937138263665595, 0.0250000000000000 ) );
#3571 = CARTESIAN_POINT( '', ( -2.33151125401929, 0.937138263665595, 0.0150000000000000 ) );
#3572 = CARTESIAN_POINT( '', ( -2.33151125401929, 0.937138263665595, 0.0150000000000000 ) );
#3573 = VECTOR( '', #4654, 1000.00000000000 );
#3574 = CARTESIAN_POINT( '', ( -2.07684887459807, 0.937138263665595, 0.0150000000000000 ) );
#3575 = CARTESIAN_POINT( '', ( -2.33151125401929, 0.937138263665595, 0.0150000000000000 ) );
#3576 = CARTESIAN_POINT( '', ( -2.24662379421222, 0.937138263665595, 0.0150000000000000 ) );
#3577 = CARTESIAN_POINT( '', ( -2.16173633440515, 0.937138263665595, 0.0150000000000000 ) );
#3578 = CARTESIAN_POINT( '', ( -2.07684887459807, 0.937138263665595, 0.0150000000000000 ) );
#3579 = CARTESIAN_POINT( '', ( -2.07684887459807, 0.937138263665595, 0.0150000000000000 ) );
#3580 = VECTOR( '', #4655, 1000.00000000000 );
#3581 = COLOUR_RGB( '', 0.000000000000000, 0.000000000000000, 0.000000000000000 );
#3582 = CARTESIAN_POINT( '', ( 0.0106109324758833, 0.937138263665595, 0.0250000000000000 ) );
#3583 = CARTESIAN_POINT( '', ( 0.188102893890675, 0.937138263665595, 0.0250000000000000 ) );
#3584 = CARTESIAN_POINT( '', ( 0.0106109324758833, 0.937138263665595, 0.0250000000000000 ) );
#3585 = CARTESIAN_POINT( '', ( 0.188102893890675, 0.937138263665595, 0.0250000000000000 ) );
#3586 = CARTESIAN_POINT( '', ( 0.0106109324758833, 0.937138263665595, 0.0150000000000000 ) );
#3587 = VECTOR( '', #4656, 1000.00000000000 );
#3588 = CARTESIAN_POINT( '', ( 0.188102893890675, 0.937138263665595, 0.0150000000000000 ) );
#3589 = VECTOR( '', #4657, 1000.00000000000 );
#3590 = COLOUR_RGB( '', 0.000000000000000, 0.000000000000000, 0.000000000000000 );
#3591 = CARTESIAN_POINT( '', ( -2.85627009646302, -0.511736334405145, 0.0250000000000000 ) );
#3592 = CARTESIAN_POINT( '', ( -3.27491961414791, 0.722990353697749, 0.0250000000000000 ) );
#3593 = CARTESIAN_POINT( '', ( -2.85627009646302, -0.511736334405145, 0.0250000000000000 ) );
#3594 = CARTESIAN_POINT( '', ( -2.99581993569132, -0.100160771704180, 0.0250000000000000 ) );
#3595 = CARTESIAN_POINT( '', ( -3.13536977491961, 0.311414790996785, 0.0250000000000000 ) );
#3596 = CARTESIAN_POINT( '', ( -3.27491961414791, 0.722990353697749, 0.0250000000000000 ) );
#3597 = CARTESIAN_POINT( '', ( -2.85627009646302, -0.511736334405145, 0.0150000000000000 ) );
#3598 = CARTESIAN_POINT( '', ( -2.85627009646302, -0.511736334405145, 0.0150000000000000 ) );
#3599 = VECTOR( '', #4658, 1000.00000000000 );
#3600 = CARTESIAN_POINT( '', ( -3.27491961414791, 0.722990353697749, 0.0150000000000000 ) );
#3601 = CARTESIAN_POINT( '', ( -2.85627009646302, -0.511736334405145, 0.0150000000000000 ) );
#3602 = CARTESIAN_POINT( '', ( -2.99581993569132, -0.100160771704180, 0.0150000000000000 ) );
#3603 = CARTESIAN_POINT( '', ( -3.13536977491961, 0.311414790996785, 0.0150000000000000 ) );
#3604 = CARTESIAN_POINT( '', ( -3.27491961414791, 0.722990353697749, 0.0150000000000000 ) );
#3605 = CARTESIAN_POINT( '', ( -3.27491961414791, 0.722990353697749, 0.0150000000000000 ) );
#3606 = VECTOR( '', #4659, 1000.00000000000 );
#3607 = COLOUR_RGB( '', 0.000000000000000, 0.000000000000000, 0.000000000000000 );
#3608 = CARTESIAN_POINT( '', ( 1.20385852090032, 0.539710610932476, 0.0250000000000000 ) );
#3609 = CARTESIAN_POINT( '', ( 1.20385852090032, -0.511736334405145, 0.0250000000000000 ) );
#3610 = CARTESIAN_POINT( '', ( 1.20385852090032, 0.539710610932476, 0.0250000000000000 ) );
#3611 = CARTESIAN_POINT( '', ( 1.20385852090032, -0.511736334405145, 0.0250000000000000 ) );
#3612 = CARTESIAN_POINT( '', ( 1.20385852090032, 0.539710610932476, 0.0150000000000000 ) );
#3613 = CARTESIAN_POINT( '', ( 1.20385852090032, 0.539710610932476, 0.0150000000000000 ) );
#3614 = VECTOR( '', #4660, 1000.00000000000 );
#3615 = CARTESIAN_POINT( '', ( 1.20385852090032, -0.511736334405145, 0.0150000000000000 ) );
#3616 = CARTESIAN_POINT( '', ( 1.20385852090032, 0.539710610932476, 0.0150000000000000 ) );
#3617 = CARTESIAN_POINT( '', ( 1.20385852090032, -0.511736334405145, 0.0150000000000000 ) );
#3618 = CARTESIAN_POINT( '', ( 1.20385852090032, -0.511736334405145, 0.0150000000000000 ) );
#3619 = VECTOR( '', #4661, 1000.00000000000 );
#3620 = COLOUR_RGB( '', 0.000000000000000, 0.000000000000000, 0.000000000000000 );
#3621 = CARTESIAN_POINT( '', ( -3.27491961414791, -0.511736334405145, 0.0150000000000000 ) );
#3622 = CARTESIAN_POINT( '', ( -3.45819935691318, -0.511736334405145, 0.0150000000000000 ) );
#3623 = CARTESIAN_POINT( '', ( -3.27491961414791, -0.511736334405145, 0.0150000000000000 ) );
#3624 = CARTESIAN_POINT( '', ( -3.33601286173634, -0.511736334405145, 0.0150000000000000 ) );
#3625 = CARTESIAN_POINT( '', ( -3.39710610932476, -0.511736334405145, 0.0150000000000000 ) );
#3626 = CARTESIAN_POINT( '', ( -3.45819935691318, -0.511736334405145, 0.0150000000000000 ) );
#3627 = CARTESIAN_POINT( '', ( -3.27491961414791, 0.722990353697749, 0.0150000000000000 ) );
#3628 = CARTESIAN_POINT( '', ( -3.27491961414791, 0.311414790996785, 0.0150000000000000 ) );
#3629 = CARTESIAN_POINT( '', ( -3.27491961414791, -0.100160771704180, 0.0150000000000000 ) );
#3630 = CARTESIAN_POINT( '', ( -3.27491961414791, -0.511736334405145, 0.0150000000000000 ) );
#3631 = CARTESIAN_POINT( '', ( -2.68649517684887, -0.511736334405145, 0.0150000000000000 ) );
#3632 = CARTESIAN_POINT( '', ( -2.68649517684887, -0.511736334405145, 0.0150000000000000 ) );
#3633 = CARTESIAN_POINT( '', ( -2.74308681672026, -0.511736334405145, 0.0150000000000000 ) );
#3634 = CARTESIAN_POINT( '', ( -2.79967845659164, -0.511736334405145, 0.0150000000000000 ) );
#3635 = CARTESIAN_POINT( '', ( -2.85627009646302, -0.511736334405145, 0.0150000000000000 ) );
#3636 = CARTESIAN_POINT( '', ( -2.26109324758843, 0.702733118971061, 0.0150000000000000 ) );
#3637 = CARTESIAN_POINT( '', ( -2.40289389067524, 0.297909967845659, 0.0150000000000000 ) );
#3638 = CARTESIAN_POINT( '', ( -2.54469453376206, -0.106913183279743, 0.0150000000000000 ) );
#3639 = CARTESIAN_POINT( '', ( -2.68649517684887, -0.511736334405145, 0.0150000000000000 ) );
#3640 = CARTESIAN_POINT( '', ( -2.07684887459807, -0.511736334405145, 0.0150000000000000 ) );
#3641 = CARTESIAN_POINT( '', ( -2.07684887459807, -0.511736334405145, 0.0150000000000000 ) );
#3642 = CARTESIAN_POINT( '', ( -2.13826366559486, -0.511736334405145, 0.0150000000000000 ) );
#3643 = CARTESIAN_POINT( '', ( -2.19967845659164, -0.511736334405145, 0.0150000000000000 ) );
#3644 = CARTESIAN_POINT( '', ( -2.26109324758843, -0.511736334405145, 0.0150000000000000 ) );
#3645 = CARTESIAN_POINT( '', ( -2.07684887459807, 0.937138263665595, 0.0150000000000000 ) );
#3646 = CARTESIAN_POINT( '', ( -2.07684887459807, 0.454180064308682, 0.0150000000000000 ) );
#3647 = CARTESIAN_POINT( '', ( -2.07684887459807, -0.0287781350482314, 0.0150000000000000 ) );
#3648 = CARTESIAN_POINT( '', ( -2.07684887459807, -0.511736334405145, 0.0150000000000000 ) );
#3649 = CARTESIAN_POINT( '', ( -2.75884244372990, -0.303376205787782, 0.0150000000000000 ) );
#3650 = CARTESIAN_POINT( '', ( -2.75884244372990, -0.303376205787782, 0.0150000000000000 ) );
#3651 = CARTESIAN_POINT( '', ( -2.74244372990354, -0.250321543408360, 0.0150000000000000 ) );
#3652 = CARTESIAN_POINT( '', ( -2.71639871382636, -0.173151125401930, 0.0150000000000000 ) );
#3653 = CARTESIAN_POINT( '', ( -2.68167202572347, -0.0709003215434083, 0.0150000000000000 ) );
#3654 = CARTESIAN_POINT( '', ( -2.56728529305814, 0.265905057971208, 0.0150000000000000 ) );
#3655 = CARTESIAN_POINT( '', ( -2.44823151125402, 0.601125401929261, 0.0150000000000000 ) );
#3656 = CARTESIAN_POINT( '', ( -2.33151125401929, 0.937138263665595, 0.0150000000000000 ) );
#3657 = CARTESIAN_POINT( '', ( -3.17266881028939, 0.937138263665595, 0.0150000000000000 ) );
#3658 = CARTESIAN_POINT( '', ( -3.05787781350482, 0.595337620578778, 0.0150000000000000 ) );
#3659 = CARTESIAN_POINT( '', ( -2.94308681672026, 0.253536977491962, 0.0150000000000000 ) );
#3660 = CARTESIAN_POINT( '', ( -2.82829581993569, -0.0882636655948554, 0.0150000000000000 ) );
#3661 = CARTESIAN_POINT( '', ( -2.79595660809527, -0.184556612895596, 0.0150000000000000 ) );
#3662 = CARTESIAN_POINT( '', ( -2.77331189710611, -0.256109324758842, 0.0150000000000000 ) );
#3663 = CARTESIAN_POINT( '', ( -2.75884244372990, -0.303376205787782, 0.0150000000000000 ) );
#3664 = CARTESIAN_POINT( '', ( -3.45819935691318, -0.511736334405145, 0.0150000000000000 ) );
#3665 = CARTESIAN_POINT( '', ( -3.45819935691318, -0.0287781350482316, 0.0150000000000000 ) );
#3666 = CARTESIAN_POINT( '', ( -3.45819935691318, 0.454180064308682, 0.0150000000000000 ) );
#3667 = CARTESIAN_POINT( '', ( -3.45819935691318, 0.937138263665595, 0.0150000000000000 ) );
#3668 = COLOUR_RGB( '', 1.00000000000000, 1.00000000000000, 1.00000000000000 );
#3669 = CARTESIAN_POINT( '', ( 1.47202572347267, -0.511736334405145, 0.0250000000000000 ) );
#3670 = CARTESIAN_POINT( '', ( 1.47202572347267, -0.161254019292605, 0.0250000000000000 ) );
#3671 = CARTESIAN_POINT( '', ( 1.47202572347267, 0.189228295819935, 0.0250000000000000 ) );
#3672 = CARTESIAN_POINT( '', ( 1.47202572347267, 0.539710610932476, 0.0250000000000000 ) );
#3673 = CARTESIAN_POINT( '', ( 1.63215434083602, 0.390192926045016, 0.0250000000000000 ) );
#3674 = CARTESIAN_POINT( '', ( 1.63215434083602, 0.539710610932476, 0.0250000000000000 ) );
#3675 = CARTESIAN_POINT( '', ( 1.63215434083602, 0.489871382636656, 0.0250000000000000 ) );
#3676 = CARTESIAN_POINT( '', ( 1.63215434083602, 0.440032154340836, 0.0250000000000000 ) );
#3677 = CARTESIAN_POINT( '', ( 1.63215434083602, 0.390192926045016, 0.0250000000000000 ) );
#3678 = CARTESIAN_POINT( '', ( 2.32668810289389, -0.511736334405145, 0.0250000000000000 ) );
#3679 = CARTESIAN_POINT( '', ( 1.63215434083602, 0.390192926045016, 0.0250000000000000 ) );
#3680 = CARTESIAN_POINT( '', ( 1.70932475884244, 0.504983922829582, 0.0250000000000000 ) );
#3681 = CARTESIAN_POINT( '', ( 1.82122186495177, 0.562861736334405, 0.0250000000000000 ) );
#3682 = CARTESIAN_POINT( '', ( 2.03054662379421, 0.562861736334405, 0.0250000000000000 ) );
#3683 = CARTESIAN_POINT( '', ( 2.08842443729904, 0.551286173633441, 0.0250000000000000 ) );
#3684 = CARTESIAN_POINT( '', ( 2.14147909967846, 0.529099678456592, 0.0250000000000000 ) );
#3685 = CARTESIAN_POINT( '', ( 2.19487710961971, 0.506769601572070, 0.0250000000000000 ) );
#3686 = CARTESIAN_POINT( '', ( 2.23504823151125, 0.476045016077170, 0.0250000000000000 ) );
#3687 = CARTESIAN_POINT( '', ( 2.26109324758843, 0.439389067524116, 0.0250000000000000 ) );
#3688 = CARTESIAN_POINT( '', ( 2.28759372183905, 0.402092103763966, 0.0250000000000000 ) );
#3689 = CARTESIAN_POINT( '', ( 2.30643086816720, 0.358360128617363, 0.0250000000000000 ) );
#3690 = CARTESIAN_POINT( '', ( 2.31607717041800, 0.307234726688103, 0.0250000000000000 ) );
#3691 = CARTESIAN_POINT( '', ( 2.32228475990357, 0.274334502414616, 0.0250000000000000 ) );
#3692 = CARTESIAN_POINT( '', ( 2.32668810289389, 0.216559485530546, 0.0250000000000000 ) );
#3693 = CARTESIAN_POINT( '', ( 2.32668810289389, 0.134565916398714, 0.0250000000000000 ) );
#3694 = CARTESIAN_POINT( '', ( 2.32668810289389, -0.0808681672025723, 0.0250000000000000 ) );
#3695 = CARTESIAN_POINT( '', ( 2.32668810289389, -0.296302250803859, 0.0250000000000000 ) );
#3696 = CARTESIAN_POINT( '', ( 2.32668810289389, -0.511736334405145, 0.0250000000000000 ) );
#3697 = CARTESIAN_POINT( '', ( 2.32668810289389, -0.511736334405145, 0.0250000000000000 ) );
#3698 = CARTESIAN_POINT( '', ( 2.26752411575562, -0.511736334405145, 0.0250000000000000 ) );
#3699 = CARTESIAN_POINT( '', ( 2.20836012861737, -0.511736334405145, 0.0250000000000000 ) );
#3700 = CARTESIAN_POINT( '', ( 2.14919614147910, -0.511736334405145, 0.0250000000000000 ) );
#3701 = CARTESIAN_POINT( '', ( 1.20385852090032, 0.733601286173634, 0.0250000000000000 ) );
#3702 = CARTESIAN_POINT( '', ( 1.02636655948553, 0.733601286173634, 0.0250000000000000 ) );
#3703 = CARTESIAN_POINT( '', ( 1.20385852090032, 0.733601286173634, 0.0250000000000000 ) );
#3704 = CARTESIAN_POINT( '', ( 1.02636655948553, 0.733601286173634, 0.0250000000000000 ) );
#3705 = CARTESIAN_POINT( '', ( 1.02636655948553, 0.937138263665595, 0.0250000000000000 ) );
#3706 = CARTESIAN_POINT( '', ( 1.02636655948553, 0.733601286173634, 0.0250000000000000 ) );
#3707 = CARTESIAN_POINT( '', ( 1.02636655948553, 0.937138263665595, 0.0250000000000000 ) );
#3708 = CARTESIAN_POINT( '', ( 1.20385852090032, 0.937138263665595, 0.0250000000000000 ) );
#3709 = CARTESIAN_POINT( '', ( 1.02636655948553, 0.937138263665595, 0.0250000000000000 ) );
#3710 = CARTESIAN_POINT( '', ( 1.20385852090032, 0.937138263665595, 0.0250000000000000 ) );
#3711 = CARTESIAN_POINT( '', ( 1.20385852090032, 0.937138263665595, 0.0250000000000000 ) );
#3712 = CARTESIAN_POINT( '', ( 1.20385852090032, 0.733601286173634, 0.0250000000000000 ) );
#3713 = CARTESIAN_POINT( '', ( -0.664630225080387, -0.511736334405145, 0.0250000000000000 ) );
#3714 = CARTESIAN_POINT( '', ( -0.488102893890677, -0.511736334405145, 0.0250000000000000 ) );
#3715 = CARTESIAN_POINT( '', ( -0.546945337620580, -0.511736334405145, 0.0250000000000000 ) );
#3716 = CARTESIAN_POINT( '', ( -0.605787781350483, -0.511736334405145, 0.0250000000000000 ) );
#3717 = CARTESIAN_POINT( '', ( -0.664630225080387, -0.511736334405145, 0.0250000000000000 ) );
#3718 = CARTESIAN_POINT( '', ( -0.664630225080387, 0.539710610932476, 0.0250000000000000 ) );
#3719 = CARTESIAN_POINT( '', ( -0.664630225080387, -0.511736334405145, 0.0250000000000000 ) );
#3720 = CARTESIAN_POINT( '', ( -0.664630225080387, -0.161254019292605, 0.0250000000000000 ) );
#3721 = CARTESIAN_POINT( '', ( -0.664630225080387, 0.189228295819935, 0.0250000000000000 ) );
#3722 = CARTESIAN_POINT( '', ( -0.664630225080387, 0.539710610932476, 0.0250000000000000 ) );
#3723 = CARTESIAN_POINT( '', ( -0.504501607717043, 0.539710610932476, 0.0250000000000000 ) );
#3724 = CARTESIAN_POINT( '', ( -0.664630225080387, 0.539710610932476, 0.0250000000000000 ) );
#3725 = CARTESIAN_POINT( '', ( -0.611254019292606, 0.539710610932476, 0.0250000000000000 ) );
#3726 = CARTESIAN_POINT( '', ( -0.557877813504824, 0.539710610932476, 0.0250000000000000 ) );
#3727 = CARTESIAN_POINT( '', ( -0.504501607717043, 0.539710610932476, 0.0250000000000000 ) );
#3728 = CARTESIAN_POINT( '', ( -0.504501607717043, 0.380546623794212, 0.0250000000000000 ) );
#3729 = CARTESIAN_POINT( '', ( -0.504501607717043, 0.539710610932476, 0.0250000000000000 ) );
#3730 = CARTESIAN_POINT( '', ( -0.504501607717043, 0.486655948553055, 0.0250000000000000 ) );
#3731 = CARTESIAN_POINT( '', ( -0.504501607717043, 0.433601286173633, 0.0250000000000000 ) );
#3732 = CARTESIAN_POINT( '', ( -0.504501607717043, 0.380546623794212, 0.0250000000000000 ) );
#3733 = CARTESIAN_POINT( '', ( -0.100321543408361, 0.505948553054662, 0.0250000000000000 ) );
#3734 = CARTESIAN_POINT( '', ( -0.504501607717043, 0.380546623794212, 0.0250000000000000 ) );
#3735 = CARTESIAN_POINT( '', ( -0.463987138263666, 0.454823151125402, 0.0250000000000000 ) );
#3736 = CARTESIAN_POINT( '', ( -0.427331189710612, 0.504019292604502, 0.0250000000000000 ) );
#3737 = CARTESIAN_POINT( '', ( -0.393569131832798, 0.527170418006431, 0.0250000000000000 ) );
#3738 = CARTESIAN_POINT( '', ( -0.358701043186083, 0.551079964507035, 0.0250000000000000 ) );
#3739 = CARTESIAN_POINT( '', ( -0.321221864951769, 0.562861736334405, 0.0250000000000000 ) );
#3740 = CARTESIAN_POINT( '', ( -0.220900321543408, 0.562861736334405, 0.0250000000000000 ) );
#3741 = CARTESIAN_POINT( '', ( -0.161093247588425, 0.543569131832797, 0.0250000000000000 ) );
#3742 = CARTESIAN_POINT( '', ( -0.100321543408361, 0.505948553054662, 0.0250000000000000 ) );
#3743 = CARTESIAN_POINT( '', ( -0.100321543408361, 0.505948553054662, 0.0250000000000000 ) );
#3744 = CARTESIAN_POINT( '', ( -0.120900321543409, 0.451607717041801, 0.0250000000000000 ) );
#3745 = CARTESIAN_POINT( '', ( -0.141479099678457, 0.397266881028939, 0.0250000000000000 ) );
#3746 = CARTESIAN_POINT( '', ( -0.162057877813505, 0.342926045016077, 0.0250000000000000 ) );
#3747 = CARTESIAN_POINT( '', ( -3.27491961414791, -0.511736334405145, 0.0250000000000000 ) );
#3748 = CARTESIAN_POINT( '', ( -3.45819935691318, -0.511736334405145, 0.0250000000000000 ) );
#3749 = CARTESIAN_POINT( '', ( -3.27491961414791, -0.511736334405145, 0.0250000000000000 ) );
#3750 = CARTESIAN_POINT( '', ( -3.33601286173634, -0.511736334405145, 0.0250000000000000 ) );
#3751 = CARTESIAN_POINT( '', ( -3.39710610932476, -0.511736334405145, 0.0250000000000000 ) );
#3752 = CARTESIAN_POINT( '', ( -3.45819935691318, -0.511736334405145, 0.0250000000000000 ) );
#3753 = CARTESIAN_POINT( '', ( -3.45819935691318, -0.511736334405145, 0.0250000000000000 ) );
#3754 = CARTESIAN_POINT( '', ( -3.45819935691318, -0.0287781350482316, 0.0250000000000000 ) );
#3755 = CARTESIAN_POINT( '', ( -3.45819935691318, 0.454180064308682, 0.0250000000000000 ) );
#3756 = CARTESIAN_POINT( '', ( -3.45819935691318, 0.937138263665595, 0.0250000000000000 ) );
#3757 = CARTESIAN_POINT( '', ( -2.75884244372990, -0.303376205787782, 0.0250000000000000 ) );
#3758 = CARTESIAN_POINT( '', ( -3.17266881028939, 0.937138263665595, 0.0250000000000000 ) );
#3759 = CARTESIAN_POINT( '', ( -3.05787781350482, 0.595337620578778, 0.0250000000000000 ) );
#3760 = CARTESIAN_POINT( '', ( -2.94308681672026, 0.253536977491962, 0.0250000000000000 ) );
#3761 = CARTESIAN_POINT( '', ( -2.82829581993569, -0.0882636655948554, 0.0250000000000000 ) );
#3762 = CARTESIAN_POINT( '', ( -2.79595660809527, -0.184556612895596, 0.0250000000000000 ) );
#3763 = CARTESIAN_POINT( '', ( -2.77331189710611, -0.256109324758842, 0.0250000000000000 ) );
#3764 = CARTESIAN_POINT( '', ( -2.75884244372990, -0.303376205787782, 0.0250000000000000 ) );
#3765 = CARTESIAN_POINT( '', ( -2.75884244372990, -0.303376205787782, 0.0250000000000000 ) );
#3766 = CARTESIAN_POINT( '', ( -2.74244372990354, -0.250321543408360, 0.0250000000000000 ) );
#3767 = CARTESIAN_POINT( '', ( -2.71639871382636, -0.173151125401930, 0.0250000000000000 ) );
#3768 = CARTESIAN_POINT( '', ( -2.68167202572347, -0.0709003215434083, 0.0250000000000000 ) );
#3769 = CARTESIAN_POINT( '', ( -2.56728529305814, 0.265905057971208, 0.0250000000000000 ) );
#3770 = CARTESIAN_POINT( '', ( -2.44823151125402, 0.601125401929261, 0.0250000000000000 ) );
#3771 = CARTESIAN_POINT( '', ( -2.33151125401929, 0.937138263665595, 0.0250000000000000 ) );
#3772 = CARTESIAN_POINT( '', ( -2.07684887459807, -0.511736334405145, 0.0250000000000000 ) );
#3773 = CARTESIAN_POINT( '', ( -2.07684887459807, 0.937138263665595, 0.0250000000000000 ) );
#3774 = CARTESIAN_POINT( '', ( -2.07684887459807, 0.454180064308682, 0.0250000000000000 ) );
#3775 = CARTESIAN_POINT( '', ( -2.07684887459807, -0.0287781350482314, 0.0250000000000000 ) );
#3776 = CARTESIAN_POINT( '', ( -2.07684887459807, -0.511736334405145, 0.0250000000000000 ) );
#3777 = CARTESIAN_POINT( '', ( -2.07684887459807, -0.511736334405145, 0.0250000000000000 ) );
#3778 = CARTESIAN_POINT( '', ( -2.13826366559486, -0.511736334405145, 0.0250000000000000 ) );
#3779 = CARTESIAN_POINT( '', ( -2.19967845659164, -0.511736334405145, 0.0250000000000000 ) );
#3780 = CARTESIAN_POINT( '', ( -2.26109324758843, -0.511736334405145, 0.0250000000000000 ) );
#3781 = CARTESIAN_POINT( '', ( -2.68649517684887, -0.511736334405145, 0.0250000000000000 ) );
#3782 = CARTESIAN_POINT( '', ( -2.26109324758843, 0.702733118971061, 0.0250000000000000 ) );
#3783 = CARTESIAN_POINT( '', ( -2.40289389067524, 0.297909967845659, 0.0250000000000000 ) );
#3784 = CARTESIAN_POINT( '', ( -2.54469453376206, -0.106913183279743, 0.0250000000000000 ) );
#3785 = CARTESIAN_POINT( '', ( -2.68649517684887, -0.511736334405145, 0.0250000000000000 ) );
#3786 = CARTESIAN_POINT( '', ( -2.68649517684887, -0.511736334405145, 0.0250000000000000 ) );
#3787 = CARTESIAN_POINT( '', ( -2.74308681672026, -0.511736334405145, 0.0250000000000000 ) );
#3788 = CARTESIAN_POINT( '', ( -2.79967845659164, -0.511736334405145, 0.0250000000000000 ) );
#3789 = CARTESIAN_POINT( '', ( -2.85627009646302, -0.511736334405145, 0.0250000000000000 ) );
#3790 = CARTESIAN_POINT( '', ( -3.27491961414791, 0.722990353697749, 0.0250000000000000 ) );
#3791 = CARTESIAN_POINT( '', ( -3.27491961414791, 0.311414790996785, 0.0250000000000000 ) );
#3792 = CARTESIAN_POINT( '', ( -3.27491961414791, -0.100160771704180, 0.0250000000000000 ) );
#3793 = CARTESIAN_POINT( '', ( -3.27491961414791, -0.511736334405145, 0.0250000000000000 ) );
#3794 = CARTESIAN_POINT( '', ( 4.80000000000000, 0.000000000000000, 0.0250000000000000 ) );
#3795 = AXIS2_PLACEMENT_3D( '', #4662, #4663, #4664 );
#3796 = CARTESIAN_POINT( '', ( -1.06591639871383, -0.511736334405145, 0.0250000000000000 ) );
#3797 = CARTESIAN_POINT( '', ( -1.10353697749196, -0.379581993569132, 0.0250000000000000 ) );
#3798 = CARTESIAN_POINT( '', ( -1.06591639871383, -0.511736334405145, 0.0250000000000000 ) );
#3799 = CARTESIAN_POINT( '', ( -1.08520900321543, -0.475080385852090, 0.0250000000000000 ) );
#3800 = CARTESIAN_POINT( '', ( -1.09774919614148, -0.430707395498392, 0.0250000000000000 ) );
#3801 = CARTESIAN_POINT( '', ( -1.10353697749196, -0.379581993569132, 0.0250000000000000 ) );
#3802 = CARTESIAN_POINT( '', ( -1.11511254019293, 0.154823151125402, 0.0250000000000000 ) );
#3803 = CARTESIAN_POINT( '', ( -1.10353697749196, -0.379581993569132, 0.0250000000000000 ) );
#3804 = CARTESIAN_POINT( '', ( -1.16720257234727, -0.436495176848875, 0.0250000000000000 ) );
#3805 = CARTESIAN_POINT( '', ( -1.22990353697749, -0.477009646302251, 0.0250000000000000 ) );
#3806 = CARTESIAN_POINT( '', ( -1.29163987138264, -0.501125401929261, 0.0250000000000000 ) );
#3807 = CARTESIAN_POINT( '', ( -1.35221235623005, -0.524786528822780, 0.0250000000000000 ) );
#3808 = CARTESIAN_POINT( '', ( -1.41800643086817, -0.535852090032154, 0.0250000000000000 ) );
#3809 = CARTESIAN_POINT( '', ( -1.60418006430868, -0.535852090032154, 0.0250000000000000 ) );
#3810 = CARTESIAN_POINT( '', ( -1.69292604501608, -0.507877813504823, 0.0250000000000000 ) );
#3811 = CARTESIAN_POINT( '', ( -1.75562700964631, -0.450964630225080, 0.0250000000000000 ) );
#3812 = CARTESIAN_POINT( '', ( -1.81731903064635, -0.394967257317345, 0.0250000000000000 ) );
#3813 = CARTESIAN_POINT( '', ( -1.84919614147910, -0.323633440514470, 0.0250000000000000 ) );
#3814 = CARTESIAN_POINT( '', ( -1.84919614147910, -0.183762057877813, 0.0250000000000000 ) );
#3815 = CARTESIAN_POINT( '', ( -1.83665594855306, -0.136495176848875, 0.0250000000000000 ) );
#3816 = CARTESIAN_POINT( '', ( -1.79035369774919, -0.0516077170418007, 0.0250000000000000 ) );
#3817 = CARTESIAN_POINT( '', ( -1.75948553054663, -0.0178456591639871, 0.0250000000000000 ) );
#3818 = CARTESIAN_POINT( '', ( -1.72090032154341, 0.00819935691318322, 0.0250000000000000 ) );
#3819 = CARTESIAN_POINT( '', ( -1.68342512069958, 0.0334951174827665, 0.0250000000000000 ) );
#3820 = CARTESIAN_POINT( '', ( -1.63987138263665, 0.0535369774919614, 0.0250000000000000 ) );
#3821 = CARTESIAN_POINT( '', ( -1.59260450160772, 0.0670418006430869, 0.0250000000000000 ) );
#3822 = CARTESIAN_POINT( '', ( -1.55820542376995, 0.0768701085967357, 0.0250000000000000 ) );
#3823 = CARTESIAN_POINT( '', ( -1.50482315112540, 0.0844051446945338, 0.0250000000000000 ) );
#3824 = CARTESIAN_POINT( '', ( -1.43344051446945, 0.0930868167202572, 0.0250000000000000 ) );
#3825 = CARTESIAN_POINT( '', ( -1.28972467158539, 0.110565770584535, 0.0250000000000000 ) );
#3826 = CARTESIAN_POINT( '', ( -1.18263665594855, 0.130707395498392, 0.0250000000000000 ) );
#3827 = CARTESIAN_POINT( '', ( -1.11511254019293, 0.154823151125402, 0.0250000000000000 ) );
#3828 = CARTESIAN_POINT( '', ( -1.64180064308682, 0.216559485530546, 0.0250000000000000 ) );
#3829 = CARTESIAN_POINT( '', ( -1.11511254019293, 0.154823151125402, 0.0250000000000000 ) );
#3830 = CARTESIAN_POINT( '', ( -1.11414790996785, 0.178938906752412, 0.0250000000000000 ) );
#3831 = CARTESIAN_POINT( '', ( -1.11414790996785, 0.195337620578778, 0.0250000000000000 ) );
#3832 = CARTESIAN_POINT( '', ( -1.11414790996785, 0.274437299035370, 0.0250000000000000 ) );
#3833 = CARTESIAN_POINT( '', ( -1.13054662379421, 0.325562700964631, 0.0250000000000000 ) );
#3834 = CARTESIAN_POINT( '', ( -1.16430868167203, 0.356430868167202, 0.0250000000000000 ) );
#3835 = CARTESIAN_POINT( '', ( -1.20917964254210, 0.397455746676980, 0.0250000000000000 ) );
#3836 = CARTESIAN_POINT( '', ( -1.27813504823151, 0.416237942122187, 0.0250000000000000 ) );
#3837 = CARTESIAN_POINT( '', ( -1.36784565916399, 0.417202572347267, 0.0250000000000000 ) );
#3838 = CARTESIAN_POINT( '', ( -1.45078389680873, 0.418094381354200, 0.0250000000000000 ) );
#3839 = CARTESIAN_POINT( '', ( -1.51254019292605, 0.401768488745981, 0.0250000000000000 ) );
#3840 = CARTESIAN_POINT( '', ( -1.55305466237942, 0.372829581993569, 0.0250000000000000 ) );
#3841 = CARTESIAN_POINT( '', ( -1.59338663422265, 0.344021030676980, 0.0250000000000000 ) );
#3842 = CARTESIAN_POINT( '', ( -1.62250803858521, 0.290836012861736, 0.0250000000000000 ) );
#3843 = CARTESIAN_POINT( '', ( -1.64180064308682, 0.216559485530546, 0.0250000000000000 ) );
#3844 = CARTESIAN_POINT( '', ( -1.81832797427653, 0.239710610932476, 0.0250000000000000 ) );
#3845 = CARTESIAN_POINT( '', ( -1.64180064308682, 0.216559485530546, 0.0250000000000000 ) );
#3846 = CARTESIAN_POINT( '', ( -1.70064308681672, 0.224276527331189, 0.0250000000000000 ) );
#3847 = CARTESIAN_POINT( '', ( -1.75948553054663, 0.231993569131833, 0.0250000000000000 ) );
#3848 = CARTESIAN_POINT( '', ( -1.81832797427653, 0.239710610932476, 0.0250000000000000 ) );
#3849 = CARTESIAN_POINT( '', ( -0.882636655948554, -0.511736334405145, 0.0250000000000000 ) );
#3850 = CARTESIAN_POINT( '', ( -1.81832797427653, 0.239710610932476, 0.0250000000000000 ) );
#3851 = CARTESIAN_POINT( '', ( -1.80289389067524, 0.313987138263665, 0.0250000000000000 ) );
#3852 = CARTESIAN_POINT( '', ( -1.77684887459807, 0.373794212218650, 0.0250000000000000 ) );
#3853 = CARTESIAN_POINT( '', ( -1.74019292604502, 0.420096463022508, 0.0250000000000000 ) );
#3854 = CARTESIAN_POINT( '', ( -1.70400642400491, 0.465805728757374, 0.0250000000000000 ) );
#3855 = CARTESIAN_POINT( '', ( -1.65144694533762, 0.501125401929260, 0.0250000000000000 ) );
#3856 = CARTESIAN_POINT( '', ( -1.58295819935692, 0.526205787781350, 0.0250000000000000 ) );
#3857 = CARTESIAN_POINT( '', ( -1.51393036057069, 0.551483587900250, 0.0250000000000000 ) );
#3858 = CARTESIAN_POINT( '', ( -1.43440514469453, 0.562861736334405, 0.0250000000000000 ) );
#3859 = CARTESIAN_POINT( '', ( -1.25401929260450, 0.562861736334405, 0.0250000000000000 ) );
#3860 = CARTESIAN_POINT( '', ( -1.18167202572347, 0.552250803858521, 0.0250000000000000 ) );
#3861 = CARTESIAN_POINT( '', ( -1.12475884244373, 0.531028938906752, 0.0250000000000000 ) );
#3862 = CARTESIAN_POINT( '', ( -1.06869253881430, 0.510122859587305, 0.0250000000000000 ) );
#3863 = CARTESIAN_POINT( '', ( -1.02733118971061, 0.483762057877813, 0.0250000000000000 ) );
#3864 = CARTESIAN_POINT( '', ( -0.975241157556271, 0.420096463022508, 0.0250000000000000 ) );
#3865 = CARTESIAN_POINT( '', ( -0.956913183279743, 0.379581993569132, 0.0250000000000000 ) );
#3866 = CARTESIAN_POINT( '', ( -0.946302250803859, 0.331350482315112, 0.0250000000000000 ) );
#3867 = CARTESIAN_POINT( '', ( -0.939513035328065, 0.300490411970591, 0.0250000000000000 ) );
#3868 = CARTESIAN_POINT( '', ( -0.936655948553055, 0.245498392282958, 0.0250000000000000 ) );
#3869 = CARTESIAN_POINT( '', ( -0.936655948553055, 0.166398713826367, 0.0250000000000000 ) );
#3870 = CARTESIAN_POINT( '', ( -0.936655948553055, 0.0869774919614148, 0.0250000000000000 ) );
#3871 = CARTESIAN_POINT( '', ( -0.936655948553055, 0.00755627009646303, 0.0250000000000000 ) );
#3872 = CARTESIAN_POINT( '', ( -0.936655948553055, -0.0718649517684887, 0.0250000000000000 ) );
#3873 = CARTESIAN_POINT( '', ( -0.936655948553055, -0.237781350482315, 0.0250000000000000 ) );
#3874 = CARTESIAN_POINT( '', ( -0.932797427652734, -0.341961414790996, 0.0250000000000000 ) );
#3875 = CARTESIAN_POINT( '', ( -0.926045016077171, -0.386334405144694, 0.0250000000000000 ) );
#3876 = CARTESIAN_POINT( '', ( -0.919414241476872, -0.429908066803799, 0.0250000000000000 ) );
#3877 = CARTESIAN_POINT( '', ( -0.903858520900322, -0.472186495176849, 0.0250000000000000 ) );
#3878 = CARTESIAN_POINT( '', ( -0.882636655948554, -0.511736334405145, 0.0250000000000000 ) );
#3879 = CARTESIAN_POINT( '', ( -0.882636655948554, -0.511736334405145, 0.0250000000000000 ) );
#3880 = CARTESIAN_POINT( '', ( -0.943729903536978, -0.511736334405145, 0.0250000000000000 ) );
#3881 = CARTESIAN_POINT( '', ( -1.00482315112540, -0.511736334405145, 0.0250000000000000 ) );
#3882 = CARTESIAN_POINT( '', ( -1.06591639871383, -0.511736334405145, 0.0250000000000000 ) );
#3883 = CARTESIAN_POINT( '', ( 0.188102893890675, -0.511736334405145, 0.0250000000000000 ) );
#3884 = CARTESIAN_POINT( '', ( 0.0106109324758833, -0.511736334405145, 0.0250000000000000 ) );
#3885 = CARTESIAN_POINT( '', ( 0.188102893890675, -0.511736334405145, 0.0250000000000000 ) );
#3886 = CARTESIAN_POINT( '', ( 0.0106109324758833, -0.511736334405145, 0.0250000000000000 ) );
#3887 = CARTESIAN_POINT( '', ( 0.0106109324758833, -0.511736334405145, 0.0250000000000000 ) );
#3888 = CARTESIAN_POINT( '', ( 0.0106109324758833, 0.937138263665595, 0.0250000000000000 ) );
#3889 = CARTESIAN_POINT( '', ( 0.188102893890675, 0.113344051446945, 0.0250000000000000 ) );
#3890 = CARTESIAN_POINT( '', ( 0.188102893890675, 0.937138263665595, 0.0250000000000000 ) );
#3891 = CARTESIAN_POINT( '', ( 0.188102893890675, 0.113344051446945, 0.0250000000000000 ) );
#3892 = CARTESIAN_POINT( '', ( 0.611575562700963, 0.539710610932476, 0.0250000000000000 ) );
#3893 = CARTESIAN_POINT( '', ( 0.188102893890675, 0.113344051446945, 0.0250000000000000 ) );
#3894 = CARTESIAN_POINT( '', ( 0.611575562700963, 0.539710610932476, 0.0250000000000000 ) );
#3895 = CARTESIAN_POINT( '', ( 0.843086816720257, 0.539710610932476, 0.0250000000000000 ) );
#3896 = CARTESIAN_POINT( '', ( 0.611575562700963, 0.539710610932476, 0.0250000000000000 ) );
#3897 = CARTESIAN_POINT( '', ( 0.843086816720257, 0.539710610932476, 0.0250000000000000 ) );
#3898 = CARTESIAN_POINT( '', ( 0.843086816720257, 0.539710610932476, 0.0250000000000000 ) );
#3899 = CARTESIAN_POINT( '', ( 0.439871382636655, 0.148070739549839, 0.0250000000000000 ) );
#3900 = CARTESIAN_POINT( '', ( 0.883601286173633, -0.511736334405145, 0.0250000000000000 ) );
#3901 = CARTESIAN_POINT( '', ( 0.663665594855304, -0.511736334405145, 0.0250000000000000 ) );
#3902 = CARTESIAN_POINT( '', ( 0.188102893890675, -0.0959807073954984, 0.0250000000000000 ) );
#3903 = CARTESIAN_POINT( '', ( 0.188102893890675, -0.511736334405145, 0.0250000000000000 ) );
#3904 = CARTESIAN_POINT( '', ( 1.02636655948553, -0.511736334405145, 0.0250000000000000 ) );
#3905 = CARTESIAN_POINT( '', ( 1.20385852090032, -0.511736334405145, 0.0250000000000000 ) );
#3906 = CARTESIAN_POINT( '', ( 1.02636655948553, -0.511736334405145, 0.0250000000000000 ) );
#3907 = CARTESIAN_POINT( '', ( 1.02636655948553, 0.539710610932476, 0.0250000000000000 ) );
#3908 = CARTESIAN_POINT( '', ( 1.02636655948553, -0.511736334405145, 0.0250000000000000 ) );
#3909 = CARTESIAN_POINT( '', ( 1.02636655948553, 0.539710610932476, 0.0250000000000000 ) );
#3910 = CARTESIAN_POINT( '', ( 1.02636655948553, 0.539710610932476, 0.0250000000000000 ) );
#3911 = CARTESIAN_POINT( '', ( 1.20385852090032, 0.539710610932476, 0.0250000000000000 ) );
#3912 = CARTESIAN_POINT( '', ( 2.56688102893891, -0.597588424437299, 0.0250000000000000 ) );
#3913 = CARTESIAN_POINT( '', ( 3.45819935691318, 0.539710610932476, 0.0250000000000000 ) );
#3914 = CARTESIAN_POINT( '', ( 3.45819935691318, 0.236816720257234, 0.0250000000000000 ) );
#3915 = CARTESIAN_POINT( '', ( 3.45819935691318, -0.0660771704180064, 0.0250000000000000 ) );
#3916 = CARTESIAN_POINT( '', ( 3.45819935691318, -0.368971061093248, 0.0250000000000000 ) );
#3917 = CARTESIAN_POINT( '', ( 3.45819935691318, -0.531993569131833, 0.0250000000000000 ) );
#3918 = CARTESIAN_POINT( '', ( 3.44180064308682, -0.647749196141479, 0.0250000000000000 ) );
#3919 = CARTESIAN_POINT( '', ( 3.40803858520900, -0.716237942122187, 0.0250000000000000 ) );
#3920 = CARTESIAN_POINT( '', ( 3.37446511207835, -0.784344130472935, 0.0250000000000000 ) );
#3921 = CARTESIAN_POINT( '', ( 3.32218649517685, -0.838745980707395, 0.0250000000000000 ) );
#3922 = CARTESIAN_POINT( '', ( 3.17749196141479, -0.917845659163987, 0.0250000000000000 ) );
#3923 = CARTESIAN_POINT( '', ( 3.08874598070740, -0.937138263665595, 0.0250000000000000 ) );
#3924 = CARTESIAN_POINT( '', ( 2.85723472668810, -0.937138263665595, 0.0250000000000000 ) );
#3925 = CARTESIAN_POINT( '', ( 2.75594855305466, -0.909163987138264, 0.0250000000000000 ) );
#3926 = CARTESIAN_POINT( '', ( 2.67877813504823, -0.853215434083601, 0.0250000000000000 ) );
#3927 = CARTESIAN_POINT( '', ( 2.60114931021628, -0.796934536080438, 0.0250000000000000 ) );
#3928 = CARTESIAN_POINT( '', ( 2.56398713826366, -0.711414790996784, 0.0250000000000000 ) );
#3929 = CARTESIAN_POINT( '', ( 2.56688102893891, -0.597588424437299, 0.0250000000000000 ) );
#3930 = CARTESIAN_POINT( '', ( 2.74051446945338, -0.620739549839228, 0.0250000000000000 ) );
#3931 = CARTESIAN_POINT( '', ( 2.56688102893891, -0.597588424437299, 0.0250000000000000 ) );
#3932 = CARTESIAN_POINT( '', ( 2.62475884244373, -0.605305466237942, 0.0250000000000000 ) );
#3933 = CARTESIAN_POINT( '', ( 2.68263665594856, -0.613022508038585, 0.0250000000000000 ) );
#3934 = CARTESIAN_POINT( '', ( 2.74051446945338, -0.620739549839228, 0.0250000000000000 ) );
#3935 = CARTESIAN_POINT( '', ( 3.28167202572348, -0.375723472668811, 0.0250000000000000 ) );
#3936 = CARTESIAN_POINT( '', ( 2.74051446945338, -0.620739549839228, 0.0250000000000000 ) );
#3937 = CARTESIAN_POINT( '', ( 2.74726688102894, -0.675723472668810, 0.0250000000000000 ) );
#3938 = CARTESIAN_POINT( '', ( 2.76752411575562, -0.715273311897106, 0.0250000000000000 ) );
#3939 = CARTESIAN_POINT( '', ( 2.80128617363344, -0.740353697749196, 0.0250000000000000 ) );
#3940 = CARTESIAN_POINT( '', ( 2.84604176850566, -0.773600711082844, 0.0250000000000000 ) );
#3941 = CARTESIAN_POINT( '', ( 2.90643086816721, -0.791479099678457, 0.0250000000000000 ) );
#3942 = CARTESIAN_POINT( '', ( 3.06752411575562, -0.791479099678457, 0.0250000000000000 ) );
#3943 = CARTESIAN_POINT( '', ( 3.13118971061093, -0.775080385852090, 0.0250000000000000 ) );
#3944 = CARTESIAN_POINT( '', ( 3.22186495176849, -0.709485530546624, 0.0250000000000000 ) );
#3945 = CARTESIAN_POINT( '', ( 3.25273311897106, -0.663183279742765, 0.0250000000000000 ) );
#3946 = CARTESIAN_POINT( '', ( 3.26816720257235, -0.603376205787781, 0.0250000000000000 ) );
#3947 = CARTESIAN_POINT( '', ( 3.27740506626931, -0.567579483962043, 0.0250000000000000 ) );
#3948 = CARTESIAN_POINT( '', ( 3.28167202572348, -0.491479099678457, 0.0250000000000000 ) );
#3949 = CARTESIAN_POINT( '', ( 3.28167202572348, -0.375723472668811, 0.0250000000000000 ) );
#3950 = CARTESIAN_POINT( '', ( 3.29807073954984, 0.410450160771704, 0.0250000000000000 ) );
#3951 = CARTESIAN_POINT( '', ( 3.28167202572348, -0.375723472668811, 0.0250000000000000 ) );
#3952 = CARTESIAN_POINT( '', ( 3.20257234726688, -0.467363344051447, 0.0250000000000000 ) );
#3953 = CARTESIAN_POINT( '', ( 3.10514469453376, -0.511736334405145, 0.0250000000000000 ) );
#3954 = CARTESIAN_POINT( '', ( 2.84372990353698, -0.511736334405145, 0.0250000000000000 ) );
#3955 = CARTESIAN_POINT( '', ( 2.73183279742765, -0.460610932475884, 0.0250000000000000 ) );
#3956 = CARTESIAN_POINT( '', ( 2.65176848874598, -0.355466237942122, 0.0250000000000000 ) );
#3957 = CARTESIAN_POINT( '', ( 2.57252316500127, -0.251397077843655, 0.0250000000000000 ) );
#3958 = CARTESIAN_POINT( '', ( 2.53311897106109, -0.126848874598071, 0.0250000000000000 ) );
#3959 = CARTESIAN_POINT( '', ( 2.53311897106109, 0.119131832797428, 0.0250000000000000 ) );
#3960 = CARTESIAN_POINT( '', ( 2.55048231511254, 0.211736334405145, 0.0250000000000000 ) );
#3961 = CARTESIAN_POINT( '', ( 2.58713826366560, 0.297588424437299, 0.0250000000000000 ) );
#3962 = CARTESIAN_POINT( '', ( 2.62309749477685, 0.381808728882084, 0.0250000000000000 ) );
#3963 = CARTESIAN_POINT( '', ( 2.67684887459807, 0.447106109324759, 0.0250000000000000 ) );
#3964 = CARTESIAN_POINT( '', ( 2.81575562700965, 0.539710610932476, 0.0250000000000000 ) );
#3965 = CARTESIAN_POINT( '', ( 2.89678456591640, 0.562861736334405, 0.0250000000000000 ) );
#3966 = CARTESIAN_POINT( '', ( 3.11479099678457, 0.562861736334405, 0.0250000000000000 ) );
#3967 = CARTESIAN_POINT( '', ( 3.21704180064309, 0.511736334405145, 0.0250000000000000 ) );
#3968 = CARTESIAN_POINT( '', ( 3.29807073954984, 0.410450160771704, 0.0250000000000000 ) );
#3969 = CARTESIAN_POINT( '', ( 3.29807073954984, 0.410450160771704, 0.0250000000000000 ) );
#3970 = CARTESIAN_POINT( '', ( 3.29807073954984, 0.453536977491961, 0.0250000000000000 ) );
#3971 = CARTESIAN_POINT( '', ( 3.29807073954984, 0.496623794212219, 0.0250000000000000 ) );
#3972 = CARTESIAN_POINT( '', ( 3.29807073954984, 0.539710610932476, 0.0250000000000000 ) );
#3973 = COLOUR_RGB( '', 0.000000000000000, 0.000000000000000, 0.000000000000000 );
#3974 = CARTESIAN_POINT( '', ( 3.28167202572348, -0.375723472668811, 0.0150000000000000 ) );
#3975 = CARTESIAN_POINT( '', ( 3.28167202572348, -0.375723472668811, 0.0150000000000000 ) );
#3976 = VECTOR( '', #4665, 1000.00000000000 );
#3977 = CARTESIAN_POINT( '', ( 3.29807073954984, 0.410450160771704, 0.0150000000000000 ) );
#3978 = CARTESIAN_POINT( '', ( 3.28167202572348, -0.375723472668811, 0.0150000000000000 ) );
#3979 = CARTESIAN_POINT( '', ( 3.20257234726688, -0.467363344051447, 0.0150000000000000 ) );
#3980 = CARTESIAN_POINT( '', ( 3.10514469453376, -0.511736334405145, 0.0150000000000000 ) );
#3981 = CARTESIAN_POINT( '', ( 2.84372990353698, -0.511736334405145, 0.0150000000000000 ) );
#3982 = CARTESIAN_POINT( '', ( 2.73183279742765, -0.460610932475884, 0.0150000000000000 ) );
#3983 = CARTESIAN_POINT( '', ( 2.65176848874598, -0.355466237942122, 0.0150000000000000 ) );
#3984 = CARTESIAN_POINT( '', ( 2.57252316500127, -0.251397077843655, 0.0150000000000000 ) );
#3985 = CARTESIAN_POINT( '', ( 2.53311897106109, -0.126848874598071, 0.0150000000000000 ) );
#3986 = CARTESIAN_POINT( '', ( 2.53311897106109, 0.119131832797428, 0.0150000000000000 ) );
#3987 = CARTESIAN_POINT( '', ( 2.55048231511254, 0.211736334405145, 0.0150000000000000 ) );
#3988 = CARTESIAN_POINT( '', ( 2.58713826366560, 0.297588424437299, 0.0150000000000000 ) );
#3989 = CARTESIAN_POINT( '', ( 2.62309749477685, 0.381808728882084, 0.0150000000000000 ) );
#3990 = CARTESIAN_POINT( '', ( 2.67684887459807, 0.447106109324759, 0.0150000000000000 ) );
#3991 = CARTESIAN_POINT( '', ( 2.81575562700965, 0.539710610932476, 0.0150000000000000 ) );
#3992 = CARTESIAN_POINT( '', ( 2.89678456591640, 0.562861736334405, 0.0150000000000000 ) );
#3993 = CARTESIAN_POINT( '', ( 3.11479099678457, 0.562861736334405, 0.0150000000000000 ) );
#3994 = CARTESIAN_POINT( '', ( 3.21704180064309, 0.511736334405145, 0.0150000000000000 ) );
#3995 = CARTESIAN_POINT( '', ( 3.29807073954984, 0.410450160771704, 0.0150000000000000 ) );
#3996 = CARTESIAN_POINT( '', ( 3.29807073954984, 0.410450160771704, 0.0150000000000000 ) );
#3997 = VECTOR( '', #4666, 1000.00000000000 );
#3998 = COLOUR_RGB( '', 0.000000000000000, 0.000000000000000, 0.000000000000000 );
#3999 = CARTESIAN_POINT( '', ( 1.02636655948553, -0.511736334405145, 0.0150000000000000 ) );
#4000 = CARTESIAN_POINT( '', ( 1.20385852090032, -0.511736334405145, 0.0150000000000000 ) );
#4001 = CARTESIAN_POINT( '', ( 1.02636655948553, -0.511736334405145, 0.0150000000000000 ) );
#4002 = CARTESIAN_POINT( '', ( 1.02636655948553, 0.539710610932476, 0.0150000000000000 ) );
#4003 = CARTESIAN_POINT( '', ( 1.02636655948553, 0.539710610932476, 0.0150000000000000 ) );
#4004 = CARTESIAN_POINT( '', ( 1.20385852090032, 0.539710610932476, 0.0150000000000000 ) );
#4005 = CARTESIAN_POINT( '', ( 1.02636655948553, -0.511736334405145, 0.0150000000000000 ) );
#4006 = CARTESIAN_POINT( '', ( 1.02636655948553, 0.539710610932476, 0.0150000000000000 ) );
#4007 = COLOUR_RGB( '', 0.000000000000000, 0.000000000000000, 0.000000000000000 );
#4008 = CARTESIAN_POINT( '', ( 2.56688102893891, -0.597588424437299, 0.0150000000000000 ) );
#4009 = CARTESIAN_POINT( '', ( 3.45819935691318, 0.539710610932476, 0.0150000000000000 ) );
#4010 = CARTESIAN_POINT( '', ( 3.45819935691318, 0.236816720257234, 0.0150000000000000 ) );
#4011 = CARTESIAN_POINT( '', ( 3.45819935691318, -0.0660771704180064, 0.0150000000000000 ) );
#4012 = CARTESIAN_POINT( '', ( 3.45819935691318, -0.368971061093248, 0.0150000000000000 ) );
#4013 = CARTESIAN_POINT( '', ( 3.45819935691318, -0.531993569131833, 0.0150000000000000 ) );
#4014 = CARTESIAN_POINT( '', ( 3.44180064308682, -0.647749196141479, 0.0150000000000000 ) );
#4015 = CARTESIAN_POINT( '', ( 3.40803858520900, -0.716237942122187, 0.0150000000000000 ) );
#4016 = CARTESIAN_POINT( '', ( 3.37446511207835, -0.784344130472935, 0.0150000000000000 ) );
#4017 = CARTESIAN_POINT( '', ( 3.32218649517685, -0.838745980707395, 0.0150000000000000 ) );
#4018 = CARTESIAN_POINT( '', ( 3.17749196141479, -0.917845659163987, 0.0150000000000000 ) );
#4019 = CARTESIAN_POINT( '', ( 3.08874598070740, -0.937138263665595, 0.0150000000000000 ) );
#4020 = CARTESIAN_POINT( '', ( 2.85723472668810, -0.937138263665595, 0.0150000000000000 ) );
#4021 = CARTESIAN_POINT( '', ( 2.75594855305466, -0.909163987138264, 0.0150000000000000 ) );
#4022 = CARTESIAN_POINT( '', ( 2.67877813504823, -0.853215434083601, 0.0150000000000000 ) );
#4023 = CARTESIAN_POINT( '', ( 2.60114931021628, -0.796934536080438, 0.0150000000000000 ) );
#4024 = CARTESIAN_POINT( '', ( 2.56398713826366, -0.711414790996784, 0.0150000000000000 ) );
#4025 = CARTESIAN_POINT( '', ( 2.56688102893891, -0.597588424437299, 0.0150000000000000 ) );
#4026 = CARTESIAN_POINT( '', ( 2.56688102893891, -0.597588424437299, 0.0150000000000000 ) );
#4027 = VECTOR( '', #4667, 1000.00000000000 );
#4028 = COLOUR_RGB( '', 0.000000000000000, 0.000000000000000, 0.000000000000000 );
#4029 = CARTESIAN_POINT( '', ( -0.504501607717043, 0.539710610932476, 0.0150000000000000 ) );
#4030 = VECTOR( '', #4668, 1000.00000000000 );
#4031 = CARTESIAN_POINT( '', ( -0.504501607717043, 0.380546623794212, 0.0150000000000000 ) );
#4032 = VECTOR( '', #4669, 1000.00000000000 );
#4033 = COLOUR_RGB( '', 0.000000000000000, 0.000000000000000, 0.000000000000000 );
#4034 = CARTESIAN_POINT( '', ( -3.27491961414791, -0.511736334405145, 0.0150000000000000 ) );
#4035 = VECTOR( '', #4670, 1000.00000000000 );
#4036 = COLOUR_RGB( '', 0.000000000000000, 0.000000000000000, 0.000000000000000 );
#4037 = CARTESIAN_POINT( '', ( 2.71639871382636, 0.0323151125401929, 0.0150000000000000 ) );
#4038 = CARTESIAN_POINT( '', ( 2.71639871382636, 0.0323151125401929, 0.0150000000000000 ) );
#4039 = CARTESIAN_POINT( '', ( 2.71639871382636, -0.106591639871383, 0.0150000000000000 ) );
#4040 = CARTESIAN_POINT( '', ( 2.74340836012861, -0.206913183279743, 0.0150000000000000 ) );
#4041 = CARTESIAN_POINT( '', ( 2.85337620578778, -0.334244372990354, 0.0150000000000000 ) );
#4042 = CARTESIAN_POINT( '', ( 2.92282958199357, -0.366077170418007, 0.0150000000000000 ) );
#4043 = CARTESIAN_POINT( '', ( 3.08778135048231, -0.366077170418007, 0.0150000000000000 ) );
#4044 = CARTESIAN_POINT( '', ( 3.15627009646302, -0.334244372990354, 0.0150000000000000 ) );
#4045 = CARTESIAN_POINT( '', ( 3.21125401929261, -0.271543408360128, 0.0150000000000000 ) );
#4046 = CARTESIAN_POINT( '', ( 3.26713545865754, -0.207818959961521, 0.0150000000000000 ) );
#4047 = CARTESIAN_POINT( '', ( 3.29517684887460, -0.108520900321543, 0.0150000000000000 ) );
#4048 = CARTESIAN_POINT( '', ( 3.29517684887460, 0.155787781350482, 0.0150000000000000 ) );
#4049 = CARTESIAN_POINT( '', ( 3.26623794212218, 0.252250803858521, 0.0150000000000000 ) );
#4050 = CARTESIAN_POINT( '', ( 3.20932475884244, 0.318810289389068, 0.0150000000000000 ) );
#4051 = CARTESIAN_POINT( '', ( 3.15288803875686, 0.384812555251865, 0.0150000000000000 ) );
#4052 = CARTESIAN_POINT( '', ( 3.08295819935692, 0.416237942122187, 0.0150000000000000 ) );
#4053 = CARTESIAN_POINT( '', ( 3.00192926045016, 0.417202572347267, 0.0150000000000000 ) );
#4054 = CARTESIAN_POINT( '', ( 2.92285227274281, 0.418143965058069, 0.0150000000000000 ) );
#4055 = CARTESIAN_POINT( '', ( 2.85530546623794, 0.384405144694534, 0.0150000000000000 ) );
#4056 = CARTESIAN_POINT( '', ( 2.79935691318328, 0.319774919614148, 0.0150000000000000 ) );
#4057 = CARTESIAN_POINT( '', ( 2.74382158005440, 0.255622034792856, 0.0150000000000000 ) );
#4058 = CARTESIAN_POINT( '', ( 2.71639871382636, 0.159646302250804, 0.0150000000000000 ) );
#4059 = CARTESIAN_POINT( '', ( 2.71639871382636, 0.0323151125401929, 0.0150000000000000 ) );
#4060 = CARTESIAN_POINT( '', ( 2.71639871382636, 0.0323151125401929, 0.0250000000000000 ) );
#4061 = CARTESIAN_POINT( '', ( 2.71639871382636, 0.0323151125401929, 0.0250000000000000 ) );
#4062 = CARTESIAN_POINT( '', ( 2.71639871382636, -0.106591639871383, 0.0250000000000000 ) );
#4063 = CARTESIAN_POINT( '', ( 2.74340836012861, -0.206913183279743, 0.0250000000000000 ) );
#4064 = CARTESIAN_POINT( '', ( 2.85337620578778, -0.334244372990354, 0.0250000000000000 ) );
#4065 = CARTESIAN_POINT( '', ( 2.92282958199357, -0.366077170418007, 0.0250000000000000 ) );
#4066 = CARTESIAN_POINT( '', ( 3.08778135048231, -0.366077170418007, 0.0250000000000000 ) );
#4067 = CARTESIAN_POINT( '', ( 3.15627009646302, -0.334244372990354, 0.0250000000000000 ) );
#4068 = CARTESIAN_POINT( '', ( 3.21125401929261, -0.271543408360128, 0.0250000000000000 ) );
#4069 = CARTESIAN_POINT( '', ( 3.26713545865754, -0.207818959961521, 0.0250000000000000 ) );
#4070 = CARTESIAN_POINT( '', ( 3.29517684887460, -0.108520900321543, 0.0250000000000000 ) );
#4071 = CARTESIAN_POINT( '', ( 3.29517684887460, 0.155787781350482, 0.0250000000000000 ) );
#4072 = CARTESIAN_POINT( '', ( 3.26623794212218, 0.252250803858521, 0.0250000000000000 ) );
#4073 = CARTESIAN_POINT( '', ( 3.20932475884244, 0.318810289389068, 0.0250000000000000 ) );
#4074 = CARTESIAN_POINT( '', ( 3.15288803875686, 0.384812555251865, 0.0250000000000000 ) );
#4075 = CARTESIAN_POINT( '', ( 3.08295819935692, 0.416237942122187, 0.0250000000000000 ) );
#4076 = CARTESIAN_POINT( '', ( 3.00192926045016, 0.417202572347267, 0.0250000000000000 ) );
#4077 = CARTESIAN_POINT( '', ( 2.92285227274281, 0.418143965058069, 0.0250000000000000 ) );
#4078 = CARTESIAN_POINT( '', ( 2.85530546623794, 0.384405144694534, 0.0250000000000000 ) );
#4079 = CARTESIAN_POINT( '', ( 2.79935691318328, 0.319774919614148, 0.0250000000000000 ) );
#4080 = CARTESIAN_POINT( '', ( 2.74382158005440, 0.255622034792856, 0.0250000000000000 ) );
#4081 = CARTESIAN_POINT( '', ( 2.71639871382636, 0.159646302250804, 0.0250000000000000 ) );
#4082 = CARTESIAN_POINT( '', ( 2.71639871382636, 0.0323151125401929, 0.0250000000000000 ) );
#4083 = COLOUR_RGB( '', 0.000000000000000, 0.000000000000000, 0.000000000000000 );
#4084 = CARTESIAN_POINT( '', ( -1.60418006430868, -0.348713826366560, 0.0250000000000000 ) );
#4085 = CARTESIAN_POINT( '', ( -1.11414790996785, 0.0149517684887460, 0.0250000000000000 ) );
#4086 = CARTESIAN_POINT( '', ( -1.60418006430868, -0.348713826366560, 0.0250000000000000 ) );
#4087 = CARTESIAN_POINT( '', ( -1.56745961895829, -0.380472049372299, 0.0250000000000000 ) );
#4088 = CARTESIAN_POINT( '', ( -1.51543408360129, -0.396945337620579, 0.0250000000000000 ) );
#4089 = CARTESIAN_POINT( '', ( -1.44598070739550, -0.395980707395499, 0.0250000000000000 ) );
#4090 = CARTESIAN_POINT( '', ( -1.37655412130589, -0.395016449255365, 0.0250000000000000 ) );
#4091 = CARTESIAN_POINT( '', ( -1.31575562700965, -0.381511254019292, 0.0250000000000000 ) );
#4092 = CARTESIAN_POINT( '', ( -1.26173633440514, -0.351607717041800, 0.0250000000000000 ) );
#4093 = CARTESIAN_POINT( '', ( -1.20845540655189, -0.322112917694462, 0.0250000000000000 ) );
#4094 = CARTESIAN_POINT( '', ( -1.16913183279743, -0.280225080385852, 0.0250000000000000 ) );
#4095 = CARTESIAN_POINT( '', ( -1.14405144694534, -0.228135048231511, 0.0250000000000000 ) );
#4096 = CARTESIAN_POINT( '', ( -1.12496186595435, -0.188487456942544, 0.0250000000000000 ) );
#4097 = CARTESIAN_POINT( '', ( -1.11511254019293, -0.128778135048231, 0.0250000000000000 ) );
#4098 = CARTESIAN_POINT( '', ( -1.11511254019293, -0.0496784565916400, 0.0250000000000000 ) );
#4099 = CARTESIAN_POINT( '', ( -1.11511254019293, -0.0281350482315113, 0.0250000000000000 ) );
#4100 = CARTESIAN_POINT( '', ( -1.11446945337621, -0.00659163987138268, 0.0250000000000000 ) );
#4101 = CARTESIAN_POINT( '', ( -1.11414790996785, 0.0149517684887460, 0.0250000000000000 ) );
#4102 = CARTESIAN_POINT( '', ( -1.60418006430868, -0.348713826366560, 0.0150000000000000 ) );
#4103 = CARTESIAN_POINT( '', ( -1.60418006430868, -0.348713826366560, 0.0150000000000000 ) );
#4104 = VECTOR( '', #4671, 1000.00000000000 );
#4105 = CARTESIAN_POINT( '', ( -1.11414790996785, 0.0149517684887460, 0.0150000000000000 ) );
#4106 = CARTESIAN_POINT( '', ( -1.60418006430868, -0.348713826366560, 0.0150000000000000 ) );
#4107 = CARTESIAN_POINT( '', ( -1.56745961895829, -0.380472049372299, 0.0150000000000000 ) );
#4108 = CARTESIAN_POINT( '', ( -1.51543408360129, -0.396945337620579, 0.0150000000000000 ) );
#4109 = CARTESIAN_POINT( '', ( -1.44598070739550, -0.395980707395499, 0.0150000000000000 ) );
#4110 = CARTESIAN_POINT( '', ( -1.37655412130589, -0.395016449255365, 0.0150000000000000 ) );
#4111 = CARTESIAN_POINT( '', ( -1.31575562700965, -0.381511254019292, 0.0150000000000000 ) );
#4112 = CARTESIAN_POINT( '', ( -1.26173633440514, -0.351607717041800, 0.0150000000000000 ) );
#4113 = CARTESIAN_POINT( '', ( -1.20845540655189, -0.322112917694462, 0.0150000000000000 ) );
#4114 = CARTESIAN_POINT( '', ( -1.16913183279743, -0.280225080385852, 0.0150000000000000 ) );
#4115 = CARTESIAN_POINT( '', ( -1.14405144694534, -0.228135048231511, 0.0150000000000000 ) );
#4116 = CARTESIAN_POINT( '', ( -1.12496186595435, -0.188487456942544, 0.0150000000000000 ) );
#4117 = CARTESIAN_POINT( '', ( -1.11511254019293, -0.128778135048231, 0.0150000000000000 ) );
#4118 = CARTESIAN_POINT( '', ( -1.11511254019293, -0.0496784565916400, 0.0150000000000000 ) );
#4119 = CARTESIAN_POINT( '', ( -1.11511254019293, -0.0281350482315113, 0.0150000000000000 ) );
#4120 = CARTESIAN_POINT( '', ( -1.11446945337621, -0.00659163987138268, 0.0150000000000000 ) );
#4121 = CARTESIAN_POINT( '', ( -1.11414790996785, 0.0149517684887460, 0.0150000000000000 ) );
#4122 = CARTESIAN_POINT( '', ( -1.11414790996785, 0.0149517684887460, 0.0150000000000000 ) );
#4123 = VECTOR( '', #4672, 1000.00000000000 );
#4124 = COLOUR_RGB( '', 0.000000000000000, 0.000000000000000, 0.000000000000000 );
#4125 = CARTESIAN_POINT( '', ( -1.81832797427653, 0.239710610932476, 0.0150000000000000 ) );
#4126 = CARTESIAN_POINT( '', ( -1.81832797427653, 0.239710610932476, 0.0150000000000000 ) );
#4127 = VECTOR( '', #4673, 1000.00000000000 );
#4128 = CARTESIAN_POINT( '', ( -0.882636655948554, -0.511736334405145, 0.0150000000000000 ) );
#4129 = CARTESIAN_POINT( '', ( -1.81832797427653, 0.239710610932476, 0.0150000000000000 ) );
#4130 = CARTESIAN_POINT( '', ( -1.80289389067524, 0.313987138263665, 0.0150000000000000 ) );
#4131 = CARTESIAN_POINT( '', ( -1.77684887459807, 0.373794212218650, 0.0150000000000000 ) );
#4132 = CARTESIAN_POINT( '', ( -1.74019292604502, 0.420096463022508, 0.0150000000000000 ) );
#4133 = CARTESIAN_POINT( '', ( -1.70400642400491, 0.465805728757374, 0.0150000000000000 ) );
#4134 = CARTESIAN_POINT( '', ( -1.65144694533762, 0.501125401929260, 0.0150000000000000 ) );
#4135 = CARTESIAN_POINT( '', ( -1.58295819935692, 0.526205787781350, 0.0150000000000000 ) );
#4136 = CARTESIAN_POINT( '', ( -1.51393036057069, 0.551483587900250, 0.0150000000000000 ) );
#4137 = CARTESIAN_POINT( '', ( -1.43440514469453, 0.562861736334405, 0.0150000000000000 ) );
#4138 = CARTESIAN_POINT( '', ( -1.25401929260450, 0.562861736334405, 0.0150000000000000 ) );
#4139 = CARTESIAN_POINT( '', ( -1.18167202572347, 0.552250803858521, 0.0150000000000000 ) );
#4140 = CARTESIAN_POINT( '', ( -1.12475884244373, 0.531028938906752, 0.0150000000000000 ) );
#4141 = CARTESIAN_POINT( '', ( -1.06869253881430, 0.510122859587305, 0.0150000000000000 ) );
#4142 = CARTESIAN_POINT( '', ( -1.02733118971061, 0.483762057877813, 0.0150000000000000 ) );
#4143 = CARTESIAN_POINT( '', ( -0.975241157556271, 0.420096463022508, 0.0150000000000000 ) );
#4144 = CARTESIAN_POINT( '', ( -0.956913183279743, 0.379581993569132, 0.0150000000000000 ) );
#4145 = CARTESIAN_POINT( '', ( -0.946302250803859, 0.331350482315112, 0.0150000000000000 ) );
#4146 = CARTESIAN_POINT( '', ( -0.939513035328065, 0.300490411970591, 0.0150000000000000 ) );
#4147 = CARTESIAN_POINT( '', ( -0.936655948553055, 0.245498392282958, 0.0150000000000000 ) );
#4148 = CARTESIAN_POINT( '', ( -0.936655948553055, 0.166398713826367, 0.0150000000000000 ) );
#4149 = CARTESIAN_POINT( '', ( -0.936655948553055, 0.0869774919614148, 0.0150000000000000 ) );
#4150 = CARTESIAN_POINT( '', ( -0.936655948553055, 0.00755627009646303, 0.0150000000000000 ) );
#4151 = CARTESIAN_POINT( '', ( -0.936655948553055, -0.0718649517684887, 0.0150000000000000 ) );
#4152 = CARTESIAN_POINT( '', ( -0.936655948553055, -0.237781350482315, 0.0150000000000000 ) );
#4153 = CARTESIAN_POINT( '', ( -0.932797427652734, -0.341961414790996, 0.0150000000000000 ) );
#4154 = CARTESIAN_POINT( '', ( -0.926045016077171, -0.386334405144694, 0.0150000000000000 ) );
#4155 = CARTESIAN_POINT( '', ( -0.919414241476872, -0.429908066803799, 0.0150000000000000 ) );
#4156 = CARTESIAN_POINT( '', ( -0.903858520900322, -0.472186495176849, 0.0150000000000000 ) );
#4157 = CARTESIAN_POINT( '', ( -0.882636655948554, -0.511736334405145, 0.0150000000000000 ) );
#4158 = CARTESIAN_POINT( '', ( -0.882636655948554, -0.511736334405145, 0.0150000000000000 ) );
#4159 = VECTOR( '', #4674, 1000.00000000000 );
#4160 = COLOUR_RGB( '', 1.00000000000000, 1.00000000000000, 1.00000000000000 );
#4161 = CARTESIAN_POINT( '', ( 4.80000000000000, 0.000000000000000, -0.0250000000000000 ) );
#4162 = AXIS2_PLACEMENT_3D( '', #4675, #4676, #4677 );
#4163 = COLOUR_RGB( '', 0.550000011900000, 0.311243504300000, 0.218416497100000 );
#4164 = CARTESIAN_POINT( '', ( -3.20000000000000, 3.80000000000000, -1.24000000000000 ) );
#4165 = CARTESIAN_POINT( '', ( -5.00000000000000, 3.80000000000000, -1.24000000000000 ) );
#4166 = CARTESIAN_POINT( '', ( -5.00000000000000, 3.80000000000000, -1.24000000000000 ) );
#4167 = VECTOR( '', #4678, 1000.00000000000 );
#4168 = CARTESIAN_POINT( '', ( -5.00000000000000, -3.55000000000000, -1.24000000000000 ) );
#4169 = CARTESIAN_POINT( '', ( -5.00000000000000, -3.55000000000000, -1.24000000000000 ) );
#4170 = VECTOR( '', #4679, 1000.00000000000 );
#4171 = CARTESIAN_POINT( '', ( -3.20000000000000, -3.55000000000000, -1.24000000000000 ) );
#4172 = CARTESIAN_POINT( '', ( -5.00000000000000, -3.55000000000000, -1.24000000000000 ) );
#4173 = VECTOR( '', #4680, 1000.00000000000 );
#4174 = CARTESIAN_POINT( '', ( -3.20000000000000, -3.55000000000000, -1.24000000000000 ) );
#4175 = VECTOR( '', #4681, 1000.00000000000 );
#4176 = COLOUR_RGB( '', 0.550000011900000, 0.311243504300000, 0.218416497100000 );
#4177 = CARTESIAN_POINT( '', ( 3.20000000000000, 3.68000000000000, -1.24000000000000 ) );
#4178 = CARTESIAN_POINT( '', ( 3.20000000000000, 3.68000000000000, -1.24000000000000 ) );
#4179 = VECTOR( '', #4682, 1000.00000000000 );
#4180 = CARTESIAN_POINT( '', ( 3.20000000000000, -3.55000000000000, -1.24000000000000 ) );
#4181 = CARTESIAN_POINT( '', ( 3.20000000000000, -3.55000000000000, -1.24000000000000 ) );
#4182 = VECTOR( '', #4683, 1000.00000000000 );
#4183 = CARTESIAN_POINT( '', ( 3.20000000000000, -3.55000000000000, -1.24000000000000 ) );
#4184 = VECTOR( '', #4684, 1000.00000000000 );
#4185 = COLOUR_RGB( '', 0.000000000000000, 0.000000000000000, 0.000000000000000 );
#4186 = CARTESIAN_POINT( '', ( 1.02636655948553, 0.539710610932476, 0.0150000000000000 ) );
#4187 = VECTOR( '', #4685, 1000.00000000000 );
#4188 = COLOUR_RGB( '', 0.550000011900000, 0.311243504300000, 0.218416497100000 );
#4191 = CARTESIAN_POINT( '', ( 5.00000000000000, 0.000000000000000, 0.400000000000000 ) );
#4192 = CARTESIAN_POINT( '', ( 5.00000000000000, -2.88675134594813, 0.477777777777777 ) );
#4193 = CARTESIAN_POINT( '', ( 2.50000000000000, -4.33012701892220, 0.555555555555555 ) );
#4194 = CARTESIAN_POINT( '', ( 3.24949987594864E-16, -5.77350269189626, 0.633333333333333 ) );
#4195 = CARTESIAN_POINT( '', ( -2.50000000000000, -4.33012701892220, 0.711111111111110 ) );
#4196 = CARTESIAN_POINT( '', ( -5.00000000000000, -2.88675134594813, 0.788888888888887 ) );
#4197 = CARTESIAN_POINT( '', ( -5.00000000000000, -6.12323399573677E-16, 0.866666666666665 ) );
#4198 = CARTESIAN_POINT( '', ( -5.00000000000000, 2.88675134594813, 0.944444444444443 ) );
#4199 = CARTESIAN_POINT( '', ( -2.50000000000000, 4.33012701892220, 1.02222222222222 ) );
#4200 = CARTESIAN_POINT( '', ( -1.14630051466522E-15, 5.77350269189626, 1.10000000000000 ) );
#4201 = CARTESIAN_POINT( '', ( 2.50000000000000, 4.33012701892220, 1.17777777777778 ) );
#4202 = CARTESIAN_POINT( '', ( 5.00000000000000, 2.88675134594813, 1.25555555555555 ) );
#4203 = CARTESIAN_POINT( '', ( 5.00000000000000, 1.22464679914735E-15, 1.33333333333333 ) );
#4204 = CARTESIAN_POINT( '', ( 5.00000000000000, -2.88675134594813, 1.41111111111111 ) );
#4205 = CARTESIAN_POINT( '', ( 2.50000000000000, -4.33012701892220, 1.48888888888889 ) );
#4206 = CARTESIAN_POINT( '', ( 6.75265043499716E-15, -5.77350269189626, 1.56666666666667 ) );
#4207 = CARTESIAN_POINT( '', ( -2.50000000000000, -4.33012701892220, 1.64444444444445 ) );
#4208 = CARTESIAN_POINT( '', ( -5.00000000000000, -2.88675134594813, 1.72222222222222 ) );
#4209 = CARTESIAN_POINT( '', ( -5.00000000000000, -1.83697019872103E-15, 1.80000000000000 ) );
#4215 = CARTESIAN_POINT( '', ( 5.00000000000000, 0.000000000000000, 0.400000000000000 ) );
#4216 = VECTOR( '', #4686, 1000.00000000000 );
#4217 = COLOUR_RGB( '', 0.000000000000000, 0.000000000000000, 0.000000000000000 );
#4218 = CARTESIAN_POINT( '', ( 2.74051446945338, -0.620739549839228, 0.0150000000000000 ) );
#4219 = CARTESIAN_POINT( '', ( 2.56688102893891, -0.597588424437299, 0.0150000000000000 ) );
#4220 = CARTESIAN_POINT( '', ( 2.62475884244373, -0.605305466237942, 0.0150000000000000 ) );
#4221 = CARTESIAN_POINT( '', ( 2.68263665594856, -0.613022508038585, 0.0150000000000000 ) );
#4222 = CARTESIAN_POINT( '', ( 2.74051446945338, -0.620739549839228, 0.0150000000000000 ) );
#4223 = CARTESIAN_POINT( '', ( 2.74051446945338, -0.620739549839228, 0.0150000000000000 ) );
#4224 = VECTOR( '', #4687, 1000.00000000000 );
#4225 = COLOUR_RGB( '', 0.000000000000000, 0.000000000000000, 0.000000000000000 );
#4226 = CARTESIAN_POINT( '', ( 1.20385852090032, 0.937138263665595, 0.0150000000000000 ) );
#4227 = CARTESIAN_POINT( '', ( 1.20385852090032, 0.937138263665595, 0.0150000000000000 ) );
#4228 = VECTOR( '', #4688, 1000.00000000000 );
#4229 = CARTESIAN_POINT( '', ( 1.20385852090032, 0.733601286173634, 0.0150000000000000 ) );
#4230 = CARTESIAN_POINT( '', ( 1.20385852090032, 0.937138263665595, 0.0150000000000000 ) );
#4231 = CARTESIAN_POINT( '', ( 1.20385852090032, 0.733601286173634, 0.0150000000000000 ) );
#4232 = CARTESIAN_POINT( '', ( 1.20385852090032, 0.733601286173634, 0.0150000000000000 ) );
#4233 = VECTOR( '', #4689, 1000.00000000000 );
#4234 = COLOUR_RGB( '', 0.000000000000000, 0.000000000000000, 0.000000000000000 );
#4235 = CARTESIAN_POINT( '', ( -2.07684887459807, -0.511736334405145, 0.0150000000000000 ) );
#4236 = VECTOR( '', #4690, 1000.00000000000 );
#4237 = COLOUR_RGB( '', 0.000000000000000, 0.000000000000000, 0.000000000000000 );
#4238 = COLOUR_RGB( '', 0.000000000000000, 0.000000000000000, 0.000000000000000 );
#4239 = CARTESIAN_POINT( '', ( 0.0106109324758833, -0.511736334405145, 0.0150000000000000 ) );
#4240 = VECTOR( '', #4691, 1000.00000000000 );
#4241 = COLOUR_RGB( '', 0.819999992800000, 0.819999992800000, 0.819999992800000 );
#4242 = CARTESIAN_POINT( '', ( -3.20000000000000, -3.55000000000000, -2.04000000000000 ) );
#4243 = CARTESIAN_POINT( '', ( -3.20000000000000, 3.80000000000000, -2.04000000000000 ) );
#4244 = CARTESIAN_POINT( '', ( -3.20000000000000, -3.55000000000000, -2.04000000000000 ) );
#4245 = VECTOR( '', #4692, 1000.00000000000 );
#4246 = CARTESIAN_POINT( '', ( -5.00000000000000, -3.55000000000000, -2.04000000000000 ) );
#4247 = CARTESIAN_POINT( '', ( -3.20000000000000, -3.55000000000000, -2.04000000000000 ) );
#4248 = VECTOR( '', #4693, 1000.00000000000 );
#4249 = CARTESIAN_POINT( '', ( -5.00000000000000, 3.80000000000000, -2.04000000000000 ) );
#4250 = CARTESIAN_POINT( '', ( -5.00000000000000, -3.55000000000000, -2.04000000000000 ) );
#4251 = VECTOR( '', #4694, 1000.00000000000 );
#4252 = CARTESIAN_POINT( '', ( -3.20000000000000, 3.80000000000000, -2.04000000000000 ) );
#4253 = VECTOR( '', #4695, 1000.00000000000 );
#4254 = COLOUR_RGB( '', 0.000000000000000, 0.000000000000000, 0.000000000000000 );
#4255 = CARTESIAN_POINT( '', ( 1.02636655948553, -0.511736334405145, 0.0150000000000000 ) );
#4256 = VECTOR( '', #4696, 1000.00000000000 );
#4257 = COLOUR_RGB( '', 0.550000011900000, 0.311243504300000, 0.218416497100000 );
#4258 = CARTESIAN_POINT( '', ( -5.00000000000000, -1.83697019872103E-15, 1.00000000000000 ) );
#4259 = CARTESIAN_POINT( '', ( -5.00000000000000, -1.83697019872103E-15, 1.00000000000000 ) );
#4260 = VECTOR( '', #4697, 1000.00000000000 );
#4261 = CARTESIAN_POINT( '', ( -5.00000000000000, -1.83697019872103E-15, 1.00000000000000 ) );
#4262 = VECTOR( '', #4698, 1000.00000000000 );
#4263 = CARTESIAN_POINT( '', ( -5.00000000000000, 5.00000000000000, 0.750633087242812 ) );
#4264 = CARTESIAN_POINT( '', ( -5.00000000000000, 3.76874712670475, 1.94999959737080 ) );
#4265 = CARTESIAN_POINT( '', ( -5.00000000000000, 3.90163781882885, 1.95486168900661 ) );
#4266 = CARTESIAN_POINT( '', ( -4.99999999999990, 4.04740186020672, 1.96166971103179 ) );
#4267 = CARTESIAN_POINT( '', ( -5.00000000000000, 4.28568135114136, 1.93376980047546 ) );
#4268 = CARTESIAN_POINT( '', ( -5.00000000000000, 4.36905774515418, 1.91793711877437 ) );
#4269 = CARTESIAN_POINT( '', ( -5.00000000000000, 4.54373212592308, 1.85325791531058 ) );
#4270 = CARTESIAN_POINT( '', ( -5.00000000000000, 4.63661774519549, 1.80260058462813 ) );
#4271 = CARTESIAN_POINT( '', ( -5.00000000000000, 4.80147385787929, 1.64348952238785 ) );
#4272 = CARTESIAN_POINT( '', ( -5.00000000000000, 4.85631468800520, 1.54989105176212 ) );
#4273 = CARTESIAN_POINT( '', ( -5.00000000000000, 4.92945829059832, 1.37329285383006 ) );
#4274 = CARTESIAN_POINT( '', ( -5.00000000000000, 4.94963001288801, 1.28843415988132 ) );
#4275 = CARTESIAN_POINT( '', ( -5.00000000000000, 4.99139262802043, 1.04371031478280 ) );
#4276 = CARTESIAN_POINT( '', ( -5.00000000000000, 4.99466262054030, 0.891064688340170 ) );
#4277 = CARTESIAN_POINT( '', ( -5.00000000000000, 5.00000000000000, 0.750633087242812 ) );
#4278 = CARTESIAN_POINT( '', ( -5.00000000000000, 5.00000000000000, -0.840000000000000 ) );
#4279 = CARTESIAN_POINT( '', ( -5.00000000000000, 5.00000000000000, -0.840000000000000 ) );
#4280 = VECTOR( '', #4699, 1000.00000000000 );
#4281 = AXIS2_PLACEMENT_3D( '', #4700, #4701, #4702 );
#4282 = CARTESIAN_POINT( '', ( -5.00000000000000, -3.55000000000000, -2.04000000000000 ) );
#4283 = VECTOR( '', #4703, 1000.00000000000 );
#4284 = CARTESIAN_POINT( '', ( -5.00000000000000, 4.20000000000000, -0.840000000000000 ) );
#4285 = AXIS2_PLACEMENT_3D( '', #4704, #4705, #4706 );
#4286 = CARTESIAN_POINT( '', ( -5.00000000000000, 4.20000000000000, -0.840000000000000 ) );
#4287 = VECTOR( '', #4707, 1000.00000000000 );
#4288 = COLOUR_RGB( '', 1.00000000000000, 1.00000000000000, 1.00000000000000 );
#4289 = COLOUR_RGB( '', 0.000000000000000, 0.000000000000000, 0.000000000000000 );
#4290 = CARTESIAN_POINT( '', ( -0.664630225080387, 0.539710610932476, 0.0150000000000000 ) );
#4291 = VECTOR( '', #4708, 1000.00000000000 );
#4292 = COLOUR_RGB( '', 0.550000011900000, 0.311243504300000, 0.218416497100000 );
#4293 = CARTESIAN_POINT( '', ( -3.20000000000000, -1.17566092718146E-15, 1.00000000000000 ) );
#4294 = VECTOR( '', #4709, 1000.00000000000 );
#4295 = CARTESIAN_POINT( '', ( -3.20000000000000, 4.20000000000000, -0.840000000000000 ) );
#4296 = CARTESIAN_POINT( '', ( -3.20000000000000, 4.20000000000000, -0.840000000000000 ) );
#4297 = VECTOR( '', #4710, 1000.00000000000 );
#4298 = AXIS2_PLACEMENT_3D( '', #4711, #4712, #4713 );
#4299 = CARTESIAN_POINT( '', ( -3.20000000000000, -3.55000000000000, -1.24000000000000 ) );
#4300 = VECTOR( '', #4714, 1000.00000000000 );
#4301 = CARTESIAN_POINT( '', ( -3.20000000000000, 5.00000000000000, -0.840000000000000 ) );
#4302 = AXIS2_PLACEMENT_3D( '', #4715, #4716, #4717 );
#4303 = CARTESIAN_POINT( '', ( -3.20000000000000, 5.00000000000000, 0.750633087242812 ) );
#4304 = CARTESIAN_POINT( '', ( -3.20000000000000, 5.00000000000000, -0.840000000000000 ) );
#4305 = VECTOR( '', #4718, 1000.00000000000 );
#4306 = CARTESIAN_POINT( '', ( -3.20000000000000, 3.76874712670476, 1.94999959737080 ) );
#4307 = CARTESIAN_POINT( '', ( -3.20000000000000, 3.90163781882828, 1.95486168900659 ) );
#4308 = CARTESIAN_POINT( '', ( -3.19999999999993, 4.04740186020750, 1.96166971103173 ) );
#4309 = CARTESIAN_POINT( '', ( -3.20000000000004, 4.28568135114099, 1.93376980047549 ) );
#4310 = CARTESIAN_POINT( '', ( -3.20000000000000, 4.36905774515420, 1.91793711877437 ) );
#4311 = CARTESIAN_POINT( '', ( -3.20000000000000, 4.54373212592307, 1.85325791531058 ) );
#4312 = CARTESIAN_POINT( '', ( -3.20000000000000, 4.63661774519551, 1.80260058462811 ) );
#4313 = CARTESIAN_POINT( '', ( -3.20000000000000, 4.80147385787927, 1.64348952238787 ) );
#4314 = CARTESIAN_POINT( '', ( -3.20000000000000, 4.85631468800520, 1.54989105176211 ) );
#4315 = CARTESIAN_POINT( '', ( -3.20000000000000, 4.92945829059832, 1.37329285383005 ) );
#4316 = CARTESIAN_POINT( '', ( -3.20000000000000, 4.94963001288801, 1.28843415988132 ) );
#4317 = CARTESIAN_POINT( '', ( -3.20000000000000, 4.99139262802043, 1.04371031478278 ) );
#4318 = CARTESIAN_POINT( '', ( -3.20000000000000, 4.99466262054030, 0.891064688340187 ) );
#4319 = CARTESIAN_POINT( '', ( -3.20000000000000, 5.00000000000000, 0.750633087242812 ) );
#4320 = COLOUR_RGB( '', 0.000000000000000, 0.000000000000000, 0.000000000000000 );
#4321 = CARTESIAN_POINT( '', ( 1.02636655948553, 0.733601286173634, 0.0150000000000000 ) );
#4322 = CARTESIAN_POINT( '', ( 1.20385852090032, 0.733601286173634, 0.0150000000000000 ) );
#4323 = CARTESIAN_POINT( '', ( 1.02636655948553, 0.733601286173634, 0.0150000000000000 ) );
#4324 = CARTESIAN_POINT( '', ( 1.02636655948553, 0.733601286173634, 0.0150000000000000 ) );
#4325 = VECTOR( '', #4719, 1000.00000000000 );
#4326 = COLOUR_RGB( '', 0.000000000000000, 0.000000000000000, 0.000000000000000 );
#4327 = CARTESIAN_POINT( '', ( 3.29807073954984, 0.410450160771704, 0.0150000000000000 ) );
#4328 = CARTESIAN_POINT( '', ( 3.29807073954984, 0.453536977491961, 0.0150000000000000 ) );
#4329 = CARTESIAN_POINT( '', ( 3.29807073954984, 0.496623794212219, 0.0150000000000000 ) );
#4330 = CARTESIAN_POINT( '', ( 3.29807073954984, 0.539710610932476, 0.0150000000000000 ) );
#4331 = COLOUR_RGB( '', 0.550000011900000, 0.311243504300000, 0.218416497100000 );
#4332 = COLOUR_RGB( '', 0.000000000000000, 0.000000000000000, 0.000000000000000 );
#4333 = CARTESIAN_POINT( '', ( -2.75884244372990, -0.303376205787782, 0.0150000000000000 ) );
#4334 = VECTOR( '', #4720, 1000.00000000000 );
#4335 = COLOUR_RGB( '', 0.000000000000000, 0.000000000000000, 0.000000000000000 );
#4336 = CARTESIAN_POINT( '', ( 2.74051446945338, -0.620739549839228, 0.0150000000000000 ) );
#4337 = CARTESIAN_POINT( '', ( 2.74726688102894, -0.675723472668810, 0.0150000000000000 ) );
#4338 = CARTESIAN_POINT( '', ( 2.76752411575562, -0.715273311897106, 0.0150000000000000 ) );
#4339 = CARTESIAN_POINT( '', ( 2.80128617363344, -0.740353697749196, 0.0150000000000000 ) );
#4340 = CARTESIAN_POINT( '', ( 2.84604176850566, -0.773600711082844, 0.0150000000000000 ) );
#4341 = CARTESIAN_POINT( '', ( 2.90643086816721, -0.791479099678457, 0.0150000000000000 ) );
#4342 = CARTESIAN_POINT( '', ( 3.06752411575562, -0.791479099678457, 0.0150000000000000 ) );
#4343 = CARTESIAN_POINT( '', ( 3.13118971061093, -0.775080385852090, 0.0150000000000000 ) );
#4344 = CARTESIAN_POINT( '', ( 3.22186495176849, -0.709485530546624, 0.0150000000000000 ) );
#4345 = CARTESIAN_POINT( '', ( 3.25273311897106, -0.663183279742765, 0.0150000000000000 ) );
#4346 = CARTESIAN_POINT( '', ( 3.26816720257235, -0.603376205787781, 0.0150000000000000 ) );
#4347 = CARTESIAN_POINT( '', ( 3.27740506626931, -0.567579483962043, 0.0150000000000000 ) );
#4348 = CARTESIAN_POINT( '', ( 3.28167202572348, -0.491479099678457, 0.0150000000000000 ) );
#4349 = CARTESIAN_POINT( '', ( 3.28167202572348, -0.375723472668811, 0.0150000000000000 ) );
#4350 = COLOUR_RGB( '', 0.550000011900000, 0.311243504300000, 0.218416497100000 );
#4351 = CARTESIAN_POINT( '', ( 3.20000000000000, -3.55000000000000, -2.04000000000000 ) );
#4352 = CARTESIAN_POINT( '', ( 3.20000000000000, -3.55000000000000, -2.04000000000000 ) );
#4353 = VECTOR( '', #4721, 1000.00000000000 );
#4354 = CARTESIAN_POINT( '', ( 5.00000000000000, -3.55000000000000, -2.04000000000000 ) );
#4355 = VECTOR( '', #4722, 1000.00000000000 );
#4356 = COLOUR_RGB( '', 0.000000000000000, 0.000000000000000, 0.000000000000000 );
#4357 = CARTESIAN_POINT( '', ( 1.63215434083602, 0.390192926045016, 0.0150000000000000 ) );
#4358 = CARTESIAN_POINT( '', ( 1.63215434083602, 0.390192926045016, 0.0150000000000000 ) );
#4359 = VECTOR( '', #4723, 1000.00000000000 );
#4360 = CARTESIAN_POINT( '', ( 2.32668810289389, -0.511736334405145, 0.0150000000000000 ) );
#4361 = CARTESIAN_POINT( '', ( 1.63215434083602, 0.390192926045016, 0.0150000000000000 ) );
#4362 = CARTESIAN_POINT( '', ( 1.70932475884244, 0.504983922829582, 0.0150000000000000 ) );
#4363 = CARTESIAN_POINT( '', ( 1.82122186495177, 0.562861736334405, 0.0150000000000000 ) );
#4364 = CARTESIAN_POINT( '', ( 2.03054662379421, 0.562861736334405, 0.0150000000000000 ) );
#4365 = CARTESIAN_POINT( '', ( 2.08842443729904, 0.551286173633441, 0.0150000000000000 ) );
#4366 = CARTESIAN_POINT( '', ( 2.14147909967846, 0.529099678456592, 0.0150000000000000 ) );
#4367 = CARTESIAN_POINT( '', ( 2.19487710961971, 0.506769601572070, 0.0150000000000000 ) );
#4368 = CARTESIAN_POINT( '', ( 2.23504823151125, 0.476045016077170, 0.0150000000000000 ) );
#4369 = CARTESIAN_POINT( '', ( 2.26109324758843, 0.439389067524116, 0.0150000000000000 ) );
#4370 = CARTESIAN_POINT( '', ( 2.28759372183905, 0.402092103763966, 0.0150000000000000 ) );
#4371 = CARTESIAN_POINT( '', ( 2.30643086816720, 0.358360128617363, 0.0150000000000000 ) );
#4372 = CARTESIAN_POINT( '', ( 2.31607717041800, 0.307234726688103, 0.0150000000000000 ) );
#4373 = CARTESIAN_POINT( '', ( 2.32228475990357, 0.274334502414616, 0.0150000000000000 ) );
#4374 = CARTESIAN_POINT( '', ( 2.32668810289389, 0.216559485530546, 0.0150000000000000 ) );
#4375 = CARTESIAN_POINT( '', ( 2.32668810289389, 0.134565916398714, 0.0150000000000000 ) );
#4376 = CARTESIAN_POINT( '', ( 2.32668810289389, -0.0808681672025723, 0.0150000000000000 ) );
#4377 = CARTESIAN_POINT( '', ( 2.32668810289389, -0.296302250803859, 0.0150000000000000 ) );
#4378 = CARTESIAN_POINT( '', ( 2.32668810289389, -0.511736334405145, 0.0150000000000000 ) );
#4379 = CARTESIAN_POINT( '', ( 2.32668810289389, -0.511736334405145, 0.0150000000000000 ) );
#4380 = VECTOR( '', #4724, 1000.00000000000 );
#4381 = COLOUR_RGB( '', 0.000000000000000, 0.000000000000000, 0.000000000000000 );
#4382 = COLOUR_RGB( '', 0.000000000000000, 0.000000000000000, 0.000000000000000 );
#4383 = CARTESIAN_POINT( '', ( 0.188102893890675, -0.511736334405145, 0.0150000000000000 ) );
#4384 = VECTOR( '', #4725, 1000.00000000000 );
#4385 = COLOUR_RGB( '', 0.000000000000000, 0.000000000000000, 0.000000000000000 );
#4386 = CARTESIAN_POINT( '', ( -1.64180064308682, 0.216559485530546, 0.0150000000000000 ) );
#4387 = CARTESIAN_POINT( '', ( -1.64180064308682, 0.216559485530546, 0.0150000000000000 ) );
#4388 = VECTOR( '', #4726, 1000.00000000000 );
#4389 = CARTESIAN_POINT( '', ( -1.64180064308682, 0.216559485530546, 0.0150000000000000 ) );
#4390 = CARTESIAN_POINT( '', ( -1.70064308681672, 0.224276527331189, 0.0150000000000000 ) );
#4391 = CARTESIAN_POINT( '', ( -1.75948553054663, 0.231993569131833, 0.0150000000000000 ) );
#4392 = CARTESIAN_POINT( '', ( -1.81832797427653, 0.239710610932476, 0.0150000000000000 ) );
#4393 = COLOUR_RGB( '', 0.000000000000000, 0.000000000000000, 0.000000000000000 );
#4394 = CARTESIAN_POINT( '', ( 1.47202572347267, -0.511736334405145, 0.0150000000000000 ) );
#4395 = CARTESIAN_POINT( '', ( 1.47202572347267, -0.161254019292605, 0.0150000000000000 ) );
#4396 = CARTESIAN_POINT( '', ( 1.47202572347267, 0.189228295819935, 0.0150000000000000 ) );
#4397 = CARTESIAN_POINT( '', ( 1.47202572347267, 0.539710610932476, 0.0150000000000000 ) );
#4398 = COLOUR_RGB( '', 0.819999992800000, 0.819999992800000, 0.819999992800000 );
#4399 = CARTESIAN_POINT( '', ( -3.20000000000000, 5.00000000000000, -0.840000000000000 ) );
#4400 = VECTOR( '', #4727, 1000.00000000000 );
#4401 = CARTESIAN_POINT( '', ( -3.20000000000000, 5.00000000000000, 0.750633087242812 ) );
#4402 = VECTOR( '', #4728, 1000.00000000000 );
#4403 = COLOUR_RGB( '', 0.550000011900000, 0.311243504300000, 0.218416497100000 );
#4404 = COLOUR_RGB( '', 0.000000000000000, 0.000000000000000, 0.000000000000000 );
#4405 = CARTESIAN_POINT( '', ( -2.68649517684887, -0.511736334405145, 0.0150000000000000 ) );
#4406 = VECTOR( '', #4729, 1000.00000000000 );
#4407 = COLOUR_RGB( '', 0.819999992800000, 0.819999992800000, 0.819999992800000 );
#4408 = CARTESIAN_POINT( '', ( 3.20000000000000, 3.68000000000000, -2.04000000000000 ) );
#4409 = CARTESIAN_POINT( '', ( 5.00000000000000, 3.68000000000000, -2.04000000000000 ) );
#4410 = VECTOR( '', #4730, 1000.00000000000 );
#4411 = CARTESIAN_POINT( '', ( 3.20000000000000, 3.68000000000000, 0.400000000000000 ) );
#4412 = AXIS2_PLACEMENT_3D( '', #4731, #4732, #4733 );
#4413 = CARTESIAN_POINT( '', ( 5.00000000000000, 3.68000000000000, 0.400000000000000 ) );
#4414 = VECTOR( '', #4734, 1000.00000000000 );
#4415 = COLOUR_RGB( '', 0.000000000000000, 0.000000000000000, 0.000000000000000 );
#4416 = COLOUR_RGB( '', 0.000000000000000, 0.000000000000000, 0.000000000000000 );
#4417 = CARTESIAN_POINT( '', ( -0.664630225080387, -0.511736334405145, 0.0150000000000000 ) );
#4418 = VECTOR( '', #4735, 1000.00000000000 );
#4419 = COLOUR_RGB( '', 0.550000011900000, 0.311243504300000, 0.218416497100000 );
#4420 = CARTESIAN_POINT( '', ( -5.00000000000000, 4.20000000000000, -0.840000000000000 ) );
#4421 = VECTOR( '', #4736, 1000.00000000000 );
#4422 = COLOUR_RGB( '', 0.000000000000000, 0.000000000000000, 0.000000000000000 );
#4423 = CARTESIAN_POINT( '', ( -1.06591639871383, -0.511736334405145, 0.0150000000000000 ) );
#4424 = CARTESIAN_POINT( '', ( -0.882636655948554, -0.511736334405145, 0.0150000000000000 ) );
#4425 = CARTESIAN_POINT( '', ( -0.943729903536978, -0.511736334405145, 0.0150000000000000 ) );
#4426 = CARTESIAN_POINT( '', ( -1.00482315112540, -0.511736334405145, 0.0150000000000000 ) );
#4427 = CARTESIAN_POINT( '', ( -1.06591639871383, -0.511736334405145, 0.0150000000000000 ) );
#4428 = CARTESIAN_POINT( '', ( -1.06591639871383, -0.511736334405145, 0.0150000000000000 ) );
#4429 = VECTOR( '', #4737, 1000.00000000000 );
#4430 = COLOUR_RGB( '', 0.000000000000000, 0.000000000000000, 0.000000000000000 );
#4431 = CARTESIAN_POINT( '', ( 0.188102893890675, 0.113344051446945, 0.0150000000000000 ) );
#4432 = VECTOR( '', #4738, 1000.00000000000 );
#4433 = CARTESIAN_POINT( '', ( 0.611575562700963, 0.539710610932476, 0.0150000000000000 ) );
#4434 = VECTOR( '', #4739, 1000.00000000000 );
#4435 = COLOUR_RGB( '', 0.000000000000000, 0.000000000000000, 0.000000000000000 );
#4436 = COLOUR_RGB( '', 0.000000000000000, 0.000000000000000, 0.000000000000000 );
#4437 = COLOUR_RGB( '', 0.000000000000000, 0.000000000000000, 0.000000000000000 );
#4438 = CARTESIAN_POINT( '', ( -3.45819935691318, -0.511736334405145, 0.0150000000000000 ) );
#4439 = VECTOR( '', #4740, 1000.00000000000 );
#4440 = COLOUR_RGB( '', 0.000000000000000, 0.000000000000000, 0.000000000000000 );
#4441 = CARTESIAN_POINT( '', ( 0.843086816720257, 0.539710610932476, 0.0150000000000000 ) );
#4442 = VECTOR( '', #4741, 1000.00000000000 );
#4443 = COLOUR_RGB( '', 0.000000000000000, 0.000000000000000, 0.000000000000000 );
#4444 = COLOUR_RGB( '', 0.000000000000000, 0.000000000000000, 0.000000000000000 );
#4445 = CARTESIAN_POINT( '', ( 1.02636655948553, 0.937138263665595, 0.0150000000000000 ) );
#4446 = CARTESIAN_POINT( '', ( 1.02636655948553, 0.937138263665595, 0.0150000000000000 ) );
#4447 = CARTESIAN_POINT( '', ( 1.20385852090032, 0.937138263665595, 0.0150000000000000 ) );
#4448 = CARTESIAN_POINT( '', ( 1.02636655948553, 0.733601286173634, 0.0150000000000000 ) );
#4449 = CARTESIAN_POINT( '', ( 1.02636655948553, 0.937138263665595, 0.0150000000000000 ) );
#4450 = COLOUR_RGB( '', 0.000000000000000, 0.000000000000000, 0.000000000000000 );
#4451 = COLOUR_RGB( '', 0.000000000000000, 0.000000000000000, 0.000000000000000 );
#4452 = CARTESIAN_POINT( '', ( -1.10353697749196, -0.379581993569132, 0.0150000000000000 ) );
#4453 = CARTESIAN_POINT( '', ( -1.06591639871383, -0.511736334405145, 0.0150000000000000 ) );
#4454 = CARTESIAN_POINT( '', ( -1.08520900321543, -0.475080385852090, 0.0150000000000000 ) );
#4455 = CARTESIAN_POINT( '', ( -1.09774919614148, -0.430707395498392, 0.0150000000000000 ) );
#4456 = CARTESIAN_POINT( '', ( -1.10353697749196, -0.379581993569132, 0.0150000000000000 ) );
#4457 = CARTESIAN_POINT( '', ( -1.10353697749196, -0.379581993569132, 0.0150000000000000 ) );
#4458 = VECTOR( '', #4742, 1000.00000000000 );
#4459 = COLOUR_RGB( '', 0.000000000000000, 0.000000000000000, 0.000000000000000 );
#4460 = COLOUR_RGB( '', 0.550000011900000, 0.311243504300000, 0.218416497100000 );
#4463 = CARTESIAN_POINT( '', ( 5.00000000000000, 0.000000000000000, -0.400000000000000 ) );
#4464 = CARTESIAN_POINT( '', ( 5.00000000000000, -2.88675134594813, -0.322222222222221 ) );
#4465 = CARTESIAN_POINT( '', ( 2.50000000000000, -4.33012701892220, -0.244444444444444 ) );
#4466 = CARTESIAN_POINT( '', ( 4.22921731526652E-16, -5.77350269189626, -0.166666666666667 ) );
#4467 = CARTESIAN_POINT( '', ( -2.50000000000000, -4.33012701892220, -0.0888888888888894 ) );
#4468 = CARTESIAN_POINT( '', ( -5.00000000000000, -2.88675134594813, -0.0111111111111120 ) );
#4469 = CARTESIAN_POINT( '', ( -5.00000000000000, -6.12323399573677E-16, 0.0666666666666658 ) );
#4470 = CARTESIAN_POINT( '', ( -5.00000000000000, 2.88675134594813, 0.144444444444444 ) );
#4471 = CARTESIAN_POINT( '', ( -2.50000000000000, 4.33012701892220, 0.222222222222221 ) );
#4472 = CARTESIAN_POINT( '', ( -1.04832877073343E-15, 5.77350269189626, 0.300000000000000 ) );
#4473 = CARTESIAN_POINT( '', ( 2.50000000000000, 4.33012701892220, 0.377777777777778 ) );
#4474 = CARTESIAN_POINT( '', ( 5.00000000000000, 2.88675134594813, 0.455555555555556 ) );
#4475 = CARTESIAN_POINT( '', ( 5.00000000000000, 1.22464679914735E-15, 0.533333333333334 ) );
#4476 = CARTESIAN_POINT( '', ( 5.00000000000000, -2.88675134594813, 0.611111111111111 ) );
#4477 = CARTESIAN_POINT( '', ( 2.50000000000000, -4.33012701892220, 0.688888888888889 ) );
#4478 = CARTESIAN_POINT( '', ( 6.85062217892894E-15, -5.77350269189626, 0.766666666666666 ) );
#4479 = CARTESIAN_POINT( '', ( -2.50000000000000, -4.33012701892220, 0.844444444444444 ) );
#4480 = CARTESIAN_POINT( '', ( -5.00000000000000, -2.88675134594813, 0.922222222222220 ) );
#4481 = CARTESIAN_POINT( '', ( -5.00000000000000, -1.83697019872103E-15, 1.00000000000000 ) );
#4487 = COLOUR_RGB( '', 0.000000000000000, 0.000000000000000, 0.000000000000000 );
#4488 = COLOUR_RGB( '', 1.00000000000000, 1.00000000000000, 1.00000000000000 );
#4489 = CARTESIAN_POINT( '', ( -1.11414790996785, 0.0149517684887460, 0.0250000000000000 ) );
#4490 = CARTESIAN_POINT( '', ( -1.17877813504823, -0.0110932475884244, 0.0250000000000000 ) );
#4491 = CARTESIAN_POINT( '', ( -1.27620578778135, -0.0332797427652734, 0.0250000000000000 ) );
#4492 = CARTESIAN_POINT( '', ( -1.40643086816720, -0.0516077170418007, 0.0250000000000000 ) );
#4493 = CARTESIAN_POINT( '', ( -1.47978319607851, -0.0619313780070952, 0.0250000000000000 ) );
#4494 = CARTESIAN_POINT( '', ( -1.53183279742766, -0.0747588424437299, 0.0250000000000000 ) );
#4495 = CARTESIAN_POINT( '', ( -1.56270096463023, -0.0872990353697749, 0.0250000000000000 ) );
#4496 = CARTESIAN_POINT( '', ( -1.59390549912000, -0.0999758775062462, 0.0250000000000000 ) );
#4497 = CARTESIAN_POINT( '', ( -1.61672025723473, -0.120096463022508, 0.0250000000000000 ) );
#4498 = CARTESIAN_POINT( '', ( -1.63311897106110, -0.145176848874598, 0.0250000000000000 ) );
#4499 = CARTESIAN_POINT( '', ( -1.65024840477817, -0.171374806324243, 0.0250000000000000 ) );
#4500 = CARTESIAN_POINT( '', ( -1.65819935691318, -0.199196141479100, 0.0250000000000000 ) );
#4501 = CARTESIAN_POINT( '', ( -1.65819935691318, -0.278295819935692, 0.0250000000000000 ) );
#4502 = CARTESIAN_POINT( '', ( -1.63987138263665, -0.317845659163987, 0.0250000000000000 ) );
#4503 = CARTESIAN_POINT( '', ( -1.60418006430868, -0.348713826366560, 0.0250000000000000 ) );
#4504 = COLOUR_RGB( '', 0.000000000000000, 0.000000000000000, 0.000000000000000 );
#4505 = CARTESIAN_POINT( '', ( 1.63215434083602, 0.539710610932476, 0.0150000000000000 ) );
#4506 = CARTESIAN_POINT( '', ( 1.63215434083602, 0.489871382636656, 0.0150000000000000 ) );
#4507 = CARTESIAN_POINT( '', ( 1.63215434083602, 0.440032154340836, 0.0150000000000000 ) );
#4508 = CARTESIAN_POINT( '', ( 1.63215434083602, 0.390192926045016, 0.0150000000000000 ) );
#4509 = COLOUR_RGB( '', 0.000000000000000, 0.000000000000000, 0.000000000000000 );
#4510 = CARTESIAN_POINT( '', ( -1.11414790996785, 0.0149517684887460, 0.0150000000000000 ) );
#4511 = CARTESIAN_POINT( '', ( -1.17877813504823, -0.0110932475884244, 0.0150000000000000 ) );
#4512 = CARTESIAN_POINT( '', ( -1.27620578778135, -0.0332797427652734, 0.0150000000000000 ) );
#4513 = CARTESIAN_POINT( '', ( -1.40643086816720, -0.0516077170418007, 0.0150000000000000 ) );
#4514 = CARTESIAN_POINT( '', ( -1.47978319607851, -0.0619313780070952, 0.0150000000000000 ) );
#4515 = CARTESIAN_POINT( '', ( -1.53183279742766, -0.0747588424437299, 0.0150000000000000 ) );
#4516 = CARTESIAN_POINT( '', ( -1.56270096463023, -0.0872990353697749, 0.0150000000000000 ) );
#4517 = CARTESIAN_POINT( '', ( -1.59390549912000, -0.0999758775062462, 0.0150000000000000 ) );
#4518 = CARTESIAN_POINT( '', ( -1.61672025723473, -0.120096463022508, 0.0150000000000000 ) );
#4519 = CARTESIAN_POINT( '', ( -1.63311897106110, -0.145176848874598, 0.0150000000000000 ) );
#4520 = CARTESIAN_POINT( '', ( -1.65024840477817, -0.171374806324243, 0.0150000000000000 ) );
#4521 = CARTESIAN_POINT( '', ( -1.65819935691318, -0.199196141479100, 0.0150000000000000 ) );
#4522 = CARTESIAN_POINT( '', ( -1.65819935691318, -0.278295819935692, 0.0150000000000000 ) );
#4523 = CARTESIAN_POINT( '', ( -1.63987138263665, -0.317845659163987, 0.0150000000000000 ) );
#4524 = CARTESIAN_POINT( '', ( -1.60418006430868, -0.348713826366560, 0.0150000000000000 ) );
#4525 = COLOUR_RGB( '', 0.000000000000000, 0.000000000000000, 0.000000000000000 );
#4526 = CARTESIAN_POINT( '', ( -0.100321543408361, 0.505948553054662, 0.0150000000000000 ) );
#4527 = VECTOR( '', #4743, 1000.00000000000 );
#4528 = COLOUR_RGB( '', 0.000000000000000, 0.000000000000000, 0.000000000000000 );
#4529 = CARTESIAN_POINT( '', ( -1.11511254019293, 0.154823151125402, 0.0150000000000000 ) );
#4530 = CARTESIAN_POINT( '', ( -1.11511254019293, 0.154823151125402, 0.0150000000000000 ) );
#4531 = VECTOR( '', #4744, 1000.00000000000 );
#4532 = CARTESIAN_POINT( '', ( -1.11511254019293, 0.154823151125402, 0.0150000000000000 ) );
#4533 = CARTESIAN_POINT( '', ( -1.11414790996785, 0.178938906752412, 0.0150000000000000 ) );
#4534 = CARTESIAN_POINT( '', ( -1.11414790996785, 0.195337620578778, 0.0150000000000000 ) );
#4535 = CARTESIAN_POINT( '', ( -1.11414790996785, 0.274437299035370, 0.0150000000000000 ) );
#4536 = CARTESIAN_POINT( '', ( -1.13054662379421, 0.325562700964631, 0.0150000000000000 ) );
#4537 = CARTESIAN_POINT( '', ( -1.16430868167203, 0.356430868167202, 0.0150000000000000 ) );
#4538 = CARTESIAN_POINT( '', ( -1.20917964254210, 0.397455746676980, 0.0150000000000000 ) );
#4539 = CARTESIAN_POINT( '', ( -1.27813504823151, 0.416237942122187, 0.0150000000000000 ) );
#4540 = CARTESIAN_POINT( '', ( -1.36784565916399, 0.417202572347267, 0.0150000000000000 ) );
#4541 = CARTESIAN_POINT( '', ( -1.45078389680873, 0.418094381354200, 0.0150000000000000 ) );
#4542 = CARTESIAN_POINT( '', ( -1.51254019292605, 0.401768488745981, 0.0150000000000000 ) );
#4543 = CARTESIAN_POINT( '', ( -1.55305466237942, 0.372829581993569, 0.0150000000000000 ) );
#4544 = CARTESIAN_POINT( '', ( -1.59338663422265, 0.344021030676980, 0.0150000000000000 ) );
#4545 = CARTESIAN_POINT( '', ( -1.62250803858521, 0.290836012861736, 0.0150000000000000 ) );
#4546 = CARTESIAN_POINT( '', ( -1.64180064308682, 0.216559485530546, 0.0150000000000000 ) );
#4547 = COLOUR_RGB( '', 0.819999992800000, 0.819999992800000, 0.819999992800000 );
#4548 = COLOUR_RGB( '', 0.000000000000000, 0.000000000000000, 0.000000000000000 );
#4549 = CARTESIAN_POINT( '', ( 2.32668810289389, -0.511736334405145, 0.0150000000000000 ) );
#4550 = CARTESIAN_POINT( '', ( 2.26752411575562, -0.511736334405145, 0.0150000000000000 ) );
#4551 = CARTESIAN_POINT( '', ( 2.20836012861737, -0.511736334405145, 0.0150000000000000 ) );
#4552 = CARTESIAN_POINT( '', ( 2.14919614147910, -0.511736334405145, 0.0150000000000000 ) );
#4553 = COLOUR_RGB( '', 0.000000000000000, 0.000000000000000, 0.000000000000000 );
#4554 = COLOUR_RGB( '', 0.550000011900000, 0.311243504300000, 0.218416497100000 );
#4555 = CARTESIAN_POINT( '', ( -3.20000000000000, -1.17566092718146E-15, 1.00000000000000 ) );
#4556 = VECTOR( '', #4745, 1000.00000000000 );
#4557 = COLOUR_RGB( '', 0.550000011900000, 0.311243504300000, 0.218416497100000 );
#4558 = CARTESIAN_POINT( '', ( 3.20000000000000, 3.68000000000000, 0.400000000000000 ) );
#4559 = VECTOR( '', #4746, 1000.00000000000 );
#4560 = COLOUR_RGB( '', 0.000000000000000, 0.000000000000000, 0.000000000000000 );
#4561 = CARTESIAN_POINT( '', ( -1.10353697749196, -0.379581993569132, 0.0150000000000000 ) );
#4562 = CARTESIAN_POINT( '', ( -1.16720257234727, -0.436495176848875, 0.0150000000000000 ) );
#4563 = CARTESIAN_POINT( '', ( -1.22990353697749, -0.477009646302251, 0.0150000000000000 ) );
#4564 = CARTESIAN_POINT( '', ( -1.29163987138264, -0.501125401929261, 0.0150000000000000 ) );
#4565 = CARTESIAN_POINT( '', ( -1.35221235623005, -0.524786528822780, 0.0150000000000000 ) );
#4566 = CARTESIAN_POINT( '', ( -1.41800643086817, -0.535852090032154, 0.0150000000000000 ) );
#4567 = CARTESIAN_POINT( '', ( -1.60418006430868, -0.535852090032154, 0.0150000000000000 ) );
#4568 = CARTESIAN_POINT( '', ( -1.69292604501608, -0.507877813504823, 0.0150000000000000 ) );
#4569 = CARTESIAN_POINT( '', ( -1.75562700964631, -0.450964630225080, 0.0150000000000000 ) );
#4570 = CARTESIAN_POINT( '', ( -1.81731903064635, -0.394967257317345, 0.0150000000000000 ) );
#4571 = CARTESIAN_POINT( '', ( -1.84919614147910, -0.323633440514470, 0.0150000000000000 ) );
#4572 = CARTESIAN_POINT( '', ( -1.84919614147910, -0.183762057877813, 0.0150000000000000 ) );
#4573 = CARTESIAN_POINT( '', ( -1.83665594855306, -0.136495176848875, 0.0150000000000000 ) );
#4574 = CARTESIAN_POINT( '', ( -1.79035369774919, -0.0516077170418007, 0.0150000000000000 ) );
#4575 = CARTESIAN_POINT( '', ( -1.75948553054663, -0.0178456591639871, 0.0150000000000000 ) );
#4576 = CARTESIAN_POINT( '', ( -1.72090032154341, 0.00819935691318322, 0.0150000000000000 ) );
#4577 = CARTESIAN_POINT( '', ( -1.68342512069958, 0.0334951174827665, 0.0150000000000000 ) );
#4578 = CARTESIAN_POINT( '', ( -1.63987138263665, 0.0535369774919614, 0.0150000000000000 ) );
#4579 = CARTESIAN_POINT( '', ( -1.59260450160772, 0.0670418006430869, 0.0150000000000000 ) );
#4580 = CARTESIAN_POINT( '', ( -1.55820542376995, 0.0768701085967357, 0.0150000000000000 ) );
#4581 = CARTESIAN_POINT( '', ( -1.50482315112540, 0.0844051446945338, 0.0150000000000000 ) );
#4582 = CARTESIAN_POINT( '', ( -1.43344051446945, 0.0930868167202572, 0.0150000000000000 ) );
#4583 = CARTESIAN_POINT( '', ( -1.28972467158539, 0.110565770584535, 0.0150000000000000 ) );
#4584 = CARTESIAN_POINT( '', ( -1.18263665594855, 0.130707395498392, 0.0150000000000000 ) );
#4585 = CARTESIAN_POINT( '', ( -1.11511254019293, 0.154823151125402, 0.0150000000000000 ) );
#4586 = COLOUR_RGB( '', 0.000000000000000, 0.000000000000000, 0.000000000000000 );
#4587 = CARTESIAN_POINT( '', ( 1.02636655948553, 0.937138263665595, 0.0150000000000000 ) );
#4588 = VECTOR( '', #4747, 1000.00000000000 );
#4589 = COLOUR_RGB( '', 1.00000000000000, 1.00000000000000, 1.00000000000000 );
#4590 = COLOUR_RGB( '', 0.000000000000000, 0.000000000000000, 0.000000000000000 );
#4591 = COLOUR_RGB( '', 0.550000011900000, 0.311243504300000, 0.218416497100000 );
#4592 = CARTESIAN_POINT( '', ( 3.20000000000000, -3.55000000000000, -2.04000000000000 ) );
#4593 = VECTOR( '', #4748, 1000.00000000000 );
#4594 = CARTESIAN_POINT( '', ( 3.20000000000000, 3.68000000000000, -0.400000000000000 ) );
#4595 = AXIS2_PLACEMENT_3D( '', #4749, #4750, #4751 );
#4596 = CARTESIAN_POINT( '', ( 3.20000000000000, 3.68000000000000, -0.400000000000000 ) );
#4597 = VECTOR( '', #4752, 1000.00000000000 );
#4598 = COLOUR_RGB( '', 0.550000011900000, 0.311243504300000, 0.218416497100000 );
#4599 = COLOUR_RGB( '', 0.000000000000000, 0.000000000000000, 0.000000000000000 );
#4600 = COLOUR_RGB( '', 0.550000011900000, 0.311243504300000, 0.218416497100000 );
#4601 = CARTESIAN_POINT( '', ( 3.20000000000000, 0.000000000000000, -0.400000000000000 ) );
#4602 = VECTOR( '', #4753, 1000.00000000000 );
#4603 = CARTESIAN_POINT( '', ( 3.20000000000000, 3.68000000000000, -0.400000000000000 ) );
#4604 = VECTOR( '', #4754, 1000.00000000000 );
#4605 = COLOUR_RGB( '', 0.000000000000000, 0.000000000000000, 0.000000000000000 );
#4606 = COLOUR_RGB( '', 0.819999992800000, 0.819999992800000, 0.819999992800000 );
#4607 = COLOUR_RGB( '', 0.550000011900000, 0.311243504300000, 0.218416497100000 );
#4608 = COLOUR_RGB( '', 0.550000011900000, 0.311243504300000, 0.218416497100000 );
#4609 = COLOUR_RGB( '', 0.000000000000000, 0.000000000000000, 0.000000000000000 );
#4610 = COLOUR_RGB( '', 0.000000000000000, 0.000000000000000, 0.000000000000000 );
#4611 = DIRECTION( '', ( 0.000000000000000, 0.000000000000000, 1.00000000000000 ) );
#4612 = DIRECTION( '', ( 0.000000000000000, 0.000000000000000, 1.00000000000000 ) );
#4613 = DIRECTION( '', ( 0.000000000000000, 0.000000000000000, 1.00000000000000 ) );
#4614 = DIRECTION( '', ( 0.000000000000000, 0.000000000000000, 1.00000000000000 ) );
#4615 = DIRECTION( '', ( 0.000000000000000, 0.999208640946483, 0.0397755183232310 ) );
#4616 = DIRECTION( '', ( 1.00000000000000, 3.67394039744206E-16, 1.84695905802498E-16 ) );
#4617 = DIRECTION( '', ( 0.000000000000000, 0.999208640946483, 0.0397755183232310 ) );
#4618 = DIRECTION( '', ( 0.000000000000000, 0.000000000000000, 1.00000000000000 ) );
#4619 = DIRECTION( '', ( 0.000000000000000, 0.000000000000000, 1.00000000000000 ) );
#4620 = CARTESIAN_POINT( '', ( -3.20000000000000, 3.70000000000000, 0.646889980985519 ) );
#4621 = DIRECTION( '', ( -1.00000000000000, 9.74990791769596E-18, -2.44929359829470E-16 ) );
#4622 = DIRECTION( '', ( -2.44929359829470E-16, 0.000000000000000, 1.00000000000000 ) );
#4623 = DIRECTION( '', ( -1.00000000000000, 1.20466908053945E-16, -2.25509069338434E-16 ) );
#4624 = CARTESIAN_POINT( '', ( -5.00000000000000, 3.70000000000000, 0.646889980985519 ) );
#4625 = DIRECTION( '', ( 1.00000000000000, -9.74990791769596E-18, 2.44929359829470E-16 ) );
#4626 = DIRECTION( '', ( 2.44929359829470E-16, 0.000000000000000, -1.00000000000000 ) );
#4627 = DIRECTION( '', ( -1.00000000000000, 1.20466908053945E-16, -2.25509069338434E-16 ) );
#4628 = DIRECTION( '', ( 0.000000000000000, 0.000000000000000, 1.00000000000000 ) );
#4629 = DIRECTION( '', ( 0.000000000000000, 0.000000000000000, 1.00000000000000 ) );
#4630 = DIRECTION( '', ( 0.000000000000000, 0.000000000000000, 1.00000000000000 ) );
#4631 = DIRECTION( '', ( 0.000000000000000, 0.000000000000000, 1.00000000000000 ) );
#4632 = DIRECTION( '', ( 0.000000000000000, 0.000000000000000, 1.00000000000000 ) );
#4633 = DIRECTION( '', ( 0.000000000000000, 0.000000000000000, 1.00000000000000 ) );
#4634 = DIRECTION( '', ( 0.000000000000000, 0.000000000000000, 1.00000000000000 ) );
#4635 = DIRECTION( '', ( 0.000000000000000, 0.000000000000000, 1.00000000000000 ) );
#4636 = DIRECTION( '', ( 0.000000000000000, 1.00000000000000, -1.19967045364924E-16 ) );
#4637 = DIRECTION( '', ( 0.000000000000000, -2.11898313823919E-18, -1.00000000000000 ) );
#4638 = DIRECTION( '', ( 0.000000000000000, 1.00000000000000, -1.19967045364924E-16 ) );
#4639 = CARTESIAN_POINT( '', ( 5.00000000000000, 3.68000000000000, -0.820000000000000 ) );
#4640 = DIRECTION( '', ( 1.00000000000000, 0.000000000000000, 0.000000000000000 ) );
#4641 = DIRECTION( '', ( 0.000000000000000, 0.000000000000000, -1.00000000000000 ) );
#4642 = DIRECTION( '', ( 0.000000000000000, -1.00000000000000, 1.17848062226685E-16 ) );
#4643 = DIRECTION( '', ( 0.000000000000000, 0.000000000000000, 1.00000000000000 ) );
#4644 = DIRECTION( '', ( 0.000000000000000, -1.00000000000000, 1.17848062226685E-16 ) );
#4645 = CARTESIAN_POINT( '', ( 5.00000000000000, 3.68000000000000, -0.820000000000000 ) );
#4646 = DIRECTION( '', ( 1.00000000000000, 0.000000000000000, 0.000000000000000 ) );
#4647 = DIRECTION( '', ( 0.000000000000000, 0.000000000000000, -1.00000000000000 ) );
#4648 = DIRECTION( '', ( 0.000000000000000, 0.000000000000000, 1.00000000000000 ) );
#4649 = DIRECTION( '', ( 0.000000000000000, 0.000000000000000, 1.00000000000000 ) );
#4650 = DIRECTION( '', ( 2.44929359829470E-16, 4.49927934798558E-32, -1.00000000000000 ) );
#4651 = DIRECTION( '', ( 0.000000000000000, 0.000000000000000, -1.00000000000000 ) );
#4652 = DIRECTION( '', ( 0.000000000000000, 0.000000000000000, 1.00000000000000 ) );
#4653 = DIRECTION( '', ( 0.000000000000000, 0.000000000000000, 1.00000000000000 ) );
#4654 = DIRECTION( '', ( 0.000000000000000, 0.000000000000000, 1.00000000000000 ) );
#4655 = DIRECTION( '', ( 0.000000000000000, 0.000000000000000, 1.00000000000000 ) );
#4656 = DIRECTION( '', ( 0.000000000000000, 0.000000000000000, 1.00000000000000 ) );
#4657 = DIRECTION( '', ( 0.000000000000000, 0.000000000000000, 1.00000000000000 ) );
#4658 = DIRECTION( '', ( 0.000000000000000, 0.000000000000000, 1.00000000000000 ) );
#4659 = DIRECTION( '', ( 0.000000000000000, 0.000000000000000, 1.00000000000000 ) );
#4660 = DIRECTION( '', ( 0.000000000000000, 0.000000000000000, 1.00000000000000 ) );
#4661 = DIRECTION( '', ( 0.000000000000000, 0.000000000000000, 1.00000000000000 ) );
#4662 = CARTESIAN_POINT( '', ( 0.000000000000000, 0.000000000000000, 0.0250000000000000 ) );
#4663 = DIRECTION( '', ( 0.000000000000000, 0.000000000000000, -1.00000000000000 ) );
#4664 = DIRECTION( '', ( 1.00000000000000, 0.000000000000000, 0.000000000000000 ) );
#4665 = DIRECTION( '', ( 0.000000000000000, 0.000000000000000, 1.00000000000000 ) );
#4666 = DIRECTION( '', ( 0.000000000000000, 0.000000000000000, 1.00000000000000 ) );
#4667 = DIRECTION( '', ( 0.000000000000000, 0.000000000000000, 1.00000000000000 ) );
#4668 = DIRECTION( '', ( 0.000000000000000, 0.000000000000000, 1.00000000000000 ) );
#4669 = DIRECTION( '', ( 0.000000000000000, 0.000000000000000, 1.00000000000000 ) );
#4670 = DIRECTION( '', ( 0.000000000000000, 0.000000000000000, 1.00000000000000 ) );
#4671 = DIRECTION( '', ( 0.000000000000000, 0.000000000000000, 1.00000000000000 ) );
#4672 = DIRECTION( '', ( 0.000000000000000, 0.000000000000000, 1.00000000000000 ) );
#4673 = DIRECTION( '', ( 0.000000000000000, 0.000000000000000, 1.00000000000000 ) );
#4674 = DIRECTION( '', ( 0.000000000000000, 0.000000000000000, 1.00000000000000 ) );
#4675 = CARTESIAN_POINT( '', ( 0.000000000000000, 0.000000000000000, -0.0250000000000000 ) );
#4676 = DIRECTION( '', ( 0.000000000000000, 0.000000000000000, -1.00000000000000 ) );
#4677 = DIRECTION( '', ( 1.00000000000000, 0.000000000000000, 0.000000000000000 ) );
#4678 = DIRECTION( '', ( 1.00000000000000, 3.62655791822016E-34, 1.20466908053945E-16 ) );
#4679 = DIRECTION( '', ( 0.000000000000000, 1.00000000000000, -1.18008399726313E-16 ) );
#4680 = DIRECTION( '', ( 1.00000000000000, 3.62655791822016E-34, 1.20466908053945E-16 ) );
#4681 = DIRECTION( '', ( 0.000000000000000, 1.00000000000000, -1.18008399726313E-16 ) );
#4682 = DIRECTION( '', ( 1.00000000000000, 0.000000000000000, 0.000000000000000 ) );
#4683 = DIRECTION( '', ( 0.000000000000000, 1.00000000000000, -1.19967045364924E-16 ) );
#4684 = DIRECTION( '', ( 1.00000000000000, 0.000000000000000, 0.000000000000000 ) );
#4685 = DIRECTION( '', ( 0.000000000000000, 0.000000000000000, 1.00000000000000 ) );
#4686 = DIRECTION( '', ( -1.00000000000000, 0.000000000000000, -6.02334540269725E-17 ) );
#4687 = DIRECTION( '', ( 0.000000000000000, 0.000000000000000, 1.00000000000000 ) );
#4688 = DIRECTION( '', ( 0.000000000000000, 0.000000000000000, 1.00000000000000 ) );
#4689 = DIRECTION( '', ( 0.000000000000000, 0.000000000000000, 1.00000000000000 ) );
#4690 = DIRECTION( '', ( 0.000000000000000, 0.000000000000000, 1.00000000000000 ) );
#4691 = DIRECTION( '', ( 0.000000000000000, 0.000000000000000, 1.00000000000000 ) );
#4692 = DIRECTION( '', ( 0.000000000000000, 1.00000000000000, -1.18008399726313E-16 ) );
#4693 = DIRECTION( '', ( -1.00000000000000, 1.74074780074567E-32, 0.000000000000000 ) );
#4694 = DIRECTION( '', ( 0.000000000000000, 1.00000000000000, -1.18008399726313E-16 ) );
#4695 = DIRECTION( '', ( -1.00000000000000, 1.74074780074567E-32, 0.000000000000000 ) );
#4696 = DIRECTION( '', ( 0.000000000000000, 0.000000000000000, 1.00000000000000 ) );
#4697 = DIRECTION( '', ( 0.000000000000000, 0.999208640946483, 0.0397755183232310 ) );
#4698 = DIRECTION( '', ( -2.44929359829470E-16, -4.49927934798558E-32, 1.00000000000000 ) );
#4699 = DIRECTION( '', ( 0.000000000000000, 5.45293408608694E-16, 1.00000000000000 ) );
#4700 = CARTESIAN_POINT( '', ( -5.00000000000000, 3.80000000000000, -0.840000000000000 ) );
#4701 = DIRECTION( '', ( 1.00000000000000, 0.000000000000000, 0.000000000000000 ) );
#4702 = DIRECTION( '', ( 0.000000000000000, 0.000000000000000, -1.00000000000000 ) );
#4703 = DIRECTION( '', ( 0.000000000000000, 1.47510499657892E-16, 1.00000000000000 ) );
#4704 = CARTESIAN_POINT( '', ( -5.00000000000000, 3.80000000000000, -0.840000000000000 ) );
#4705 = DIRECTION( '', ( 1.00000000000000, 0.000000000000000, 0.000000000000000 ) );
#4706 = DIRECTION( '', ( 0.000000000000000, 0.000000000000000, -1.00000000000000 ) );
#4707 = DIRECTION( '', ( 0.000000000000000, 5.45293408608694E-16, 1.00000000000000 ) );
#4708 = DIRECTION( '', ( 0.000000000000000, 0.000000000000000, 1.00000000000000 ) );
#4709 = DIRECTION( '', ( 0.000000000000000, 0.999208640946483, 0.0397755183232310 ) );
#4710 = DIRECTION( '', ( 0.000000000000000, 5.45293408608694E-16, 1.00000000000000 ) );
#4711 = CARTESIAN_POINT( '', ( -3.20000000000000, 3.80000000000000, -0.840000000000000 ) );
#4712 = DIRECTION( '', ( 1.00000000000000, 0.000000000000000, 0.000000000000000 ) );
#4713 = DIRECTION( '', ( 0.000000000000000, 0.000000000000000, -1.00000000000000 ) );
#4714 = DIRECTION( '', ( 0.000000000000000, -1.47510499657892E-16, -1.00000000000000 ) );
#4715 = CARTESIAN_POINT( '', ( -3.20000000000000, 3.80000000000000, -0.840000000000000 ) );
#4716 = DIRECTION( '', ( 1.00000000000000, 0.000000000000000, 0.000000000000000 ) );
#4717 = DIRECTION( '', ( 0.000000000000000, 0.000000000000000, -1.00000000000000 ) );
#4718 = DIRECTION( '', ( 0.000000000000000, 5.45293408608694E-16, 1.00000000000000 ) );
#4719 = DIRECTION( '', ( 0.000000000000000, 0.000000000000000, 1.00000000000000 ) );
#4720 = DIRECTION( '', ( 0.000000000000000, 0.000000000000000, 1.00000000000000 ) );
#4721 = DIRECTION( '', ( 0.000000000000000, 2.11898313823919E-18, 1.00000000000000 ) );
#4722 = DIRECTION( '', ( -1.00000000000000, 1.27633673441060E-34, 6.02334540269725E-17 ) );
#4723 = DIRECTION( '', ( 0.000000000000000, 0.000000000000000, 1.00000000000000 ) );
#4724 = DIRECTION( '', ( 0.000000000000000, 0.000000000000000, 1.00000000000000 ) );
#4725 = DIRECTION( '', ( 0.000000000000000, 0.000000000000000, 1.00000000000000 ) );
#4726 = DIRECTION( '', ( 0.000000000000000, 0.000000000000000, 1.00000000000000 ) );
#4727 = DIRECTION( '', ( -1.00000000000000, 3.04924561216314E-49, 1.74074780074567E-32 ) );
#4728 = DIRECTION( '', ( -1.00000000000000, 7.43795439503597E-48, 1.74074780074567E-32 ) );
#4729 = DIRECTION( '', ( 0.000000000000000, 0.000000000000000, 1.00000000000000 ) );
#4730 = DIRECTION( '', ( -1.00000000000000, 1.27633673441060E-34, 6.02334540269725E-17 ) );
#4731 = CARTESIAN_POINT( '', ( 3.20000000000000, 3.68000000000000, -0.820000000000000 ) );
#4732 = DIRECTION( '', ( 1.00000000000000, 0.000000000000000, 0.000000000000000 ) );
#4733 = DIRECTION( '', ( 0.000000000000000, 0.000000000000000, -1.00000000000000 ) );
#4734 = DIRECTION( '', ( -1.00000000000000, 0.000000000000000, -6.02334540269725E-17 ) );
#4735 = DIRECTION( '', ( 0.000000000000000, 0.000000000000000, 1.00000000000000 ) );
#4736 = DIRECTION( '', ( 1.00000000000000, -1.20466908053945E-16, 2.47285918048637E-33 ) );
#4737 = DIRECTION( '', ( 0.000000000000000, 0.000000000000000, 1.00000000000000 ) );
#4738 = DIRECTION( '', ( 0.000000000000000, 0.000000000000000, 1.00000000000000 ) );
#4739 = DIRECTION( '', ( 0.000000000000000, 0.000000000000000, 1.00000000000000 ) );
#4740 = DIRECTION( '', ( 0.000000000000000, 0.000000000000000, 1.00000000000000 ) );
#4741 = DIRECTION( '', ( 0.000000000000000, 0.000000000000000, 1.00000000000000 ) );
#4742 = DIRECTION( '', ( 0.000000000000000, 0.000000000000000, 1.00000000000000 ) );
#4743 = DIRECTION( '', ( 0.000000000000000, 0.000000000000000, 1.00000000000000 ) );
#4744 = DIRECTION( '', ( 0.000000000000000, 0.000000000000000, 1.00000000000000 ) );
#4745 = DIRECTION( '', ( -1.00000000000000, -3.67394039744206E-16, -2.44929359829470E-16 ) );
#4746 = DIRECTION( '', ( 0.000000000000000, -1.00000000000000, 1.17848062226685E-16 ) );
#4747 = DIRECTION( '', ( 0.000000000000000, 0.000000000000000, 1.00000000000000 ) );
#4748 = DIRECTION( '', ( 0.000000000000000, 1.00000000000000, -1.19967045364924E-16 ) );
#4749 = CARTESIAN_POINT( '', ( 3.20000000000000, 3.68000000000000, -0.820000000000000 ) );
#4750 = DIRECTION( '', ( 1.00000000000000, 0.000000000000000, 0.000000000000000 ) );
#4751 = DIRECTION( '', ( 0.000000000000000, 0.000000000000000, -1.00000000000000 ) );
#4752 = DIRECTION( '', ( 0.000000000000000, -1.00000000000000, 1.17848062226685E-16 ) );
#4753 = DIRECTION( '', ( 1.00000000000000, 0.000000000000000, 0.000000000000000 ) );
#4754 = DIRECTION( '', ( 1.00000000000000, 0.000000000000000, 0.000000000000000 ) );
ENDSEC;
END-ISO-10303-21;
