ISO-10303-21;
HEADER;
/* Generated by software containing ST-Developer
 * from STEP Tools, Inc. (www.steptools.com) 
 */

FILE_DESCRIPTION(
/* description */ (''),
/* implementation_level */ '2;1');

FILE_NAME(
/* name */ 
'C:\\Users\\janartha\\Desktop\\WF\\PG-HSOF-8-3_Z8B00182129_V02_3D.stp',

/* time_stamp */ '2021-12-22T17:28:55+06:00',
/* author */ ('janartha'),
/* organization */ (''),
/* preprocessor_version */ 'ST-DEVELOPER v16.13',
/* originating_system */ 'AutoCAD Mechanical',
/* authorisation */ '');

FILE_SCHEMA (('AUTOMOTIVE_DESIGN { 1 0 10303 214 3 1 1 }'));
ENDSEC;

DATA;
#10=MECHANICAL_DESIGN_GEOMETRIC_PRESENTATION_REPRESENTATION('',(#83,#76,
#82,#81,#75,#78,#80,#77,#79,#85,#86,#84,#87,#88,#89,#90,#91),#15202);
#11=PRESENTATION_LAYER_ASSIGNMENT('3','3D_Logo',(#101,#102,#103,#104,#105,
#106,#107,#108,#109,#110,#111,#112));
#12=PRESENTATION_LAYER_ASSIGNMENT('1','3D_Mold',(#113));
#13=PRESENTATION_LAYER_ASSIGNMENT('2','3D_Pins',(#114,#115,#116,#117));
#14=SHAPE_REPRESENTATION_RELATIONSHIP('SRR','None',#15208,#15);
#15=ADVANCED_BREP_SHAPE_REPRESENTATION('',(#101,#102,#103,#104,#105,#106,
#107,#108,#109,#110,#111,#112,#113,#114,#115,#116,#117),#15201);
#16=B_SPLINE_SURFACE_WITH_KNOTS('',3,3,((#14250,#14251,#14252,#14253,#14254),
(#14255,#14256,#14257,#14258,#14259),(#14260,#14261,#14262,#14263,#14264),
(#14265,#14266,#14267,#14268,#14269),(#14270,#14271,#14272,#14273,#14274)),
 .UNSPECIFIED.,.F.,.F.,.F.,(4,1,4),(4,1,4),(0.,0.571428571428571,1.),(-0.770319032900976,
-0.110045576128717,0.770319032900961),.UNSPECIFIED.);
#17=B_SPLINE_SURFACE_WITH_KNOTS('',3,3,((#14278,#14279,#14280,#14281,#14282),
(#14283,#14284,#14285,#14286,#14287),(#14288,#14289,#14290,#14291,#14292),
(#14293,#14294,#14295,#14296,#14297),(#14298,#14299,#14300,#14301,#14302)),
 .UNSPECIFIED.,.F.,.F.,.F.,(4,1,4),(4,1,4),(0.,0.571428571428571,1.),(-0.770319032900961,
-0.110045576128709,0.770319032900962),.UNSPECIFIED.);
#18=B_SPLINE_SURFACE_WITH_KNOTS('',3,3,((#14339,#14340,#14341,#14342,#14343),
(#14344,#14345,#14346,#14347,#14348),(#14349,#14350,#14351,#14352,#14353),
(#14354,#14355,#14356,#14357,#14358),(#14359,#14360,#14361,#14362,#14363)),
 .UNSPECIFIED.,.F.,.F.,.F.,(4,1,4),(4,1,4),(0.,0.571428571428571,1.),(-0.770319032900957,
-0.110045576128705,0.770319032900965),.UNSPECIFIED.);
#19=B_SPLINE_SURFACE_WITH_KNOTS('',3,3,((#14369,#14370,#14371,#14372,#14373),
(#14374,#14375,#14376,#14377,#14378),(#14379,#14380,#14381,#14382,#14383),
(#14384,#14385,#14386,#14387,#14388),(#14389,#14390,#14391,#14392,#14393)),
 .UNSPECIFIED.,.F.,.F.,.F.,(4,1,4),(4,1,4),(0.,0.571428571428571,1.),(-0.770319032900964,
-0.110045576128711,0.770319032900959),.UNSPECIFIED.);
#20=SPHERICAL_SURFACE('',#9671,0.1);
#21=SPHERICAL_SURFACE('',#9673,0.1);
#22=SPHERICAL_SURFACE('',#9677,0.1);
#23=SPHERICAL_SURFACE('',#9680,0.099999999999997);
#24=TOROIDAL_SURFACE('',#9607,1.45,0.05);
#25=ELLIPSE('',#9553,0.206124468052831,0.2);
#26=ELLIPSE('',#9554,0.206124468052831,0.2);
#27=ELLIPSE('',#9614,0.206124468052831,0.2);
#28=ELLIPSE('',#9617,0.206124468052831,0.2);
#29=ELLIPSE('',#9619,0.213533174805791,0.2);
#30=ELLIPSE('',#9621,0.575877048314204,0.1);
#31=ELLIPSE('',#9623,0.575877048314203,0.1);
#32=ELLIPSE('',#9624,0.100751192226146,0.1);
#33=ELLIPSE('',#9632,0.206124468052831,0.2);
#34=ELLIPSE('',#9633,0.213533174805792,0.200000000000001);
#35=ELLIPSE('',#9635,0.575877048314203,0.1);
#36=ELLIPSE('',#9638,0.575877048314203,0.1);
#37=ELLIPSE('',#9639,0.100751192226146,0.1);
#38=ELLIPSE('',#9642,0.141421356237309,0.1);
#39=ELLIPSE('',#9643,0.130683349309782,0.1);
#40=ELLIPSE('',#9645,0.575877048314203,0.1);
#41=ELLIPSE('',#9647,0.575877048314273,0.1);
#42=ELLIPSE('',#9648,0.575877048314203,0.1);
#43=ELLIPSE('',#9649,0.100751192226141,0.1);
#44=ELLIPSE('',#9651,0.575877048314273,0.1);
#45=ELLIPSE('',#9655,0.100751192226142,0.1);
#46=ELLIPSE('',#9656,0.575877048314203,0.1);
#47=ELLIPSE('',#9660,0.575877048314573,0.1);
#48=ELLIPSE('',#9661,0.575877048314203,0.1);
#49=ELLIPSE('',#9662,0.100751192226142,0.1);
#50=ELLIPSE('',#9664,0.575877048314573,0.1);
#51=ELLIPSE('',#9668,0.100751192226141,0.1);
#52=ELLIPSE('',#9686,0.575877048314203,0.1);
#53=ELLIPSE('',#9688,0.213533174805791,0.2);
#54=ELLIPSE('',#9691,0.130683349309783,0.1);
#55=ELLIPSE('',#9692,0.130683349309782,0.1);
#56=ELLIPSE('',#9693,0.100751192226147,0.1);
#57=ELLIPSE('',#9695,0.575877048314203,0.1);
#58=ELLIPSE('',#9697,0.130683349309781,0.1);
#59=ELLIPSE('',#9698,0.130683349309782,0.1);
#60=ELLIPSE('',#9700,0.141421356237309,0.1);
#61=ELLIPSE('',#9705,0.141421356237309,0.1);
#62=ELLIPSE('',#9706,0.309186702079246,0.3);
#63=ELLIPSE('',#9709,0.309186702079246,0.3);
#64=ELLIPSE('',#9714,0.130683349309782,0.1);
#65=ELLIPSE('',#9715,0.141421356237309,0.1);
#66=ELLIPSE('',#9717,0.575877048314203,0.1);
#67=ELLIPSE('',#9719,0.309186702079246,0.3);
#68=ELLIPSE('',#9720,0.309186702079246,0.3);
#69=ELLIPSE('',#9723,0.130683349309782,0.1);
#70=ELLIPSE('',#9728,0.213533174805792,0.199999999999999);
#71=ELLIPSE('',#9730,0.130683349309782,0.1);
#72=ELLIPSE('',#9734,0.206124468052831,0.2);
#73=ELLIPSE('',#9736,0.575877048314203,0.1);
#74=ELLIPSE('',#9738,0.100751192226147,0.1);
#75=STYLED_ITEM('',(#15217),#101);
#76=STYLED_ITEM('',(#15217),#102);
#77=STYLED_ITEM('',(#15217),#103);
#78=STYLED_ITEM('',(#15217),#104);
#79=STYLED_ITEM('',(#15217),#105);
#80=STYLED_ITEM('',(#15217),#106);
#81=STYLED_ITEM('',(#15217),#107);
#82=STYLED_ITEM('',(#15217),#108);
#83=STYLED_ITEM('',(#15217),#109);
#84=STYLED_ITEM('',(#15217),#110);
#85=STYLED_ITEM('',(#15217),#111);
#86=STYLED_ITEM('',(#15217),#112);
#87=STYLED_ITEM('',(#15218),#113);
#88=STYLED_ITEM('',(#15219),#114);
#89=STYLED_ITEM('',(#15219),#115);
#90=STYLED_ITEM('',(#15219),#116);
#91=STYLED_ITEM('',(#15219),#117);
#92=FACE_BOUND('',#785,.T.);
#93=FACE_BOUND('',#839,.T.);
#94=FACE_BOUND('',#875,.T.);
#95=FACE_BOUND('',#877,.T.);
#96=FACE_BOUND('',#921,.T.);
#97=FACE_BOUND('',#924,.T.);
#98=FACE_BOUND('',#1043,.T.);
#99=FACE_BOUND('',#1045,.T.);
#100=FACE_BOUND('',#1092,.T.);
#101=MANIFOLD_SOLID_BREP('6E7',#9069);
#102=MANIFOLD_SOLID_BREP('6E7',#9070);
#103=MANIFOLD_SOLID_BREP('6E7',#9071);
#104=MANIFOLD_SOLID_BREP('6E7',#9072);
#105=MANIFOLD_SOLID_BREP('6E7',#9073);
#106=MANIFOLD_SOLID_BREP('6E7',#9074);
#107=MANIFOLD_SOLID_BREP('6E7',#9075);
#108=MANIFOLD_SOLID_BREP('6E7',#9076);
#109=MANIFOLD_SOLID_BREP('6E7',#9077);
#110=MANIFOLD_SOLID_BREP('711',#9078);
#111=MANIFOLD_SOLID_BREP('711',#9079);
#112=MANIFOLD_SOLID_BREP('711',#9080);
#113=MANIFOLD_SOLID_BREP('729',#9081);
#114=MANIFOLD_SOLID_BREP('3E8A',#9082);
#115=MANIFOLD_SOLID_BREP('3E8A',#9083);
#116=MANIFOLD_SOLID_BREP('3E8A',#9084);
#117=MANIFOLD_SOLID_BREP('3E8D',#9085);
#118=CYLINDRICAL_SURFACE('',#9095,0.121102815697503);
#119=CYLINDRICAL_SURFACE('',#9097,0.103294011176211);
#120=CYLINDRICAL_SURFACE('',#9104,0.226812329390409);
#121=CYLINDRICAL_SURFACE('',#9106,0.228579665012903);
#122=CYLINDRICAL_SURFACE('',#9108,0.15613798851559);
#123=CYLINDRICAL_SURFACE('',#9110,0.159261452230896);
#124=CYLINDRICAL_SURFACE('',#9117,0.191698196012987);
#125=CYLINDRICAL_SURFACE('',#9126,0.121102815705305);
#126=CYLINDRICAL_SURFACE('',#9128,0.103294011181315);
#127=CYLINDRICAL_SURFACE('',#9135,0.22681232938675);
#128=CYLINDRICAL_SURFACE('',#9137,0.228579664994003);
#129=CYLINDRICAL_SURFACE('',#9139,0.156137988525241);
#130=CYLINDRICAL_SURFACE('',#9141,0.159261452213672);
#131=CYLINDRICAL_SURFACE('',#9148,0.191698196004037);
#132=CYLINDRICAL_SURFACE('',#9149,0.106501734831172);
#133=CYLINDRICAL_SURFACE('',#9162,0.226812329375251);
#134=CYLINDRICAL_SURFACE('',#9164,0.228579665033282);
#135=CYLINDRICAL_SURFACE('',#9166,0.156137988510535);
#136=CYLINDRICAL_SURFACE('',#9168,0.159261452213934);
#137=CYLINDRICAL_SURFACE('',#9173,0.191698196004037);
#138=CYLINDRICAL_SURFACE('',#9175,0.121102815714397);
#139=CYLINDRICAL_SURFACE('',#9177,0.103294011171964);
#140=CYLINDRICAL_SURFACE('',#9209,0.212570492647587);
#141=CYLINDRICAL_SURFACE('',#9211,0.198836020171923);
#142=CYLINDRICAL_SURFACE('',#9213,0.207843364839735);
#143=CYLINDRICAL_SURFACE('',#9215,0.295667953897618);
#144=CYLINDRICAL_SURFACE('',#9218,0.144134652159809);
#145=CYLINDRICAL_SURFACE('',#9220,0.0689176687450982);
#146=CYLINDRICAL_SURFACE('',#9222,0.0905626679508696);
#147=CYLINDRICAL_SURFACE('',#9259,0.0956061241035768);
#148=CYLINDRICAL_SURFACE('',#9261,0.142617355509356);
#149=CYLINDRICAL_SURFACE('',#9263,0.393092138000526);
#150=CYLINDRICAL_SURFACE('',#9266,0.252719711765339);
#151=CYLINDRICAL_SURFACE('',#9271,0.329007168378324);
#152=CYLINDRICAL_SURFACE('',#9274,0.260589101648891);
#153=CYLINDRICAL_SURFACE('',#9276,0.283402901726871);
#154=CYLINDRICAL_SURFACE('',#9278,0.312327262725583);
#155=CYLINDRICAL_SURFACE('',#9280,0.24518189931251);
#156=CYLINDRICAL_SURFACE('',#9282,0.687038681451472);
#157=CYLINDRICAL_SURFACE('',#9284,0.82233805025872);
#158=CYLINDRICAL_SURFACE('',#9286,1.17076441747832);
#159=CYLINDRICAL_SURFACE('',#9289,0.258514471753756);
#160=CYLINDRICAL_SURFACE('',#9291,0.096049409180169);
#161=CYLINDRICAL_SURFACE('',#9293,0.126488589561685);
#162=CYLINDRICAL_SURFACE('',#9295,0.57525353574457);
#163=CYLINDRICAL_SURFACE('',#9297,0.250795999884906);
#164=CYLINDRICAL_SURFACE('',#9299,0.306298887716731);
#165=CYLINDRICAL_SURFACE('',#9301,0.251060235139396);
#166=CYLINDRICAL_SURFACE('',#9303,0.315205422081482);
#167=CYLINDRICAL_SURFACE('',#9305,1.0413068121885);
#168=CYLINDRICAL_SURFACE('',#9309,2.24557802079417);
#169=CYLINDRICAL_SURFACE('',#9311,0.295328301483493);
#170=CYLINDRICAL_SURFACE('',#9313,0.114996228435887);
#171=CYLINDRICAL_SURFACE('',#9315,0.104783446476379);
#172=CYLINDRICAL_SURFACE('',#9317,0.0707834045615154);
#173=CYLINDRICAL_SURFACE('',#9359,0.0793600117843436);
#174=CYLINDRICAL_SURFACE('',#9361,0.0835362366660404);
#175=CYLINDRICAL_SURFACE('',#9364,0.242352107776775);
#176=CYLINDRICAL_SURFACE('',#9366,0.738194569996786);
#177=CYLINDRICAL_SURFACE('',#9368,1.02714503509503);
#178=CYLINDRICAL_SURFACE('',#9370,0.937368872099455);
#179=CYLINDRICAL_SURFACE('',#9372,0.495368040128276);
#180=CYLINDRICAL_SURFACE('',#9374,0.161959675586653);
#181=CYLINDRICAL_SURFACE('',#9376,0.132744639729367);
#182=CYLINDRICAL_SURFACE('',#9379,0.337148101258277);
#183=CYLINDRICAL_SURFACE('',#9381,0.734845305440224);
#184=CYLINDRICAL_SURFACE('',#9383,0.859968874359365);
#185=CYLINDRICAL_SURFACE('',#9385,0.91645559478943);
#186=CYLINDRICAL_SURFACE('',#9387,1.18798311822572);
#187=CYLINDRICAL_SURFACE('',#9389,0.546944574792909);
#188=CYLINDRICAL_SURFACE('',#9391,0.28606201170535);
#189=CYLINDRICAL_SURFACE('',#9393,0.208419506110326);
#190=CYLINDRICAL_SURFACE('',#9395,0.33333986893639);
#191=CYLINDRICAL_SURFACE('',#9397,0.333339868991698);
#192=CYLINDRICAL_SURFACE('',#9399,0.132744639751615);
#193=CYLINDRICAL_SURFACE('',#9401,0.161959675586779);
#194=CYLINDRICAL_SURFACE('',#9403,0.495368040127057);
#195=CYLINDRICAL_SURFACE('',#9405,0.93736887210124);
#196=CYLINDRICAL_SURFACE('',#9407,1.02714503509939);
#197=CYLINDRICAL_SURFACE('',#9409,0.738194569992833);
#198=CYLINDRICAL_SURFACE('',#9411,0.242352107726593);
#199=CYLINDRICAL_SURFACE('',#9414,0.0835362366658609);
#200=CYLINDRICAL_SURFACE('',#9416,0.0793600118485286);
#201=CYLINDRICAL_SURFACE('',#9418,0.208419506057828);
#202=CYLINDRICAL_SURFACE('',#9420,0.286062011723766);
#203=CYLINDRICAL_SURFACE('',#9422,0.546944574812025);
#204=CYLINDRICAL_SURFACE('',#9424,1.18798311822572);
#205=CYLINDRICAL_SURFACE('',#9426,0.91645559478943);
#206=CYLINDRICAL_SURFACE('',#9428,0.859968874369411);
#207=CYLINDRICAL_SURFACE('',#9430,0.734845305421374);
#208=CYLINDRICAL_SURFACE('',#9432,0.337148101225257);
#209=CYLINDRICAL_SURFACE('',#9435,0.297484050210606);
#210=CYLINDRICAL_SURFACE('',#9437,0.297484050175667);
#211=CYLINDRICAL_SURFACE('',#9442,0.219731094272721);
#212=CYLINDRICAL_SURFACE('',#9451,0.691639683143581);
#213=CYLINDRICAL_SURFACE('',#9476,0.315701430623256);
#214=CYLINDRICAL_SURFACE('',#9478,0.834610286078783);
#215=CYLINDRICAL_SURFACE('',#9480,0.615220000814092);
#216=CYLINDRICAL_SURFACE('',#9482,0.467954463879392);
#217=CYLINDRICAL_SURFACE('',#9484,0.500192678144397);
#218=CYLINDRICAL_SURFACE('',#9486,0.789350911171302);
#219=CYLINDRICAL_SURFACE('',#9488,1.14872964739866);
#220=CYLINDRICAL_SURFACE('',#9490,1.19747536911396);
#221=CYLINDRICAL_SURFACE('',#9492,1.35592145314429);
#222=CYLINDRICAL_SURFACE('',#9494,0.992616060788111);
#223=CYLINDRICAL_SURFACE('',#9497,1.15662234114178);
#224=CYLINDRICAL_SURFACE('',#9499,0.315701430611536);
#225=CYLINDRICAL_SURFACE('',#9501,2.11500800617312);
#226=CYLINDRICAL_SURFACE('',#9505,0.781514078243587);
#227=CYLINDRICAL_SURFACE('',#9507,0.974358690985006);
#228=CYLINDRICAL_SURFACE('',#9509,1.19005660662057);
#229=CYLINDRICAL_SURFACE('',#9511,0.95870167607026);
#230=CYLINDRICAL_SURFACE('',#9513,0.749690373633075);
#231=CYLINDRICAL_SURFACE('',#9515,0.581032937260093);
#232=CYLINDRICAL_SURFACE('',#9517,0.435919048527325);
#233=CYLINDRICAL_SURFACE('',#9519,0.463883335230382);
#234=CYLINDRICAL_SURFACE('',#9610,1.5);
#235=CYLINDRICAL_SURFACE('',#9618,0.2);
#236=CYLINDRICAL_SURFACE('',#9622,0.1);
#237=CYLINDRICAL_SURFACE('',#9631,0.2);
#238=CYLINDRICAL_SURFACE('',#9636,0.1);
#239=CYLINDRICAL_SURFACE('',#9640,0.1);
#240=CYLINDRICAL_SURFACE('',#9646,0.1);
#241=CYLINDRICAL_SURFACE('',#9652,0.1);
#242=CYLINDRICAL_SURFACE('',#9654,0.1);
#243=CYLINDRICAL_SURFACE('',#9657,0.1);
#244=CYLINDRICAL_SURFACE('',#9659,0.1);
#245=CYLINDRICAL_SURFACE('',#9665,0.1);
#246=CYLINDRICAL_SURFACE('',#9667,0.1);
#247=CYLINDRICAL_SURFACE('',#9669,0.1);
#248=CYLINDRICAL_SURFACE('',#9676,0.1);
#249=CYLINDRICAL_SURFACE('',#9683,0.1);
#250=CYLINDRICAL_SURFACE('',#9687,0.2);
#251=CYLINDRICAL_SURFACE('',#9690,0.1);
#252=CYLINDRICAL_SURFACE('',#9694,0.1);
#253=CYLINDRICAL_SURFACE('',#9696,0.1);
#254=CYLINDRICAL_SURFACE('',#9699,0.1);
#255=CYLINDRICAL_SURFACE('',#9701,0.1);
#256=CYLINDRICAL_SURFACE('',#9703,0.1);
#257=CYLINDRICAL_SURFACE('',#9710,0.1);
#258=CYLINDRICAL_SURFACE('',#9712,0.1);
#259=CYLINDRICAL_SURFACE('',#9713,0.1);
#260=CYLINDRICAL_SURFACE('',#9721,0.1);
#261=CYLINDRICAL_SURFACE('',#9725,0.1);
#262=CYLINDRICAL_SURFACE('',#9729,0.1);
#263=CYLINDRICAL_SURFACE('',#9731,0.1);
#264=CYLINDRICAL_SURFACE('',#9733,0.2);
#265=CYLINDRICAL_SURFACE('',#9737,0.1);
#266=CYLINDRICAL_SURFACE('',#9739,0.1);
#267=FACE_OUTER_BOUND('',#750,.T.);
#268=FACE_OUTER_BOUND('',#751,.T.);
#269=FACE_OUTER_BOUND('',#752,.T.);
#270=FACE_OUTER_BOUND('',#753,.T.);
#271=FACE_OUTER_BOUND('',#754,.T.);
#272=FACE_OUTER_BOUND('',#755,.T.);
#273=FACE_OUTER_BOUND('',#756,.T.);
#274=FACE_OUTER_BOUND('',#757,.T.);
#275=FACE_OUTER_BOUND('',#758,.T.);
#276=FACE_OUTER_BOUND('',#759,.T.);
#277=FACE_OUTER_BOUND('',#760,.T.);
#278=FACE_OUTER_BOUND('',#761,.T.);
#279=FACE_OUTER_BOUND('',#762,.T.);
#280=FACE_OUTER_BOUND('',#763,.T.);
#281=FACE_OUTER_BOUND('',#764,.T.);
#282=FACE_OUTER_BOUND('',#765,.T.);
#283=FACE_OUTER_BOUND('',#766,.T.);
#284=FACE_OUTER_BOUND('',#767,.T.);
#285=FACE_OUTER_BOUND('',#768,.T.);
#286=FACE_OUTER_BOUND('',#769,.T.);
#287=FACE_OUTER_BOUND('',#770,.T.);
#288=FACE_OUTER_BOUND('',#771,.T.);
#289=FACE_OUTER_BOUND('',#772,.T.);
#290=FACE_OUTER_BOUND('',#773,.T.);
#291=FACE_OUTER_BOUND('',#774,.T.);
#292=FACE_OUTER_BOUND('',#775,.T.);
#293=FACE_OUTER_BOUND('',#776,.T.);
#294=FACE_OUTER_BOUND('',#777,.T.);
#295=FACE_OUTER_BOUND('',#778,.T.);
#296=FACE_OUTER_BOUND('',#779,.T.);
#297=FACE_OUTER_BOUND('',#780,.T.);
#298=FACE_OUTER_BOUND('',#781,.T.);
#299=FACE_OUTER_BOUND('',#782,.T.);
#300=FACE_OUTER_BOUND('',#783,.T.);
#301=FACE_OUTER_BOUND('',#784,.T.);
#302=FACE_OUTER_BOUND('',#786,.T.);
#303=FACE_OUTER_BOUND('',#787,.T.);
#304=FACE_OUTER_BOUND('',#788,.T.);
#305=FACE_OUTER_BOUND('',#789,.T.);
#306=FACE_OUTER_BOUND('',#790,.T.);
#307=FACE_OUTER_BOUND('',#791,.T.);
#308=FACE_OUTER_BOUND('',#792,.T.);
#309=FACE_OUTER_BOUND('',#793,.T.);
#310=FACE_OUTER_BOUND('',#794,.T.);
#311=FACE_OUTER_BOUND('',#795,.T.);
#312=FACE_OUTER_BOUND('',#796,.T.);
#313=FACE_OUTER_BOUND('',#797,.T.);
#314=FACE_OUTER_BOUND('',#798,.T.);
#315=FACE_OUTER_BOUND('',#799,.T.);
#316=FACE_OUTER_BOUND('',#800,.T.);
#317=FACE_OUTER_BOUND('',#801,.T.);
#318=FACE_OUTER_BOUND('',#802,.T.);
#319=FACE_OUTER_BOUND('',#803,.T.);
#320=FACE_OUTER_BOUND('',#804,.T.);
#321=FACE_OUTER_BOUND('',#805,.T.);
#322=FACE_OUTER_BOUND('',#806,.T.);
#323=FACE_OUTER_BOUND('',#807,.T.);
#324=FACE_OUTER_BOUND('',#808,.T.);
#325=FACE_OUTER_BOUND('',#809,.T.);
#326=FACE_OUTER_BOUND('',#810,.T.);
#327=FACE_OUTER_BOUND('',#811,.T.);
#328=FACE_OUTER_BOUND('',#812,.T.);
#329=FACE_OUTER_BOUND('',#813,.T.);
#330=FACE_OUTER_BOUND('',#814,.T.);
#331=FACE_OUTER_BOUND('',#815,.T.);
#332=FACE_OUTER_BOUND('',#816,.T.);
#333=FACE_OUTER_BOUND('',#817,.T.);
#334=FACE_OUTER_BOUND('',#818,.T.);
#335=FACE_OUTER_BOUND('',#819,.T.);
#336=FACE_OUTER_BOUND('',#820,.T.);
#337=FACE_OUTER_BOUND('',#821,.T.);
#338=FACE_OUTER_BOUND('',#822,.T.);
#339=FACE_OUTER_BOUND('',#823,.T.);
#340=FACE_OUTER_BOUND('',#824,.T.);
#341=FACE_OUTER_BOUND('',#825,.T.);
#342=FACE_OUTER_BOUND('',#826,.T.);
#343=FACE_OUTER_BOUND('',#827,.T.);
#344=FACE_OUTER_BOUND('',#828,.T.);
#345=FACE_OUTER_BOUND('',#829,.T.);
#346=FACE_OUTER_BOUND('',#830,.T.);
#347=FACE_OUTER_BOUND('',#831,.T.);
#348=FACE_OUTER_BOUND('',#832,.T.);
#349=FACE_OUTER_BOUND('',#833,.T.);
#350=FACE_OUTER_BOUND('',#834,.T.);
#351=FACE_OUTER_BOUND('',#835,.T.);
#352=FACE_OUTER_BOUND('',#836,.T.);
#353=FACE_OUTER_BOUND('',#837,.T.);
#354=FACE_OUTER_BOUND('',#838,.T.);
#355=FACE_OUTER_BOUND('',#840,.T.);
#356=FACE_OUTER_BOUND('',#841,.T.);
#357=FACE_OUTER_BOUND('',#842,.T.);
#358=FACE_OUTER_BOUND('',#843,.T.);
#359=FACE_OUTER_BOUND('',#844,.T.);
#360=FACE_OUTER_BOUND('',#845,.T.);
#361=FACE_OUTER_BOUND('',#846,.T.);
#362=FACE_OUTER_BOUND('',#847,.T.);
#363=FACE_OUTER_BOUND('',#848,.T.);
#364=FACE_OUTER_BOUND('',#849,.T.);
#365=FACE_OUTER_BOUND('',#850,.T.);
#366=FACE_OUTER_BOUND('',#851,.T.);
#367=FACE_OUTER_BOUND('',#852,.T.);
#368=FACE_OUTER_BOUND('',#853,.T.);
#369=FACE_OUTER_BOUND('',#854,.T.);
#370=FACE_OUTER_BOUND('',#855,.T.);
#371=FACE_OUTER_BOUND('',#856,.T.);
#372=FACE_OUTER_BOUND('',#857,.T.);
#373=FACE_OUTER_BOUND('',#858,.T.);
#374=FACE_OUTER_BOUND('',#859,.T.);
#375=FACE_OUTER_BOUND('',#860,.T.);
#376=FACE_OUTER_BOUND('',#861,.T.);
#377=FACE_OUTER_BOUND('',#862,.T.);
#378=FACE_OUTER_BOUND('',#863,.T.);
#379=FACE_OUTER_BOUND('',#864,.T.);
#380=FACE_OUTER_BOUND('',#865,.T.);
#381=FACE_OUTER_BOUND('',#866,.T.);
#382=FACE_OUTER_BOUND('',#867,.T.);
#383=FACE_OUTER_BOUND('',#868,.T.);
#384=FACE_OUTER_BOUND('',#869,.T.);
#385=FACE_OUTER_BOUND('',#870,.T.);
#386=FACE_OUTER_BOUND('',#871,.T.);
#387=FACE_OUTER_BOUND('',#872,.T.);
#388=FACE_OUTER_BOUND('',#873,.T.);
#389=FACE_OUTER_BOUND('',#874,.T.);
#390=FACE_OUTER_BOUND('',#876,.T.);
#391=FACE_OUTER_BOUND('',#878,.T.);
#392=FACE_OUTER_BOUND('',#879,.T.);
#393=FACE_OUTER_BOUND('',#880,.T.);
#394=FACE_OUTER_BOUND('',#881,.T.);
#395=FACE_OUTER_BOUND('',#882,.T.);
#396=FACE_OUTER_BOUND('',#883,.T.);
#397=FACE_OUTER_BOUND('',#884,.T.);
#398=FACE_OUTER_BOUND('',#885,.T.);
#399=FACE_OUTER_BOUND('',#886,.T.);
#400=FACE_OUTER_BOUND('',#887,.T.);
#401=FACE_OUTER_BOUND('',#888,.T.);
#402=FACE_OUTER_BOUND('',#889,.T.);
#403=FACE_OUTER_BOUND('',#890,.T.);
#404=FACE_OUTER_BOUND('',#891,.T.);
#405=FACE_OUTER_BOUND('',#892,.T.);
#406=FACE_OUTER_BOUND('',#893,.T.);
#407=FACE_OUTER_BOUND('',#894,.T.);
#408=FACE_OUTER_BOUND('',#895,.T.);
#409=FACE_OUTER_BOUND('',#896,.T.);
#410=FACE_OUTER_BOUND('',#897,.T.);
#411=FACE_OUTER_BOUND('',#898,.T.);
#412=FACE_OUTER_BOUND('',#899,.T.);
#413=FACE_OUTER_BOUND('',#900,.T.);
#414=FACE_OUTER_BOUND('',#901,.T.);
#415=FACE_OUTER_BOUND('',#902,.T.);
#416=FACE_OUTER_BOUND('',#903,.T.);
#417=FACE_OUTER_BOUND('',#904,.T.);
#418=FACE_OUTER_BOUND('',#905,.T.);
#419=FACE_OUTER_BOUND('',#906,.T.);
#420=FACE_OUTER_BOUND('',#907,.T.);
#421=FACE_OUTER_BOUND('',#908,.T.);
#422=FACE_OUTER_BOUND('',#909,.T.);
#423=FACE_OUTER_BOUND('',#910,.T.);
#424=FACE_OUTER_BOUND('',#911,.T.);
#425=FACE_OUTER_BOUND('',#912,.T.);
#426=FACE_OUTER_BOUND('',#913,.T.);
#427=FACE_OUTER_BOUND('',#914,.T.);
#428=FACE_OUTER_BOUND('',#915,.T.);
#429=FACE_OUTER_BOUND('',#916,.T.);
#430=FACE_OUTER_BOUND('',#917,.T.);
#431=FACE_OUTER_BOUND('',#918,.T.);
#432=FACE_OUTER_BOUND('',#919,.T.);
#433=FACE_OUTER_BOUND('',#920,.T.);
#434=FACE_OUTER_BOUND('',#922,.T.);
#435=FACE_OUTER_BOUND('',#923,.T.);
#436=FACE_OUTER_BOUND('',#925,.T.);
#437=FACE_OUTER_BOUND('',#926,.T.);
#438=FACE_OUTER_BOUND('',#927,.T.);
#439=FACE_OUTER_BOUND('',#928,.T.);
#440=FACE_OUTER_BOUND('',#929,.T.);
#441=FACE_OUTER_BOUND('',#930,.T.);
#442=FACE_OUTER_BOUND('',#931,.T.);
#443=FACE_OUTER_BOUND('',#932,.T.);
#444=FACE_OUTER_BOUND('',#933,.T.);
#445=FACE_OUTER_BOUND('',#934,.T.);
#446=FACE_OUTER_BOUND('',#935,.T.);
#447=FACE_OUTER_BOUND('',#936,.T.);
#448=FACE_OUTER_BOUND('',#937,.T.);
#449=FACE_OUTER_BOUND('',#938,.T.);
#450=FACE_OUTER_BOUND('',#939,.T.);
#451=FACE_OUTER_BOUND('',#940,.T.);
#452=FACE_OUTER_BOUND('',#941,.T.);
#453=FACE_OUTER_BOUND('',#942,.T.);
#454=FACE_OUTER_BOUND('',#943,.T.);
#455=FACE_OUTER_BOUND('',#944,.T.);
#456=FACE_OUTER_BOUND('',#945,.T.);
#457=FACE_OUTER_BOUND('',#946,.T.);
#458=FACE_OUTER_BOUND('',#947,.T.);
#459=FACE_OUTER_BOUND('',#948,.T.);
#460=FACE_OUTER_BOUND('',#949,.T.);
#461=FACE_OUTER_BOUND('',#950,.T.);
#462=FACE_OUTER_BOUND('',#951,.T.);
#463=FACE_OUTER_BOUND('',#952,.T.);
#464=FACE_OUTER_BOUND('',#953,.T.);
#465=FACE_OUTER_BOUND('',#954,.T.);
#466=FACE_OUTER_BOUND('',#955,.T.);
#467=FACE_OUTER_BOUND('',#956,.T.);
#468=FACE_OUTER_BOUND('',#957,.T.);
#469=FACE_OUTER_BOUND('',#958,.T.);
#470=FACE_OUTER_BOUND('',#959,.T.);
#471=FACE_OUTER_BOUND('',#960,.T.);
#472=FACE_OUTER_BOUND('',#961,.T.);
#473=FACE_OUTER_BOUND('',#962,.T.);
#474=FACE_OUTER_BOUND('',#963,.T.);
#475=FACE_OUTER_BOUND('',#964,.T.);
#476=FACE_OUTER_BOUND('',#965,.T.);
#477=FACE_OUTER_BOUND('',#966,.T.);
#478=FACE_OUTER_BOUND('',#967,.T.);
#479=FACE_OUTER_BOUND('',#968,.T.);
#480=FACE_OUTER_BOUND('',#969,.T.);
#481=FACE_OUTER_BOUND('',#970,.T.);
#482=FACE_OUTER_BOUND('',#971,.T.);
#483=FACE_OUTER_BOUND('',#972,.T.);
#484=FACE_OUTER_BOUND('',#973,.T.);
#485=FACE_OUTER_BOUND('',#974,.T.);
#486=FACE_OUTER_BOUND('',#975,.T.);
#487=FACE_OUTER_BOUND('',#976,.T.);
#488=FACE_OUTER_BOUND('',#977,.T.);
#489=FACE_OUTER_BOUND('',#978,.T.);
#490=FACE_OUTER_BOUND('',#979,.T.);
#491=FACE_OUTER_BOUND('',#980,.T.);
#492=FACE_OUTER_BOUND('',#981,.T.);
#493=FACE_OUTER_BOUND('',#982,.T.);
#494=FACE_OUTER_BOUND('',#983,.T.);
#495=FACE_OUTER_BOUND('',#984,.T.);
#496=FACE_OUTER_BOUND('',#985,.T.);
#497=FACE_OUTER_BOUND('',#986,.T.);
#498=FACE_OUTER_BOUND('',#987,.T.);
#499=FACE_OUTER_BOUND('',#988,.T.);
#500=FACE_OUTER_BOUND('',#989,.T.);
#501=FACE_OUTER_BOUND('',#990,.T.);
#502=FACE_OUTER_BOUND('',#991,.T.);
#503=FACE_OUTER_BOUND('',#992,.T.);
#504=FACE_OUTER_BOUND('',#993,.T.);
#505=FACE_OUTER_BOUND('',#994,.T.);
#506=FACE_OUTER_BOUND('',#995,.T.);
#507=FACE_OUTER_BOUND('',#996,.T.);
#508=FACE_OUTER_BOUND('',#997,.T.);
#509=FACE_OUTER_BOUND('',#998,.T.);
#510=FACE_OUTER_BOUND('',#999,.T.);
#511=FACE_OUTER_BOUND('',#1000,.T.);
#512=FACE_OUTER_BOUND('',#1001,.T.);
#513=FACE_OUTER_BOUND('',#1002,.T.);
#514=FACE_OUTER_BOUND('',#1003,.T.);
#515=FACE_OUTER_BOUND('',#1004,.T.);
#516=FACE_OUTER_BOUND('',#1005,.T.);
#517=FACE_OUTER_BOUND('',#1006,.T.);
#518=FACE_OUTER_BOUND('',#1007,.T.);
#519=FACE_OUTER_BOUND('',#1008,.T.);
#520=FACE_OUTER_BOUND('',#1009,.T.);
#521=FACE_OUTER_BOUND('',#1010,.T.);
#522=FACE_OUTER_BOUND('',#1011,.T.);
#523=FACE_OUTER_BOUND('',#1012,.T.);
#524=FACE_OUTER_BOUND('',#1013,.T.);
#525=FACE_OUTER_BOUND('',#1014,.T.);
#526=FACE_OUTER_BOUND('',#1015,.T.);
#527=FACE_OUTER_BOUND('',#1016,.T.);
#528=FACE_OUTER_BOUND('',#1017,.T.);
#529=FACE_OUTER_BOUND('',#1018,.T.);
#530=FACE_OUTER_BOUND('',#1019,.T.);
#531=FACE_OUTER_BOUND('',#1020,.T.);
#532=FACE_OUTER_BOUND('',#1021,.T.);
#533=FACE_OUTER_BOUND('',#1022,.T.);
#534=FACE_OUTER_BOUND('',#1023,.T.);
#535=FACE_OUTER_BOUND('',#1024,.T.);
#536=FACE_OUTER_BOUND('',#1025,.T.);
#537=FACE_OUTER_BOUND('',#1026,.T.);
#538=FACE_OUTER_BOUND('',#1027,.T.);
#539=FACE_OUTER_BOUND('',#1028,.T.);
#540=FACE_OUTER_BOUND('',#1029,.T.);
#541=FACE_OUTER_BOUND('',#1030,.T.);
#542=FACE_OUTER_BOUND('',#1031,.T.);
#543=FACE_OUTER_BOUND('',#1032,.T.);
#544=FACE_OUTER_BOUND('',#1033,.T.);
#545=FACE_OUTER_BOUND('',#1034,.T.);
#546=FACE_OUTER_BOUND('',#1035,.T.);
#547=FACE_OUTER_BOUND('',#1036,.T.);
#548=FACE_OUTER_BOUND('',#1037,.T.);
#549=FACE_OUTER_BOUND('',#1038,.T.);
#550=FACE_OUTER_BOUND('',#1039,.T.);
#551=FACE_OUTER_BOUND('',#1040,.T.);
#552=FACE_OUTER_BOUND('',#1041,.T.);
#553=FACE_OUTER_BOUND('',#1042,.T.);
#554=FACE_OUTER_BOUND('',#1044,.T.);
#555=FACE_OUTER_BOUND('',#1046,.T.);
#556=FACE_OUTER_BOUND('',#1047,.T.);
#557=FACE_OUTER_BOUND('',#1048,.T.);
#558=FACE_OUTER_BOUND('',#1049,.T.);
#559=FACE_OUTER_BOUND('',#1050,.T.);
#560=FACE_OUTER_BOUND('',#1051,.T.);
#561=FACE_OUTER_BOUND('',#1052,.T.);
#562=FACE_OUTER_BOUND('',#1053,.T.);
#563=FACE_OUTER_BOUND('',#1054,.T.);
#564=FACE_OUTER_BOUND('',#1055,.T.);
#565=FACE_OUTER_BOUND('',#1056,.T.);
#566=FACE_OUTER_BOUND('',#1057,.T.);
#567=FACE_OUTER_BOUND('',#1058,.T.);
#568=FACE_OUTER_BOUND('',#1059,.T.);
#569=FACE_OUTER_BOUND('',#1060,.T.);
#570=FACE_OUTER_BOUND('',#1061,.T.);
#571=FACE_OUTER_BOUND('',#1062,.T.);
#572=FACE_OUTER_BOUND('',#1063,.T.);
#573=FACE_OUTER_BOUND('',#1064,.T.);
#574=FACE_OUTER_BOUND('',#1065,.T.);
#575=FACE_OUTER_BOUND('',#1066,.T.);
#576=FACE_OUTER_BOUND('',#1067,.T.);
#577=FACE_OUTER_BOUND('',#1068,.T.);
#578=FACE_OUTER_BOUND('',#1069,.T.);
#579=FACE_OUTER_BOUND('',#1070,.T.);
#580=FACE_OUTER_BOUND('',#1071,.T.);
#581=FACE_OUTER_BOUND('',#1072,.T.);
#582=FACE_OUTER_BOUND('',#1073,.T.);
#583=FACE_OUTER_BOUND('',#1074,.T.);
#584=FACE_OUTER_BOUND('',#1075,.T.);
#585=FACE_OUTER_BOUND('',#1076,.T.);
#586=FACE_OUTER_BOUND('',#1077,.T.);
#587=FACE_OUTER_BOUND('',#1078,.T.);
#588=FACE_OUTER_BOUND('',#1079,.T.);
#589=FACE_OUTER_BOUND('',#1080,.T.);
#590=FACE_OUTER_BOUND('',#1081,.T.);
#591=FACE_OUTER_BOUND('',#1082,.T.);
#592=FACE_OUTER_BOUND('',#1083,.T.);
#593=FACE_OUTER_BOUND('',#1084,.T.);
#594=FACE_OUTER_BOUND('',#1085,.T.);
#595=FACE_OUTER_BOUND('',#1086,.T.);
#596=FACE_OUTER_BOUND('',#1087,.T.);
#597=FACE_OUTER_BOUND('',#1088,.T.);
#598=FACE_OUTER_BOUND('',#1089,.T.);
#599=FACE_OUTER_BOUND('',#1090,.T.);
#600=FACE_OUTER_BOUND('',#1091,.T.);
#601=FACE_OUTER_BOUND('',#1093,.T.);
#602=FACE_OUTER_BOUND('',#1094,.T.);
#603=FACE_OUTER_BOUND('',#1095,.T.);
#604=FACE_OUTER_BOUND('',#1096,.T.);
#605=FACE_OUTER_BOUND('',#1097,.T.);
#606=FACE_OUTER_BOUND('',#1098,.T.);
#607=FACE_OUTER_BOUND('',#1099,.T.);
#608=FACE_OUTER_BOUND('',#1100,.T.);
#609=FACE_OUTER_BOUND('',#1101,.T.);
#610=FACE_OUTER_BOUND('',#1102,.T.);
#611=FACE_OUTER_BOUND('',#1103,.T.);
#612=FACE_OUTER_BOUND('',#1104,.T.);
#613=FACE_OUTER_BOUND('',#1105,.T.);
#614=FACE_OUTER_BOUND('',#1106,.T.);
#615=FACE_OUTER_BOUND('',#1107,.T.);
#616=FACE_OUTER_BOUND('',#1108,.T.);
#617=FACE_OUTER_BOUND('',#1109,.T.);
#618=FACE_OUTER_BOUND('',#1110,.T.);
#619=FACE_OUTER_BOUND('',#1111,.T.);
#620=FACE_OUTER_BOUND('',#1112,.T.);
#621=FACE_OUTER_BOUND('',#1113,.T.);
#622=FACE_OUTER_BOUND('',#1114,.T.);
#623=FACE_OUTER_BOUND('',#1115,.T.);
#624=FACE_OUTER_BOUND('',#1116,.T.);
#625=FACE_OUTER_BOUND('',#1117,.T.);
#626=FACE_OUTER_BOUND('',#1118,.T.);
#627=FACE_OUTER_BOUND('',#1119,.T.);
#628=FACE_OUTER_BOUND('',#1120,.T.);
#629=FACE_OUTER_BOUND('',#1121,.T.);
#630=FACE_OUTER_BOUND('',#1122,.T.);
#631=FACE_OUTER_BOUND('',#1123,.T.);
#632=FACE_OUTER_BOUND('',#1124,.T.);
#633=FACE_OUTER_BOUND('',#1125,.T.);
#634=FACE_OUTER_BOUND('',#1126,.T.);
#635=FACE_OUTER_BOUND('',#1127,.T.);
#636=FACE_OUTER_BOUND('',#1128,.T.);
#637=FACE_OUTER_BOUND('',#1129,.T.);
#638=FACE_OUTER_BOUND('',#1130,.T.);
#639=FACE_OUTER_BOUND('',#1131,.T.);
#640=FACE_OUTER_BOUND('',#1132,.T.);
#641=FACE_OUTER_BOUND('',#1133,.T.);
#642=FACE_OUTER_BOUND('',#1134,.T.);
#643=FACE_OUTER_BOUND('',#1135,.T.);
#644=FACE_OUTER_BOUND('',#1136,.T.);
#645=FACE_OUTER_BOUND('',#1137,.T.);
#646=FACE_OUTER_BOUND('',#1138,.T.);
#647=FACE_OUTER_BOUND('',#1139,.T.);
#648=FACE_OUTER_BOUND('',#1140,.T.);
#649=FACE_OUTER_BOUND('',#1141,.T.);
#650=FACE_OUTER_BOUND('',#1142,.T.);
#651=FACE_OUTER_BOUND('',#1143,.T.);
#652=FACE_OUTER_BOUND('',#1144,.T.);
#653=FACE_OUTER_BOUND('',#1145,.T.);
#654=FACE_OUTER_BOUND('',#1146,.T.);
#655=FACE_OUTER_BOUND('',#1147,.T.);
#656=FACE_OUTER_BOUND('',#1148,.T.);
#657=FACE_OUTER_BOUND('',#1149,.T.);
#658=FACE_OUTER_BOUND('',#1150,.T.);
#659=FACE_OUTER_BOUND('',#1151,.T.);
#660=FACE_OUTER_BOUND('',#1152,.T.);
#661=FACE_OUTER_BOUND('',#1153,.T.);
#662=FACE_OUTER_BOUND('',#1154,.T.);
#663=FACE_OUTER_BOUND('',#1155,.T.);
#664=FACE_OUTER_BOUND('',#1156,.T.);
#665=FACE_OUTER_BOUND('',#1157,.T.);
#666=FACE_OUTER_BOUND('',#1158,.T.);
#667=FACE_OUTER_BOUND('',#1159,.T.);
#668=FACE_OUTER_BOUND('',#1160,.T.);
#669=FACE_OUTER_BOUND('',#1161,.T.);
#670=FACE_OUTER_BOUND('',#1162,.T.);
#671=FACE_OUTER_BOUND('',#1163,.T.);
#672=FACE_OUTER_BOUND('',#1164,.T.);
#673=FACE_OUTER_BOUND('',#1165,.T.);
#674=FACE_OUTER_BOUND('',#1166,.T.);
#675=FACE_OUTER_BOUND('',#1167,.T.);
#676=FACE_OUTER_BOUND('',#1168,.T.);
#677=FACE_OUTER_BOUND('',#1169,.T.);
#678=FACE_OUTER_BOUND('',#1170,.T.);
#679=FACE_OUTER_BOUND('',#1171,.T.);
#680=FACE_OUTER_BOUND('',#1172,.T.);
#681=FACE_OUTER_BOUND('',#1173,.T.);
#682=FACE_OUTER_BOUND('',#1174,.T.);
#683=FACE_OUTER_BOUND('',#1175,.T.);
#684=FACE_OUTER_BOUND('',#1176,.T.);
#685=FACE_OUTER_BOUND('',#1177,.T.);
#686=FACE_OUTER_BOUND('',#1178,.T.);
#687=FACE_OUTER_BOUND('',#1179,.T.);
#688=FACE_OUTER_BOUND('',#1180,.T.);
#689=FACE_OUTER_BOUND('',#1181,.T.);
#690=FACE_OUTER_BOUND('',#1182,.T.);
#691=FACE_OUTER_BOUND('',#1183,.T.);
#692=FACE_OUTER_BOUND('',#1184,.T.);
#693=FACE_OUTER_BOUND('',#1185,.T.);
#694=FACE_OUTER_BOUND('',#1186,.T.);
#695=FACE_OUTER_BOUND('',#1187,.T.);
#696=FACE_OUTER_BOUND('',#1188,.T.);
#697=FACE_OUTER_BOUND('',#1189,.T.);
#698=FACE_OUTER_BOUND('',#1190,.T.);
#699=FACE_OUTER_BOUND('',#1191,.T.);
#700=FACE_OUTER_BOUND('',#1192,.T.);
#701=FACE_OUTER_BOUND('',#1193,.T.);
#702=FACE_OUTER_BOUND('',#1194,.T.);
#703=FACE_OUTER_BOUND('',#1195,.T.);
#704=FACE_OUTER_BOUND('',#1196,.T.);
#705=FACE_OUTER_BOUND('',#1197,.T.);
#706=FACE_OUTER_BOUND('',#1198,.T.);
#707=FACE_OUTER_BOUND('',#1199,.T.);
#708=FACE_OUTER_BOUND('',#1200,.T.);
#709=FACE_OUTER_BOUND('',#1201,.T.);
#710=FACE_OUTER_BOUND('',#1202,.T.);
#711=FACE_OUTER_BOUND('',#1203,.T.);
#712=FACE_OUTER_BOUND('',#1204,.T.);
#713=FACE_OUTER_BOUND('',#1205,.T.);
#714=FACE_OUTER_BOUND('',#1206,.T.);
#715=FACE_OUTER_BOUND('',#1207,.T.);
#716=FACE_OUTER_BOUND('',#1208,.T.);
#717=FACE_OUTER_BOUND('',#1209,.T.);
#718=FACE_OUTER_BOUND('',#1210,.T.);
#719=FACE_OUTER_BOUND('',#1211,.T.);
#720=FACE_OUTER_BOUND('',#1212,.T.);
#721=FACE_OUTER_BOUND('',#1213,.T.);
#722=FACE_OUTER_BOUND('',#1214,.T.);
#723=FACE_OUTER_BOUND('',#1215,.T.);
#724=FACE_OUTER_BOUND('',#1216,.T.);
#725=FACE_OUTER_BOUND('',#1217,.T.);
#726=FACE_OUTER_BOUND('',#1218,.T.);
#727=FACE_OUTER_BOUND('',#1219,.T.);
#728=FACE_OUTER_BOUND('',#1220,.T.);
#729=FACE_OUTER_BOUND('',#1221,.T.);
#730=FACE_OUTER_BOUND('',#1222,.T.);
#731=FACE_OUTER_BOUND('',#1223,.T.);
#732=FACE_OUTER_BOUND('',#1224,.T.);
#733=FACE_OUTER_BOUND('',#1225,.T.);
#734=FACE_OUTER_BOUND('',#1226,.T.);
#735=FACE_OUTER_BOUND('',#1227,.T.);
#736=FACE_OUTER_BOUND('',#1228,.T.);
#737=FACE_OUTER_BOUND('',#1229,.T.);
#738=FACE_OUTER_BOUND('',#1230,.T.);
#739=FACE_OUTER_BOUND('',#1231,.T.);
#740=FACE_OUTER_BOUND('',#1232,.T.);
#741=FACE_OUTER_BOUND('',#1233,.T.);
#742=FACE_OUTER_BOUND('',#1234,.T.);
#743=FACE_OUTER_BOUND('',#1235,.T.);
#744=FACE_OUTER_BOUND('',#1236,.T.);
#745=FACE_OUTER_BOUND('',#1237,.T.);
#746=FACE_OUTER_BOUND('',#1238,.T.);
#747=FACE_OUTER_BOUND('',#1239,.T.);
#748=FACE_OUTER_BOUND('',#1240,.T.);
#749=FACE_OUTER_BOUND('',#1241,.T.);
#750=EDGE_LOOP('',(#5651,#5652,#5653,#5654,#5655,#5656,#5657,#5658,#5659,
#5660,#5661,#5662,#5663,#5664,#5665));
#751=EDGE_LOOP('',(#5666,#5667,#5668,#5669));
#752=EDGE_LOOP('',(#5670,#5671,#5672,#5673));
#753=EDGE_LOOP('',(#5674,#5675,#5676,#5677));
#754=EDGE_LOOP('',(#5678,#5679,#5680,#5681));
#755=EDGE_LOOP('',(#5682,#5683,#5684,#5685));
#756=EDGE_LOOP('',(#5686,#5687,#5688,#5689));
#757=EDGE_LOOP('',(#5690,#5691,#5692,#5693));
#758=EDGE_LOOP('',(#5694,#5695,#5696,#5697));
#759=EDGE_LOOP('',(#5698,#5699,#5700,#5701));
#760=EDGE_LOOP('',(#5702,#5703,#5704,#5705));
#761=EDGE_LOOP('',(#5706,#5707,#5708,#5709));
#762=EDGE_LOOP('',(#5710,#5711,#5712,#5713));
#763=EDGE_LOOP('',(#5714,#5715,#5716,#5717));
#764=EDGE_LOOP('',(#5718,#5719,#5720,#5721));
#765=EDGE_LOOP('',(#5722,#5723,#5724,#5725,#5726,#5727,#5728,#5729,#5730,
#5731,#5732,#5733,#5734,#5735,#5736));
#766=EDGE_LOOP('',(#5737,#5738,#5739,#5740));
#767=EDGE_LOOP('',(#5741,#5742,#5743,#5744,#5745,#5746,#5747,#5748,#5749,
#5750,#5751,#5752,#5753,#5754,#5755));
#768=EDGE_LOOP('',(#5756,#5757,#5758,#5759));
#769=EDGE_LOOP('',(#5760,#5761,#5762,#5763));
#770=EDGE_LOOP('',(#5764,#5765,#5766,#5767));
#771=EDGE_LOOP('',(#5768,#5769,#5770,#5771));
#772=EDGE_LOOP('',(#5772,#5773,#5774,#5775));
#773=EDGE_LOOP('',(#5776,#5777,#5778,#5779));
#774=EDGE_LOOP('',(#5780,#5781,#5782,#5783));
#775=EDGE_LOOP('',(#5784,#5785,#5786,#5787));
#776=EDGE_LOOP('',(#5788,#5789,#5790,#5791));
#777=EDGE_LOOP('',(#5792,#5793,#5794,#5795));
#778=EDGE_LOOP('',(#5796,#5797,#5798,#5799));
#779=EDGE_LOOP('',(#5800,#5801,#5802,#5803));
#780=EDGE_LOOP('',(#5804,#5805,#5806,#5807));
#781=EDGE_LOOP('',(#5808,#5809,#5810,#5811));
#782=EDGE_LOOP('',(#5812,#5813,#5814,#5815,#5816,#5817,#5818,#5819,#5820,
#5821,#5822,#5823,#5824,#5825,#5826));
#783=EDGE_LOOP('',(#5827,#5828,#5829,#5830));
#784=EDGE_LOOP('',(#5831));
#785=EDGE_LOOP('',(#5832));
#786=EDGE_LOOP('',(#5833));
#787=EDGE_LOOP('',(#5834));
#788=EDGE_LOOP('',(#5835,#5836,#5837,#5838,#5839,#5840,#5841,#5842,#5843,
#5844,#5845,#5846,#5847,#5848,#5849));
#789=EDGE_LOOP('',(#5850,#5851,#5852,#5853));
#790=EDGE_LOOP('',(#5854,#5855,#5856,#5857));
#791=EDGE_LOOP('',(#5858,#5859,#5860,#5861));
#792=EDGE_LOOP('',(#5862,#5863,#5864,#5865));
#793=EDGE_LOOP('',(#5866,#5867,#5868,#5869));
#794=EDGE_LOOP('',(#5870,#5871,#5872,#5873));
#795=EDGE_LOOP('',(#5874,#5875,#5876,#5877));
#796=EDGE_LOOP('',(#5878,#5879,#5880,#5881));
#797=EDGE_LOOP('',(#5882,#5883,#5884,#5885));
#798=EDGE_LOOP('',(#5886,#5887,#5888,#5889));
#799=EDGE_LOOP('',(#5890,#5891,#5892,#5893));
#800=EDGE_LOOP('',(#5894,#5895,#5896,#5897));
#801=EDGE_LOOP('',(#5898,#5899,#5900,#5901));
#802=EDGE_LOOP('',(#5902,#5903,#5904,#5905));
#803=EDGE_LOOP('',(#5906,#5907,#5908,#5909,#5910,#5911,#5912,#5913,#5914,
#5915,#5916,#5917,#5918,#5919,#5920));
#804=EDGE_LOOP('',(#5921,#5922,#5923,#5924));
#805=EDGE_LOOP('',(#5925,#5926,#5927,#5928));
#806=EDGE_LOOP('',(#5929,#5930,#5931,#5932));
#807=EDGE_LOOP('',(#5933,#5934,#5935,#5936));
#808=EDGE_LOOP('',(#5937,#5938,#5939,#5940));
#809=EDGE_LOOP('',(#5941,#5942,#5943,#5944));
#810=EDGE_LOOP('',(#5945,#5946,#5947,#5948));
#811=EDGE_LOOP('',(#5949,#5950,#5951,#5952,#5953,#5954,#5955,#5956,#5957,
#5958,#5959,#5960,#5961,#5962,#5963,#5964,#5965,#5966,#5967));
#812=EDGE_LOOP('',(#5968,#5969,#5970,#5971));
#813=EDGE_LOOP('',(#5972,#5973,#5974,#5975));
#814=EDGE_LOOP('',(#5976,#5977,#5978,#5979));
#815=EDGE_LOOP('',(#5980,#5981,#5982,#5983));
#816=EDGE_LOOP('',(#5984,#5985,#5986,#5987));
#817=EDGE_LOOP('',(#5988,#5989,#5990,#5991));
#818=EDGE_LOOP('',(#5992,#5993,#5994,#5995));
#819=EDGE_LOOP('',(#5996,#5997,#5998,#5999));
#820=EDGE_LOOP('',(#6000,#6001,#6002,#6003));
#821=EDGE_LOOP('',(#6004,#6005,#6006,#6007));
#822=EDGE_LOOP('',(#6008,#6009,#6010,#6011));
#823=EDGE_LOOP('',(#6012,#6013,#6014,#6015));
#824=EDGE_LOOP('',(#6016,#6017,#6018,#6019));
#825=EDGE_LOOP('',(#6020,#6021,#6022,#6023));
#826=EDGE_LOOP('',(#6024,#6025,#6026,#6027));
#827=EDGE_LOOP('',(#6028,#6029,#6030,#6031));
#828=EDGE_LOOP('',(#6032,#6033,#6034,#6035));
#829=EDGE_LOOP('',(#6036,#6037,#6038,#6039));
#830=EDGE_LOOP('',(#6040,#6041,#6042,#6043,#6044,#6045,#6046,#6047,#6048,
#6049,#6050,#6051,#6052,#6053,#6054,#6055,#6056,#6057,#6058));
#831=EDGE_LOOP('',(#6059,#6060,#6061,#6062));
#832=EDGE_LOOP('',(#6063,#6064,#6065,#6066));
#833=EDGE_LOOP('',(#6067,#6068,#6069,#6070));
#834=EDGE_LOOP('',(#6071,#6072,#6073,#6074));
#835=EDGE_LOOP('',(#6075,#6076,#6077,#6078));
#836=EDGE_LOOP('',(#6079,#6080,#6081,#6082));
#837=EDGE_LOOP('',(#6083,#6084,#6085,#6086));
#838=EDGE_LOOP('',(#6087,#6088,#6089,#6090,#6091,#6092,#6093,#6094,#6095,
#6096,#6097,#6098,#6099,#6100,#6101,#6102,#6103,#6104,#6105,#6106,#6107,
#6108,#6109,#6110,#6111,#6112));
#839=EDGE_LOOP('',(#6113,#6114,#6115,#6116,#6117,#6118,#6119,#6120));
#840=EDGE_LOOP('',(#6121,#6122,#6123,#6124));
#841=EDGE_LOOP('',(#6125,#6126,#6127,#6128));
#842=EDGE_LOOP('',(#6129,#6130,#6131,#6132));
#843=EDGE_LOOP('',(#6133,#6134,#6135,#6136));
#844=EDGE_LOOP('',(#6137,#6138,#6139,#6140));
#845=EDGE_LOOP('',(#6141,#6142,#6143,#6144));
#846=EDGE_LOOP('',(#6145,#6146,#6147,#6148));
#847=EDGE_LOOP('',(#6149,#6150,#6151,#6152));
#848=EDGE_LOOP('',(#6153,#6154,#6155,#6156));
#849=EDGE_LOOP('',(#6157,#6158,#6159,#6160));
#850=EDGE_LOOP('',(#6161,#6162,#6163,#6164));
#851=EDGE_LOOP('',(#6165,#6166,#6167,#6168));
#852=EDGE_LOOP('',(#6169,#6170,#6171,#6172));
#853=EDGE_LOOP('',(#6173,#6174,#6175,#6176));
#854=EDGE_LOOP('',(#6177,#6178,#6179,#6180));
#855=EDGE_LOOP('',(#6181,#6182,#6183,#6184));
#856=EDGE_LOOP('',(#6185,#6186,#6187,#6188));
#857=EDGE_LOOP('',(#6189,#6190,#6191,#6192));
#858=EDGE_LOOP('',(#6193,#6194,#6195,#6196));
#859=EDGE_LOOP('',(#6197,#6198,#6199,#6200));
#860=EDGE_LOOP('',(#6201,#6202,#6203,#6204));
#861=EDGE_LOOP('',(#6205,#6206,#6207,#6208));
#862=EDGE_LOOP('',(#6209,#6210,#6211,#6212));
#863=EDGE_LOOP('',(#6213,#6214,#6215,#6216));
#864=EDGE_LOOP('',(#6217,#6218,#6219,#6220));
#865=EDGE_LOOP('',(#6221,#6222,#6223,#6224));
#866=EDGE_LOOP('',(#6225,#6226,#6227,#6228));
#867=EDGE_LOOP('',(#6229,#6230,#6231,#6232));
#868=EDGE_LOOP('',(#6233,#6234,#6235,#6236));
#869=EDGE_LOOP('',(#6237,#6238,#6239,#6240));
#870=EDGE_LOOP('',(#6241,#6242,#6243,#6244));
#871=EDGE_LOOP('',(#6245,#6246,#6247,#6248));
#872=EDGE_LOOP('',(#6249,#6250,#6251,#6252));
#873=EDGE_LOOP('',(#6253,#6254,#6255,#6256));
#874=EDGE_LOOP('',(#6257,#6258,#6259,#6260,#6261,#6262,#6263,#6264,#6265,
#6266,#6267,#6268,#6269,#6270,#6271,#6272,#6273,#6274,#6275,#6276,#6277,
#6278,#6279,#6280,#6281,#6282));
#875=EDGE_LOOP('',(#6283,#6284,#6285,#6286,#6287,#6288,#6289,#6290));
#876=EDGE_LOOP('',(#6291,#6292,#6293,#6294,#6295,#6296,#6297,#6298,#6299,
#6300,#6301,#6302,#6303,#6304,#6305,#6306,#6307,#6308,#6309,#6310,#6311,
#6312));
#877=EDGE_LOOP('',(#6313,#6314,#6315,#6316,#6317,#6318,#6319,#6320,#6321,
#6322,#6323,#6324,#6325,#6326,#6327,#6328,#6329,#6330,#6331,#6332));
#878=EDGE_LOOP('',(#6333,#6334,#6335,#6336));
#879=EDGE_LOOP('',(#6337,#6338,#6339,#6340));
#880=EDGE_LOOP('',(#6341,#6342,#6343,#6344));
#881=EDGE_LOOP('',(#6345,#6346,#6347,#6348));
#882=EDGE_LOOP('',(#6349,#6350,#6351,#6352));
#883=EDGE_LOOP('',(#6353,#6354,#6355,#6356));
#884=EDGE_LOOP('',(#6357,#6358,#6359,#6360));
#885=EDGE_LOOP('',(#6361,#6362,#6363,#6364));
#886=EDGE_LOOP('',(#6365,#6366,#6367,#6368));
#887=EDGE_LOOP('',(#6369,#6370,#6371,#6372));
#888=EDGE_LOOP('',(#6373,#6374,#6375,#6376));
#889=EDGE_LOOP('',(#6377,#6378,#6379,#6380));
#890=EDGE_LOOP('',(#6381,#6382,#6383,#6384));
#891=EDGE_LOOP('',(#6385,#6386,#6387,#6388));
#892=EDGE_LOOP('',(#6389,#6390,#6391,#6392));
#893=EDGE_LOOP('',(#6393,#6394,#6395,#6396));
#894=EDGE_LOOP('',(#6397,#6398,#6399,#6400));
#895=EDGE_LOOP('',(#6401,#6402,#6403,#6404));
#896=EDGE_LOOP('',(#6405,#6406,#6407,#6408));
#897=EDGE_LOOP('',(#6409,#6410,#6411,#6412));
#898=EDGE_LOOP('',(#6413,#6414,#6415,#6416));
#899=EDGE_LOOP('',(#6417,#6418,#6419,#6420));
#900=EDGE_LOOP('',(#6421,#6422,#6423,#6424));
#901=EDGE_LOOP('',(#6425,#6426,#6427,#6428));
#902=EDGE_LOOP('',(#6429,#6430,#6431,#6432));
#903=EDGE_LOOP('',(#6433,#6434,#6435,#6436));
#904=EDGE_LOOP('',(#6437,#6438,#6439,#6440));
#905=EDGE_LOOP('',(#6441,#6442,#6443,#6444));
#906=EDGE_LOOP('',(#6445,#6446,#6447,#6448));
#907=EDGE_LOOP('',(#6449,#6450,#6451,#6452));
#908=EDGE_LOOP('',(#6453,#6454,#6455,#6456));
#909=EDGE_LOOP('',(#6457,#6458,#6459,#6460));
#910=EDGE_LOOP('',(#6461,#6462,#6463,#6464));
#911=EDGE_LOOP('',(#6465,#6466,#6467,#6468));
#912=EDGE_LOOP('',(#6469,#6470,#6471,#6472));
#913=EDGE_LOOP('',(#6473,#6474,#6475,#6476));
#914=EDGE_LOOP('',(#6477,#6478,#6479,#6480));
#915=EDGE_LOOP('',(#6481,#6482,#6483,#6484));
#916=EDGE_LOOP('',(#6485,#6486,#6487,#6488));
#917=EDGE_LOOP('',(#6489,#6490,#6491,#6492));
#918=EDGE_LOOP('',(#6493,#6494,#6495,#6496));
#919=EDGE_LOOP('',(#6497,#6498,#6499,#6500));
#920=EDGE_LOOP('',(#6501,#6502,#6503,#6504,#6505,#6506,#6507,#6508,#6509,
#6510,#6511,#6512,#6513,#6514,#6515,#6516,#6517,#6518,#6519,#6520,#6521,
#6522));
#921=EDGE_LOOP('',(#6523,#6524,#6525,#6526,#6527,#6528,#6529,#6530,#6531,
#6532,#6533,#6534,#6535,#6536,#6537,#6538,#6539,#6540,#6541,#6542));
#922=EDGE_LOOP('',(#6543));
#923=EDGE_LOOP('',(#6544));
#924=EDGE_LOOP('',(#6545));
#925=EDGE_LOOP('',(#6546));
#926=EDGE_LOOP('',(#6547,#6548,#6549,#6550));
#927=EDGE_LOOP('',(#6551,#6552,#6553,#6554));
#928=EDGE_LOOP('',(#6555,#6556,#6557,#6558));
#929=EDGE_LOOP('',(#6559,#6560,#6561,#6562));
#930=EDGE_LOOP('',(#6563,#6564,#6565,#6566));
#931=EDGE_LOOP('',(#6567,#6568,#6569,#6570));
#932=EDGE_LOOP('',(#6571,#6572,#6573,#6574));
#933=EDGE_LOOP('',(#6575,#6576,#6577,#6578,#6579,#6580,#6581,#6582,#6583,
#6584,#6585,#6586,#6587,#6588,#6589,#6590,#6591,#6592,#6593,#6594,#6595,
#6596,#6597,#6598,#6599));
#934=EDGE_LOOP('',(#6600,#6601,#6602,#6603));
#935=EDGE_LOOP('',(#6604,#6605,#6606,#6607));
#936=EDGE_LOOP('',(#6608,#6609,#6610,#6611));
#937=EDGE_LOOP('',(#6612,#6613,#6614,#6615));
#938=EDGE_LOOP('',(#6616,#6617,#6618,#6619));
#939=EDGE_LOOP('',(#6620,#6621,#6622,#6623));
#940=EDGE_LOOP('',(#6624,#6625,#6626,#6627));
#941=EDGE_LOOP('',(#6628,#6629,#6630,#6631));
#942=EDGE_LOOP('',(#6632,#6633,#6634,#6635));
#943=EDGE_LOOP('',(#6636,#6637,#6638,#6639));
#944=EDGE_LOOP('',(#6640,#6641,#6642,#6643));
#945=EDGE_LOOP('',(#6644,#6645,#6646,#6647));
#946=EDGE_LOOP('',(#6648,#6649,#6650,#6651));
#947=EDGE_LOOP('',(#6652,#6653,#6654,#6655));
#948=EDGE_LOOP('',(#6656,#6657,#6658,#6659));
#949=EDGE_LOOP('',(#6660,#6661,#6662,#6663));
#950=EDGE_LOOP('',(#6664,#6665,#6666,#6667));
#951=EDGE_LOOP('',(#6668,#6669,#6670,#6671));
#952=EDGE_LOOP('',(#6672,#6673,#6674,#6675));
#953=EDGE_LOOP('',(#6676,#6677,#6678,#6679));
#954=EDGE_LOOP('',(#6680,#6681,#6682,#6683));
#955=EDGE_LOOP('',(#6684,#6685,#6686,#6687));
#956=EDGE_LOOP('',(#6688,#6689,#6690,#6691));
#957=EDGE_LOOP('',(#6692,#6693,#6694,#6695));
#958=EDGE_LOOP('',(#6696,#6697,#6698,#6699,#6700,#6701,#6702,#6703,#6704,
#6705,#6706,#6707,#6708,#6709,#6710,#6711,#6712,#6713,#6714,#6715,#6716,
#6717,#6718,#6719,#6720));
#959=EDGE_LOOP('',(#6721,#6722,#6723,#6724));
#960=EDGE_LOOP('',(#6725,#6726,#6727,#6728,#6729,#6730));
#961=EDGE_LOOP('',(#6731,#6732,#6733,#6734,#6735,#6736));
#962=EDGE_LOOP('',(#6737,#6738,#6739,#6740));
#963=EDGE_LOOP('',(#6741,#6742,#6743,#6744));
#964=EDGE_LOOP('',(#6745,#6746,#6747,#6748));
#965=EDGE_LOOP('',(#6749,#6750,#6751,#6752));
#966=EDGE_LOOP('',(#6753,#6754,#6755,#6756,#6757,#6758));
#967=EDGE_LOOP('',(#6759,#6760,#6761,#6762,#6763,#6764));
#968=EDGE_LOOP('',(#6765,#6766,#6767,#6768));
#969=EDGE_LOOP('',(#6769,#6770,#6771,#6772));
#970=EDGE_LOOP('',(#6773,#6774,#6775,#6776));
#971=EDGE_LOOP('',(#6777,#6778,#6779,#6780));
#972=EDGE_LOOP('',(#6781,#6782,#6783,#6784));
#973=EDGE_LOOP('',(#6785,#6786,#6787,#6788));
#974=EDGE_LOOP('',(#6789,#6790,#6791,#6792));
#975=EDGE_LOOP('',(#6793,#6794,#6795,#6796));
#976=EDGE_LOOP('',(#6797,#6798,#6799,#6800));
#977=EDGE_LOOP('',(#6801,#6802,#6803,#6804));
#978=EDGE_LOOP('',(#6805,#6806,#6807,#6808));
#979=EDGE_LOOP('',(#6809,#6810,#6811,#6812));
#980=EDGE_LOOP('',(#6813,#6814,#6815,#6816));
#981=EDGE_LOOP('',(#6817,#6818,#6819,#6820));
#982=EDGE_LOOP('',(#6821,#6822,#6823,#6824,#6825,#6826));
#983=EDGE_LOOP('',(#6827,#6828,#6829,#6830));
#984=EDGE_LOOP('',(#6831,#6832,#6833,#6834));
#985=EDGE_LOOP('',(#6835,#6836,#6837,#6838));
#986=EDGE_LOOP('',(#6839,#6840,#6841,#6842));
#987=EDGE_LOOP('',(#6843,#6844,#6845,#6846));
#988=EDGE_LOOP('',(#6847,#6848,#6849,#6850));
#989=EDGE_LOOP('',(#6851,#6852,#6853,#6854,#6855,#6856,#6857,#6858,#6859,
#6860,#6861,#6862,#6863,#6864,#6865,#6866,#6867,#6868,#6869,#6870,#6871,
#6872,#6873,#6874,#6875,#6876,#6877,#6878,#6879,#6880,#6881,#6882,#6883,
#6884,#6885,#6886,#6887,#6888,#6889,#6890,#6891,#6892,#6893,#6894));
#990=EDGE_LOOP('',(#6895,#6896,#6897,#6898));
#991=EDGE_LOOP('',(#6899,#6900,#6901,#6902));
#992=EDGE_LOOP('',(#6903,#6904,#6905,#6906));
#993=EDGE_LOOP('',(#6907,#6908,#6909,#6910));
#994=EDGE_LOOP('',(#6911,#6912,#6913,#6914,#6915,#6916));
#995=EDGE_LOOP('',(#6917,#6918,#6919,#6920));
#996=EDGE_LOOP('',(#6921,#6922,#6923,#6924));
#997=EDGE_LOOP('',(#6925,#6926,#6927,#6928,#6929));
#998=EDGE_LOOP('',(#6930,#6931,#6932,#6933));
#999=EDGE_LOOP('',(#6934,#6935,#6936,#6937,#6938,#6939));
#1000=EDGE_LOOP('',(#6940,#6941,#6942,#6943));
#1001=EDGE_LOOP('',(#6944,#6945,#6946,#6947,#6948));
#1002=EDGE_LOOP('',(#6949,#6950,#6951,#6952));
#1003=EDGE_LOOP('',(#6953,#6954,#6955,#6956));
#1004=EDGE_LOOP('',(#6957,#6958,#6959,#6960));
#1005=EDGE_LOOP('',(#6961,#6962,#6963,#6964));
#1006=EDGE_LOOP('',(#6965,#6966,#6967,#6968));
#1007=EDGE_LOOP('',(#6969,#6970,#6971,#6972));
#1008=EDGE_LOOP('',(#6973,#6974,#6975,#6976));
#1009=EDGE_LOOP('',(#6977,#6978,#6979,#6980));
#1010=EDGE_LOOP('',(#6981,#6982,#6983,#6984));
#1011=EDGE_LOOP('',(#6985,#6986,#6987,#6988));
#1012=EDGE_LOOP('',(#6989,#6990,#6991,#6992));
#1013=EDGE_LOOP('',(#6993,#6994,#6995,#6996));
#1014=EDGE_LOOP('',(#6997,#6998,#6999,#7000));
#1015=EDGE_LOOP('',(#7001,#7002,#7003,#7004,#7005,#7006,#7007,#7008,#7009,
#7010,#7011,#7012,#7013,#7014,#7015,#7016,#7017,#7018,#7019,#7020,#7021,
#7022,#7023,#7024,#7025,#7026,#7027,#7028,#7029,#7030));
#1016=EDGE_LOOP('',(#7031,#7032,#7033,#7034));
#1017=EDGE_LOOP('',(#7035,#7036,#7037,#7038));
#1018=EDGE_LOOP('',(#7039,#7040,#7041,#7042));
#1019=EDGE_LOOP('',(#7043,#7044,#7045,#7046));
#1020=EDGE_LOOP('',(#7047,#7048,#7049,#7050,#7051,#7052));
#1021=EDGE_LOOP('',(#7053,#7054,#7055,#7056));
#1022=EDGE_LOOP('',(#7057,#7058,#7059,#7060));
#1023=EDGE_LOOP('',(#7061,#7062,#7063,#7064));
#1024=EDGE_LOOP('',(#7065,#7066,#7067,#7068));
#1025=EDGE_LOOP('',(#7069,#7070,#7071,#7072,#7073,#7074));
#1026=EDGE_LOOP('',(#7075,#7076,#7077,#7078));
#1027=EDGE_LOOP('',(#7079,#7080,#7081,#7082));
#1028=EDGE_LOOP('',(#7083,#7084,#7085,#7086));
#1029=EDGE_LOOP('',(#7087,#7088,#7089,#7090));
#1030=EDGE_LOOP('',(#7091,#7092,#7093,#7094));
#1031=EDGE_LOOP('',(#7095,#7096,#7097,#7098));
#1032=EDGE_LOOP('',(#7099,#7100,#7101,#7102));
#1033=EDGE_LOOP('',(#7103,#7104,#7105,#7106));
#1034=EDGE_LOOP('',(#7107,#7108,#7109,#7110));
#1035=EDGE_LOOP('',(#7111,#7112,#7113,#7114));
#1036=EDGE_LOOP('',(#7115,#7116,#7117,#7118));
#1037=EDGE_LOOP('',(#7119,#7120,#7121,#7122));
#1038=EDGE_LOOP('',(#7123,#7124,#7125,#7126));
#1039=EDGE_LOOP('',(#7127,#7128,#7129,#7130));
#1040=EDGE_LOOP('',(#7131,#7132,#7133,#7134));
#1041=EDGE_LOOP('',(#7135,#7136,#7137,#7138));
#1042=EDGE_LOOP('',(#7139));
#1043=EDGE_LOOP('',(#7140));
#1044=EDGE_LOOP('',(#7141));
#1045=EDGE_LOOP('',(#7142));
#1046=EDGE_LOOP('',(#7143));
#1047=EDGE_LOOP('',(#7144,#7145,#7146,#7147,#7148,#7149,#7150,#7151,#7152,
#7153,#7154));
#1048=EDGE_LOOP('',(#7155,#7156,#7157,#7158));
#1049=EDGE_LOOP('',(#7159,#7160,#7161,#7162,#7163));
#1050=EDGE_LOOP('',(#7164,#7165,#7166,#7167));
#1051=EDGE_LOOP('',(#7168,#7169,#7170,#7171,#7172,#7173));
#1052=EDGE_LOOP('',(#7174,#7175,#7176,#7177,#7178,#7179,#7180,#7181,#7182,
#7183,#7184,#7185,#7186,#7187,#7188,#7189,#7190,#7191,#7192,#7193,#7194,
#7195,#7196,#7197,#7198,#7199,#7200,#7201,#7202,#7203,#7204,#7205,#7206,
#7207,#7208,#7209));
#1053=EDGE_LOOP('',(#7210,#7211,#7212,#7213,#7214));
#1054=EDGE_LOOP('',(#7215,#7216,#7217,#7218,#7219));
#1055=EDGE_LOOP('',(#7220,#7221,#7222,#7223));
#1056=EDGE_LOOP('',(#7224,#7225,#7226,#7227,#7228));
#1057=EDGE_LOOP('',(#7229,#7230,#7231,#7232,#7233,#7234));
#1058=EDGE_LOOP('',(#7235,#7236,#7237,#7238,#7239,#7240));
#1059=EDGE_LOOP('',(#7241,#7242,#7243,#7244,#7245,#7246,#7247,#7248));
#1060=EDGE_LOOP('',(#7249,#7250,#7251,#7252));
#1061=EDGE_LOOP('',(#7253,#7254,#7255,#7256,#7257,#7258));
#1062=EDGE_LOOP('',(#7259,#7260,#7261,#7262));
#1063=EDGE_LOOP('',(#7263,#7264,#7265,#7266,#7267,#7268));
#1064=EDGE_LOOP('',(#7269,#7270,#7271,#7272,#7273,#7274,#7275,#7276,#7277,
#7278,#7279,#7280,#7281,#7282,#7283,#7284,#7285,#7286,#7287,#7288,#7289,
#7290));
#1065=EDGE_LOOP('',(#7291,#7292,#7293,#7294));
#1066=EDGE_LOOP('',(#7295,#7296,#7297,#7298,#7299,#7300));
#1067=EDGE_LOOP('',(#7301,#7302,#7303,#7304));
#1068=EDGE_LOOP('',(#7305,#7306,#7307));
#1069=EDGE_LOOP('',(#7308,#7309,#7310));
#1070=EDGE_LOOP('',(#7311,#7312,#7313,#7314));
#1071=EDGE_LOOP('',(#7315,#7316,#7317));
#1072=EDGE_LOOP('',(#7318,#7319,#7320));
#1073=EDGE_LOOP('',(#7321,#7322,#7323,#7324));
#1074=EDGE_LOOP('',(#7325,#7326,#7327,#7328,#7329));
#1075=EDGE_LOOP('',(#7330,#7331,#7332,#7333,#7334));
#1076=EDGE_LOOP('',(#7335,#7336,#7337,#7338,#7339));
#1077=EDGE_LOOP('',(#7340,#7341,#7342,#7343,#7344,#7345));
#1078=EDGE_LOOP('',(#7346,#7347,#7348,#7349,#7350));
#1079=EDGE_LOOP('',(#7351,#7352,#7353,#7354));
#1080=EDGE_LOOP('',(#7355,#7356,#7357,#7358,#7359));
#1081=EDGE_LOOP('',(#7360,#7361,#7362,#7363,#7364));
#1082=EDGE_LOOP('',(#7365,#7366,#7367,#7368,#7369));
#1083=EDGE_LOOP('',(#7370,#7371,#7372,#7373,#7374));
#1084=EDGE_LOOP('',(#7375,#7376,#7377,#7378));
#1085=EDGE_LOOP('',(#7379,#7380,#7381,#7382));
#1086=EDGE_LOOP('',(#7383,#7384,#7385,#7386));
#1087=EDGE_LOOP('',(#7387,#7388,#7389,#7390,#7391,#7392));
#1088=EDGE_LOOP('',(#7393,#7394,#7395,#7396,#7397));
#1089=EDGE_LOOP('',(#7398,#7399,#7400,#7401,#7402));
#1090=EDGE_LOOP('',(#7403,#7404,#7405,#7406,#7407,#7408));
#1091=EDGE_LOOP('',(#7409,#7410,#7411,#7412,#7413,#7414,#7415,#7416,#7417,
#7418,#7419,#7420,#7421,#7422,#7423,#7424));
#1092=EDGE_LOOP('',(#7425));
#1093=EDGE_LOOP('',(#7426,#7427,#7428,#7429,#7430));
#1094=EDGE_LOOP('',(#7431,#7432,#7433,#7434));
#1095=EDGE_LOOP('',(#7435,#7436,#7437,#7438));
#1096=EDGE_LOOP('',(#7439,#7440,#7441,#7442));
#1097=EDGE_LOOP('',(#7443,#7444,#7445,#7446,#7447));
#1098=EDGE_LOOP('',(#7448,#7449,#7450,#7451,#7452));
#1099=EDGE_LOOP('',(#7453,#7454,#7455,#7456,#7457));
#1100=EDGE_LOOP('',(#7458,#7459,#7460,#7461));
#1101=EDGE_LOOP('',(#7462,#7463,#7464,#7465,#7466));
#1102=EDGE_LOOP('',(#7467,#7468,#7469,#7470,#7471));
#1103=EDGE_LOOP('',(#7472,#7473,#7474,#7475));
#1104=EDGE_LOOP('',(#7476,#7477,#7478,#7479,#7480,#7481));
#1105=EDGE_LOOP('',(#7482,#7483,#7484,#7485,#7486,#7487,#7488,#7489,#7490,
#7491,#7492));
#1106=EDGE_LOOP('',(#7493,#7494,#7495,#7496));
#1107=EDGE_LOOP('',(#7497,#7498,#7499,#7500));
#1108=EDGE_LOOP('',(#7501,#7502,#7503,#7504));
#1109=EDGE_LOOP('',(#7505,#7506,#7507,#7508));
#1110=EDGE_LOOP('',(#7509,#7510,#7511,#7512));
#1111=EDGE_LOOP('',(#7513,#7514,#7515,#7516));
#1112=EDGE_LOOP('',(#7517,#7518,#7519,#7520));
#1113=EDGE_LOOP('',(#7521,#7522,#7523,#7524));
#1114=EDGE_LOOP('',(#7525,#7526,#7527,#7528));
#1115=EDGE_LOOP('',(#7529,#7530,#7531,#7532));
#1116=EDGE_LOOP('',(#7533,#7534,#7535,#7536));
#1117=EDGE_LOOP('',(#7537,#7538,#7539,#7540));
#1118=EDGE_LOOP('',(#7541,#7542,#7543,#7544));
#1119=EDGE_LOOP('',(#7545,#7546,#7547,#7548));
#1120=EDGE_LOOP('',(#7549,#7550,#7551,#7552));
#1121=EDGE_LOOP('',(#7553,#7554,#7555,#7556));
#1122=EDGE_LOOP('',(#7557,#7558,#7559,#7560));
#1123=EDGE_LOOP('',(#7561,#7562,#7563,#7564));
#1124=EDGE_LOOP('',(#7565,#7566,#7567,#7568));
#1125=EDGE_LOOP('',(#7569,#7570,#7571,#7572));
#1126=EDGE_LOOP('',(#7573,#7574,#7575,#7576));
#1127=EDGE_LOOP('',(#7577,#7578,#7579,#7580));
#1128=EDGE_LOOP('',(#7581,#7582,#7583,#7584));
#1129=EDGE_LOOP('',(#7585,#7586,#7587,#7588));
#1130=EDGE_LOOP('',(#7589,#7590,#7591,#7592,#7593,#7594,#7595,#7596,#7597,
#7598,#7599,#7600,#7601,#7602,#7603,#7604,#7605,#7606,#7607,#7608,#7609,
#7610,#7611,#7612,#7613,#7614,#7615,#7616,#7617,#7618,#7619,#7620,#7621,
#7622,#7623,#7624,#7625,#7626,#7627,#7628,#7629,#7630,#7631,#7632,#7633,
#7634,#7635,#7636,#7637,#7638,#7639,#7640,#7641,#7642,#7643,#7644,#7645,
#7646,#7647,#7648));
#1131=EDGE_LOOP('',(#7649,#7650,#7651,#7652));
#1132=EDGE_LOOP('',(#7653,#7654,#7655,#7656));
#1133=EDGE_LOOP('',(#7657,#7658,#7659,#7660));
#1134=EDGE_LOOP('',(#7661,#7662,#7663,#7664));
#1135=EDGE_LOOP('',(#7665,#7666,#7667,#7668));
#1136=EDGE_LOOP('',(#7669,#7670,#7671,#7672));
#1137=EDGE_LOOP('',(#7673,#7674,#7675,#7676));
#1138=EDGE_LOOP('',(#7677,#7678,#7679,#7680));
#1139=EDGE_LOOP('',(#7681,#7682,#7683,#7684));
#1140=EDGE_LOOP('',(#7685,#7686,#7687,#7688));
#1141=EDGE_LOOP('',(#7689,#7690,#7691,#7692,#7693,#7694));
#1142=EDGE_LOOP('',(#7695,#7696,#7697,#7698));
#1143=EDGE_LOOP('',(#7699,#7700,#7701,#7702));
#1144=EDGE_LOOP('',(#7703,#7704,#7705,#7706,#7707,#7708,#7709,#7710,#7711,
#7712,#7713,#7714,#7715,#7716,#7717,#7718,#7719,#7720,#7721,#7722,#7723,
#7724,#7725,#7726,#7727,#7728,#7729,#7730,#7731,#7732,#7733,#7734,#7735,
#7736,#7737,#7738,#7739,#7740,#7741,#7742,#7743,#7744));
#1145=EDGE_LOOP('',(#7745,#7746,#7747,#7748));
#1146=EDGE_LOOP('',(#7749,#7750,#7751,#7752));
#1147=EDGE_LOOP('',(#7753,#7754,#7755,#7756,#7757,#7758,#7759,#7760));
#1148=EDGE_LOOP('',(#7761,#7762,#7763,#7764));
#1149=EDGE_LOOP('',(#7765,#7766,#7767,#7768,#7769,#7770,#7771,#7772));
#1150=EDGE_LOOP('',(#7773,#7774,#7775,#7776));
#1151=EDGE_LOOP('',(#7777,#7778,#7779,#7780,#7781,#7782,#7783,#7784));
#1152=EDGE_LOOP('',(#7785,#7786,#7787,#7788));
#1153=EDGE_LOOP('',(#7789,#7790,#7791,#7792,#7793,#7794));
#1154=EDGE_LOOP('',(#7795,#7796,#7797,#7798));
#1155=EDGE_LOOP('',(#7799,#7800,#7801,#7802));
#1156=EDGE_LOOP('',(#7803,#7804,#7805,#7806));
#1157=EDGE_LOOP('',(#7807,#7808,#7809,#7810));
#1158=EDGE_LOOP('',(#7811,#7812,#7813,#7814));
#1159=EDGE_LOOP('',(#7815,#7816,#7817,#7818));
#1160=EDGE_LOOP('',(#7819,#7820,#7821,#7822));
#1161=EDGE_LOOP('',(#7823,#7824,#7825,#7826));
#1162=EDGE_LOOP('',(#7827,#7828,#7829,#7830));
#1163=EDGE_LOOP('',(#7831,#7832,#7833,#7834,#7835,#7836,#7837,#7838));
#1164=EDGE_LOOP('',(#7839,#7840,#7841,#7842));
#1165=EDGE_LOOP('',(#7843,#7844,#7845,#7846,#7847,#7848,#7849,#7850));
#1166=EDGE_LOOP('',(#7851,#7852,#7853,#7854));
#1167=EDGE_LOOP('',(#7855,#7856,#7857,#7858,#7859,#7860,#7861,#7862));
#1168=EDGE_LOOP('',(#7863,#7864,#7865,#7866));
#1169=EDGE_LOOP('',(#7867,#7868,#7869,#7870));
#1170=EDGE_LOOP('',(#7871,#7872,#7873,#7874));
#1171=EDGE_LOOP('',(#7875,#7876,#7877,#7878));
#1172=EDGE_LOOP('',(#7879,#7880,#7881,#7882));
#1173=EDGE_LOOP('',(#7883,#7884,#7885,#7886));
#1174=EDGE_LOOP('',(#7887,#7888,#7889,#7890));
#1175=EDGE_LOOP('',(#7891,#7892,#7893,#7894));
#1176=EDGE_LOOP('',(#7895,#7896,#7897,#7898));
#1177=EDGE_LOOP('',(#7899,#7900,#7901,#7902));
#1178=EDGE_LOOP('',(#7903,#7904,#7905,#7906));
#1179=EDGE_LOOP('',(#7907,#7908,#7909,#7910));
#1180=EDGE_LOOP('',(#7911,#7912,#7913,#7914));
#1181=EDGE_LOOP('',(#7915,#7916,#7917,#7918,#7919,#7920,#7921,#7922,#7923,
#7924,#7925,#7926,#7927,#7928,#7929,#7930,#7931,#7932,#7933,#7934,#7935,
#7936,#7937,#7938,#7939,#7940,#7941,#7942,#7943,#7944));
#1182=EDGE_LOOP('',(#7945,#7946,#7947,#7948));
#1183=EDGE_LOOP('',(#7949,#7950,#7951,#7952));
#1184=EDGE_LOOP('',(#7953,#7954,#7955,#7956));
#1185=EDGE_LOOP('',(#7957,#7958,#7959,#7960));
#1186=EDGE_LOOP('',(#7961,#7962,#7963,#7964));
#1187=EDGE_LOOP('',(#7965,#7966,#7967,#7968));
#1188=EDGE_LOOP('',(#7969,#7970,#7971,#7972));
#1189=EDGE_LOOP('',(#7973,#7974,#7975,#7976));
#1190=EDGE_LOOP('',(#7977,#7978,#7979,#7980,#7981,#7982,#7983,#7984));
#1191=EDGE_LOOP('',(#7985,#7986,#7987,#7988,#7989,#7990));
#1192=EDGE_LOOP('',(#7991,#7992,#7993,#7994,#7995,#7996,#7997,#7998));
#1193=EDGE_LOOP('',(#7999,#8000,#8001,#8002,#8003,#8004));
#1194=EDGE_LOOP('',(#8005,#8006,#8007,#8008));
#1195=EDGE_LOOP('',(#8009,#8010,#8011,#8012));
#1196=EDGE_LOOP('',(#8013,#8014,#8015,#8016));
#1197=EDGE_LOOP('',(#8017,#8018,#8019,#8020));
#1198=EDGE_LOOP('',(#8021,#8022,#8023,#8024));
#1199=EDGE_LOOP('',(#8025,#8026,#8027,#8028));
#1200=EDGE_LOOP('',(#8029,#8030,#8031,#8032));
#1201=EDGE_LOOP('',(#8033,#8034,#8035,#8036));
#1202=EDGE_LOOP('',(#8037,#8038,#8039,#8040,#8041,#8042,#8043,#8044));
#1203=EDGE_LOOP('',(#8045,#8046,#8047,#8048,#8049,#8050));
#1204=EDGE_LOOP('',(#8051,#8052,#8053,#8054,#8055,#8056));
#1205=EDGE_LOOP('',(#8057,#8058,#8059,#8060));
#1206=EDGE_LOOP('',(#8061,#8062,#8063,#8064));
#1207=EDGE_LOOP('',(#8065,#8066,#8067,#8068));
#1208=EDGE_LOOP('',(#8069,#8070,#8071,#8072));
#1209=EDGE_LOOP('',(#8073,#8074,#8075,#8076,#8077,#8078,#8079,#8080));
#1210=EDGE_LOOP('',(#8081,#8082,#8083,#8084));
#1211=EDGE_LOOP('',(#8085,#8086,#8087,#8088));
#1212=EDGE_LOOP('',(#8089,#8090,#8091,#8092));
#1213=EDGE_LOOP('',(#8093,#8094,#8095,#8096));
#1214=EDGE_LOOP('',(#8097,#8098,#8099,#8100));
#1215=EDGE_LOOP('',(#8101,#8102,#8103,#8104));
#1216=EDGE_LOOP('',(#8105,#8106,#8107,#8108));
#1217=EDGE_LOOP('',(#8109,#8110,#8111,#8112));
#1218=EDGE_LOOP('',(#8113,#8114,#8115,#8116));
#1219=EDGE_LOOP('',(#8117,#8118,#8119,#8120));
#1220=EDGE_LOOP('',(#8121,#8122,#8123,#8124));
#1221=EDGE_LOOP('',(#8125,#8126,#8127,#8128));
#1222=EDGE_LOOP('',(#8129,#8130,#8131,#8132,#8133,#8134,#8135,#8136,#8137,
#8138,#8139,#8140,#8141,#8142,#8143,#8144,#8145,#8146,#8147,#8148,#8149,
#8150,#8151,#8152,#8153,#8154,#8155,#8156));
#1223=EDGE_LOOP('',(#8157,#8158,#8159,#8160,#8161,#8162,#8163,#8164));
#1224=EDGE_LOOP('',(#8165,#8166,#8167,#8168));
#1225=EDGE_LOOP('',(#8169,#8170,#8171,#8172,#8173,#8174,#8175,#8176));
#1226=EDGE_LOOP('',(#8177,#8178,#8179,#8180));
#1227=EDGE_LOOP('',(#8181,#8182,#8183,#8184,#8185,#8186,#8187,#8188));
#1228=EDGE_LOOP('',(#8189,#8190,#8191,#8192));
#1229=EDGE_LOOP('',(#8193,#8194,#8195,#8196));
#1230=EDGE_LOOP('',(#8197,#8198,#8199,#8200));
#1231=EDGE_LOOP('',(#8201,#8202,#8203,#8204));
#1232=EDGE_LOOP('',(#8205,#8206,#8207,#8208));
#1233=EDGE_LOOP('',(#8209,#8210,#8211,#8212));
#1234=EDGE_LOOP('',(#8213,#8214,#8215,#8216,#8217,#8218,#8219,#8220,#8221,
#8222,#8223,#8224,#8225,#8226,#8227,#8228));
#1235=EDGE_LOOP('',(#8229,#8230,#8231,#8232));
#1236=EDGE_LOOP('',(#8233,#8234,#8235,#8236,#8237,#8238));
#1237=EDGE_LOOP('',(#8239,#8240,#8241,#8242));
#1238=EDGE_LOOP('',(#8243,#8244,#8245,#8246));
#1239=EDGE_LOOP('',(#8247,#8248,#8249,#8250));
#1240=EDGE_LOOP('',(#8251,#8252,#8253,#8254,#8255,#8256));
#1241=EDGE_LOOP('',(#8257,#8258,#8259,#8260));
#1242=LINE('',#12463,#2234);
#1243=LINE('',#12465,#2235);
#1244=LINE('',#12467,#2236);
#1245=LINE('',#12469,#2237);
#1246=LINE('',#12471,#2238);
#1247=LINE('',#12479,#2239);
#1248=LINE('',#12481,#2240);
#1249=LINE('',#12483,#2241);
#1250=LINE('',#12491,#2242);
#1251=LINE('',#12494,#2243);
#1252=LINE('',#12497,#2244);
#1253=LINE('',#12501,#2245);
#1254=LINE('',#12502,#2246);
#1255=LINE('',#12505,#2247);
#1256=LINE('',#12506,#2248);
#1257=LINE('',#12509,#2249);
#1258=LINE('',#12510,#2250);
#1259=LINE('',#12513,#2251);
#1260=LINE('',#12514,#2252);
#1261=LINE('',#12517,#2253);
#1262=LINE('',#12518,#2254);
#1263=LINE('',#12521,#2255);
#1264=LINE('',#12525,#2256);
#1265=LINE('',#12529,#2257);
#1266=LINE('',#12533,#2258);
#1267=LINE('',#12537,#2259);
#1268=LINE('',#12538,#2260);
#1269=LINE('',#12541,#2261);
#1270=LINE('',#12542,#2262);
#1271=LINE('',#12545,#2263);
#1272=LINE('',#12546,#2264);
#1273=LINE('',#12555,#2265);
#1274=LINE('',#12557,#2266);
#1275=LINE('',#12559,#2267);
#1276=LINE('',#12561,#2268);
#1277=LINE('',#12563,#2269);
#1278=LINE('',#12571,#2270);
#1279=LINE('',#12573,#2271);
#1280=LINE('',#12575,#2272);
#1281=LINE('',#12583,#2273);
#1282=LINE('',#12586,#2274);
#1283=LINE('',#12589,#2275);
#1284=LINE('',#12593,#2276);
#1285=LINE('',#12594,#2277);
#1286=LINE('',#12597,#2278);
#1287=LINE('',#12598,#2279);
#1288=LINE('',#12601,#2280);
#1289=LINE('',#12602,#2281);
#1290=LINE('',#12605,#2282);
#1291=LINE('',#12606,#2283);
#1292=LINE('',#12609,#2284);
#1293=LINE('',#12610,#2285);
#1294=LINE('',#12613,#2286);
#1295=LINE('',#12617,#2287);
#1296=LINE('',#12621,#2288);
#1297=LINE('',#12625,#2289);
#1298=LINE('',#12629,#2290);
#1299=LINE('',#12630,#2291);
#1300=LINE('',#12633,#2292);
#1301=LINE('',#12634,#2293);
#1302=LINE('',#12637,#2294);
#1303=LINE('',#12638,#2295);
#1304=LINE('',#12654,#2296);
#1305=LINE('',#12656,#2297);
#1306=LINE('',#12658,#2298);
#1307=LINE('',#12668,#2299);
#1308=LINE('',#12670,#2300);
#1309=LINE('',#12672,#2301);
#1310=LINE('',#12674,#2302);
#1311=LINE('',#12676,#2303);
#1312=LINE('',#12682,#2304);
#1313=LINE('',#12685,#2305);
#1314=LINE('',#12688,#2306);
#1315=LINE('',#12692,#2307);
#1316=LINE('',#12696,#2308);
#1317=LINE('',#12700,#2309);
#1318=LINE('',#12701,#2310);
#1319=LINE('',#12704,#2311);
#1320=LINE('',#12705,#2312);
#1321=LINE('',#12708,#2313);
#1322=LINE('',#12709,#2314);
#1323=LINE('',#12712,#2315);
#1324=LINE('',#12716,#2316);
#1325=LINE('',#12720,#2317);
#1326=LINE('',#12724,#2318);
#1327=LINE('',#12725,#2319);
#1328=LINE('',#12728,#2320);
#1329=LINE('',#12729,#2321);
#1330=LINE('',#12732,#2322);
#1331=LINE('',#12733,#2323);
#1332=LINE('',#12736,#2324);
#1333=LINE('',#12737,#2325);
#1334=LINE('',#12739,#2326);
#1335=LINE('',#12744,#2327);
#1336=LINE('',#12746,#2328);
#1337=LINE('',#12748,#2329);
#1338=LINE('',#12749,#2330);
#1339=LINE('',#12753,#2331);
#1340=LINE('',#12754,#2332);
#1341=LINE('',#12755,#2333);
#1342=LINE('',#12758,#2334);
#1343=LINE('',#12759,#2335);
#1344=LINE('',#12762,#2336);
#1345=LINE('',#12763,#2337);
#1346=LINE('',#12765,#2338);
#1347=LINE('',#12770,#2339);
#1348=LINE('',#12772,#2340);
#1349=LINE('',#12774,#2341);
#1350=LINE('',#12776,#2342);
#1351=LINE('',#12778,#2343);
#1352=LINE('',#12780,#2344);
#1353=LINE('',#12782,#2345);
#1354=LINE('',#12784,#2346);
#1355=LINE('',#12786,#2347);
#1356=LINE('',#12788,#2348);
#1357=LINE('',#12790,#2349);
#1358=LINE('',#12798,#2350);
#1359=LINE('',#12808,#2351);
#1360=LINE('',#12810,#2352);
#1361=LINE('',#12811,#2353);
#1362=LINE('',#12814,#2354);
#1363=LINE('',#12815,#2355);
#1364=LINE('',#12818,#2356);
#1365=LINE('',#12819,#2357);
#1366=LINE('',#12822,#2358);
#1367=LINE('',#12823,#2359);
#1368=LINE('',#12826,#2360);
#1369=LINE('',#12827,#2361);
#1370=LINE('',#12830,#2362);
#1371=LINE('',#12831,#2363);
#1372=LINE('',#12834,#2364);
#1373=LINE('',#12835,#2365);
#1374=LINE('',#12838,#2366);
#1375=LINE('',#12839,#2367);
#1376=LINE('',#12842,#2368);
#1377=LINE('',#12843,#2369);
#1378=LINE('',#12846,#2370);
#1379=LINE('',#12847,#2371);
#1380=LINE('',#12850,#2372);
#1381=LINE('',#12854,#2373);
#1382=LINE('',#12858,#2374);
#1383=LINE('',#12862,#2375);
#1384=LINE('',#12866,#2376);
#1385=LINE('',#12867,#2377);
#1386=LINE('',#12870,#2378);
#1387=LINE('',#12874,#2379);
#1388=LINE('',#12878,#2380);
#1389=LINE('',#12881,#2381);
#1390=LINE('',#12886,#2382);
#1391=LINE('',#12888,#2383);
#1392=LINE('',#12890,#2384);
#1393=LINE('',#12891,#2385);
#1394=LINE('',#12895,#2386);
#1395=LINE('',#12896,#2387);
#1396=LINE('',#12897,#2388);
#1397=LINE('',#12900,#2389);
#1398=LINE('',#12901,#2390);
#1399=LINE('',#12904,#2391);
#1400=LINE('',#12905,#2392);
#1401=LINE('',#12907,#2393);
#1402=LINE('',#12928,#2394);
#1403=LINE('',#12932,#2395);
#1404=LINE('',#12934,#2396);
#1405=LINE('',#12936,#2397);
#1406=LINE('',#12950,#2398);
#1407=LINE('',#12952,#2399);
#1408=LINE('',#12964,#2400);
#1409=LINE('',#12966,#2401);
#1410=LINE('',#12980,#2402);
#1411=LINE('',#12983,#2403);
#1412=LINE('',#12986,#2404);
#1413=LINE('',#12990,#2405);
#1414=LINE('',#12994,#2406);
#1415=LINE('',#12995,#2407);
#1416=LINE('',#12998,#2408);
#1417=LINE('',#13001,#2409);
#1418=LINE('',#13004,#2410);
#1419=LINE('',#13005,#2411);
#1420=LINE('',#13008,#2412);
#1421=LINE('',#13009,#2413);
#1422=LINE('',#13012,#2414);
#1423=LINE('',#13013,#2415);
#1424=LINE('',#13016,#2416);
#1425=LINE('',#13020,#2417);
#1426=LINE('',#13021,#2418);
#1427=LINE('',#13024,#2419);
#1428=LINE('',#13028,#2420);
#1429=LINE('',#13032,#2421);
#1430=LINE('',#13036,#2422);
#1431=LINE('',#13040,#2423);
#1432=LINE('',#13044,#2424);
#1433=LINE('',#13048,#2425);
#1434=LINE('',#13052,#2426);
#1435=LINE('',#13053,#2427);
#1436=LINE('',#13056,#2428);
#1437=LINE('',#13060,#2429);
#1438=LINE('',#13066,#2430);
#1439=LINE('',#13070,#2431);
#1440=LINE('',#13074,#2432);
#1441=LINE('',#13078,#2433);
#1442=LINE('',#13082,#2434);
#1443=LINE('',#13086,#2435);
#1444=LINE('',#13090,#2436);
#1445=LINE('',#13091,#2437);
#1446=LINE('',#13094,#2438);
#1447=LINE('',#13095,#2439);
#1448=LINE('',#13098,#2440);
#1449=LINE('',#13102,#2441);
#1450=LINE('',#13106,#2442);
#1451=LINE('',#13110,#2443);
#1452=LINE('',#13122,#2444);
#1453=LINE('',#13159,#2445);
#1454=LINE('',#13166,#2446);
#1455=LINE('',#13196,#2447);
#1456=LINE('',#13204,#2448);
#1457=LINE('',#13205,#2449);
#1458=LINE('',#13209,#2450);
#1459=LINE('',#13212,#2451);
#1460=LINE('',#13213,#2452);
#1461=LINE('',#13217,#2453);
#1462=LINE('',#13221,#2454);
#1463=LINE('',#13225,#2455);
#1464=LINE('',#13229,#2456);
#1465=LINE('',#13233,#2457);
#1466=LINE('',#13237,#2458);
#1467=LINE('',#13241,#2459);
#1468=LINE('',#13245,#2460);
#1469=LINE('',#13246,#2461);
#1470=LINE('',#13247,#2462);
#1471=LINE('',#13251,#2463);
#1472=LINE('',#13255,#2464);
#1473=LINE('',#13259,#2465);
#1474=LINE('',#13263,#2466);
#1475=LINE('',#13267,#2467);
#1476=LINE('',#13271,#2468);
#1477=LINE('',#13275,#2469);
#1478=LINE('',#13279,#2470);
#1479=LINE('',#13283,#2471);
#1480=LINE('',#13287,#2472);
#1481=LINE('',#13291,#2473);
#1482=LINE('',#13295,#2474);
#1483=LINE('',#13299,#2475);
#1484=LINE('',#13303,#2476);
#1485=LINE('',#13307,#2477);
#1486=LINE('',#13311,#2478);
#1487=LINE('',#13315,#2479);
#1488=LINE('',#13318,#2480);
#1489=LINE('',#13319,#2481);
#1490=LINE('',#13323,#2482);
#1491=LINE('',#13329,#2483);
#1492=LINE('',#13333,#2484);
#1493=LINE('',#13337,#2485);
#1494=LINE('',#13341,#2486);
#1495=LINE('',#13345,#2487);
#1496=LINE('',#13349,#2488);
#1497=LINE('',#13353,#2489);
#1498=LINE('',#13357,#2490);
#1499=LINE('',#13360,#2491);
#1500=LINE('',#13361,#2492);
#1501=LINE('',#13365,#2493);
#1502=LINE('',#13379,#2494);
#1503=LINE('',#13381,#2495);
#1504=LINE('',#13383,#2496);
#1505=LINE('',#13384,#2497);
#1506=LINE('',#13387,#2498);
#1507=LINE('',#13389,#2499);
#1508=LINE('',#13390,#2500);
#1509=LINE('',#13393,#2501);
#1510=LINE('',#13394,#2502);
#1511=LINE('',#13397,#2503);
#1512=LINE('',#13398,#2504);
#1513=LINE('',#13400,#2505);
#1514=LINE('',#13407,#2506);
#1515=LINE('',#13410,#2507);
#1516=LINE('',#13429,#2508);
#1517=LINE('',#13431,#2509);
#1518=LINE('',#13439,#2510);
#1519=LINE('',#13462,#2511);
#1520=LINE('',#13466,#2512);
#1521=LINE('',#13470,#2513);
#1522=LINE('',#13474,#2514);
#1523=LINE('',#13478,#2515);
#1524=LINE('',#13482,#2516);
#1525=LINE('',#13486,#2517);
#1526=LINE('',#13490,#2518);
#1527=LINE('',#13494,#2519);
#1528=LINE('',#13498,#2520);
#1529=LINE('',#13501,#2521);
#1530=LINE('',#13502,#2522);
#1531=LINE('',#13506,#2523);
#1532=LINE('',#13510,#2524);
#1533=LINE('',#13514,#2525);
#1534=LINE('',#13517,#2526);
#1535=LINE('',#13518,#2527);
#1536=LINE('',#13521,#2528);
#1537=LINE('',#13522,#2529);
#1538=LINE('',#13526,#2530);
#1539=LINE('',#13530,#2531);
#1540=LINE('',#13534,#2532);
#1541=LINE('',#13538,#2533);
#1542=LINE('',#13542,#2534);
#1543=LINE('',#13546,#2535);
#1544=LINE('',#13550,#2536);
#1545=LINE('',#13557,#2537);
#1546=LINE('',#13559,#2538);
#1547=LINE('',#13561,#2539);
#1548=LINE('',#13562,#2540);
#1549=LINE('',#13565,#2541);
#1550=LINE('',#13567,#2542);
#1551=LINE('',#13569,#2543);
#1552=LINE('',#13571,#2544);
#1553=LINE('',#13572,#2545);
#1554=LINE('',#13575,#2546);
#1555=LINE('',#13577,#2547);
#1556=LINE('',#13579,#2548);
#1557=LINE('',#13581,#2549);
#1558=LINE('',#13582,#2550);
#1559=LINE('',#13584,#2551);
#1560=LINE('',#13586,#2552);
#1561=LINE('',#13587,#2553);
#1562=LINE('',#13592,#2554);
#1563=LINE('',#13594,#2555);
#1564=LINE('',#13596,#2556);
#1565=LINE('',#13597,#2557);
#1566=LINE('',#13600,#2558);
#1567=LINE('',#13602,#2559);
#1568=LINE('',#13604,#2560);
#1569=LINE('',#13606,#2561);
#1570=LINE('',#13607,#2562);
#1571=LINE('',#13610,#2563);
#1572=LINE('',#13612,#2564);
#1573=LINE('',#13614,#2565);
#1574=LINE('',#13616,#2566);
#1575=LINE('',#13617,#2567);
#1576=LINE('',#13619,#2568);
#1577=LINE('',#13621,#2569);
#1578=LINE('',#13622,#2570);
#1579=LINE('',#13627,#2571);
#1580=LINE('',#13629,#2572);
#1581=LINE('',#13631,#2573);
#1582=LINE('',#13632,#2574);
#1583=LINE('',#13635,#2575);
#1584=LINE('',#13637,#2576);
#1585=LINE('',#13638,#2577);
#1586=LINE('',#13642,#2578);
#1587=LINE('',#13644,#2579);
#1588=LINE('',#13646,#2580);
#1589=LINE('',#13647,#2581);
#1590=LINE('',#13650,#2582);
#1591=LINE('',#13652,#2583);
#1592=LINE('',#13653,#2584);
#1593=LINE('',#13656,#2585);
#1594=LINE('',#13658,#2586);
#1595=LINE('',#13659,#2587);
#1596=LINE('',#13663,#2588);
#1597=LINE('',#13665,#2589);
#1598=LINE('',#13667,#2590);
#1599=LINE('',#13668,#2591);
#1600=LINE('',#13671,#2592);
#1601=LINE('',#13673,#2593);
#1602=LINE('',#13674,#2594);
#1603=LINE('',#13677,#2595);
#1604=LINE('',#13679,#2596);
#1605=LINE('',#13680,#2597);
#1606=LINE('',#13684,#2598);
#1607=LINE('',#13686,#2599);
#1608=LINE('',#13688,#2600);
#1609=LINE('',#13689,#2601);
#1610=LINE('',#13692,#2602);
#1611=LINE('',#13694,#2603);
#1612=LINE('',#13695,#2604);
#1613=LINE('',#13698,#2605);
#1614=LINE('',#13700,#2606);
#1615=LINE('',#13701,#2607);
#1616=LINE('',#13705,#2608);
#1617=LINE('',#13707,#2609);
#1618=LINE('',#13709,#2610);
#1619=LINE('',#13711,#2611);
#1620=LINE('',#13713,#2612);
#1621=LINE('',#13714,#2613);
#1622=LINE('',#13718,#2614);
#1623=LINE('',#13720,#2615);
#1624=LINE('',#13722,#2616);
#1625=LINE('',#13723,#2617);
#1626=LINE('',#13727,#2618);
#1627=LINE('',#13729,#2619);
#1628=LINE('',#13731,#2620);
#1629=LINE('',#13732,#2621);
#1630=LINE('',#13736,#2622);
#1631=LINE('',#13738,#2623);
#1632=LINE('',#13740,#2624);
#1633=LINE('',#13741,#2625);
#1634=LINE('',#13744,#2626);
#1635=LINE('',#13746,#2627);
#1636=LINE('',#13747,#2628);
#1637=LINE('',#13751,#2629);
#1638=LINE('',#13753,#2630);
#1639=LINE('',#13755,#2631);
#1640=LINE('',#13756,#2632);
#1641=LINE('',#13759,#2633);
#1642=LINE('',#13761,#2634);
#1643=LINE('',#13762,#2635);
#1644=LINE('',#13764,#2636);
#1645=LINE('',#13765,#2637);
#1646=LINE('',#13766,#2638);
#1647=LINE('',#13768,#2639);
#1648=LINE('',#13770,#2640);
#1649=LINE('',#13772,#2641);
#1650=LINE('',#13774,#2642);
#1651=LINE('',#13776,#2643);
#1652=LINE('',#13778,#2644);
#1653=LINE('',#13780,#2645);
#1654=LINE('',#13784,#2646);
#1655=LINE('',#13786,#2647);
#1656=LINE('',#13788,#2648);
#1657=LINE('',#13792,#2649);
#1658=LINE('',#13794,#2650);
#1659=LINE('',#13796,#2651);
#1660=LINE('',#13797,#2652);
#1661=LINE('',#13799,#2653);
#1662=LINE('',#13801,#2654);
#1663=LINE('',#13802,#2655);
#1664=LINE('',#13803,#2656);
#1665=LINE('',#13804,#2657);
#1666=LINE('',#13805,#2658);
#1667=LINE('',#13806,#2659);
#1668=LINE('',#13809,#2660);
#1669=LINE('',#13811,#2661);
#1670=LINE('',#13812,#2662);
#1671=LINE('',#13815,#2663);
#1672=LINE('',#13816,#2664);
#1673=LINE('',#13818,#2665);
#1674=LINE('',#13821,#2666);
#1675=LINE('',#13822,#2667);
#1676=LINE('',#13825,#2668);
#1677=LINE('',#13827,#2669);
#1678=LINE('',#13828,#2670);
#1679=LINE('',#13831,#2671);
#1680=LINE('',#13832,#2672);
#1681=LINE('',#13835,#2673);
#1682=LINE('',#13836,#2674);
#1683=LINE('',#13839,#2675);
#1684=LINE('',#13841,#2676);
#1685=LINE('',#13842,#2677);
#1686=LINE('',#13845,#2678);
#1687=LINE('',#13847,#2679);
#1688=LINE('',#13848,#2680);
#1689=LINE('',#13850,#2681);
#1690=LINE('',#13852,#2682);
#1691=LINE('',#13854,#2683);
#1692=LINE('',#13855,#2684);
#1693=LINE('',#13858,#2685);
#1694=LINE('',#13860,#2686);
#1695=LINE('',#13861,#2687);
#1696=LINE('',#13863,#2688);
#1697=LINE('',#13865,#2689);
#1698=LINE('',#13866,#2690);
#1699=LINE('',#13869,#2691);
#1700=LINE('',#13871,#2692);
#1701=LINE('',#13872,#2693);
#1702=LINE('',#13874,#2694);
#1703=LINE('',#13877,#2695);
#1704=LINE('',#13879,#2696);
#1705=LINE('',#13880,#2697);
#1706=LINE('',#13883,#2698);
#1707=LINE('',#13885,#2699);
#1708=LINE('',#13886,#2700);
#1709=LINE('',#13889,#2701);
#1710=LINE('',#13891,#2702);
#1711=LINE('',#13892,#2703);
#1712=LINE('',#13895,#2704);
#1713=LINE('',#13897,#2705);
#1714=LINE('',#13898,#2706);
#1715=LINE('',#13901,#2707);
#1716=LINE('',#13903,#2708);
#1717=LINE('',#13904,#2709);
#1718=LINE('',#13907,#2710);
#1719=LINE('',#13909,#2711);
#1720=LINE('',#13910,#2712);
#1721=LINE('',#13913,#2713);
#1722=LINE('',#13915,#2714);
#1723=LINE('',#13916,#2715);
#1724=LINE('',#13919,#2716);
#1725=LINE('',#13921,#2717);
#1726=LINE('',#13922,#2718);
#1727=LINE('',#13925,#2719);
#1728=LINE('',#13927,#2720);
#1729=LINE('',#13928,#2721);
#1730=LINE('',#13931,#2722);
#1731=LINE('',#13933,#2723);
#1732=LINE('',#13934,#2724);
#1733=LINE('',#13936,#2725);
#1734=LINE('',#13937,#2726);
#1735=LINE('',#13940,#2727);
#1736=LINE('',#13942,#2728);
#1737=LINE('',#13943,#2729);
#1738=LINE('',#13944,#2730);
#1739=LINE('',#13946,#2731);
#1740=LINE('',#13948,#2732);
#1741=LINE('',#13954,#2733);
#1742=LINE('',#13956,#2734);
#1743=LINE('',#13958,#2735);
#1744=LINE('',#13960,#2736);
#1745=LINE('',#13962,#2737);
#1746=LINE('',#13963,#2738);
#1747=LINE('',#13966,#2739);
#1748=LINE('',#13968,#2740);
#1749=LINE('',#13969,#2741);
#1750=LINE('',#13972,#2742);
#1751=LINE('',#13973,#2743);
#1752=LINE('',#13976,#2744);
#1753=LINE('',#13978,#2745);
#1754=LINE('',#13979,#2746);
#1755=LINE('',#13981,#2747);
#1756=LINE('',#13984,#2748);
#1757=LINE('',#13985,#2749);
#1758=LINE('',#13987,#2750);
#1759=LINE('',#13988,#2751);
#1760=LINE('',#13990,#2752);
#1761=LINE('',#13991,#2753);
#1762=LINE('',#13994,#2754);
#1763=LINE('',#13996,#2755);
#1764=LINE('',#13997,#2756);
#1765=LINE('',#13999,#2757);
#1766=LINE('',#14000,#2758);
#1767=LINE('',#14002,#2759);
#1768=LINE('',#14003,#2760);
#1769=LINE('',#14005,#2761);
#1770=LINE('',#14006,#2762);
#1771=LINE('',#14009,#2763);
#1772=LINE('',#14011,#2764);
#1773=LINE('',#14012,#2765);
#1774=LINE('',#14014,#2766);
#1775=LINE('',#14015,#2767);
#1776=LINE('',#14017,#2768);
#1777=LINE('',#14018,#2769);
#1778=LINE('',#14026,#2770);
#1779=LINE('',#14028,#2771);
#1780=LINE('',#14029,#2772);
#1781=LINE('',#14032,#2773);
#1782=LINE('',#14034,#2774);
#1783=LINE('',#14035,#2775);
#1784=LINE('',#14049,#2776);
#1785=LINE('',#14053,#2777);
#1786=LINE('',#14057,#2778);
#1787=LINE('',#14060,#2779);
#1788=LINE('',#14063,#2780);
#1789=LINE('',#14066,#2781);
#1790=LINE('',#14071,#2782);
#1791=LINE('',#14072,#2783);
#1792=LINE('',#14080,#2784);
#1793=LINE('',#14082,#2785);
#1794=LINE('',#14083,#2786);
#1795=LINE('',#14085,#2787);
#1796=LINE('',#14086,#2788);
#1797=LINE('',#14091,#2789);
#1798=LINE('',#14099,#2790);
#1799=LINE('',#14102,#2791);
#1800=LINE('',#14105,#2792);
#1801=LINE('',#14109,#2793);
#1802=LINE('',#14110,#2794);
#1803=LINE('',#14120,#2795);
#1804=LINE('',#14124,#2796);
#1805=LINE('',#14130,#2797);
#1806=LINE('',#14133,#2798);
#1807=LINE('',#14134,#2799);
#1808=LINE('',#14139,#2800);
#1809=LINE('',#14145,#2801);
#1810=LINE('',#14147,#2802);
#1811=LINE('',#14149,#2803);
#1812=LINE('',#14153,#2804);
#1813=LINE('',#14162,#2805);
#1814=LINE('',#14171,#2806);
#1815=LINE('',#14173,#2807);
#1816=LINE('',#14175,#2808);
#1817=LINE('',#14179,#2809);
#1818=LINE('',#14183,#2810);
#1819=LINE('',#14193,#2811);
#1820=LINE('',#14203,#2812);
#1821=LINE('',#14206,#2813);
#1822=LINE('',#14207,#2814);
#1823=LINE('',#14210,#2815);
#1824=LINE('',#14212,#2816);
#1825=LINE('',#14214,#2817);
#1826=LINE('',#14220,#2818);
#1827=LINE('',#14221,#2819);
#1828=LINE('',#14228,#2820);
#1829=LINE('',#14238,#2821);
#1830=LINE('',#14242,#2822);
#1831=LINE('',#14248,#2823);
#1832=LINE('',#14307,#2824);
#1833=LINE('',#14309,#2825);
#1834=LINE('',#14311,#2826);
#1835=LINE('',#14314,#2827);
#1836=LINE('',#14319,#2828);
#1837=LINE('',#14322,#2829);
#1838=LINE('',#14325,#2830);
#1839=LINE('',#14328,#2831);
#1840=LINE('',#14332,#2832);
#1841=LINE('',#14335,#2833);
#1842=LINE('',#14368,#2834);
#1843=LINE('',#14400,#2835);
#1844=LINE('',#14404,#2836);
#1845=LINE('',#14405,#2837);
#1846=LINE('',#14409,#2838);
#1847=LINE('',#14412,#2839);
#1848=LINE('',#14414,#2840);
#1849=LINE('',#14421,#2841);
#1850=LINE('',#14426,#2842);
#1851=LINE('',#14428,#2843);
#1852=LINE('',#14430,#2844);
#1853=LINE('',#14431,#2845);
#1854=LINE('',#14434,#2846);
#1855=LINE('',#14436,#2847);
#1856=LINE('',#14437,#2848);
#1857=LINE('',#14440,#2849);
#1858=LINE('',#14441,#2850);
#1859=LINE('',#14444,#2851);
#1860=LINE('',#14445,#2852);
#1861=LINE('',#14449,#2853);
#1862=LINE('',#14451,#2854);
#1863=LINE('',#14453,#2855);
#1864=LINE('',#14454,#2856);
#1865=LINE('',#14457,#2857);
#1866=LINE('',#14459,#2858);
#1867=LINE('',#14460,#2859);
#1868=LINE('',#14463,#2860);
#1869=LINE('',#14464,#2861);
#1870=LINE('',#14467,#2862);
#1871=LINE('',#14468,#2863);
#1872=LINE('',#14472,#2864);
#1873=LINE('',#14474,#2865);
#1874=LINE('',#14476,#2866);
#1875=LINE('',#14477,#2867);
#1876=LINE('',#14480,#2868);
#1877=LINE('',#14482,#2869);
#1878=LINE('',#14483,#2870);
#1879=LINE('',#14486,#2871);
#1880=LINE('',#14487,#2872);
#1881=LINE('',#14490,#2873);
#1882=LINE('',#14491,#2874);
#1883=LINE('',#14495,#2875);
#1884=LINE('',#14497,#2876);
#1885=LINE('',#14499,#2877);
#1886=LINE('',#14500,#2878);
#1887=LINE('',#14503,#2879);
#1888=LINE('',#14505,#2880);
#1889=LINE('',#14506,#2881);
#1890=LINE('',#14509,#2882);
#1891=LINE('',#14510,#2883);
#1892=LINE('',#14513,#2884);
#1893=LINE('',#14514,#2885);
#1894=LINE('',#14518,#2886);
#1895=LINE('',#14520,#2887);
#1896=LINE('',#14522,#2888);
#1897=LINE('',#14523,#2889);
#1898=LINE('',#14526,#2890);
#1899=LINE('',#14528,#2891);
#1900=LINE('',#14529,#2892);
#1901=LINE('',#14532,#2893);
#1902=LINE('',#14533,#2894);
#1903=LINE('',#14536,#2895);
#1904=LINE('',#14537,#2896);
#1905=LINE('',#14541,#2897);
#1906=LINE('',#14543,#2898);
#1907=LINE('',#14545,#2899);
#1908=LINE('',#14546,#2900);
#1909=LINE('',#14549,#2901);
#1910=LINE('',#14551,#2902);
#1911=LINE('',#14552,#2903);
#1912=LINE('',#14555,#2904);
#1913=LINE('',#14556,#2905);
#1914=LINE('',#14559,#2906);
#1915=LINE('',#14560,#2907);
#1916=LINE('',#14563,#2908);
#1917=LINE('',#14565,#2909);
#1918=LINE('',#14567,#2910);
#1919=LINE('',#14569,#2911);
#1920=LINE('',#14570,#2912);
#1921=LINE('',#14572,#2913);
#1922=LINE('',#14574,#2914);
#1923=LINE('',#14576,#2915);
#1924=LINE('',#14578,#2916);
#1925=LINE('',#14580,#2917);
#1926=LINE('',#14582,#2918);
#1927=LINE('',#14584,#2919);
#1928=LINE('',#14586,#2920);
#1929=LINE('',#14588,#2921);
#1930=LINE('',#14590,#2922);
#1931=LINE('',#14592,#2923);
#1932=LINE('',#14594,#2924);
#1933=LINE('',#14596,#2925);
#1934=LINE('',#14598,#2926);
#1935=LINE('',#14600,#2927);
#1936=LINE('',#14602,#2928);
#1937=LINE('',#14603,#2929);
#1938=LINE('',#14605,#2930);
#1939=LINE('',#14607,#2931);
#1940=LINE('',#14609,#2932);
#1941=LINE('',#14611,#2933);
#1942=LINE('',#14612,#2934);
#1943=LINE('',#14614,#2935);
#1944=LINE('',#14616,#2936);
#1945=LINE('',#14618,#2937);
#1946=LINE('',#14620,#2938);
#1947=LINE('',#14621,#2939);
#1948=LINE('',#14623,#2940);
#1949=LINE('',#14625,#2941);
#1950=LINE('',#14627,#2942);
#1951=LINE('',#14629,#2943);
#1952=LINE('',#14630,#2944);
#1953=LINE('',#14632,#2945);
#1954=LINE('',#14634,#2946);
#1955=LINE('',#14636,#2947);
#1956=LINE('',#14638,#2948);
#1957=LINE('',#14639,#2949);
#1958=LINE('',#14642,#2950);
#1959=LINE('',#14644,#2951);
#1960=LINE('',#14645,#2952);
#1961=LINE('',#14648,#2953);
#1962=LINE('',#14650,#2954);
#1963=LINE('',#14651,#2955);
#1964=LINE('',#14654,#2956);
#1965=LINE('',#14656,#2957);
#1966=LINE('',#14657,#2958);
#1967=LINE('',#14660,#2959);
#1968=LINE('',#14662,#2960);
#1969=LINE('',#14663,#2961);
#1970=LINE('',#14666,#2962);
#1971=LINE('',#14668,#2963);
#1972=LINE('',#14669,#2964);
#1973=LINE('',#14672,#2965);
#1974=LINE('',#14674,#2966);
#1975=LINE('',#14675,#2967);
#1976=LINE('',#14678,#2968);
#1977=LINE('',#14680,#2969);
#1978=LINE('',#14681,#2970);
#1979=LINE('',#14684,#2971);
#1980=LINE('',#14686,#2972);
#1981=LINE('',#14687,#2973);
#1982=LINE('',#14690,#2974);
#1983=LINE('',#14692,#2975);
#1984=LINE('',#14693,#2976);
#1985=LINE('',#14696,#2977);
#1986=LINE('',#14698,#2978);
#1987=LINE('',#14699,#2979);
#1988=LINE('',#14702,#2980);
#1989=LINE('',#14704,#2981);
#1990=LINE('',#14706,#2982);
#1991=LINE('',#14708,#2983);
#1992=LINE('',#14709,#2984);
#1993=LINE('',#14713,#2985);
#1994=LINE('',#14715,#2986);
#1995=LINE('',#14717,#2987);
#1996=LINE('',#14718,#2988);
#1997=LINE('',#14721,#2989);
#1998=LINE('',#14723,#2990);
#1999=LINE('',#14724,#2991);
#2000=LINE('',#14727,#2992);
#2001=LINE('',#14729,#2993);
#2002=LINE('',#14731,#2994);
#2003=LINE('',#14733,#2995);
#2004=LINE('',#14735,#2996);
#2005=LINE('',#14737,#2997);
#2006=LINE('',#14739,#2998);
#2007=LINE('',#14741,#2999);
#2008=LINE('',#14743,#3000);
#2009=LINE('',#14745,#3001);
#2010=LINE('',#14747,#3002);
#2011=LINE('',#14749,#3003);
#2012=LINE('',#14751,#3004);
#2013=LINE('',#14752,#3005);
#2014=LINE('',#14753,#3006);
#2015=LINE('',#14754,#3007);
#2016=LINE('',#14755,#3008);
#2017=LINE('',#14756,#3009);
#2018=LINE('',#14758,#3010);
#2019=LINE('',#14760,#3011);
#2020=LINE('',#14761,#3012);
#2021=LINE('',#14762,#3013);
#2022=LINE('',#14763,#3014);
#2023=LINE('',#14764,#3015);
#2024=LINE('',#14765,#3016);
#2025=LINE('',#14766,#3017);
#2026=LINE('',#14768,#3018);
#2027=LINE('',#14770,#3019);
#2028=LINE('',#14771,#3020);
#2029=LINE('',#14774,#3021);
#2030=LINE('',#14776,#3022);
#2031=LINE('',#14777,#3023);
#2032=LINE('',#14780,#3024);
#2033=LINE('',#14781,#3025);
#2034=LINE('',#14783,#3026);
#2035=LINE('',#14789,#3027);
#2036=LINE('',#14792,#3028);
#2037=LINE('',#14793,#3029);
#2038=LINE('',#14796,#3030);
#2039=LINE('',#14797,#3031);
#2040=LINE('',#14800,#3032);
#2041=LINE('',#14801,#3033);
#2042=LINE('',#14804,#3034);
#2043=LINE('',#14805,#3035);
#2044=LINE('',#14808,#3036);
#2045=LINE('',#14809,#3037);
#2046=LINE('',#14812,#3038);
#2047=LINE('',#14813,#3039);
#2048=LINE('',#14816,#3040);
#2049=LINE('',#14817,#3041);
#2050=LINE('',#14820,#3042);
#2051=LINE('',#14821,#3043);
#2052=LINE('',#14824,#3044);
#2053=LINE('',#14826,#3045);
#2054=LINE('',#14827,#3046);
#2055=LINE('',#14829,#3047);
#2056=LINE('',#14836,#3048);
#2057=LINE('',#14840,#3049);
#2058=LINE('',#14841,#3050);
#2059=LINE('',#14844,#3051);
#2060=LINE('',#14845,#3052);
#2061=LINE('',#14848,#3053);
#2062=LINE('',#14849,#3054);
#2063=LINE('',#14852,#3055);
#2064=LINE('',#14853,#3056);
#2065=LINE('',#14856,#3057);
#2066=LINE('',#14857,#3058);
#2067=LINE('',#14860,#3059);
#2068=LINE('',#14861,#3060);
#2069=LINE('',#14864,#3061);
#2070=LINE('',#14865,#3062);
#2071=LINE('',#14868,#3063);
#2072=LINE('',#14869,#3064);
#2073=LINE('',#14872,#3065);
#2074=LINE('',#14873,#3066);
#2075=LINE('',#14876,#3067);
#2076=LINE('',#14877,#3068);
#2077=LINE('',#14879,#3069);
#2078=LINE('',#14881,#3070);
#2079=LINE('',#14883,#3071);
#2080=LINE('',#14885,#3072);
#2081=LINE('',#14886,#3073);
#2082=LINE('',#14888,#3074);
#2083=LINE('',#14890,#3075);
#2084=LINE('',#14896,#3076);
#2085=LINE('',#14898,#3077);
#2086=LINE('',#14900,#3078);
#2087=LINE('',#14901,#3079);
#2088=LINE('',#14904,#3080);
#2089=LINE('',#14906,#3081);
#2090=LINE('',#14907,#3082);
#2091=LINE('',#14910,#3083);
#2092=LINE('',#14911,#3084);
#2093=LINE('',#14914,#3085);
#2094=LINE('',#14915,#3086);
#2095=LINE('',#14918,#3087);
#2096=LINE('',#14920,#3088);
#2097=LINE('',#14922,#3089);
#2098=LINE('',#14924,#3090);
#2099=LINE('',#14925,#3091);
#2100=LINE('',#14928,#3092);
#2101=LINE('',#14930,#3093);
#2102=LINE('',#14932,#3094);
#2103=LINE('',#14934,#3095);
#2104=LINE('',#14935,#3096);
#2105=LINE('',#14938,#3097);
#2106=LINE('',#14939,#3098);
#2107=LINE('',#14942,#3099);
#2108=LINE('',#14944,#3100);
#2109=LINE('',#14946,#3101);
#2110=LINE('',#14947,#3102);
#2111=LINE('',#14949,#3103);
#2112=LINE('',#14951,#3104);
#2113=LINE('',#14953,#3105);
#2114=LINE('',#14958,#3106);
#2115=LINE('',#14960,#3107);
#2116=LINE('',#14962,#3108);
#2117=LINE('',#14963,#3109);
#2118=LINE('',#14966,#3110);
#2119=LINE('',#14968,#3111);
#2120=LINE('',#14969,#3112);
#2121=LINE('',#14972,#3113);
#2122=LINE('',#14973,#3114);
#2123=LINE('',#14976,#3115);
#2124=LINE('',#14977,#3116);
#2125=LINE('',#14980,#3117);
#2126=LINE('',#14982,#3118);
#2127=LINE('',#14984,#3119);
#2128=LINE('',#14986,#3120);
#2129=LINE('',#14987,#3121);
#2130=LINE('',#14990,#3122);
#2131=LINE('',#14992,#3123);
#2132=LINE('',#14994,#3124);
#2133=LINE('',#14996,#3125);
#2134=LINE('',#14997,#3126);
#2135=LINE('',#15000,#3127);
#2136=LINE('',#15002,#3128);
#2137=LINE('',#15004,#3129);
#2138=LINE('',#15006,#3130);
#2139=LINE('',#15007,#3131);
#2140=LINE('',#15009,#3132);
#2141=LINE('',#15010,#3133);
#2142=LINE('',#15012,#3134);
#2143=LINE('',#15014,#3135);
#2144=LINE('',#15020,#3136);
#2145=LINE('',#15022,#3137);
#2146=LINE('',#15024,#3138);
#2147=LINE('',#15025,#3139);
#2148=LINE('',#15028,#3140);
#2149=LINE('',#15030,#3141);
#2150=LINE('',#15031,#3142);
#2151=LINE('',#15034,#3143);
#2152=LINE('',#15035,#3144);
#2153=LINE('',#15038,#3145);
#2154=LINE('',#15039,#3146);
#2155=LINE('',#15043,#3147);
#2156=LINE('',#15045,#3148);
#2157=LINE('',#15047,#3149);
#2158=LINE('',#15048,#3150);
#2159=LINE('',#15051,#3151);
#2160=LINE('',#15053,#3152);
#2161=LINE('',#15054,#3153);
#2162=LINE('',#15057,#3154);
#2163=LINE('',#15058,#3155);
#2164=LINE('',#15061,#3156);
#2165=LINE('',#15062,#3157);
#2166=LINE('',#15066,#3158);
#2167=LINE('',#15068,#3159);
#2168=LINE('',#15070,#3160);
#2169=LINE('',#15071,#3161);
#2170=LINE('',#15074,#3162);
#2171=LINE('',#15076,#3163);
#2172=LINE('',#15077,#3164);
#2173=LINE('',#15080,#3165);
#2174=LINE('',#15081,#3166);
#2175=LINE('',#15084,#3167);
#2176=LINE('',#15085,#3168);
#2177=LINE('',#15088,#3169);
#2178=LINE('',#15090,#3170);
#2179=LINE('',#15092,#3171);
#2180=LINE('',#15094,#3172);
#2181=LINE('',#15095,#3173);
#2182=LINE('',#15097,#3174);
#2183=LINE('',#15099,#3175);
#2184=LINE('',#15101,#3176);
#2185=LINE('',#15103,#3177);
#2186=LINE('',#15105,#3178);
#2187=LINE('',#15107,#3179);
#2188=LINE('',#15109,#3180);
#2189=LINE('',#15111,#3181);
#2190=LINE('',#15112,#3182);
#2191=LINE('',#15114,#3183);
#2192=LINE('',#15116,#3184);
#2193=LINE('',#15118,#3185);
#2194=LINE('',#15120,#3186);
#2195=LINE('',#15121,#3187);
#2196=LINE('',#15124,#3188);
#2197=LINE('',#15126,#3189);
#2198=LINE('',#15127,#3190);
#2199=LINE('',#15130,#3191);
#2200=LINE('',#15131,#3192);
#2201=LINE('',#15134,#3193);
#2202=LINE('',#15136,#3194);
#2203=LINE('',#15137,#3195);
#2204=LINE('',#15140,#3196);
#2205=LINE('',#15141,#3197);
#2206=LINE('',#15144,#3198);
#2207=LINE('',#15146,#3199);
#2208=LINE('',#15147,#3200);
#2209=LINE('',#15150,#3201);
#2210=LINE('',#15151,#3202);
#2211=LINE('',#15154,#3203);
#2212=LINE('',#15155,#3204);
#2213=LINE('',#15158,#3205);
#2214=LINE('',#15159,#3206);
#2215=LINE('',#15163,#3207);
#2216=LINE('',#15164,#3208);
#2217=LINE('',#15165,#3209);
#2218=LINE('',#15168,#3210);
#2219=LINE('',#15170,#3211);
#2220=LINE('',#15171,#3212);
#2221=LINE('',#15173,#3213);
#2222=LINE('',#15176,#3214);
#2223=LINE('',#15178,#3215);
#2224=LINE('',#15180,#3216);
#2225=LINE('',#15182,#3217);
#2226=LINE('',#15184,#3218);
#2227=LINE('',#15185,#3219);
#2228=LINE('',#15186,#3220);
#2229=LINE('',#15189,#3221);
#2230=LINE('',#15190,#3222);
#2231=LINE('',#15192,#3223);
#2232=LINE('',#15195,#3224);
#2233=LINE('',#15197,#3225);
#2234=VECTOR('',#9885,1.);
#2235=VECTOR('',#9886,1.);
#2236=VECTOR('',#9887,1.);
#2237=VECTOR('',#9888,1.);
#2238=VECTOR('',#9889,1.);
#2239=VECTOR('',#9896,1.);
#2240=VECTOR('',#9897,1.);
#2241=VECTOR('',#9898,1.);
#2242=VECTOR('',#9907,5.07489287765204);
#2243=VECTOR('',#9910,5.07489287765204);
#2244=VECTOR('',#9913,5.07489287765204);
#2245=VECTOR('',#9918,5.07489287765204);
#2246=VECTOR('',#9919,0.696988147928172);
#2247=VECTOR('',#9922,5.07489287765204);
#2248=VECTOR('',#9923,0.696988147928172);
#2249=VECTOR('',#9926,5.07489287765204);
#2250=VECTOR('',#9927,0.696988147928172);
#2251=VECTOR('',#9930,5.07489287765204);
#2252=VECTOR('',#9931,0.696988147928172);
#2253=VECTOR('',#9934,5.07489287765204);
#2254=VECTOR('',#9935,0.696988147928172);
#2255=VECTOR('',#9938,5.07489287765204);
#2256=VECTOR('',#9943,5.07489287765204);
#2257=VECTOR('',#9948,5.07489287765204);
#2258=VECTOR('',#9953,5.07489287765204);
#2259=VECTOR('',#9958,5.07489287765204);
#2260=VECTOR('',#9959,0.696988147928172);
#2261=VECTOR('',#9962,5.07489287765204);
#2262=VECTOR('',#9963,0.696988147928172);
#2263=VECTOR('',#9966,5.07489287765204);
#2264=VECTOR('',#9967,0.696988147928172);
#2265=VECTOR('',#9978,1.);
#2266=VECTOR('',#9979,1.);
#2267=VECTOR('',#9980,1.);
#2268=VECTOR('',#9981,1.);
#2269=VECTOR('',#9982,1.);
#2270=VECTOR('',#9989,1.);
#2271=VECTOR('',#9990,1.);
#2272=VECTOR('',#9991,1.);
#2273=VECTOR('',#10000,5.07489287765204);
#2274=VECTOR('',#10003,5.07489287765204);
#2275=VECTOR('',#10006,5.07489287765204);
#2276=VECTOR('',#10011,5.07489287765204);
#2277=VECTOR('',#10012,0.696988147928172);
#2278=VECTOR('',#10015,5.07489287765204);
#2279=VECTOR('',#10016,0.696988147928172);
#2280=VECTOR('',#10019,5.07489287765204);
#2281=VECTOR('',#10020,0.696988147928172);
#2282=VECTOR('',#10023,5.07489287765204);
#2283=VECTOR('',#10024,0.696988147928172);
#2284=VECTOR('',#10027,5.07489287765204);
#2285=VECTOR('',#10028,0.696988147928172);
#2286=VECTOR('',#10031,5.07489287765204);
#2287=VECTOR('',#10036,5.07489287765204);
#2288=VECTOR('',#10041,5.07489287765204);
#2289=VECTOR('',#10046,5.07489287765204);
#2290=VECTOR('',#10051,5.07489287765204);
#2291=VECTOR('',#10052,0.696988147928172);
#2292=VECTOR('',#10055,5.07489287765204);
#2293=VECTOR('',#10056,0.696988147928172);
#2294=VECTOR('',#10059,5.07489287765204);
#2295=VECTOR('',#10060,0.696988147928172);
#2296=VECTOR('',#10081,1.);
#2297=VECTOR('',#10082,1.);
#2298=VECTOR('',#10083,1.);
#2299=VECTOR('',#10092,1.);
#2300=VECTOR('',#10093,1.);
#2301=VECTOR('',#10094,1.);
#2302=VECTOR('',#10095,1.);
#2303=VECTOR('',#10096,1.);
#2304=VECTOR('',#10103,5.07489287765204);
#2305=VECTOR('',#10106,5.07489287765204);
#2306=VECTOR('',#10109,5.07489287765204);
#2307=VECTOR('',#10114,5.07489287765204);
#2308=VECTOR('',#10119,5.07489287765204);
#2309=VECTOR('',#10124,5.07489287765204);
#2310=VECTOR('',#10125,0.696988147928172);
#2311=VECTOR('',#10128,5.07489287765204);
#2312=VECTOR('',#10129,0.696988147928172);
#2313=VECTOR('',#10132,5.07489287765204);
#2314=VECTOR('',#10133,0.696988147928172);
#2315=VECTOR('',#10136,5.07489287765204);
#2316=VECTOR('',#10141,5.07489287765204);
#2317=VECTOR('',#10146,5.07489287765204);
#2318=VECTOR('',#10151,5.07489287765204);
#2319=VECTOR('',#10152,0.696988147928172);
#2320=VECTOR('',#10155,5.07489287765204);
#2321=VECTOR('',#10156,0.696988147928172);
#2322=VECTOR('',#10159,5.07489287765204);
#2323=VECTOR('',#10160,0.696988147928172);
#2324=VECTOR('',#10163,5.07489287765204);
#2325=VECTOR('',#10164,0.696988147928172);
#2326=VECTOR('',#10167,0.696988147928172);
#2327=VECTOR('',#10172,1.);
#2328=VECTOR('',#10173,5.07489287765204);
#2329=VECTOR('',#10174,0.696988147928172);
#2330=VECTOR('',#10175,5.07489287765204);
#2331=VECTOR('',#10178,0.696988147928172);
#2332=VECTOR('',#10179,0.696988147928172);
#2333=VECTOR('',#10180,0.696988147928172);
#2334=VECTOR('',#10183,1.);
#2335=VECTOR('',#10184,5.07489287765204);
#2336=VECTOR('',#10187,1.);
#2337=VECTOR('',#10188,5.07489287765204);
#2338=VECTOR('',#10191,1.);
#2339=VECTOR('',#10196,1.);
#2340=VECTOR('',#10197,1.);
#2341=VECTOR('',#10198,1.);
#2342=VECTOR('',#10199,1.);
#2343=VECTOR('',#10200,1.);
#2344=VECTOR('',#10201,1.);
#2345=VECTOR('',#10202,1.);
#2346=VECTOR('',#10203,1.);
#2347=VECTOR('',#10204,1.);
#2348=VECTOR('',#10205,1.);
#2349=VECTOR('',#10206,1.);
#2350=VECTOR('',#10213,1.);
#2351=VECTOR('',#10224,5.07489287765204);
#2352=VECTOR('',#10225,0.696988147928172);
#2353=VECTOR('',#10226,5.07489287765204);
#2354=VECTOR('',#10229,5.07489287765204);
#2355=VECTOR('',#10230,0.696988147928172);
#2356=VECTOR('',#10233,5.07489287765204);
#2357=VECTOR('',#10234,0.696988147928172);
#2358=VECTOR('',#10237,5.07489287765204);
#2359=VECTOR('',#10238,0.696988147928172);
#2360=VECTOR('',#10241,5.07489287765204);
#2361=VECTOR('',#10242,0.696988147928172);
#2362=VECTOR('',#10245,5.07489287765204);
#2363=VECTOR('',#10246,0.696988147928172);
#2364=VECTOR('',#10249,5.07489287765204);
#2365=VECTOR('',#10250,0.696988147928172);
#2366=VECTOR('',#10253,5.07489287765204);
#2367=VECTOR('',#10254,0.696988147928172);
#2368=VECTOR('',#10257,5.07489287765204);
#2369=VECTOR('',#10258,0.696988147928172);
#2370=VECTOR('',#10261,5.07489287765204);
#2371=VECTOR('',#10262,0.696988147928172);
#2372=VECTOR('',#10265,5.07489287765204);
#2373=VECTOR('',#10270,5.07489287765204);
#2374=VECTOR('',#10275,5.07489287765204);
#2375=VECTOR('',#10280,5.07489287765204);
#2376=VECTOR('',#10285,5.07489287765204);
#2377=VECTOR('',#10286,0.696988147928172);
#2378=VECTOR('',#10289,5.07489287765204);
#2379=VECTOR('',#10294,5.07489287765204);
#2380=VECTOR('',#10299,5.07489287765204);
#2381=VECTOR('',#10304,0.696988147928172);
#2382=VECTOR('',#10309,0.696988147928172);
#2383=VECTOR('',#10310,0.696988147928172);
#2384=VECTOR('',#10311,0.696988147928172);
#2385=VECTOR('',#10312,0.696988147928172);
#2386=VECTOR('',#10315,1.);
#2387=VECTOR('',#10316,5.07489287765204);
#2388=VECTOR('',#10317,5.07489287765204);
#2389=VECTOR('',#10320,1.);
#2390=VECTOR('',#10321,5.07489287765204);
#2391=VECTOR('',#10324,1.);
#2392=VECTOR('',#10325,5.07489287765204);
#2393=VECTOR('',#10328,1.);
#2394=VECTOR('',#10349,1.);
#2395=VECTOR('',#10352,1.);
#2396=VECTOR('',#10353,1.);
#2397=VECTOR('',#10354,1.);
#2398=VECTOR('',#10367,1.);
#2399=VECTOR('',#10368,1.);
#2400=VECTOR('',#10379,1.);
#2401=VECTOR('',#10380,1.);
#2402=VECTOR('',#10395,5.07489287765204);
#2403=VECTOR('',#10398,5.07489287765204);
#2404=VECTOR('',#10401,5.07489287765204);
#2405=VECTOR('',#10406,5.07489287765204);
#2406=VECTOR('',#10411,5.07489287765204);
#2407=VECTOR('',#10412,0.696988147928172);
#2408=VECTOR('',#10415,5.07489287765204);
#2409=VECTOR('',#10418,5.07489287765204);
#2410=VECTOR('',#10421,5.07489287765204);
#2411=VECTOR('',#10422,0.696988147928172);
#2412=VECTOR('',#10425,5.07489287765204);
#2413=VECTOR('',#10426,0.696988147928172);
#2414=VECTOR('',#10429,5.07489287765204);
#2415=VECTOR('',#10430,0.696988147928172);
#2416=VECTOR('',#10433,5.07489287765204);
#2417=VECTOR('',#10438,5.07489287765204);
#2418=VECTOR('',#10439,0.696988147928172);
#2419=VECTOR('',#10442,5.07489287765204);
#2420=VECTOR('',#10447,5.07489287765204);
#2421=VECTOR('',#10452,5.07489287765204);
#2422=VECTOR('',#10457,5.07489287765204);
#2423=VECTOR('',#10462,5.07489287765204);
#2424=VECTOR('',#10467,5.07489287765204);
#2425=VECTOR('',#10472,5.07489287765204);
#2426=VECTOR('',#10477,5.07489287765204);
#2427=VECTOR('',#10478,0.696988147928172);
#2428=VECTOR('',#10481,5.07489287765204);
#2429=VECTOR('',#10486,5.07489287765204);
#2430=VECTOR('',#10495,5.07489287765204);
#2431=VECTOR('',#10500,5.07489287765204);
#2432=VECTOR('',#10505,5.07489287765204);
#2433=VECTOR('',#10510,5.07489287765204);
#2434=VECTOR('',#10515,5.07489287765204);
#2435=VECTOR('',#10520,5.07489287765204);
#2436=VECTOR('',#10525,5.07489287765204);
#2437=VECTOR('',#10526,0.696988147928172);
#2438=VECTOR('',#10529,5.07489287765204);
#2439=VECTOR('',#10530,0.696988147928172);
#2440=VECTOR('',#10533,5.07489287765204);
#2441=VECTOR('',#10538,5.07489287765204);
#2442=VECTOR('',#10543,5.07489287765204);
#2443=VECTOR('',#10548,5.07489287765204);
#2444=VECTOR('',#10563,0.696988147928172);
#2445=VECTOR('',#10600,0.696988147928172);
#2446=VECTOR('',#10605,0.696988147928172);
#2447=VECTOR('',#10634,0.696988147928172);
#2448=VECTOR('',#10643,5.07489287765204);
#2449=VECTOR('',#10644,5.07489287765204);
#2450=VECTOR('',#10649,5.07489287765204);
#2451=VECTOR('',#10652,1.);
#2452=VECTOR('',#10653,5.07489287765204);
#2453=VECTOR('',#10658,5.07489287765204);
#2454=VECTOR('',#10663,5.07489287765204);
#2455=VECTOR('',#10668,5.07489287765204);
#2456=VECTOR('',#10673,5.07489287765204);
#2457=VECTOR('',#10678,5.07489287765204);
#2458=VECTOR('',#10683,5.07489287765204);
#2459=VECTOR('',#10688,5.07489287765204);
#2460=VECTOR('',#10691,1.);
#2461=VECTOR('',#10692,5.07489287765204);
#2462=VECTOR('',#10693,5.07489287765204);
#2463=VECTOR('',#10698,5.07489287765204);
#2464=VECTOR('',#10703,5.07489287765204);
#2465=VECTOR('',#10708,5.07489287765204);
#2466=VECTOR('',#10713,5.07489287765204);
#2467=VECTOR('',#10718,5.07489287765204);
#2468=VECTOR('',#10723,5.07489287765204);
#2469=VECTOR('',#10728,5.07489287765204);
#2470=VECTOR('',#10733,5.07489287765204);
#2471=VECTOR('',#10738,5.07489287765204);
#2472=VECTOR('',#10743,5.07489287765204);
#2473=VECTOR('',#10748,5.07489287765204);
#2474=VECTOR('',#10753,5.07489287765204);
#2475=VECTOR('',#10758,5.07489287765204);
#2476=VECTOR('',#10763,5.07489287765204);
#2477=VECTOR('',#10768,5.07489287765204);
#2478=VECTOR('',#10773,5.07489287765204);
#2479=VECTOR('',#10778,5.07489287765204);
#2480=VECTOR('',#10781,1.);
#2481=VECTOR('',#10782,5.07489287765204);
#2482=VECTOR('',#10787,5.07489287765204);
#2483=VECTOR('',#10796,5.07489287765204);
#2484=VECTOR('',#10801,5.07489287765204);
#2485=VECTOR('',#10806,5.07489287765204);
#2486=VECTOR('',#10811,5.07489287765204);
#2487=VECTOR('',#10816,5.07489287765204);
#2488=VECTOR('',#10821,5.07489287765204);
#2489=VECTOR('',#10826,5.07489287765204);
#2490=VECTOR('',#10831,5.07489287765204);
#2491=VECTOR('',#10834,1.);
#2492=VECTOR('',#10835,5.07489287765204);
#2493=VECTOR('',#10840,5.07489287765204);
#2494=VECTOR('',#10859,1.);
#2495=VECTOR('',#10860,1.);
#2496=VECTOR('',#10861,1.);
#2497=VECTOR('',#10862,1.);
#2498=VECTOR('',#10865,5.07489287765204);
#2499=VECTOR('',#10866,0.696988147928172);
#2500=VECTOR('',#10867,5.07489287765204);
#2501=VECTOR('',#10870,5.07489287765204);
#2502=VECTOR('',#10871,0.696988147928172);
#2503=VECTOR('',#10874,5.07489287765204);
#2504=VECTOR('',#10875,0.696988147928172);
#2505=VECTOR('',#10878,0.696988147928172);
#2506=VECTOR('',#10885,5.07489287765204);
#2507=VECTOR('',#10888,5.07489287765204);
#2508=VECTOR('',#10907,0.696988147928172);
#2509=VECTOR('',#10908,0.696988147928172);
#2510=VECTOR('',#10915,0.696988147928172);
#2511=VECTOR('',#10940,5.07489287765204);
#2512=VECTOR('',#10945,5.07489287765204);
#2513=VECTOR('',#10950,5.07489287765204);
#2514=VECTOR('',#10955,5.07489287765204);
#2515=VECTOR('',#10960,5.07489287765204);
#2516=VECTOR('',#10965,5.07489287765204);
#2517=VECTOR('',#10970,5.07489287765204);
#2518=VECTOR('',#10975,5.07489287765204);
#2519=VECTOR('',#10980,5.07489287765204);
#2520=VECTOR('',#10985,5.07489287765204);
#2521=VECTOR('',#10988,1.);
#2522=VECTOR('',#10989,5.07489287765204);
#2523=VECTOR('',#10994,5.07489287765204);
#2524=VECTOR('',#10999,5.07489287765204);
#2525=VECTOR('',#11004,5.07489287765204);
#2526=VECTOR('',#11007,1.);
#2527=VECTOR('',#11008,5.07489287765204);
#2528=VECTOR('',#11011,1.);
#2529=VECTOR('',#11012,5.07489287765204);
#2530=VECTOR('',#11017,5.07489287765204);
#2531=VECTOR('',#11022,5.07489287765204);
#2532=VECTOR('',#11027,5.07489287765204);
#2533=VECTOR('',#11032,5.07489287765204);
#2534=VECTOR('',#11037,5.07489287765204);
#2535=VECTOR('',#11042,5.07489287765204);
#2536=VECTOR('',#11047,5.07489287765204);
#2537=VECTOR('',#11056,1.);
#2538=VECTOR('',#11057,1.);
#2539=VECTOR('',#11058,1.);
#2540=VECTOR('',#11059,1.);
#2541=VECTOR('',#11062,1.);
#2542=VECTOR('',#11063,1.);
#2543=VECTOR('',#11064,1.);
#2544=VECTOR('',#11065,1.);
#2545=VECTOR('',#11066,1.);
#2546=VECTOR('',#11069,1.);
#2547=VECTOR('',#11070,1.);
#2548=VECTOR('',#11071,1.);
#2549=VECTOR('',#11072,1.);
#2550=VECTOR('',#11073,1.);
#2551=VECTOR('',#11076,1.);
#2552=VECTOR('',#11079,1.);
#2553=VECTOR('',#11080,1.);
#2554=VECTOR('',#11085,1.);
#2555=VECTOR('',#11086,1.);
#2556=VECTOR('',#11087,1.);
#2557=VECTOR('',#11088,1.);
#2558=VECTOR('',#11091,1.);
#2559=VECTOR('',#11092,1.);
#2560=VECTOR('',#11093,1.);
#2561=VECTOR('',#11094,1.);
#2562=VECTOR('',#11095,1.);
#2563=VECTOR('',#11098,1.);
#2564=VECTOR('',#11099,1.);
#2565=VECTOR('',#11100,1.);
#2566=VECTOR('',#11101,1.);
#2567=VECTOR('',#11102,1.);
#2568=VECTOR('',#11105,1.);
#2569=VECTOR('',#11108,1.);
#2570=VECTOR('',#11109,1.);
#2571=VECTOR('',#11114,1.);
#2572=VECTOR('',#11115,1.);
#2573=VECTOR('',#11116,1.);
#2574=VECTOR('',#11117,1.);
#2575=VECTOR('',#11120,1.);
#2576=VECTOR('',#11121,1.);
#2577=VECTOR('',#11122,1.);
#2578=VECTOR('',#11125,1.);
#2579=VECTOR('',#11126,1.);
#2580=VECTOR('',#11127,1.);
#2581=VECTOR('',#11128,1.);
#2582=VECTOR('',#11131,1.);
#2583=VECTOR('',#11132,1.);
#2584=VECTOR('',#11133,1.);
#2585=VECTOR('',#11136,1.);
#2586=VECTOR('',#11137,1.);
#2587=VECTOR('',#11138,1.);
#2588=VECTOR('',#11141,1.);
#2589=VECTOR('',#11142,1.);
#2590=VECTOR('',#11143,1.);
#2591=VECTOR('',#11144,1.);
#2592=VECTOR('',#11147,1.);
#2593=VECTOR('',#11148,1.);
#2594=VECTOR('',#11149,1.);
#2595=VECTOR('',#11152,1.);
#2596=VECTOR('',#11153,1.);
#2597=VECTOR('',#11154,1.);
#2598=VECTOR('',#11157,1.);
#2599=VECTOR('',#11158,1.);
#2600=VECTOR('',#11159,1.);
#2601=VECTOR('',#11160,1.);
#2602=VECTOR('',#11163,1.);
#2603=VECTOR('',#11164,1.);
#2604=VECTOR('',#11165,1.);
#2605=VECTOR('',#11168,1.);
#2606=VECTOR('',#11169,1.);
#2607=VECTOR('',#11170,1.);
#2608=VECTOR('',#11173,1.);
#2609=VECTOR('',#11174,1.);
#2610=VECTOR('',#11175,1.);
#2611=VECTOR('',#11176,1.);
#2612=VECTOR('',#11177,1.);
#2613=VECTOR('',#11178,1.);
#2614=VECTOR('',#11181,1.);
#2615=VECTOR('',#11182,1.);
#2616=VECTOR('',#11183,1.);
#2617=VECTOR('',#11184,1.);
#2618=VECTOR('',#11187,1.);
#2619=VECTOR('',#11188,1.);
#2620=VECTOR('',#11189,1.);
#2621=VECTOR('',#11190,1.);
#2622=VECTOR('',#11193,1.);
#2623=VECTOR('',#11194,1.);
#2624=VECTOR('',#11195,1.);
#2625=VECTOR('',#11196,1.);
#2626=VECTOR('',#11199,1.);
#2627=VECTOR('',#11200,1.);
#2628=VECTOR('',#11201,1.);
#2629=VECTOR('',#11204,1.);
#2630=VECTOR('',#11205,1.);
#2631=VECTOR('',#11206,1.);
#2632=VECTOR('',#11207,1.);
#2633=VECTOR('',#11210,1.);
#2634=VECTOR('',#11211,1.);
#2635=VECTOR('',#11212,1.);
#2636=VECTOR('',#11215,1.);
#2637=VECTOR('',#11216,1.);
#2638=VECTOR('',#11217,1.);
#2639=VECTOR('',#11218,1.);
#2640=VECTOR('',#11219,1.);
#2641=VECTOR('',#11220,1.);
#2642=VECTOR('',#11221,1.);
#2643=VECTOR('',#11222,1.);
#2644=VECTOR('',#11223,1.);
#2645=VECTOR('',#11224,1.);
#2646=VECTOR('',#11227,1.);
#2647=VECTOR('',#11228,1.);
#2648=VECTOR('',#11229,1.);
#2649=VECTOR('',#11232,1.);
#2650=VECTOR('',#11233,1.);
#2651=VECTOR('',#11234,1.);
#2652=VECTOR('',#11235,1.);
#2653=VECTOR('',#11236,1.);
#2654=VECTOR('',#11237,1.);
#2655=VECTOR('',#11238,1.);
#2656=VECTOR('',#11239,1.);
#2657=VECTOR('',#11240,1.);
#2658=VECTOR('',#11241,1.);
#2659=VECTOR('',#11242,1.);
#2660=VECTOR('',#11245,1.);
#2661=VECTOR('',#11246,1.);
#2662=VECTOR('',#11247,1.);
#2663=VECTOR('',#11250,1.);
#2664=VECTOR('',#11251,1.);
#2665=VECTOR('',#11254,1.);
#2666=VECTOR('',#11257,1.);
#2667=VECTOR('',#11258,1.);
#2668=VECTOR('',#11261,1.);
#2669=VECTOR('',#11262,1.);
#2670=VECTOR('',#11263,1.);
#2671=VECTOR('',#11266,1.);
#2672=VECTOR('',#11267,1.);
#2673=VECTOR('',#11270,1.);
#2674=VECTOR('',#11271,1.);
#2675=VECTOR('',#11274,1.);
#2676=VECTOR('',#11275,1.);
#2677=VECTOR('',#11276,1.);
#2678=VECTOR('',#11279,1.);
#2679=VECTOR('',#11280,1.);
#2680=VECTOR('',#11281,1.);
#2681=VECTOR('',#11284,1.);
#2682=VECTOR('',#11285,1.);
#2683=VECTOR('',#11286,1.);
#2684=VECTOR('',#11287,1.);
#2685=VECTOR('',#11290,1.);
#2686=VECTOR('',#11291,1.);
#2687=VECTOR('',#11292,1.);
#2688=VECTOR('',#11295,1.);
#2689=VECTOR('',#11296,1.);
#2690=VECTOR('',#11297,1.);
#2691=VECTOR('',#11300,1.);
#2692=VECTOR('',#11301,1.);
#2693=VECTOR('',#11302,1.);
#2694=VECTOR('',#11305,1.);
#2695=VECTOR('',#11308,1.);
#2696=VECTOR('',#11309,1.);
#2697=VECTOR('',#11310,1.);
#2698=VECTOR('',#11313,1.);
#2699=VECTOR('',#11314,1.);
#2700=VECTOR('',#11315,1.);
#2701=VECTOR('',#11318,1.);
#2702=VECTOR('',#11319,1.);
#2703=VECTOR('',#11320,1.);
#2704=VECTOR('',#11323,1.);
#2705=VECTOR('',#11324,1.);
#2706=VECTOR('',#11325,1.);
#2707=VECTOR('',#11328,1.);
#2708=VECTOR('',#11329,1.);
#2709=VECTOR('',#11330,1.);
#2710=VECTOR('',#11333,1.);
#2711=VECTOR('',#11334,1.);
#2712=VECTOR('',#11335,1.);
#2713=VECTOR('',#11338,1.);
#2714=VECTOR('',#11339,1.);
#2715=VECTOR('',#11340,1.);
#2716=VECTOR('',#11343,1.);
#2717=VECTOR('',#11344,1.);
#2718=VECTOR('',#11345,1.);
#2719=VECTOR('',#11348,1.);
#2720=VECTOR('',#11349,1.);
#2721=VECTOR('',#11350,1.);
#2722=VECTOR('',#11353,1.);
#2723=VECTOR('',#11354,1.);
#2724=VECTOR('',#11355,1.);
#2725=VECTOR('',#11358,1.);
#2726=VECTOR('',#11359,1.);
#2727=VECTOR('',#11362,1.);
#2728=VECTOR('',#11363,1.);
#2729=VECTOR('',#11364,1.);
#2730=VECTOR('',#11365,1.);
#2731=VECTOR('',#11368,1.);
#2732=VECTOR('',#11371,1.);
#2733=VECTOR('',#11378,1.);
#2734=VECTOR('',#11379,1.);
#2735=VECTOR('',#11380,1.);
#2736=VECTOR('',#11381,1.);
#2737=VECTOR('',#11382,1.);
#2738=VECTOR('',#11383,1.);
#2739=VECTOR('',#11386,1.);
#2740=VECTOR('',#11387,1.);
#2741=VECTOR('',#11388,1.);
#2742=VECTOR('',#11391,1.);
#2743=VECTOR('',#11392,1.);
#2744=VECTOR('',#11395,1.);
#2745=VECTOR('',#11396,1.);
#2746=VECTOR('',#11397,1.);
#2747=VECTOR('',#11400,1.);
#2748=VECTOR('',#11403,1.);
#2749=VECTOR('',#11404,1.);
#2750=VECTOR('',#11407,1.);
#2751=VECTOR('',#11408,1.);
#2752=VECTOR('',#11411,1.);
#2753=VECTOR('',#11412,1.);
#2754=VECTOR('',#11415,1.);
#2755=VECTOR('',#11416,1.);
#2756=VECTOR('',#11417,1.);
#2757=VECTOR('',#11420,1.);
#2758=VECTOR('',#11421,1.);
#2759=VECTOR('',#11424,1.);
#2760=VECTOR('',#11425,1.);
#2761=VECTOR('',#11428,1.);
#2762=VECTOR('',#11429,1.);
#2763=VECTOR('',#11432,1.);
#2764=VECTOR('',#11433,1.);
#2765=VECTOR('',#11434,1.);
#2766=VECTOR('',#11437,1.);
#2767=VECTOR('',#11438,1.);
#2768=VECTOR('',#11441,1.);
#2769=VECTOR('',#11442,1.);
#2770=VECTOR('',#11455,1.);
#2771=VECTOR('',#11456,1.);
#2772=VECTOR('',#11457,1.);
#2773=VECTOR('',#11460,1.);
#2774=VECTOR('',#11461,1.);
#2775=VECTOR('',#11462,1.);
#2776=VECTOR('',#11479,1.);
#2777=VECTOR('',#11482,1.);
#2778=VECTOR('',#11485,1.);
#2779=VECTOR('',#11488,1.);
#2780=VECTOR('',#11491,1.);
#2781=VECTOR('',#11494,1.);
#2782=VECTOR('',#11499,1.);
#2783=VECTOR('',#11500,1.);
#2784=VECTOR('',#11509,1.);
#2785=VECTOR('',#11510,1.);
#2786=VECTOR('',#11511,1.);
#2787=VECTOR('',#11512,1.);
#2788=VECTOR('',#11513,1.);
#2789=VECTOR('',#11518,1.);
#2790=VECTOR('',#11529,1.);
#2791=VECTOR('',#11532,1.);
#2792=VECTOR('',#11535,1.);
#2793=VECTOR('',#11538,1.);
#2794=VECTOR('',#11539,1.);
#2795=VECTOR('',#11550,1.);
#2796=VECTOR('',#11553,1.);
#2797=VECTOR('',#11560,1.);
#2798=VECTOR('',#11563,1.);
#2799=VECTOR('',#11564,1.);
#2800=VECTOR('',#11569,1.);
#2801=VECTOR('',#11576,1.);
#2802=VECTOR('',#11577,1.);
#2803=VECTOR('',#11578,1.);
#2804=VECTOR('',#11583,1.);
#2805=VECTOR('',#11596,1.);
#2806=VECTOR('',#11607,1.);
#2807=VECTOR('',#11608,1.);
#2808=VECTOR('',#11609,1.);
#2809=VECTOR('',#11614,1.);
#2810=VECTOR('',#11621,1.);
#2811=VECTOR('',#11638,1.);
#2812=VECTOR('',#11653,1.);
#2813=VECTOR('',#11656,1.);
#2814=VECTOR('',#11657,1.);
#2815=VECTOR('',#11660,1.);
#2816=VECTOR('',#11661,1.);
#2817=VECTOR('',#11662,1.);
#2818=VECTOR('',#11671,1.);
#2819=VECTOR('',#11672,1.);
#2820=VECTOR('',#11679,1.);
#2821=VECTOR('',#11694,1.);
#2822=VECTOR('',#11699,1.);
#2823=VECTOR('',#11706,1.);
#2824=VECTOR('',#11719,1.);
#2825=VECTOR('',#11722,1.);
#2826=VECTOR('',#11725,1.);
#2827=VECTOR('',#11728,1.);
#2828=VECTOR('',#11733,1.);
#2829=VECTOR('',#11736,1.);
#2830=VECTOR('',#11739,1.);
#2831=VECTOR('',#11742,1.);
#2832=VECTOR('',#11745,1.);
#2833=VECTOR('',#11748,1.);
#2834=VECTOR('',#11761,1.);
#2835=VECTOR('',#11770,1.);
#2836=VECTOR('',#11775,1.);
#2837=VECTOR('',#11776,1.);
#2838=VECTOR('',#11781,1.);
#2839=VECTOR('',#11784,1.);
#2840=VECTOR('',#11785,1.);
#2841=VECTOR('',#11798,1.);
#2842=VECTOR('',#11803,1.);
#2843=VECTOR('',#11804,1.);
#2844=VECTOR('',#11805,1.);
#2845=VECTOR('',#11806,1.);
#2846=VECTOR('',#11809,1.);
#2847=VECTOR('',#11810,1.);
#2848=VECTOR('',#11811,1.);
#2849=VECTOR('',#11814,1.);
#2850=VECTOR('',#11815,1.);
#2851=VECTOR('',#11818,1.);
#2852=VECTOR('',#11819,1.);
#2853=VECTOR('',#11822,1.);
#2854=VECTOR('',#11823,1.);
#2855=VECTOR('',#11824,1.);
#2856=VECTOR('',#11825,1.);
#2857=VECTOR('',#11828,1.);
#2858=VECTOR('',#11829,1.);
#2859=VECTOR('',#11830,1.);
#2860=VECTOR('',#11833,1.);
#2861=VECTOR('',#11834,1.);
#2862=VECTOR('',#11837,1.);
#2863=VECTOR('',#11838,1.);
#2864=VECTOR('',#11841,1.);
#2865=VECTOR('',#11842,1.);
#2866=VECTOR('',#11843,1.);
#2867=VECTOR('',#11844,1.);
#2868=VECTOR('',#11847,1.);
#2869=VECTOR('',#11848,1.);
#2870=VECTOR('',#11849,1.);
#2871=VECTOR('',#11852,1.);
#2872=VECTOR('',#11853,1.);
#2873=VECTOR('',#11856,1.);
#2874=VECTOR('',#11857,1.);
#2875=VECTOR('',#11860,1.);
#2876=VECTOR('',#11861,1.);
#2877=VECTOR('',#11862,1.);
#2878=VECTOR('',#11863,1.);
#2879=VECTOR('',#11866,1.);
#2880=VECTOR('',#11867,1.);
#2881=VECTOR('',#11868,1.);
#2882=VECTOR('',#11871,1.);
#2883=VECTOR('',#11872,1.);
#2884=VECTOR('',#11875,1.);
#2885=VECTOR('',#11876,1.);
#2886=VECTOR('',#11879,1.);
#2887=VECTOR('',#11880,1.);
#2888=VECTOR('',#11881,1.);
#2889=VECTOR('',#11882,1.);
#2890=VECTOR('',#11885,1.);
#2891=VECTOR('',#11886,1.);
#2892=VECTOR('',#11887,1.);
#2893=VECTOR('',#11890,1.);
#2894=VECTOR('',#11891,1.);
#2895=VECTOR('',#11894,1.);
#2896=VECTOR('',#11895,1.);
#2897=VECTOR('',#11898,1.);
#2898=VECTOR('',#11899,1.);
#2899=VECTOR('',#11900,1.);
#2900=VECTOR('',#11901,1.);
#2901=VECTOR('',#11904,1.);
#2902=VECTOR('',#11905,1.);
#2903=VECTOR('',#11906,1.);
#2904=VECTOR('',#11909,1.);
#2905=VECTOR('',#11910,1.);
#2906=VECTOR('',#11913,1.);
#2907=VECTOR('',#11914,1.);
#2908=VECTOR('',#11917,1.);
#2909=VECTOR('',#11918,1.);
#2910=VECTOR('',#11919,1.);
#2911=VECTOR('',#11920,1.);
#2912=VECTOR('',#11921,1.);
#2913=VECTOR('',#11922,1.);
#2914=VECTOR('',#11923,1.);
#2915=VECTOR('',#11924,1.);
#2916=VECTOR('',#11925,1.);
#2917=VECTOR('',#11926,1.);
#2918=VECTOR('',#11927,1.);
#2919=VECTOR('',#11928,1.);
#2920=VECTOR('',#11929,1.);
#2921=VECTOR('',#11930,1.);
#2922=VECTOR('',#11931,1.);
#2923=VECTOR('',#11932,1.);
#2924=VECTOR('',#11933,1.);
#2925=VECTOR('',#11934,1.);
#2926=VECTOR('',#11935,1.);
#2927=VECTOR('',#11936,1.);
#2928=VECTOR('',#11937,1.);
#2929=VECTOR('',#11938,1.);
#2930=VECTOR('',#11939,1.);
#2931=VECTOR('',#11940,1.);
#2932=VECTOR('',#11941,1.);
#2933=VECTOR('',#11942,1.);
#2934=VECTOR('',#11943,1.);
#2935=VECTOR('',#11944,1.);
#2936=VECTOR('',#11945,1.);
#2937=VECTOR('',#11946,1.);
#2938=VECTOR('',#11947,1.);
#2939=VECTOR('',#11948,1.);
#2940=VECTOR('',#11949,1.);
#2941=VECTOR('',#11950,1.);
#2942=VECTOR('',#11951,1.);
#2943=VECTOR('',#11952,1.);
#2944=VECTOR('',#11953,1.);
#2945=VECTOR('',#11954,1.);
#2946=VECTOR('',#11955,1.);
#2947=VECTOR('',#11956,1.);
#2948=VECTOR('',#11957,1.);
#2949=VECTOR('',#11958,1.);
#2950=VECTOR('',#11961,1.);
#2951=VECTOR('',#11962,1.);
#2952=VECTOR('',#11963,1.);
#2953=VECTOR('',#11966,1.);
#2954=VECTOR('',#11967,1.);
#2955=VECTOR('',#11968,1.);
#2956=VECTOR('',#11971,1.);
#2957=VECTOR('',#11972,1.);
#2958=VECTOR('',#11973,1.);
#2959=VECTOR('',#11976,1.);
#2960=VECTOR('',#11977,1.);
#2961=VECTOR('',#11978,1.);
#2962=VECTOR('',#11981,1.);
#2963=VECTOR('',#11982,1.);
#2964=VECTOR('',#11983,1.);
#2965=VECTOR('',#11986,1.);
#2966=VECTOR('',#11987,1.);
#2967=VECTOR('',#11988,1.);
#2968=VECTOR('',#11991,1.);
#2969=VECTOR('',#11992,1.);
#2970=VECTOR('',#11993,1.);
#2971=VECTOR('',#11996,1.);
#2972=VECTOR('',#11997,1.);
#2973=VECTOR('',#11998,1.);
#2974=VECTOR('',#12001,1.);
#2975=VECTOR('',#12002,1.);
#2976=VECTOR('',#12003,1.);
#2977=VECTOR('',#12006,1.);
#2978=VECTOR('',#12007,1.);
#2979=VECTOR('',#12008,1.);
#2980=VECTOR('',#12011,1.);
#2981=VECTOR('',#12012,1.);
#2982=VECTOR('',#12013,1.);
#2983=VECTOR('',#12014,1.);
#2984=VECTOR('',#12015,1.);
#2985=VECTOR('',#12018,1.);
#2986=VECTOR('',#12019,1.);
#2987=VECTOR('',#12020,1.);
#2988=VECTOR('',#12021,1.);
#2989=VECTOR('',#12024,1.);
#2990=VECTOR('',#12025,1.);
#2991=VECTOR('',#12026,1.);
#2992=VECTOR('',#12029,1.);
#2993=VECTOR('',#12030,1.);
#2994=VECTOR('',#12031,1.);
#2995=VECTOR('',#12032,1.);
#2996=VECTOR('',#12033,1.);
#2997=VECTOR('',#12034,1.);
#2998=VECTOR('',#12035,1.);
#2999=VECTOR('',#12036,1.);
#3000=VECTOR('',#12037,1.);
#3001=VECTOR('',#12038,1.);
#3002=VECTOR('',#12039,1.);
#3003=VECTOR('',#12040,1.);
#3004=VECTOR('',#12041,1.);
#3005=VECTOR('',#12042,1.);
#3006=VECTOR('',#12043,1.);
#3007=VECTOR('',#12044,1.);
#3008=VECTOR('',#12045,1.);
#3009=VECTOR('',#12046,1.);
#3010=VECTOR('',#12047,1.);
#3011=VECTOR('',#12048,1.);
#3012=VECTOR('',#12049,1.);
#3013=VECTOR('',#12050,1.);
#3014=VECTOR('',#12051,1.);
#3015=VECTOR('',#12052,1.);
#3016=VECTOR('',#12053,1.);
#3017=VECTOR('',#12054,1.);
#3018=VECTOR('',#12055,1.);
#3019=VECTOR('',#12056,1.);
#3020=VECTOR('',#12057,1.);
#3021=VECTOR('',#12060,1.);
#3022=VECTOR('',#12061,1.);
#3023=VECTOR('',#12062,1.);
#3024=VECTOR('',#12065,1.);
#3025=VECTOR('',#12066,1.);
#3026=VECTOR('',#12069,1.);
#3027=VECTOR('',#12080,1.);
#3028=VECTOR('',#12083,1.);
#3029=VECTOR('',#12084,1.);
#3030=VECTOR('',#12087,1.);
#3031=VECTOR('',#12088,1.);
#3032=VECTOR('',#12091,1.);
#3033=VECTOR('',#12092,1.);
#3034=VECTOR('',#12095,1.);
#3035=VECTOR('',#12096,1.);
#3036=VECTOR('',#12099,1.);
#3037=VECTOR('',#12100,1.);
#3038=VECTOR('',#12103,1.);
#3039=VECTOR('',#12104,1.);
#3040=VECTOR('',#12107,1.);
#3041=VECTOR('',#12108,1.);
#3042=VECTOR('',#12111,1.);
#3043=VECTOR('',#12112,1.);
#3044=VECTOR('',#12115,1.);
#3045=VECTOR('',#12116,1.);
#3046=VECTOR('',#12117,1.);
#3047=VECTOR('',#12120,1.);
#3048=VECTOR('',#12133,1.);
#3049=VECTOR('',#12138,1.);
#3050=VECTOR('',#12139,1.);
#3051=VECTOR('',#12142,1.);
#3052=VECTOR('',#12143,1.);
#3053=VECTOR('',#12146,1.);
#3054=VECTOR('',#12147,1.);
#3055=VECTOR('',#12150,1.);
#3056=VECTOR('',#12151,1.);
#3057=VECTOR('',#12154,1.);
#3058=VECTOR('',#12155,1.);
#3059=VECTOR('',#12158,1.);
#3060=VECTOR('',#12159,1.);
#3061=VECTOR('',#12162,1.);
#3062=VECTOR('',#12163,1.);
#3063=VECTOR('',#12166,1.);
#3064=VECTOR('',#12167,1.);
#3065=VECTOR('',#12170,1.);
#3066=VECTOR('',#12171,1.);
#3067=VECTOR('',#12174,1.);
#3068=VECTOR('',#12175,1.);
#3069=VECTOR('',#12178,1.);
#3070=VECTOR('',#12181,1.);
#3071=VECTOR('',#12182,1.);
#3072=VECTOR('',#12183,1.);
#3073=VECTOR('',#12184,1.);
#3074=VECTOR('',#12187,1.);
#3075=VECTOR('',#12190,1.);
#3076=VECTOR('',#12197,1.);
#3077=VECTOR('',#12198,1.);
#3078=VECTOR('',#12199,1.);
#3079=VECTOR('',#12200,1.);
#3080=VECTOR('',#12203,1.);
#3081=VECTOR('',#12204,1.);
#3082=VECTOR('',#12205,1.);
#3083=VECTOR('',#12208,1.);
#3084=VECTOR('',#12209,1.);
#3085=VECTOR('',#12212,1.);
#3086=VECTOR('',#12213,1.);
#3087=VECTOR('',#12216,1.);
#3088=VECTOR('',#12217,1.);
#3089=VECTOR('',#12218,1.);
#3090=VECTOR('',#12219,1.);
#3091=VECTOR('',#12220,1.);
#3092=VECTOR('',#12223,1.);
#3093=VECTOR('',#12224,1.);
#3094=VECTOR('',#12225,1.);
#3095=VECTOR('',#12226,1.);
#3096=VECTOR('',#12227,1.);
#3097=VECTOR('',#12230,1.);
#3098=VECTOR('',#12231,1.);
#3099=VECTOR('',#12234,1.);
#3100=VECTOR('',#12235,1.);
#3101=VECTOR('',#12236,1.);
#3102=VECTOR('',#12237,1.);
#3103=VECTOR('',#12240,1.);
#3104=VECTOR('',#12243,1.);
#3105=VECTOR('',#12246,1.);
#3106=VECTOR('',#12251,1.);
#3107=VECTOR('',#12252,1.);
#3108=VECTOR('',#12253,1.);
#3109=VECTOR('',#12254,1.);
#3110=VECTOR('',#12257,1.);
#3111=VECTOR('',#12258,1.);
#3112=VECTOR('',#12259,1.);
#3113=VECTOR('',#12262,1.);
#3114=VECTOR('',#12263,1.);
#3115=VECTOR('',#12266,1.);
#3116=VECTOR('',#12267,1.);
#3117=VECTOR('',#12270,1.);
#3118=VECTOR('',#12271,1.);
#3119=VECTOR('',#12272,1.);
#3120=VECTOR('',#12273,1.);
#3121=VECTOR('',#12274,1.);
#3122=VECTOR('',#12277,1.);
#3123=VECTOR('',#12278,1.);
#3124=VECTOR('',#12279,1.);
#3125=VECTOR('',#12280,1.);
#3126=VECTOR('',#12281,1.);
#3127=VECTOR('',#12284,1.);
#3128=VECTOR('',#12285,1.);
#3129=VECTOR('',#12286,1.);
#3130=VECTOR('',#12287,1.);
#3131=VECTOR('',#12288,1.);
#3132=VECTOR('',#12291,1.);
#3133=VECTOR('',#12292,1.);
#3134=VECTOR('',#12295,1.);
#3135=VECTOR('',#12298,1.);
#3136=VECTOR('',#12305,1.);
#3137=VECTOR('',#12306,1.);
#3138=VECTOR('',#12307,1.);
#3139=VECTOR('',#12308,1.);
#3140=VECTOR('',#12311,1.);
#3141=VECTOR('',#12312,1.);
#3142=VECTOR('',#12313,1.);
#3143=VECTOR('',#12316,1.);
#3144=VECTOR('',#12317,1.);
#3145=VECTOR('',#12320,1.);
#3146=VECTOR('',#12321,1.);
#3147=VECTOR('',#12324,1.);
#3148=VECTOR('',#12325,1.);
#3149=VECTOR('',#12326,1.);
#3150=VECTOR('',#12327,1.);
#3151=VECTOR('',#12330,1.);
#3152=VECTOR('',#12331,1.);
#3153=VECTOR('',#12332,1.);
#3154=VECTOR('',#12335,1.);
#3155=VECTOR('',#12336,1.);
#3156=VECTOR('',#12339,1.);
#3157=VECTOR('',#12340,1.);
#3158=VECTOR('',#12343,1.);
#3159=VECTOR('',#12344,1.);
#3160=VECTOR('',#12345,1.);
#3161=VECTOR('',#12346,1.);
#3162=VECTOR('',#12349,1.);
#3163=VECTOR('',#12350,1.);
#3164=VECTOR('',#12351,1.);
#3165=VECTOR('',#12354,1.);
#3166=VECTOR('',#12355,1.);
#3167=VECTOR('',#12358,1.);
#3168=VECTOR('',#12359,1.);
#3169=VECTOR('',#12362,1.);
#3170=VECTOR('',#12363,1.);
#3171=VECTOR('',#12364,1.);
#3172=VECTOR('',#12365,1.);
#3173=VECTOR('',#12366,1.);
#3174=VECTOR('',#12367,1.);
#3175=VECTOR('',#12368,1.);
#3176=VECTOR('',#12369,1.);
#3177=VECTOR('',#12370,1.);
#3178=VECTOR('',#12371,1.);
#3179=VECTOR('',#12372,1.);
#3180=VECTOR('',#12373,1.);
#3181=VECTOR('',#12374,1.);
#3182=VECTOR('',#12375,1.);
#3183=VECTOR('',#12376,1.);
#3184=VECTOR('',#12377,1.);
#3185=VECTOR('',#12378,1.);
#3186=VECTOR('',#12379,1.);
#3187=VECTOR('',#12380,1.);
#3188=VECTOR('',#12383,1.);
#3189=VECTOR('',#12384,1.);
#3190=VECTOR('',#12385,1.);
#3191=VECTOR('',#12388,1.);
#3192=VECTOR('',#12389,1.);
#3193=VECTOR('',#12392,1.);
#3194=VECTOR('',#12393,1.);
#3195=VECTOR('',#12394,1.);
#3196=VECTOR('',#12397,1.);
#3197=VECTOR('',#12398,1.);
#3198=VECTOR('',#12401,1.);
#3199=VECTOR('',#12402,1.);
#3200=VECTOR('',#12403,1.);
#3201=VECTOR('',#12406,1.);
#3202=VECTOR('',#12407,1.);
#3203=VECTOR('',#12410,1.);
#3204=VECTOR('',#12411,1.);
#3205=VECTOR('',#12414,1.);
#3206=VECTOR('',#12415,1.);
#3207=VECTOR('',#12418,1.);
#3208=VECTOR('',#12419,1.);
#3209=VECTOR('',#12420,1.);
#3210=VECTOR('',#12423,1.);
#3211=VECTOR('',#12424,1.);
#3212=VECTOR('',#12425,1.);
#3213=VECTOR('',#12428,1.);
#3214=VECTOR('',#12431,1.);
#3215=VECTOR('',#12432,1.);
#3216=VECTOR('',#12433,1.);
#3217=VECTOR('',#12434,1.);
#3218=VECTOR('',#12435,1.);
#3219=VECTOR('',#12436,1.);
#3220=VECTOR('',#12437,1.);
#3221=VECTOR('',#12442,1.);
#3222=VECTOR('',#12443,1.);
#3223=VECTOR('',#12446,1.);
#3224=VECTOR('',#12451,1.);
#3225=VECTOR('',#12454,1.);
#3226=CIRCLE('',#9088,0.226812329390409);
#3227=CIRCLE('',#9089,0.103294011176211);
#3228=CIRCLE('',#9090,0.121102815697503);
#3229=CIRCLE('',#9091,0.191698196012987);
#3230=CIRCLE('',#9092,0.159261452230896);
#3231=CIRCLE('',#9093,0.15613798851559);
#3232=CIRCLE('',#9094,0.228579665012903);
#3233=CIRCLE('',#9096,0.121102815697503);
#3234=CIRCLE('',#9098,0.103294011176211);
#3235=CIRCLE('',#9105,0.226812329390409);
#3236=CIRCLE('',#9107,0.228579665012903);
#3237=CIRCLE('',#9109,0.15613798851559);
#3238=CIRCLE('',#9111,0.159261452230896);
#3239=CIRCLE('',#9116,0.191698196012987);
#3240=CIRCLE('',#9119,0.22681232938675);
#3241=CIRCLE('',#9120,0.103294011181315);
#3242=CIRCLE('',#9121,0.121102815705305);
#3243=CIRCLE('',#9122,0.191698196004037);
#3244=CIRCLE('',#9123,0.159261452213672);
#3245=CIRCLE('',#9124,0.156137988525241);
#3246=CIRCLE('',#9125,0.228579664994003);
#3247=CIRCLE('',#9127,0.121102815705305);
#3248=CIRCLE('',#9129,0.103294011181315);
#3249=CIRCLE('',#9136,0.22681232938675);
#3250=CIRCLE('',#9138,0.228579664994003);
#3251=CIRCLE('',#9140,0.156137988525241);
#3252=CIRCLE('',#9142,0.159261452213672);
#3253=CIRCLE('',#9147,0.191698196004037);
#3254=CIRCLE('',#9150,0.106501734831172);
#3255=CIRCLE('',#9151,0.106501734831172);
#3256=CIRCLE('',#9155,0.191698196004037);
#3257=CIRCLE('',#9156,0.159261452213934);
#3258=CIRCLE('',#9157,0.156137988510535);
#3259=CIRCLE('',#9158,0.228579665033282);
#3260=CIRCLE('',#9159,0.226812329375251);
#3261=CIRCLE('',#9160,0.103294011171964);
#3262=CIRCLE('',#9161,0.121102815714397);
#3263=CIRCLE('',#9163,0.226812329375251);
#3264=CIRCLE('',#9165,0.228579665033282);
#3265=CIRCLE('',#9167,0.156137988510535);
#3266=CIRCLE('',#9169,0.159261452213934);
#3267=CIRCLE('',#9174,0.191698196004037);
#3268=CIRCLE('',#9176,0.121102815714397);
#3269=CIRCLE('',#9178,0.103294011171964);
#3270=CIRCLE('',#9192,0.0905626679508696);
#3271=CIRCLE('',#9193,0.0689176687450982);
#3272=CIRCLE('',#9194,0.144134652159809);
#3273=CIRCLE('',#9195,0.295667953897618);
#3274=CIRCLE('',#9196,0.207843364839735);
#3275=CIRCLE('',#9197,0.198836020171923);
#3276=CIRCLE('',#9198,0.212570492647587);
#3277=CIRCLE('',#9210,0.212570492647587);
#3278=CIRCLE('',#9212,0.198836020171923);
#3279=CIRCLE('',#9214,0.207843364839735);
#3280=CIRCLE('',#9216,0.295667953897618);
#3281=CIRCLE('',#9219,0.144134652159809);
#3282=CIRCLE('',#9221,0.0689176687450982);
#3283=CIRCLE('',#9223,0.0905626679508696);
#3284=CIRCLE('',#9233,0.57525353574457);
#3285=CIRCLE('',#9234,1.17076441747832);
#3286=CIRCLE('',#9235,0.82233805025872);
#3287=CIRCLE('',#9236,0.687038681451472);
#3288=CIRCLE('',#9237,0.24518189931251);
#3289=CIRCLE('',#9238,0.312327262725583);
#3290=CIRCLE('',#9239,0.283402901726871);
#3291=CIRCLE('',#9240,0.260589101648891);
#3292=CIRCLE('',#9241,0.329007168378324);
#3293=CIRCLE('',#9242,0.252719711765339);
#3294=CIRCLE('',#9243,0.0707834045615154);
#3295=CIRCLE('',#9244,0.104783446476379);
#3296=CIRCLE('',#9245,0.114996228435887);
#3297=CIRCLE('',#9246,0.295328301483493);
#3298=CIRCLE('',#9247,2.24557802079417);
#3299=CIRCLE('',#9248,1.0413068121885);
#3300=CIRCLE('',#9249,0.315205422081482);
#3301=CIRCLE('',#9250,0.251060235139396);
#3302=CIRCLE('',#9251,0.306298887716731);
#3303=CIRCLE('',#9252,0.250795999884906);
#3304=CIRCLE('',#9253,0.393092138000526);
#3305=CIRCLE('',#9254,0.142617355509356);
#3306=CIRCLE('',#9255,0.0956061241035768);
#3307=CIRCLE('',#9256,0.126488589561685);
#3308=CIRCLE('',#9257,0.096049409180169);
#3309=CIRCLE('',#9258,0.258514471753756);
#3310=CIRCLE('',#9260,0.0956061241035768);
#3311=CIRCLE('',#9262,0.142617355509356);
#3312=CIRCLE('',#9264,0.393092138000526);
#3313=CIRCLE('',#9267,0.252719711765339);
#3314=CIRCLE('',#9272,0.329007168378324);
#3315=CIRCLE('',#9275,0.260589101648891);
#3316=CIRCLE('',#9277,0.283402901726871);
#3317=CIRCLE('',#9279,0.312327262725583);
#3318=CIRCLE('',#9281,0.24518189931251);
#3319=CIRCLE('',#9283,0.687038681451472);
#3320=CIRCLE('',#9285,0.82233805025872);
#3321=CIRCLE('',#9287,1.17076441747832);
#3322=CIRCLE('',#9290,0.258514471753756);
#3323=CIRCLE('',#9292,0.096049409180169);
#3324=CIRCLE('',#9294,0.126488589561685);
#3325=CIRCLE('',#9296,0.57525353574457);
#3326=CIRCLE('',#9298,0.250795999884906);
#3327=CIRCLE('',#9300,0.306298887716731);
#3328=CIRCLE('',#9302,0.251060235139396);
#3329=CIRCLE('',#9304,0.315205422081482);
#3330=CIRCLE('',#9306,1.0413068121885);
#3331=CIRCLE('',#9310,2.24557802079417);
#3332=CIRCLE('',#9312,0.295328301483493);
#3333=CIRCLE('',#9314,0.114996228435887);
#3334=CIRCLE('',#9316,0.104783446476379);
#3335=CIRCLE('',#9318,0.0707834045615154);
#3336=CIRCLE('',#9321,0.297484050175667);
#3337=CIRCLE('',#9322,0.297484050210606);
#3338=CIRCLE('',#9323,0.337148101225257);
#3339=CIRCLE('',#9324,0.734845305421374);
#3340=CIRCLE('',#9325,0.859968874369411);
#3341=CIRCLE('',#9326,0.91645559478943);
#3342=CIRCLE('',#9327,1.18798311822572);
#3343=CIRCLE('',#9328,0.546944574812025);
#3344=CIRCLE('',#9329,0.286062011723766);
#3345=CIRCLE('',#9330,0.208419506057828);
#3346=CIRCLE('',#9331,0.333339868991698);
#3347=CIRCLE('',#9332,0.33333986893639);
#3348=CIRCLE('',#9333,0.208419506110326);
#3349=CIRCLE('',#9334,0.28606201170535);
#3350=CIRCLE('',#9335,0.546944574792909);
#3351=CIRCLE('',#9336,1.18798311822572);
#3352=CIRCLE('',#9337,0.91645559478943);
#3353=CIRCLE('',#9338,0.859968874359365);
#3354=CIRCLE('',#9339,0.734845305440224);
#3355=CIRCLE('',#9340,0.337148101258277);
#3356=CIRCLE('',#9341,0.0793600118485286);
#3357=CIRCLE('',#9342,0.0835362366658609);
#3358=CIRCLE('',#9343,0.242352107726593);
#3359=CIRCLE('',#9344,0.738194569992833);
#3360=CIRCLE('',#9345,1.02714503509939);
#3361=CIRCLE('',#9346,0.93736887210124);
#3362=CIRCLE('',#9347,0.495368040127057);
#3363=CIRCLE('',#9348,0.161959675586779);
#3364=CIRCLE('',#9349,0.132744639751615);
#3365=CIRCLE('',#9350,0.132744639729367);
#3366=CIRCLE('',#9351,0.161959675586653);
#3367=CIRCLE('',#9352,0.495368040128276);
#3368=CIRCLE('',#9353,0.937368872099455);
#3369=CIRCLE('',#9354,1.02714503509503);
#3370=CIRCLE('',#9355,0.738194569996786);
#3371=CIRCLE('',#9356,0.242352107776775);
#3372=CIRCLE('',#9357,0.0835362366660404);
#3373=CIRCLE('',#9358,0.0793600117843436);
#3374=CIRCLE('',#9360,0.0793600117843436);
#3375=CIRCLE('',#9362,0.0835362366660404);
#3376=CIRCLE('',#9365,0.242352107776775);
#3377=CIRCLE('',#9367,0.738194569996786);
#3378=CIRCLE('',#9369,1.02714503509503);
#3379=CIRCLE('',#9371,0.937368872099455);
#3380=CIRCLE('',#9373,0.495368040128276);
#3381=CIRCLE('',#9375,0.161959675586653);
#3382=CIRCLE('',#9377,0.132744639729367);
#3383=CIRCLE('',#9380,0.337148101258277);
#3384=CIRCLE('',#9382,0.734845305440224);
#3385=CIRCLE('',#9384,0.859968874359365);
#3386=CIRCLE('',#9386,0.91645559478943);
#3387=CIRCLE('',#9388,1.18798311822572);
#3388=CIRCLE('',#9390,0.546944574792909);
#3389=CIRCLE('',#9392,0.28606201170535);
#3390=CIRCLE('',#9394,0.208419506110326);
#3391=CIRCLE('',#9396,0.33333986893639);
#3392=CIRCLE('',#9398,0.333339868991698);
#3393=CIRCLE('',#9400,0.132744639751615);
#3394=CIRCLE('',#9402,0.161959675586779);
#3395=CIRCLE('',#9404,0.495368040127057);
#3396=CIRCLE('',#9406,0.93736887210124);
#3397=CIRCLE('',#9408,1.02714503509939);
#3398=CIRCLE('',#9410,0.738194569992833);
#3399=CIRCLE('',#9412,0.242352107726593);
#3400=CIRCLE('',#9415,0.0835362366658609);
#3401=CIRCLE('',#9417,0.0793600118485286);
#3402=CIRCLE('',#9419,0.208419506057828);
#3403=CIRCLE('',#9421,0.286062011723766);
#3404=CIRCLE('',#9423,0.546944574812025);
#3405=CIRCLE('',#9425,1.18798311822572);
#3406=CIRCLE('',#9427,0.91645559478943);
#3407=CIRCLE('',#9429,0.859968874369411);
#3408=CIRCLE('',#9431,0.734845305421374);
#3409=CIRCLE('',#9433,0.337148101225257);
#3410=CIRCLE('',#9436,0.297484050210606);
#3411=CIRCLE('',#9438,0.297484050175667);
#3412=CIRCLE('',#9441,0.219731094272721);
#3413=CIRCLE('',#9443,0.219731094272721);
#3414=CIRCLE('',#9452,0.691639683143581);
#3415=CIRCLE('',#9453,0.691639683143581);
#3416=CIRCLE('',#9455,0.463883335230382);
#3417=CIRCLE('',#9456,0.435919048527325);
#3418=CIRCLE('',#9457,0.581032937260093);
#3419=CIRCLE('',#9458,0.749690373633075);
#3420=CIRCLE('',#9459,0.95870167607026);
#3421=CIRCLE('',#9460,1.19005660662057);
#3422=CIRCLE('',#9461,0.974358690985006);
#3423=CIRCLE('',#9462,0.781514078243587);
#3424=CIRCLE('',#9463,2.11500800617312);
#3425=CIRCLE('',#9464,0.315701430611536);
#3426=CIRCLE('',#9465,1.15662234114178);
#3427=CIRCLE('',#9466,0.992616060788111);
#3428=CIRCLE('',#9467,1.35592145314429);
#3429=CIRCLE('',#9468,1.19747536911396);
#3430=CIRCLE('',#9469,1.14872964739866);
#3431=CIRCLE('',#9470,0.789350911171302);
#3432=CIRCLE('',#9471,0.500192678144397);
#3433=CIRCLE('',#9472,0.467954463879392);
#3434=CIRCLE('',#9473,0.615220000814092);
#3435=CIRCLE('',#9474,0.834610286078783);
#3436=CIRCLE('',#9475,0.315701430623256);
#3437=CIRCLE('',#9477,0.315701430623256);
#3438=CIRCLE('',#9479,0.834610286078783);
#3439=CIRCLE('',#9481,0.615220000814092);
#3440=CIRCLE('',#9483,0.467954463879392);
#3441=CIRCLE('',#9485,0.500192678144397);
#3442=CIRCLE('',#9487,0.789350911171302);
#3443=CIRCLE('',#9489,1.14872964739866);
#3444=CIRCLE('',#9491,1.19747536911396);
#3445=CIRCLE('',#9493,1.35592145314429);
#3446=CIRCLE('',#9495,0.992616060788111);
#3447=CIRCLE('',#9498,1.15662234114178);
#3448=CIRCLE('',#9500,0.315701430611536);
#3449=CIRCLE('',#9502,2.11500800617312);
#3450=CIRCLE('',#9506,0.781514078243587);
#3451=CIRCLE('',#9508,0.974358690985006);
#3452=CIRCLE('',#9510,1.19005660662057);
#3453=CIRCLE('',#9512,0.95870167607026);
#3454=CIRCLE('',#9514,0.749690373633075);
#3455=CIRCLE('',#9516,0.581032937260093);
#3456=CIRCLE('',#9518,0.435919048527325);
#3457=CIRCLE('',#9520,0.463883335230382);
#3458=CIRCLE('',#9608,1.45);
#3459=CIRCLE('',#9609,1.5);
#3460=CIRCLE('',#9611,1.5);
#3461=CIRCLE('',#9615,0.1);
#3462=CIRCLE('',#9616,0.1);
#3463=CIRCLE('',#9627,0.1);
#3464=CIRCLE('',#9628,0.1);
#3465=CIRCLE('',#9629,0.1);
#3466=CIRCLE('',#9630,0.1);
#3467=CIRCLE('',#9637,0.1);
#3468=CIRCLE('',#9641,0.1);
#3469=CIRCLE('',#9653,0.1);
#3470=CIRCLE('',#9658,0.1);
#3471=CIRCLE('',#9666,0.1);
#3472=CIRCLE('',#9670,0.1);
#3473=CIRCLE('',#9672,0.1);
#3474=CIRCLE('',#9674,0.1);
#3475=CIRCLE('',#9675,0.1);
#3476=CIRCLE('',#9678,0.100000000000001);
#3477=CIRCLE('',#9679,0.1);
#3478=CIRCLE('',#9681,0.1);
#3479=CIRCLE('',#9682,0.099999999999997);
#3480=CIRCLE('',#9702,0.1);
#3481=CIRCLE('',#9704,0.1);
#3482=CIRCLE('',#9707,0.1);
#3483=CIRCLE('',#9708,0.1);
#3484=CIRCLE('',#9722,0.1);
#3485=CIRCLE('',#9724,0.1);
#3486=CIRCLE('',#9726,0.1);
#3487=CIRCLE('',#9727,0.1);
#3488=CIRCLE('',#9740,0.1);
#3489=VERTEX_POINT('',#12459);
#3490=VERTEX_POINT('',#12460);
#3491=VERTEX_POINT('',#12462);
#3492=VERTEX_POINT('',#12464);
#3493=VERTEX_POINT('',#12466);
#3494=VERTEX_POINT('',#12468);
#3495=VERTEX_POINT('',#12470);
#3496=VERTEX_POINT('',#12472);
#3497=VERTEX_POINT('',#12474);
#3498=VERTEX_POINT('',#12476);
#3499=VERTEX_POINT('',#12478);
#3500=VERTEX_POINT('',#12480);
#3501=VERTEX_POINT('',#12482);
#3502=VERTEX_POINT('',#12484);
#3503=VERTEX_POINT('',#12486);
#3504=VERTEX_POINT('',#12490);
#3505=VERTEX_POINT('',#12492);
#3506=VERTEX_POINT('',#12496);
#3507=VERTEX_POINT('',#12500);
#3508=VERTEX_POINT('',#12504);
#3509=VERTEX_POINT('',#12508);
#3510=VERTEX_POINT('',#12512);
#3511=VERTEX_POINT('',#12516);
#3512=VERTEX_POINT('',#12520);
#3513=VERTEX_POINT('',#12524);
#3514=VERTEX_POINT('',#12528);
#3515=VERTEX_POINT('',#12532);
#3516=VERTEX_POINT('',#12536);
#3517=VERTEX_POINT('',#12540);
#3518=VERTEX_POINT('',#12544);
#3519=VERTEX_POINT('',#12551);
#3520=VERTEX_POINT('',#12552);
#3521=VERTEX_POINT('',#12554);
#3522=VERTEX_POINT('',#12556);
#3523=VERTEX_POINT('',#12558);
#3524=VERTEX_POINT('',#12560);
#3525=VERTEX_POINT('',#12562);
#3526=VERTEX_POINT('',#12564);
#3527=VERTEX_POINT('',#12566);
#3528=VERTEX_POINT('',#12568);
#3529=VERTEX_POINT('',#12570);
#3530=VERTEX_POINT('',#12572);
#3531=VERTEX_POINT('',#12574);
#3532=VERTEX_POINT('',#12576);
#3533=VERTEX_POINT('',#12578);
#3534=VERTEX_POINT('',#12582);
#3535=VERTEX_POINT('',#12584);
#3536=VERTEX_POINT('',#12588);
#3537=VERTEX_POINT('',#12592);
#3538=VERTEX_POINT('',#12596);
#3539=VERTEX_POINT('',#12600);
#3540=VERTEX_POINT('',#12604);
#3541=VERTEX_POINT('',#12608);
#3542=VERTEX_POINT('',#12612);
#3543=VERTEX_POINT('',#12616);
#3544=VERTEX_POINT('',#12620);
#3545=VERTEX_POINT('',#12624);
#3546=VERTEX_POINT('',#12628);
#3547=VERTEX_POINT('',#12632);
#3548=VERTEX_POINT('',#12636);
#3549=VERTEX_POINT('',#12643);
#3550=VERTEX_POINT('',#12645);
#3551=VERTEX_POINT('',#12650);
#3552=VERTEX_POINT('',#12651);
#3553=VERTEX_POINT('',#12653);
#3554=VERTEX_POINT('',#12655);
#3555=VERTEX_POINT('',#12657);
#3556=VERTEX_POINT('',#12659);
#3557=VERTEX_POINT('',#12661);
#3558=VERTEX_POINT('',#12663);
#3559=VERTEX_POINT('',#12665);
#3560=VERTEX_POINT('',#12667);
#3561=VERTEX_POINT('',#12669);
#3562=VERTEX_POINT('',#12671);
#3563=VERTEX_POINT('',#12673);
#3564=VERTEX_POINT('',#12675);
#3565=VERTEX_POINT('',#12677);
#3566=VERTEX_POINT('',#12681);
#3567=VERTEX_POINT('',#12683);
#3568=VERTEX_POINT('',#12687);
#3569=VERTEX_POINT('',#12691);
#3570=VERTEX_POINT('',#12695);
#3571=VERTEX_POINT('',#12699);
#3572=VERTEX_POINT('',#12703);
#3573=VERTEX_POINT('',#12707);
#3574=VERTEX_POINT('',#12711);
#3575=VERTEX_POINT('',#12715);
#3576=VERTEX_POINT('',#12719);
#3577=VERTEX_POINT('',#12723);
#3578=VERTEX_POINT('',#12727);
#3579=VERTEX_POINT('',#12731);
#3580=VERTEX_POINT('',#12735);
#3581=VERTEX_POINT('',#12742);
#3582=VERTEX_POINT('',#12743);
#3583=VERTEX_POINT('',#12745);
#3584=VERTEX_POINT('',#12747);
#3585=VERTEX_POINT('',#12751);
#3586=VERTEX_POINT('',#12752);
#3587=VERTEX_POINT('',#12757);
#3588=VERTEX_POINT('',#12761);
#3589=VERTEX_POINT('',#12768);
#3590=VERTEX_POINT('',#12769);
#3591=VERTEX_POINT('',#12771);
#3592=VERTEX_POINT('',#12773);
#3593=VERTEX_POINT('',#12775);
#3594=VERTEX_POINT('',#12777);
#3595=VERTEX_POINT('',#12779);
#3596=VERTEX_POINT('',#12781);
#3597=VERTEX_POINT('',#12783);
#3598=VERTEX_POINT('',#12785);
#3599=VERTEX_POINT('',#12787);
#3600=VERTEX_POINT('',#12789);
#3601=VERTEX_POINT('',#12791);
#3602=VERTEX_POINT('',#12793);
#3603=VERTEX_POINT('',#12795);
#3604=VERTEX_POINT('',#12797);
#3605=VERTEX_POINT('',#12799);
#3606=VERTEX_POINT('',#12801);
#3607=VERTEX_POINT('',#12803);
#3608=VERTEX_POINT('',#12807);
#3609=VERTEX_POINT('',#12809);
#3610=VERTEX_POINT('',#12813);
#3611=VERTEX_POINT('',#12817);
#3612=VERTEX_POINT('',#12821);
#3613=VERTEX_POINT('',#12825);
#3614=VERTEX_POINT('',#12829);
#3615=VERTEX_POINT('',#12833);
#3616=VERTEX_POINT('',#12837);
#3617=VERTEX_POINT('',#12841);
#3618=VERTEX_POINT('',#12845);
#3619=VERTEX_POINT('',#12849);
#3620=VERTEX_POINT('',#12853);
#3621=VERTEX_POINT('',#12857);
#3622=VERTEX_POINT('',#12861);
#3623=VERTEX_POINT('',#12865);
#3624=VERTEX_POINT('',#12869);
#3625=VERTEX_POINT('',#12873);
#3626=VERTEX_POINT('',#12877);
#3627=VERTEX_POINT('',#12884);
#3628=VERTEX_POINT('',#12885);
#3629=VERTEX_POINT('',#12887);
#3630=VERTEX_POINT('',#12889);
#3631=VERTEX_POINT('',#12893);
#3632=VERTEX_POINT('',#12894);
#3633=VERTEX_POINT('',#12899);
#3634=VERTEX_POINT('',#12903);
#3635=VERTEX_POINT('',#12910);
#3636=VERTEX_POINT('',#12911);
#3637=VERTEX_POINT('',#12913);
#3638=VERTEX_POINT('',#12915);
#3639=VERTEX_POINT('',#12917);
#3640=VERTEX_POINT('',#12919);
#3641=VERTEX_POINT('',#12921);
#3642=VERTEX_POINT('',#12923);
#3643=VERTEX_POINT('',#12925);
#3644=VERTEX_POINT('',#12927);
#3645=VERTEX_POINT('',#12929);
#3646=VERTEX_POINT('',#12931);
#3647=VERTEX_POINT('',#12933);
#3648=VERTEX_POINT('',#12935);
#3649=VERTEX_POINT('',#12937);
#3650=VERTEX_POINT('',#12939);
#3651=VERTEX_POINT('',#12941);
#3652=VERTEX_POINT('',#12943);
#3653=VERTEX_POINT('',#12945);
#3654=VERTEX_POINT('',#12947);
#3655=VERTEX_POINT('',#12949);
#3656=VERTEX_POINT('',#12951);
#3657=VERTEX_POINT('',#12953);
#3658=VERTEX_POINT('',#12955);
#3659=VERTEX_POINT('',#12957);
#3660=VERTEX_POINT('',#12959);
#3661=VERTEX_POINT('',#12962);
#3662=VERTEX_POINT('',#12963);
#3663=VERTEX_POINT('',#12965);
#3664=VERTEX_POINT('',#12967);
#3665=VERTEX_POINT('',#12969);
#3666=VERTEX_POINT('',#12971);
#3667=VERTEX_POINT('',#12973);
#3668=VERTEX_POINT('',#12975);
#3669=VERTEX_POINT('',#12979);
#3670=VERTEX_POINT('',#12981);
#3671=VERTEX_POINT('',#12985);
#3672=VERTEX_POINT('',#12989);
#3673=VERTEX_POINT('',#12993);
#3674=VERTEX_POINT('',#12997);
#3675=VERTEX_POINT('',#12999);
#3676=VERTEX_POINT('',#13003);
#3677=VERTEX_POINT('',#13007);
#3678=VERTEX_POINT('',#13011);
#3679=VERTEX_POINT('',#13015);
#3680=VERTEX_POINT('',#13019);
#3681=VERTEX_POINT('',#13023);
#3682=VERTEX_POINT('',#13027);
#3683=VERTEX_POINT('',#13031);
#3684=VERTEX_POINT('',#13035);
#3685=VERTEX_POINT('',#13039);
#3686=VERTEX_POINT('',#13043);
#3687=VERTEX_POINT('',#13047);
#3688=VERTEX_POINT('',#13051);
#3689=VERTEX_POINT('',#13055);
#3690=VERTEX_POINT('',#13059);
#3691=VERTEX_POINT('',#13065);
#3692=VERTEX_POINT('',#13069);
#3693=VERTEX_POINT('',#13073);
#3694=VERTEX_POINT('',#13077);
#3695=VERTEX_POINT('',#13081);
#3696=VERTEX_POINT('',#13085);
#3697=VERTEX_POINT('',#13089);
#3698=VERTEX_POINT('',#13093);
#3699=VERTEX_POINT('',#13097);
#3700=VERTEX_POINT('',#13101);
#3701=VERTEX_POINT('',#13105);
#3702=VERTEX_POINT('',#13109);
#3703=VERTEX_POINT('',#13116);
#3704=VERTEX_POINT('',#13117);
#3705=VERTEX_POINT('',#13119);
#3706=VERTEX_POINT('',#13121);
#3707=VERTEX_POINT('',#13123);
#3708=VERTEX_POINT('',#13125);
#3709=VERTEX_POINT('',#13127);
#3710=VERTEX_POINT('',#13129);
#3711=VERTEX_POINT('',#13131);
#3712=VERTEX_POINT('',#13133);
#3713=VERTEX_POINT('',#13135);
#3714=VERTEX_POINT('',#13137);
#3715=VERTEX_POINT('',#13139);
#3716=VERTEX_POINT('',#13141);
#3717=VERTEX_POINT('',#13143);
#3718=VERTEX_POINT('',#13145);
#3719=VERTEX_POINT('',#13147);
#3720=VERTEX_POINT('',#13149);
#3721=VERTEX_POINT('',#13151);
#3722=VERTEX_POINT('',#13153);
#3723=VERTEX_POINT('',#13155);
#3724=VERTEX_POINT('',#13157);
#3725=VERTEX_POINT('',#13160);
#3726=VERTEX_POINT('',#13161);
#3727=VERTEX_POINT('',#13163);
#3728=VERTEX_POINT('',#13165);
#3729=VERTEX_POINT('',#13167);
#3730=VERTEX_POINT('',#13169);
#3731=VERTEX_POINT('',#13171);
#3732=VERTEX_POINT('',#13173);
#3733=VERTEX_POINT('',#13175);
#3734=VERTEX_POINT('',#13177);
#3735=VERTEX_POINT('',#13179);
#3736=VERTEX_POINT('',#13181);
#3737=VERTEX_POINT('',#13183);
#3738=VERTEX_POINT('',#13185);
#3739=VERTEX_POINT('',#13187);
#3740=VERTEX_POINT('',#13189);
#3741=VERTEX_POINT('',#13191);
#3742=VERTEX_POINT('',#13193);
#3743=VERTEX_POINT('',#13195);
#3744=VERTEX_POINT('',#13197);
#3745=VERTEX_POINT('',#13201);
#3746=VERTEX_POINT('',#13202);
#3747=VERTEX_POINT('',#13207);
#3748=VERTEX_POINT('',#13211);
#3749=VERTEX_POINT('',#13215);
#3750=VERTEX_POINT('',#13219);
#3751=VERTEX_POINT('',#13223);
#3752=VERTEX_POINT('',#13227);
#3753=VERTEX_POINT('',#13231);
#3754=VERTEX_POINT('',#13235);
#3755=VERTEX_POINT('',#13239);
#3756=VERTEX_POINT('',#13243);
#3757=VERTEX_POINT('',#13244);
#3758=VERTEX_POINT('',#13249);
#3759=VERTEX_POINT('',#13253);
#3760=VERTEX_POINT('',#13257);
#3761=VERTEX_POINT('',#13261);
#3762=VERTEX_POINT('',#13265);
#3763=VERTEX_POINT('',#13269);
#3764=VERTEX_POINT('',#13273);
#3765=VERTEX_POINT('',#13277);
#3766=VERTEX_POINT('',#13281);
#3767=VERTEX_POINT('',#13285);
#3768=VERTEX_POINT('',#13289);
#3769=VERTEX_POINT('',#13293);
#3770=VERTEX_POINT('',#13297);
#3771=VERTEX_POINT('',#13301);
#3772=VERTEX_POINT('',#13305);
#3773=VERTEX_POINT('',#13309);
#3774=VERTEX_POINT('',#13313);
#3775=VERTEX_POINT('',#13317);
#3776=VERTEX_POINT('',#13321);
#3777=VERTEX_POINT('',#13327);
#3778=VERTEX_POINT('',#13331);
#3779=VERTEX_POINT('',#13335);
#3780=VERTEX_POINT('',#13339);
#3781=VERTEX_POINT('',#13343);
#3782=VERTEX_POINT('',#13347);
#3783=VERTEX_POINT('',#13351);
#3784=VERTEX_POINT('',#13355);
#3785=VERTEX_POINT('',#13359);
#3786=VERTEX_POINT('',#13363);
#3787=VERTEX_POINT('',#13370);
#3788=VERTEX_POINT('',#13373);
#3789=VERTEX_POINT('',#13377);
#3790=VERTEX_POINT('',#13378);
#3791=VERTEX_POINT('',#13380);
#3792=VERTEX_POINT('',#13382);
#3793=VERTEX_POINT('',#13386);
#3794=VERTEX_POINT('',#13388);
#3795=VERTEX_POINT('',#13392);
#3796=VERTEX_POINT('',#13396);
#3797=VERTEX_POINT('',#13403);
#3798=VERTEX_POINT('',#13404);
#3799=VERTEX_POINT('',#13406);
#3800=VERTEX_POINT('',#13408);
#3801=VERTEX_POINT('',#13412);
#3802=VERTEX_POINT('',#13414);
#3803=VERTEX_POINT('',#13416);
#3804=VERTEX_POINT('',#13418);
#3805=VERTEX_POINT('',#13420);
#3806=VERTEX_POINT('',#13422);
#3807=VERTEX_POINT('',#13424);
#3808=VERTEX_POINT('',#13426);
#3809=VERTEX_POINT('',#13428);
#3810=VERTEX_POINT('',#13430);
#3811=VERTEX_POINT('',#13432);
#3812=VERTEX_POINT('',#13434);
#3813=VERTEX_POINT('',#13436);
#3814=VERTEX_POINT('',#13438);
#3815=VERTEX_POINT('',#13440);
#3816=VERTEX_POINT('',#13442);
#3817=VERTEX_POINT('',#13444);
#3818=VERTEX_POINT('',#13446);
#3819=VERTEX_POINT('',#13448);
#3820=VERTEX_POINT('',#13450);
#3821=VERTEX_POINT('',#13452);
#3822=VERTEX_POINT('',#13454);
#3823=VERTEX_POINT('',#13456);
#3824=VERTEX_POINT('',#13460);
#3825=VERTEX_POINT('',#13464);
#3826=VERTEX_POINT('',#13468);
#3827=VERTEX_POINT('',#13472);
#3828=VERTEX_POINT('',#13476);
#3829=VERTEX_POINT('',#13480);
#3830=VERTEX_POINT('',#13484);
#3831=VERTEX_POINT('',#13488);
#3832=VERTEX_POINT('',#13492);
#3833=VERTEX_POINT('',#13496);
#3834=VERTEX_POINT('',#13500);
#3835=VERTEX_POINT('',#13504);
#3836=VERTEX_POINT('',#13508);
#3837=VERTEX_POINT('',#13512);
#3838=VERTEX_POINT('',#13516);
#3839=VERTEX_POINT('',#13520);
#3840=VERTEX_POINT('',#13524);
#3841=VERTEX_POINT('',#13528);
#3842=VERTEX_POINT('',#13532);
#3843=VERTEX_POINT('',#13536);
#3844=VERTEX_POINT('',#13540);
#3845=VERTEX_POINT('',#13544);
#3846=VERTEX_POINT('',#13548);
#3847=VERTEX_POINT('',#13555);
#3848=VERTEX_POINT('',#13556);
#3849=VERTEX_POINT('',#13558);
#3850=VERTEX_POINT('',#13560);
#3851=VERTEX_POINT('',#13564);
#3852=VERTEX_POINT('',#13566);
#3853=VERTEX_POINT('',#13568);
#3854=VERTEX_POINT('',#13570);
#3855=VERTEX_POINT('',#13574);
#3856=VERTEX_POINT('',#13576);
#3857=VERTEX_POINT('',#13578);
#3858=VERTEX_POINT('',#13580);
#3859=VERTEX_POINT('',#13590);
#3860=VERTEX_POINT('',#13591);
#3861=VERTEX_POINT('',#13593);
#3862=VERTEX_POINT('',#13595);
#3863=VERTEX_POINT('',#13599);
#3864=VERTEX_POINT('',#13601);
#3865=VERTEX_POINT('',#13603);
#3866=VERTEX_POINT('',#13605);
#3867=VERTEX_POINT('',#13609);
#3868=VERTEX_POINT('',#13611);
#3869=VERTEX_POINT('',#13613);
#3870=VERTEX_POINT('',#13615);
#3871=VERTEX_POINT('',#13625);
#3872=VERTEX_POINT('',#13626);
#3873=VERTEX_POINT('',#13628);
#3874=VERTEX_POINT('',#13630);
#3875=VERTEX_POINT('',#13634);
#3876=VERTEX_POINT('',#13636);
#3877=VERTEX_POINT('',#13640);
#3878=VERTEX_POINT('',#13641);
#3879=VERTEX_POINT('',#13643);
#3880=VERTEX_POINT('',#13645);
#3881=VERTEX_POINT('',#13649);
#3882=VERTEX_POINT('',#13651);
#3883=VERTEX_POINT('',#13655);
#3884=VERTEX_POINT('',#13657);
#3885=VERTEX_POINT('',#13661);
#3886=VERTEX_POINT('',#13662);
#3887=VERTEX_POINT('',#13664);
#3888=VERTEX_POINT('',#13666);
#3889=VERTEX_POINT('',#13670);
#3890=VERTEX_POINT('',#13672);
#3891=VERTEX_POINT('',#13676);
#3892=VERTEX_POINT('',#13678);
#3893=VERTEX_POINT('',#13682);
#3894=VERTEX_POINT('',#13683);
#3895=VERTEX_POINT('',#13685);
#3896=VERTEX_POINT('',#13687);
#3897=VERTEX_POINT('',#13691);
#3898=VERTEX_POINT('',#13693);
#3899=VERTEX_POINT('',#13697);
#3900=VERTEX_POINT('',#13699);
#3901=VERTEX_POINT('',#13703);
#3902=VERTEX_POINT('',#13704);
#3903=VERTEX_POINT('',#13706);
#3904=VERTEX_POINT('',#13708);
#3905=VERTEX_POINT('',#13710);
#3906=VERTEX_POINT('',#13712);
#3907=VERTEX_POINT('',#13716);
#3908=VERTEX_POINT('',#13717);
#3909=VERTEX_POINT('',#13719);
#3910=VERTEX_POINT('',#13721);
#3911=VERTEX_POINT('',#13725);
#3912=VERTEX_POINT('',#13726);
#3913=VERTEX_POINT('',#13728);
#3914=VERTEX_POINT('',#13730);
#3915=VERTEX_POINT('',#13734);
#3916=VERTEX_POINT('',#13735);
#3917=VERTEX_POINT('',#13737);
#3918=VERTEX_POINT('',#13739);
#3919=VERTEX_POINT('',#13743);
#3920=VERTEX_POINT('',#13745);
#3921=VERTEX_POINT('',#13749);
#3922=VERTEX_POINT('',#13750);
#3923=VERTEX_POINT('',#13752);
#3924=VERTEX_POINT('',#13754);
#3925=VERTEX_POINT('',#13758);
#3926=VERTEX_POINT('',#13760);
#3927=VERTEX_POINT('',#13767);
#3928=VERTEX_POINT('',#13769);
#3929=VERTEX_POINT('',#13771);
#3930=VERTEX_POINT('',#13773);
#3931=VERTEX_POINT('',#13775);
#3932=VERTEX_POINT('',#13777);
#3933=VERTEX_POINT('',#13779);
#3934=VERTEX_POINT('',#13781);
#3935=VERTEX_POINT('',#13783);
#3936=VERTEX_POINT('',#13785);
#3937=VERTEX_POINT('',#13787);
#3938=VERTEX_POINT('',#13789);
#3939=VERTEX_POINT('',#13791);
#3940=VERTEX_POINT('',#13793);
#3941=VERTEX_POINT('',#13795);
#3942=VERTEX_POINT('',#13798);
#3943=VERTEX_POINT('',#13800);
#3944=VERTEX_POINT('',#13808);
#3945=VERTEX_POINT('',#13810);
#3946=VERTEX_POINT('',#13814);
#3947=VERTEX_POINT('',#13820);
#3948=VERTEX_POINT('',#13824);
#3949=VERTEX_POINT('',#13826);
#3950=VERTEX_POINT('',#13830);
#3951=VERTEX_POINT('',#13834);
#3952=VERTEX_POINT('',#13838);
#3953=VERTEX_POINT('',#13840);
#3954=VERTEX_POINT('',#13844);
#3955=VERTEX_POINT('',#13846);
#3956=VERTEX_POINT('',#13851);
#3957=VERTEX_POINT('',#13853);
#3958=VERTEX_POINT('',#13857);
#3959=VERTEX_POINT('',#13859);
#3960=VERTEX_POINT('',#13864);
#3961=VERTEX_POINT('',#13868);
#3962=VERTEX_POINT('',#13870);
#3963=VERTEX_POINT('',#13876);
#3964=VERTEX_POINT('',#13878);
#3965=VERTEX_POINT('',#13882);
#3966=VERTEX_POINT('',#13884);
#3967=VERTEX_POINT('',#13888);
#3968=VERTEX_POINT('',#13890);
#3969=VERTEX_POINT('',#13894);
#3970=VERTEX_POINT('',#13896);
#3971=VERTEX_POINT('',#13900);
#3972=VERTEX_POINT('',#13902);
#3973=VERTEX_POINT('',#13906);
#3974=VERTEX_POINT('',#13908);
#3975=VERTEX_POINT('',#13912);
#3976=VERTEX_POINT('',#13914);
#3977=VERTEX_POINT('',#13918);
#3978=VERTEX_POINT('',#13920);
#3979=VERTEX_POINT('',#13924);
#3980=VERTEX_POINT('',#13926);
#3981=VERTEX_POINT('',#13930);
#3982=VERTEX_POINT('',#13932);
#3983=VERTEX_POINT('',#13939);
#3984=VERTEX_POINT('',#13941);
#3985=VERTEX_POINT('',#13952);
#3986=VERTEX_POINT('',#13953);
#3987=VERTEX_POINT('',#13955);
#3988=VERTEX_POINT('',#13957);
#3989=VERTEX_POINT('',#13959);
#3990=VERTEX_POINT('',#13961);
#3991=VERTEX_POINT('',#13965);
#3992=VERTEX_POINT('',#13967);
#3993=VERTEX_POINT('',#13971);
#3994=VERTEX_POINT('',#13975);
#3995=VERTEX_POINT('',#13977);
#3996=VERTEX_POINT('',#13983);
#3997=VERTEX_POINT('',#13993);
#3998=VERTEX_POINT('',#13995);
#3999=VERTEX_POINT('',#14008);
#4000=VERTEX_POINT('',#14010);
#4001=VERTEX_POINT('',#14025);
#4002=VERTEX_POINT('',#14027);
#4003=VERTEX_POINT('',#14031);
#4004=VERTEX_POINT('',#14033);
#4005=VERTEX_POINT('',#14037);
#4006=VERTEX_POINT('',#14039);
#4007=VERTEX_POINT('',#14042);
#4008=VERTEX_POINT('',#14046);
#4009=VERTEX_POINT('',#14048);
#4010=VERTEX_POINT('',#14050);
#4011=VERTEX_POINT('',#14052);
#4012=VERTEX_POINT('',#14054);
#4013=VERTEX_POINT('',#14056);
#4014=VERTEX_POINT('',#14058);
#4015=VERTEX_POINT('',#14062);
#4016=VERTEX_POINT('',#14064);
#4017=VERTEX_POINT('',#14068);
#4018=VERTEX_POINT('',#14070);
#4019=VERTEX_POINT('',#14074);
#4020=VERTEX_POINT('',#14078);
#4021=VERTEX_POINT('',#14079);
#4022=VERTEX_POINT('',#14081);
#4023=VERTEX_POINT('',#14084);
#4024=VERTEX_POINT('',#14088);
#4025=VERTEX_POINT('',#14090);
#4026=VERTEX_POINT('',#14096);
#4027=VERTEX_POINT('',#14098);
#4028=VERTEX_POINT('',#14100);
#4029=VERTEX_POINT('',#14104);
#4030=VERTEX_POINT('',#14106);
#4031=VERTEX_POINT('',#14108);
#4032=VERTEX_POINT('',#14112);
#4033=VERTEX_POINT('',#14114);
#4034=VERTEX_POINT('',#14118);
#4035=VERTEX_POINT('',#14119);
#4036=VERTEX_POINT('',#14121);
#4037=VERTEX_POINT('',#14123);
#4038=VERTEX_POINT('',#14125);
#4039=VERTEX_POINT('',#14129);
#4040=VERTEX_POINT('',#14131);
#4041=VERTEX_POINT('',#14136);
#4042=VERTEX_POINT('',#14138);
#4043=VERTEX_POINT('',#14140);
#4044=VERTEX_POINT('',#14144);
#4045=VERTEX_POINT('',#14146);
#4046=VERTEX_POINT('',#14148);
#4047=VERTEX_POINT('',#14152);
#4048=VERTEX_POINT('',#14156);
#4049=VERTEX_POINT('',#14160);
#4050=VERTEX_POINT('',#14164);
#4051=VERTEX_POINT('',#14166);
#4052=VERTEX_POINT('',#14170);
#4053=VERTEX_POINT('',#14172);
#4054=VERTEX_POINT('',#14174);
#4055=VERTEX_POINT('',#14178);
#4056=VERTEX_POINT('',#14189);
#4057=VERTEX_POINT('',#14195);
#4058=VERTEX_POINT('',#14199);
#4059=VERTEX_POINT('',#14205);
#4060=VERTEX_POINT('',#14209);
#4061=VERTEX_POINT('',#14211);
#4062=VERTEX_POINT('',#14213);
#4063=VERTEX_POINT('',#14219);
#4064=VERTEX_POINT('',#14223);
#4065=VERTEX_POINT('',#14225);
#4066=VERTEX_POINT('',#14227);
#4067=VERTEX_POINT('',#14233);
#4068=VERTEX_POINT('',#14237);
#4069=VERTEX_POINT('',#14241);
#4070=VERTEX_POINT('',#14245);
#4071=VERTEX_POINT('',#14247);
#4072=VERTEX_POINT('',#14275);
#4073=VERTEX_POINT('',#14303);
#4074=VERTEX_POINT('',#14313);
#4075=VERTEX_POINT('',#14315);
#4076=VERTEX_POINT('',#14317);
#4077=VERTEX_POINT('',#14321);
#4078=VERTEX_POINT('',#14323);
#4079=VERTEX_POINT('',#14327);
#4080=VERTEX_POINT('',#14329);
#4081=VERTEX_POINT('',#14331);
#4082=VERTEX_POINT('',#14333);
#4083=VERTEX_POINT('',#14366);
#4084=VERTEX_POINT('',#14394);
#4085=VERTEX_POINT('',#14398);
#4086=VERTEX_POINT('',#14403);
#4087=VERTEX_POINT('',#14407);
#4088=VERTEX_POINT('',#14411);
#4089=VERTEX_POINT('',#14413);
#4090=VERTEX_POINT('',#14424);
#4091=VERTEX_POINT('',#14425);
#4092=VERTEX_POINT('',#14427);
#4093=VERTEX_POINT('',#14429);
#4094=VERTEX_POINT('',#14433);
#4095=VERTEX_POINT('',#14435);
#4096=VERTEX_POINT('',#14439);
#4097=VERTEX_POINT('',#14443);
#4098=VERTEX_POINT('',#14447);
#4099=VERTEX_POINT('',#14448);
#4100=VERTEX_POINT('',#14450);
#4101=VERTEX_POINT('',#14452);
#4102=VERTEX_POINT('',#14456);
#4103=VERTEX_POINT('',#14458);
#4104=VERTEX_POINT('',#14462);
#4105=VERTEX_POINT('',#14466);
#4106=VERTEX_POINT('',#14470);
#4107=VERTEX_POINT('',#14471);
#4108=VERTEX_POINT('',#14473);
#4109=VERTEX_POINT('',#14475);
#4110=VERTEX_POINT('',#14479);
#4111=VERTEX_POINT('',#14481);
#4112=VERTEX_POINT('',#14485);
#4113=VERTEX_POINT('',#14489);
#4114=VERTEX_POINT('',#14493);
#4115=VERTEX_POINT('',#14494);
#4116=VERTEX_POINT('',#14496);
#4117=VERTEX_POINT('',#14498);
#4118=VERTEX_POINT('',#14502);
#4119=VERTEX_POINT('',#14504);
#4120=VERTEX_POINT('',#14508);
#4121=VERTEX_POINT('',#14512);
#4122=VERTEX_POINT('',#14516);
#4123=VERTEX_POINT('',#14517);
#4124=VERTEX_POINT('',#14519);
#4125=VERTEX_POINT('',#14521);
#4126=VERTEX_POINT('',#14525);
#4127=VERTEX_POINT('',#14527);
#4128=VERTEX_POINT('',#14531);
#4129=VERTEX_POINT('',#14535);
#4130=VERTEX_POINT('',#14539);
#4131=VERTEX_POINT('',#14540);
#4132=VERTEX_POINT('',#14542);
#4133=VERTEX_POINT('',#14544);
#4134=VERTEX_POINT('',#14548);
#4135=VERTEX_POINT('',#14550);
#4136=VERTEX_POINT('',#14554);
#4137=VERTEX_POINT('',#14558);
#4138=VERTEX_POINT('',#14562);
#4139=VERTEX_POINT('',#14564);
#4140=VERTEX_POINT('',#14566);
#4141=VERTEX_POINT('',#14568);
#4142=VERTEX_POINT('',#14571);
#4143=VERTEX_POINT('',#14573);
#4144=VERTEX_POINT('',#14575);
#4145=VERTEX_POINT('',#14577);
#4146=VERTEX_POINT('',#14579);
#4147=VERTEX_POINT('',#14581);
#4148=VERTEX_POINT('',#14583);
#4149=VERTEX_POINT('',#14585);
#4150=VERTEX_POINT('',#14587);
#4151=VERTEX_POINT('',#14589);
#4152=VERTEX_POINT('',#14591);
#4153=VERTEX_POINT('',#14593);
#4154=VERTEX_POINT('',#14595);
#4155=VERTEX_POINT('',#14597);
#4156=VERTEX_POINT('',#14599);
#4157=VERTEX_POINT('',#14601);
#4158=VERTEX_POINT('',#14604);
#4159=VERTEX_POINT('',#14606);
#4160=VERTEX_POINT('',#14608);
#4161=VERTEX_POINT('',#14610);
#4162=VERTEX_POINT('',#14613);
#4163=VERTEX_POINT('',#14615);
#4164=VERTEX_POINT('',#14617);
#4165=VERTEX_POINT('',#14619);
#4166=VERTEX_POINT('',#14622);
#4167=VERTEX_POINT('',#14624);
#4168=VERTEX_POINT('',#14626);
#4169=VERTEX_POINT('',#14628);
#4170=VERTEX_POINT('',#14631);
#4171=VERTEX_POINT('',#14633);
#4172=VERTEX_POINT('',#14635);
#4173=VERTEX_POINT('',#14637);
#4174=VERTEX_POINT('',#14641);
#4175=VERTEX_POINT('',#14643);
#4176=VERTEX_POINT('',#14647);
#4177=VERTEX_POINT('',#14649);
#4178=VERTEX_POINT('',#14653);
#4179=VERTEX_POINT('',#14655);
#4180=VERTEX_POINT('',#14659);
#4181=VERTEX_POINT('',#14661);
#4182=VERTEX_POINT('',#14665);
#4183=VERTEX_POINT('',#14667);
#4184=VERTEX_POINT('',#14671);
#4185=VERTEX_POINT('',#14673);
#4186=VERTEX_POINT('',#14677);
#4187=VERTEX_POINT('',#14679);
#4188=VERTEX_POINT('',#14683);
#4189=VERTEX_POINT('',#14685);
#4190=VERTEX_POINT('',#14689);
#4191=VERTEX_POINT('',#14691);
#4192=VERTEX_POINT('',#14695);
#4193=VERTEX_POINT('',#14697);
#4194=VERTEX_POINT('',#14701);
#4195=VERTEX_POINT('',#14703);
#4196=VERTEX_POINT('',#14705);
#4197=VERTEX_POINT('',#14707);
#4198=VERTEX_POINT('',#14711);
#4199=VERTEX_POINT('',#14712);
#4200=VERTEX_POINT('',#14714);
#4201=VERTEX_POINT('',#14716);
#4202=VERTEX_POINT('',#14720);
#4203=VERTEX_POINT('',#14722);
#4204=VERTEX_POINT('',#14726);
#4205=VERTEX_POINT('',#14728);
#4206=VERTEX_POINT('',#14730);
#4207=VERTEX_POINT('',#14732);
#4208=VERTEX_POINT('',#14734);
#4209=VERTEX_POINT('',#14736);
#4210=VERTEX_POINT('',#14738);
#4211=VERTEX_POINT('',#14740);
#4212=VERTEX_POINT('',#14742);
#4213=VERTEX_POINT('',#14744);
#4214=VERTEX_POINT('',#14746);
#4215=VERTEX_POINT('',#14748);
#4216=VERTEX_POINT('',#14750);
#4217=VERTEX_POINT('',#14757);
#4218=VERTEX_POINT('',#14759);
#4219=VERTEX_POINT('',#14767);
#4220=VERTEX_POINT('',#14769);
#4221=VERTEX_POINT('',#14773);
#4222=VERTEX_POINT('',#14775);
#4223=VERTEX_POINT('',#14779);
#4224=VERTEX_POINT('',#14791);
#4225=VERTEX_POINT('',#14795);
#4226=VERTEX_POINT('',#14799);
#4227=VERTEX_POINT('',#14803);
#4228=VERTEX_POINT('',#14807);
#4229=VERTEX_POINT('',#14811);
#4230=VERTEX_POINT('',#14815);
#4231=VERTEX_POINT('',#14819);
#4232=VERTEX_POINT('',#14823);
#4233=VERTEX_POINT('',#14825);
#4234=VERTEX_POINT('',#14839);
#4235=VERTEX_POINT('',#14843);
#4236=VERTEX_POINT('',#14847);
#4237=VERTEX_POINT('',#14851);
#4238=VERTEX_POINT('',#14855);
#4239=VERTEX_POINT('',#14859);
#4240=VERTEX_POINT('',#14863);
#4241=VERTEX_POINT('',#14867);
#4242=VERTEX_POINT('',#14871);
#4243=VERTEX_POINT('',#14875);
#4244=VERTEX_POINT('',#14882);
#4245=VERTEX_POINT('',#14884);
#4246=VERTEX_POINT('',#14894);
#4247=VERTEX_POINT('',#14895);
#4248=VERTEX_POINT('',#14897);
#4249=VERTEX_POINT('',#14899);
#4250=VERTEX_POINT('',#14903);
#4251=VERTEX_POINT('',#14905);
#4252=VERTEX_POINT('',#14909);
#4253=VERTEX_POINT('',#14913);
#4254=VERTEX_POINT('',#14917);
#4255=VERTEX_POINT('',#14919);
#4256=VERTEX_POINT('',#14921);
#4257=VERTEX_POINT('',#14923);
#4258=VERTEX_POINT('',#14927);
#4259=VERTEX_POINT('',#14929);
#4260=VERTEX_POINT('',#14931);
#4261=VERTEX_POINT('',#14933);
#4262=VERTEX_POINT('',#14937);
#4263=VERTEX_POINT('',#14941);
#4264=VERTEX_POINT('',#14943);
#4265=VERTEX_POINT('',#14945);
#4266=VERTEX_POINT('',#14956);
#4267=VERTEX_POINT('',#14957);
#4268=VERTEX_POINT('',#14959);
#4269=VERTEX_POINT('',#14961);
#4270=VERTEX_POINT('',#14965);
#4271=VERTEX_POINT('',#14967);
#4272=VERTEX_POINT('',#14971);
#4273=VERTEX_POINT('',#14975);
#4274=VERTEX_POINT('',#14979);
#4275=VERTEX_POINT('',#14981);
#4276=VERTEX_POINT('',#14983);
#4277=VERTEX_POINT('',#14985);
#4278=VERTEX_POINT('',#14989);
#4279=VERTEX_POINT('',#14991);
#4280=VERTEX_POINT('',#14993);
#4281=VERTEX_POINT('',#14995);
#4282=VERTEX_POINT('',#14999);
#4283=VERTEX_POINT('',#15001);
#4284=VERTEX_POINT('',#15003);
#4285=VERTEX_POINT('',#15005);
#4286=VERTEX_POINT('',#15018);
#4287=VERTEX_POINT('',#15019);
#4288=VERTEX_POINT('',#15021);
#4289=VERTEX_POINT('',#15023);
#4290=VERTEX_POINT('',#15027);
#4291=VERTEX_POINT('',#15029);
#4292=VERTEX_POINT('',#15033);
#4293=VERTEX_POINT('',#15037);
#4294=VERTEX_POINT('',#15041);
#4295=VERTEX_POINT('',#15042);
#4296=VERTEX_POINT('',#15044);
#4297=VERTEX_POINT('',#15046);
#4298=VERTEX_POINT('',#15050);
#4299=VERTEX_POINT('',#15052);
#4300=VERTEX_POINT('',#15056);
#4301=VERTEX_POINT('',#15060);
#4302=VERTEX_POINT('',#15064);
#4303=VERTEX_POINT('',#15065);
#4304=VERTEX_POINT('',#15067);
#4305=VERTEX_POINT('',#15069);
#4306=VERTEX_POINT('',#15073);
#4307=VERTEX_POINT('',#15075);
#4308=VERTEX_POINT('',#15079);
#4309=VERTEX_POINT('',#15083);
#4310=VERTEX_POINT('',#15087);
#4311=VERTEX_POINT('',#15089);
#4312=VERTEX_POINT('',#15091);
#4313=VERTEX_POINT('',#15093);
#4314=VERTEX_POINT('',#15096);
#4315=VERTEX_POINT('',#15098);
#4316=VERTEX_POINT('',#15100);
#4317=VERTEX_POINT('',#15102);
#4318=VERTEX_POINT('',#15104);
#4319=VERTEX_POINT('',#15106);
#4320=VERTEX_POINT('',#15108);
#4321=VERTEX_POINT('',#15110);
#4322=VERTEX_POINT('',#15113);
#4323=VERTEX_POINT('',#15115);
#4324=VERTEX_POINT('',#15117);
#4325=VERTEX_POINT('',#15119);
#4326=VERTEX_POINT('',#15123);
#4327=VERTEX_POINT('',#15125);
#4328=VERTEX_POINT('',#15129);
#4329=VERTEX_POINT('',#15133);
#4330=VERTEX_POINT('',#15135);
#4331=VERTEX_POINT('',#15139);
#4332=VERTEX_POINT('',#15143);
#4333=VERTEX_POINT('',#15145);
#4334=VERTEX_POINT('',#15149);
#4335=VERTEX_POINT('',#15153);
#4336=VERTEX_POINT('',#15157);
#4337=VERTEX_POINT('',#15161);
#4338=VERTEX_POINT('',#15162);
#4339=VERTEX_POINT('',#15167);
#4340=VERTEX_POINT('',#15169);
#4341=VERTEX_POINT('',#15175);
#4342=VERTEX_POINT('',#15177);
#4343=VERTEX_POINT('',#15179);
#4344=VERTEX_POINT('',#15181);
#4345=VERTEX_POINT('',#15183);
#4346=EDGE_CURVE('',#3489,#3490,#3226,.T.);
#4347=EDGE_CURVE('',#3491,#3489,#1242,.T.);
#4348=EDGE_CURVE('',#3492,#3491,#1243,.T.);
#4349=EDGE_CURVE('',#3493,#3492,#1244,.T.);
#4350=EDGE_CURVE('',#3494,#3493,#1245,.T.);
#4351=EDGE_CURVE('',#3495,#3494,#1246,.T.);
#4352=EDGE_CURVE('',#3496,#3495,#3227,.T.);
#4353=EDGE_CURVE('',#3497,#3496,#3228,.T.);
#4354=EDGE_CURVE('',#3498,#3497,#3229,.T.);
#4355=EDGE_CURVE('',#3499,#3498,#1247,.T.);
#4356=EDGE_CURVE('',#3500,#3499,#1248,.T.);
#4357=EDGE_CURVE('',#3501,#3500,#1249,.T.);
#4358=EDGE_CURVE('',#3502,#3501,#3230,.T.);
#4359=EDGE_CURVE('',#3503,#3502,#3231,.T.);
#4360=EDGE_CURVE('',#3490,#3503,#3232,.T.);
#4361=EDGE_CURVE('',#3496,#3504,#1250,.T.);
#4362=EDGE_CURVE('',#3504,#3505,#3233,.T.);
#4363=EDGE_CURVE('',#3497,#3505,#1251,.T.);
#4364=EDGE_CURVE('',#3495,#3506,#1252,.T.);
#4365=EDGE_CURVE('',#3506,#3504,#3234,.T.);
#4366=EDGE_CURVE('',#3494,#3507,#1253,.T.);
#4367=EDGE_CURVE('',#3507,#3506,#1254,.T.);
#4368=EDGE_CURVE('',#3493,#3508,#1255,.T.);
#4369=EDGE_CURVE('',#3508,#3507,#1256,.T.);
#4370=EDGE_CURVE('',#3492,#3509,#1257,.T.);
#4371=EDGE_CURVE('',#3509,#3508,#1258,.T.);
#4372=EDGE_CURVE('',#3491,#3510,#1259,.T.);
#4373=EDGE_CURVE('',#3510,#3509,#1260,.T.);
#4374=EDGE_CURVE('',#3489,#3511,#1261,.T.);
#4375=EDGE_CURVE('',#3511,#3510,#1262,.T.);
#4376=EDGE_CURVE('',#3490,#3512,#1263,.T.);
#4377=EDGE_CURVE('',#3512,#3511,#3235,.T.);
#4378=EDGE_CURVE('',#3503,#3513,#1264,.T.);
#4379=EDGE_CURVE('',#3513,#3512,#3236,.T.);
#4380=EDGE_CURVE('',#3502,#3514,#1265,.T.);
#4381=EDGE_CURVE('',#3514,#3513,#3237,.T.);
#4382=EDGE_CURVE('',#3501,#3515,#1266,.T.);
#4383=EDGE_CURVE('',#3515,#3514,#3238,.T.);
#4384=EDGE_CURVE('',#3500,#3516,#1267,.T.);
#4385=EDGE_CURVE('',#3516,#3515,#1268,.T.);
#4386=EDGE_CURVE('',#3499,#3517,#1269,.T.);
#4387=EDGE_CURVE('',#3517,#3516,#1270,.T.);
#4388=EDGE_CURVE('',#3498,#3518,#1271,.T.);
#4389=EDGE_CURVE('',#3518,#3517,#1272,.T.);
#4390=EDGE_CURVE('',#3505,#3518,#3239,.T.);
#4391=EDGE_CURVE('',#3519,#3520,#3240,.T.);
#4392=EDGE_CURVE('',#3521,#3519,#1273,.T.);
#4393=EDGE_CURVE('',#3522,#3521,#1274,.T.);
#4394=EDGE_CURVE('',#3523,#3522,#1275,.T.);
#4395=EDGE_CURVE('',#3524,#3523,#1276,.T.);
#4396=EDGE_CURVE('',#3525,#3524,#1277,.T.);
#4397=EDGE_CURVE('',#3526,#3525,#3241,.T.);
#4398=EDGE_CURVE('',#3527,#3526,#3242,.T.);
#4399=EDGE_CURVE('',#3528,#3527,#3243,.T.);
#4400=EDGE_CURVE('',#3529,#3528,#1278,.T.);
#4401=EDGE_CURVE('',#3530,#3529,#1279,.T.);
#4402=EDGE_CURVE('',#3531,#3530,#1280,.T.);
#4403=EDGE_CURVE('',#3532,#3531,#3244,.T.);
#4404=EDGE_CURVE('',#3533,#3532,#3245,.T.);
#4405=EDGE_CURVE('',#3520,#3533,#3246,.T.);
#4406=EDGE_CURVE('',#3526,#3534,#1281,.T.);
#4407=EDGE_CURVE('',#3534,#3535,#3247,.T.);
#4408=EDGE_CURVE('',#3527,#3535,#1282,.T.);
#4409=EDGE_CURVE('',#3525,#3536,#1283,.T.);
#4410=EDGE_CURVE('',#3536,#3534,#3248,.T.);
#4411=EDGE_CURVE('',#3524,#3537,#1284,.T.);
#4412=EDGE_CURVE('',#3537,#3536,#1285,.T.);
#4413=EDGE_CURVE('',#3523,#3538,#1286,.T.);
#4414=EDGE_CURVE('',#3538,#3537,#1287,.T.);
#4415=EDGE_CURVE('',#3522,#3539,#1288,.T.);
#4416=EDGE_CURVE('',#3539,#3538,#1289,.T.);
#4417=EDGE_CURVE('',#3521,#3540,#1290,.T.);
#4418=EDGE_CURVE('',#3540,#3539,#1291,.T.);
#4419=EDGE_CURVE('',#3519,#3541,#1292,.T.);
#4420=EDGE_CURVE('',#3541,#3540,#1293,.T.);
#4421=EDGE_CURVE('',#3520,#3542,#1294,.T.);
#4422=EDGE_CURVE('',#3542,#3541,#3249,.T.);
#4423=EDGE_CURVE('',#3533,#3543,#1295,.T.);
#4424=EDGE_CURVE('',#3543,#3542,#3250,.T.);
#4425=EDGE_CURVE('',#3532,#3544,#1296,.T.);
#4426=EDGE_CURVE('',#3544,#3543,#3251,.T.);
#4427=EDGE_CURVE('',#3531,#3545,#1297,.T.);
#4428=EDGE_CURVE('',#3545,#3544,#3252,.T.);
#4429=EDGE_CURVE('',#3530,#3546,#1298,.T.);
#4430=EDGE_CURVE('',#3546,#3545,#1299,.T.);
#4431=EDGE_CURVE('',#3529,#3547,#1300,.T.);
#4432=EDGE_CURVE('',#3547,#3546,#1301,.T.);
#4433=EDGE_CURVE('',#3528,#3548,#1302,.T.);
#4434=EDGE_CURVE('',#3548,#3547,#1303,.T.);
#4435=EDGE_CURVE('',#3535,#3548,#3253,.T.);
#4436=EDGE_CURVE('',#3549,#3549,#3254,.T.);
#4437=EDGE_CURVE('',#3550,#3550,#3255,.T.);
#4438=EDGE_CURVE('',#3551,#3552,#3256,.T.);
#4439=EDGE_CURVE('',#3553,#3551,#1304,.T.);
#4440=EDGE_CURVE('',#3554,#3553,#1305,.T.);
#4441=EDGE_CURVE('',#3555,#3554,#1306,.T.);
#4442=EDGE_CURVE('',#3556,#3555,#3257,.T.);
#4443=EDGE_CURVE('',#3557,#3556,#3258,.T.);
#4444=EDGE_CURVE('',#3558,#3557,#3259,.T.);
#4445=EDGE_CURVE('',#3559,#3558,#3260,.T.);
#4446=EDGE_CURVE('',#3560,#3559,#1307,.T.);
#4447=EDGE_CURVE('',#3561,#3560,#1308,.T.);
#4448=EDGE_CURVE('',#3562,#3561,#1309,.T.);
#4449=EDGE_CURVE('',#3563,#3562,#1310,.T.);
#4450=EDGE_CURVE('',#3564,#3563,#1311,.T.);
#4451=EDGE_CURVE('',#3565,#3564,#3261,.T.);
#4452=EDGE_CURVE('',#3552,#3565,#3262,.T.);
#4453=EDGE_CURVE('',#3558,#3566,#1312,.T.);
#4454=EDGE_CURVE('',#3566,#3567,#3263,.T.);
#4455=EDGE_CURVE('',#3559,#3567,#1313,.T.);
#4456=EDGE_CURVE('',#3557,#3568,#1314,.T.);
#4457=EDGE_CURVE('',#3568,#3566,#3264,.T.);
#4458=EDGE_CURVE('',#3556,#3569,#1315,.T.);
#4459=EDGE_CURVE('',#3569,#3568,#3265,.T.);
#4460=EDGE_CURVE('',#3555,#3570,#1316,.T.);
#4461=EDGE_CURVE('',#3570,#3569,#3266,.T.);
#4462=EDGE_CURVE('',#3554,#3571,#1317,.T.);
#4463=EDGE_CURVE('',#3571,#3570,#1318,.T.);
#4464=EDGE_CURVE('',#3553,#3572,#1319,.T.);
#4465=EDGE_CURVE('',#3572,#3571,#1320,.T.);
#4466=EDGE_CURVE('',#3551,#3573,#1321,.T.);
#4467=EDGE_CURVE('',#3573,#3572,#1322,.T.);
#4468=EDGE_CURVE('',#3552,#3574,#1323,.T.);
#4469=EDGE_CURVE('',#3574,#3573,#3267,.T.);
#4470=EDGE_CURVE('',#3565,#3575,#1324,.T.);
#4471=EDGE_CURVE('',#3575,#3574,#3268,.T.);
#4472=EDGE_CURVE('',#3564,#3576,#1325,.T.);
#4473=EDGE_CURVE('',#3576,#3575,#3269,.T.);
#4474=EDGE_CURVE('',#3563,#3577,#1326,.T.);
#4475=EDGE_CURVE('',#3577,#3576,#1327,.T.);
#4476=EDGE_CURVE('',#3562,#3578,#1328,.T.);
#4477=EDGE_CURVE('',#3578,#3577,#1329,.T.);
#4478=EDGE_CURVE('',#3561,#3579,#1330,.T.);
#4479=EDGE_CURVE('',#3579,#3578,#1331,.T.);
#4480=EDGE_CURVE('',#3560,#3580,#1332,.T.);
#4481=EDGE_CURVE('',#3580,#3579,#1333,.T.);
#4482=EDGE_CURVE('',#3567,#3580,#1334,.T.);
#4483=EDGE_CURVE('',#3581,#3582,#1335,.T.);
#4484=EDGE_CURVE('',#3582,#3583,#1336,.T.);
#4485=EDGE_CURVE('',#3583,#3584,#1337,.T.);
#4486=EDGE_CURVE('',#3581,#3584,#1338,.T.);
#4487=EDGE_CURVE('',#3585,#3586,#1339,.T.);
#4488=EDGE_CURVE('',#3584,#3585,#1340,.T.);
#4489=EDGE_CURVE('',#3586,#3583,#1341,.T.);
#4490=EDGE_CURVE('',#3587,#3581,#1342,.T.);
#4491=EDGE_CURVE('',#3587,#3585,#1343,.T.);
#4492=EDGE_CURVE('',#3588,#3587,#1344,.T.);
#4493=EDGE_CURVE('',#3588,#3586,#1345,.T.);
#4494=EDGE_CURVE('',#3582,#3588,#1346,.T.);
#4495=EDGE_CURVE('',#3589,#3590,#1347,.T.);
#4496=EDGE_CURVE('',#3591,#3589,#1348,.T.);
#4497=EDGE_CURVE('',#3592,#3591,#1349,.T.);
#4498=EDGE_CURVE('',#3593,#3592,#1350,.T.);
#4499=EDGE_CURVE('',#3594,#3593,#1351,.T.);
#4500=EDGE_CURVE('',#3595,#3594,#1352,.T.);
#4501=EDGE_CURVE('',#3596,#3595,#1353,.T.);
#4502=EDGE_CURVE('',#3597,#3596,#1354,.T.);
#4503=EDGE_CURVE('',#3598,#3597,#1355,.T.);
#4504=EDGE_CURVE('',#3599,#3598,#1356,.T.);
#4505=EDGE_CURVE('',#3600,#3599,#1357,.T.);
#4506=EDGE_CURVE('',#3601,#3600,#3270,.T.);
#4507=EDGE_CURVE('',#3602,#3601,#3271,.T.);
#4508=EDGE_CURVE('',#3603,#3602,#3272,.T.);
#4509=EDGE_CURVE('',#3604,#3603,#1358,.T.);
#4510=EDGE_CURVE('',#3605,#3604,#3273,.T.);
#4511=EDGE_CURVE('',#3606,#3605,#3274,.T.);
#4512=EDGE_CURVE('',#3607,#3606,#3275,.T.);
#4513=EDGE_CURVE('',#3590,#3607,#3276,.T.);
#4514=EDGE_CURVE('',#3598,#3608,#1359,.T.);
#4515=EDGE_CURVE('',#3608,#3609,#1360,.T.);
#4516=EDGE_CURVE('',#3599,#3609,#1361,.T.);
#4517=EDGE_CURVE('',#3597,#3610,#1362,.T.);
#4518=EDGE_CURVE('',#3610,#3608,#1363,.T.);
#4519=EDGE_CURVE('',#3596,#3611,#1364,.T.);
#4520=EDGE_CURVE('',#3611,#3610,#1365,.T.);
#4521=EDGE_CURVE('',#3595,#3612,#1366,.T.);
#4522=EDGE_CURVE('',#3612,#3611,#1367,.T.);
#4523=EDGE_CURVE('',#3594,#3613,#1368,.T.);
#4524=EDGE_CURVE('',#3613,#3612,#1369,.T.);
#4525=EDGE_CURVE('',#3593,#3614,#1370,.T.);
#4526=EDGE_CURVE('',#3614,#3613,#1371,.T.);
#4527=EDGE_CURVE('',#3592,#3615,#1372,.T.);
#4528=EDGE_CURVE('',#3615,#3614,#1373,.T.);
#4529=EDGE_CURVE('',#3591,#3616,#1374,.T.);
#4530=EDGE_CURVE('',#3616,#3615,#1375,.T.);
#4531=EDGE_CURVE('',#3589,#3617,#1376,.T.);
#4532=EDGE_CURVE('',#3617,#3616,#1377,.T.);
#4533=EDGE_CURVE('',#3590,#3618,#1378,.T.);
#4534=EDGE_CURVE('',#3618,#3617,#1379,.T.);
#4535=EDGE_CURVE('',#3607,#3619,#1380,.T.);
#4536=EDGE_CURVE('',#3619,#3618,#3277,.T.);
#4537=EDGE_CURVE('',#3606,#3620,#1381,.T.);
#4538=EDGE_CURVE('',#3620,#3619,#3278,.T.);
#4539=EDGE_CURVE('',#3605,#3621,#1382,.T.);
#4540=EDGE_CURVE('',#3621,#3620,#3279,.T.);
#4541=EDGE_CURVE('',#3604,#3622,#1383,.T.);
#4542=EDGE_CURVE('',#3622,#3621,#3280,.T.);
#4543=EDGE_CURVE('',#3603,#3623,#1384,.T.);
#4544=EDGE_CURVE('',#3623,#3622,#1385,.T.);
#4545=EDGE_CURVE('',#3602,#3624,#1386,.T.);
#4546=EDGE_CURVE('',#3624,#3623,#3281,.T.);
#4547=EDGE_CURVE('',#3601,#3625,#1387,.T.);
#4548=EDGE_CURVE('',#3625,#3624,#3282,.T.);
#4549=EDGE_CURVE('',#3600,#3626,#1388,.T.);
#4550=EDGE_CURVE('',#3626,#3625,#3283,.T.);
#4551=EDGE_CURVE('',#3609,#3626,#1389,.T.);
#4552=EDGE_CURVE('',#3627,#3628,#1390,.T.);
#4553=EDGE_CURVE('',#3629,#3627,#1391,.T.);
#4554=EDGE_CURVE('',#3630,#3629,#1392,.T.);
#4555=EDGE_CURVE('',#3628,#3630,#1393,.T.);
#4556=EDGE_CURVE('',#3631,#3632,#1394,.T.);
#4557=EDGE_CURVE('',#3632,#3628,#1395,.T.);
#4558=EDGE_CURVE('',#3631,#3630,#1396,.T.);
#4559=EDGE_CURVE('',#3633,#3631,#1397,.T.);
#4560=EDGE_CURVE('',#3633,#3629,#1398,.T.);
#4561=EDGE_CURVE('',#3634,#3633,#1399,.T.);
#4562=EDGE_CURVE('',#3634,#3627,#1400,.T.);
#4563=EDGE_CURVE('',#3632,#3634,#1401,.T.);
#4564=EDGE_CURVE('',#3635,#3636,#3284,.T.);
#4565=EDGE_CURVE('',#3637,#3635,#3285,.T.);
#4566=EDGE_CURVE('',#3638,#3637,#3286,.T.);
#4567=EDGE_CURVE('',#3639,#3638,#3287,.T.);
#4568=EDGE_CURVE('',#3640,#3639,#3288,.T.);
#4569=EDGE_CURVE('',#3641,#3640,#3289,.T.);
#4570=EDGE_CURVE('',#3642,#3641,#3290,.T.);
#4571=EDGE_CURVE('',#3643,#3642,#3291,.T.);
#4572=EDGE_CURVE('',#3644,#3643,#1402,.T.);
#4573=EDGE_CURVE('',#3645,#3644,#3292,.T.);
#4574=EDGE_CURVE('',#3646,#3645,#1403,.T.);
#4575=EDGE_CURVE('',#3647,#3646,#1404,.T.);
#4576=EDGE_CURVE('',#3648,#3647,#1405,.T.);
#4577=EDGE_CURVE('',#3649,#3648,#3293,.T.);
#4578=EDGE_CURVE('',#3650,#3649,#3294,.T.);
#4579=EDGE_CURVE('',#3651,#3650,#3295,.T.);
#4580=EDGE_CURVE('',#3652,#3651,#3296,.T.);
#4581=EDGE_CURVE('',#3653,#3652,#3297,.T.);
#4582=EDGE_CURVE('',#3654,#3653,#3298,.T.);
#4583=EDGE_CURVE('',#3655,#3654,#1406,.T.);
#4584=EDGE_CURVE('',#3656,#3655,#1407,.T.);
#4585=EDGE_CURVE('',#3657,#3656,#3299,.T.);
#4586=EDGE_CURVE('',#3658,#3657,#3300,.T.);
#4587=EDGE_CURVE('',#3659,#3658,#3301,.T.);
#4588=EDGE_CURVE('',#3660,#3659,#3302,.T.);
#4589=EDGE_CURVE('',#3636,#3660,#3303,.T.);
#4590=EDGE_CURVE('',#3661,#3662,#1408,.T.);
#4591=EDGE_CURVE('',#3663,#3661,#1409,.T.);
#4592=EDGE_CURVE('',#3664,#3663,#3304,.T.);
#4593=EDGE_CURVE('',#3665,#3664,#3305,.T.);
#4594=EDGE_CURVE('',#3666,#3665,#3306,.T.);
#4595=EDGE_CURVE('',#3667,#3666,#3307,.T.);
#4596=EDGE_CURVE('',#3668,#3667,#3308,.T.);
#4597=EDGE_CURVE('',#3662,#3668,#3309,.T.);
#4598=EDGE_CURVE('',#3665,#3669,#1410,.T.);
#4599=EDGE_CURVE('',#3669,#3670,#3310,.T.);
#4600=EDGE_CURVE('',#3666,#3670,#1411,.T.);
#4601=EDGE_CURVE('',#3664,#3671,#1412,.T.);
#4602=EDGE_CURVE('',#3671,#3669,#3311,.T.);
#4603=EDGE_CURVE('',#3663,#3672,#1413,.T.);
#4604=EDGE_CURVE('',#3672,#3671,#3312,.T.);
#4605=EDGE_CURVE('',#3661,#3673,#1414,.T.);
#4606=EDGE_CURVE('',#3673,#3672,#1415,.T.);
#4607=EDGE_CURVE('',#3648,#3674,#1416,.T.);
#4608=EDGE_CURVE('',#3674,#3675,#3313,.T.);
#4609=EDGE_CURVE('',#3649,#3675,#1417,.T.);
#4610=EDGE_CURVE('',#3647,#3676,#1418,.T.);
#4611=EDGE_CURVE('',#3676,#3674,#1419,.T.);
#4612=EDGE_CURVE('',#3646,#3677,#1420,.T.);
#4613=EDGE_CURVE('',#3677,#3676,#1421,.T.);
#4614=EDGE_CURVE('',#3645,#3678,#1422,.T.);
#4615=EDGE_CURVE('',#3678,#3677,#1423,.T.);
#4616=EDGE_CURVE('',#3644,#3679,#1424,.T.);
#4617=EDGE_CURVE('',#3679,#3678,#3314,.T.);
#4618=EDGE_CURVE('',#3643,#3680,#1425,.T.);
#4619=EDGE_CURVE('',#3680,#3679,#1426,.T.);
#4620=EDGE_CURVE('',#3642,#3681,#1427,.T.);
#4621=EDGE_CURVE('',#3681,#3680,#3315,.T.);
#4622=EDGE_CURVE('',#3641,#3682,#1428,.T.);
#4623=EDGE_CURVE('',#3682,#3681,#3316,.T.);
#4624=EDGE_CURVE('',#3640,#3683,#1429,.T.);
#4625=EDGE_CURVE('',#3683,#3682,#3317,.T.);
#4626=EDGE_CURVE('',#3639,#3684,#1430,.T.);
#4627=EDGE_CURVE('',#3684,#3683,#3318,.T.);
#4628=EDGE_CURVE('',#3638,#3685,#1431,.T.);
#4629=EDGE_CURVE('',#3685,#3684,#3319,.T.);
#4630=EDGE_CURVE('',#3637,#3686,#1432,.T.);
#4631=EDGE_CURVE('',#3686,#3685,#3320,.T.);
#4632=EDGE_CURVE('',#3635,#3687,#1433,.T.);
#4633=EDGE_CURVE('',#3687,#3686,#3321,.T.);
#4634=EDGE_CURVE('',#3662,#3688,#1434,.T.);
#4635=EDGE_CURVE('',#3688,#3673,#1435,.T.);
#4636=EDGE_CURVE('',#3668,#3689,#1436,.T.);
#4637=EDGE_CURVE('',#3689,#3688,#3322,.T.);
#4638=EDGE_CURVE('',#3667,#3690,#1437,.T.);
#4639=EDGE_CURVE('',#3690,#3689,#3323,.T.);
#4640=EDGE_CURVE('',#3670,#3690,#3324,.T.);
#4641=EDGE_CURVE('',#3636,#3691,#1438,.T.);
#4642=EDGE_CURVE('',#3691,#3687,#3325,.T.);
#4643=EDGE_CURVE('',#3660,#3692,#1439,.T.);
#4644=EDGE_CURVE('',#3692,#3691,#3326,.T.);
#4645=EDGE_CURVE('',#3659,#3693,#1440,.T.);
#4646=EDGE_CURVE('',#3693,#3692,#3327,.T.);
#4647=EDGE_CURVE('',#3658,#3694,#1441,.T.);
#4648=EDGE_CURVE('',#3694,#3693,#3328,.T.);
#4649=EDGE_CURVE('',#3657,#3695,#1442,.T.);
#4650=EDGE_CURVE('',#3695,#3694,#3329,.T.);
#4651=EDGE_CURVE('',#3656,#3696,#1443,.T.);
#4652=EDGE_CURVE('',#3696,#3695,#3330,.T.);
#4653=EDGE_CURVE('',#3655,#3697,#1444,.T.);
#4654=EDGE_CURVE('',#3697,#3696,#1445,.T.);
#4655=EDGE_CURVE('',#3654,#3698,#1446,.T.);
#4656=EDGE_CURVE('',#3698,#3697,#1447,.T.);
#4657=EDGE_CURVE('',#3653,#3699,#1448,.T.);
#4658=EDGE_CURVE('',#3699,#3698,#3331,.T.);
#4659=EDGE_CURVE('',#3652,#3700,#1449,.T.);
#4660=EDGE_CURVE('',#3700,#3699,#3332,.T.);
#4661=EDGE_CURVE('',#3651,#3701,#1450,.T.);
#4662=EDGE_CURVE('',#3701,#3700,#3333,.T.);
#4663=EDGE_CURVE('',#3650,#3702,#1451,.T.);
#4664=EDGE_CURVE('',#3702,#3701,#3334,.T.);
#4665=EDGE_CURVE('',#3675,#3702,#3335,.T.);
#4666=EDGE_CURVE('',#3703,#3704,#3336,.T.);
#4667=EDGE_CURVE('',#3705,#3703,#3337,.T.);
#4668=EDGE_CURVE('',#3706,#3705,#1452,.T.);
#4669=EDGE_CURVE('',#3707,#3706,#3338,.T.);
#4670=EDGE_CURVE('',#3708,#3707,#3339,.T.);
#4671=EDGE_CURVE('',#3709,#3708,#3340,.T.);
#4672=EDGE_CURVE('',#3710,#3709,#3341,.T.);
#4673=EDGE_CURVE('',#3711,#3710,#3342,.T.);
#4674=EDGE_CURVE('',#3712,#3711,#3343,.T.);
#4675=EDGE_CURVE('',#3713,#3712,#3344,.T.);
#4676=EDGE_CURVE('',#3714,#3713,#3345,.T.);
#4677=EDGE_CURVE('',#3715,#3714,#3346,.T.);
#4678=EDGE_CURVE('',#3716,#3715,#3347,.T.);
#4679=EDGE_CURVE('',#3717,#3716,#3348,.T.);
#4680=EDGE_CURVE('',#3718,#3717,#3349,.T.);
#4681=EDGE_CURVE('',#3719,#3718,#3350,.T.);
#4682=EDGE_CURVE('',#3720,#3719,#3351,.T.);
#4683=EDGE_CURVE('',#3721,#3720,#3352,.T.);
#4684=EDGE_CURVE('',#3722,#3721,#3353,.T.);
#4685=EDGE_CURVE('',#3723,#3722,#3354,.T.);
#4686=EDGE_CURVE('',#3724,#3723,#3355,.T.);
#4687=EDGE_CURVE('',#3704,#3724,#1453,.T.);
#4688=EDGE_CURVE('',#3725,#3726,#3356,.T.);
#4689=EDGE_CURVE('',#3727,#3725,#3357,.T.);
#4690=EDGE_CURVE('',#3728,#3727,#1454,.T.);
#4691=EDGE_CURVE('',#3729,#3728,#3358,.T.);
#4692=EDGE_CURVE('',#3730,#3729,#3359,.T.);
#4693=EDGE_CURVE('',#3731,#3730,#3360,.T.);
#4694=EDGE_CURVE('',#3732,#3731,#3361,.T.);
#4695=EDGE_CURVE('',#3733,#3732,#3362,.T.);
#4696=EDGE_CURVE('',#3734,#3733,#3363,.T.);
#4697=EDGE_CURVE('',#3735,#3734,#3364,.T.);
#4698=EDGE_CURVE('',#3736,#3735,#3365,.T.);
#4699=EDGE_CURVE('',#3737,#3736,#3366,.T.);
#4700=EDGE_CURVE('',#3738,#3737,#3367,.T.);
#4701=EDGE_CURVE('',#3739,#3738,#3368,.T.);
#4702=EDGE_CURVE('',#3740,#3739,#3369,.T.);
#4703=EDGE_CURVE('',#3741,#3740,#3370,.T.);
#4704=EDGE_CURVE('',#3742,#3741,#3371,.T.);
#4705=EDGE_CURVE('',#3743,#3742,#1455,.T.);
#4706=EDGE_CURVE('',#3744,#3743,#3372,.T.);
#4707=EDGE_CURVE('',#3726,#3744,#3373,.T.);
#4708=EDGE_CURVE('',#3745,#3746,#3374,.T.);
#4709=EDGE_CURVE('',#3746,#3726,#1456,.T.);
#4710=EDGE_CURVE('',#3745,#3744,#1457,.T.);
#4711=EDGE_CURVE('',#3747,#3745,#3375,.T.);
#4712=EDGE_CURVE('',#3747,#3743,#1458,.T.);
#4713=EDGE_CURVE('',#3748,#3747,#1459,.T.);
#4714=EDGE_CURVE('',#3748,#3742,#1460,.T.);
#4715=EDGE_CURVE('',#3749,#3748,#3376,.T.);
#4716=EDGE_CURVE('',#3749,#3741,#1461,.T.);
#4717=EDGE_CURVE('',#3750,#3749,#3377,.T.);
#4718=EDGE_CURVE('',#3750,#3740,#1462,.T.);
#4719=EDGE_CURVE('',#3751,#3750,#3378,.T.);
#4720=EDGE_CURVE('',#3751,#3739,#1463,.T.);
#4721=EDGE_CURVE('',#3752,#3751,#3379,.T.);
#4722=EDGE_CURVE('',#3752,#3738,#1464,.T.);
#4723=EDGE_CURVE('',#3753,#3752,#3380,.T.);
#4724=EDGE_CURVE('',#3753,#3737,#1465,.T.);
#4725=EDGE_CURVE('',#3754,#3753,#3381,.T.);
#4726=EDGE_CURVE('',#3754,#3736,#1466,.T.);
#4727=EDGE_CURVE('',#3755,#3754,#3382,.T.);
#4728=EDGE_CURVE('',#3755,#3735,#1467,.T.);
#4729=EDGE_CURVE('',#3756,#3757,#1468,.T.);
#4730=EDGE_CURVE('',#3757,#3704,#1469,.T.);
#4731=EDGE_CURVE('',#3756,#3724,#1470,.T.);
#4732=EDGE_CURVE('',#3758,#3756,#3383,.T.);
#4733=EDGE_CURVE('',#3758,#3723,#1471,.T.);
#4734=EDGE_CURVE('',#3759,#3758,#3384,.T.);
#4735=EDGE_CURVE('',#3759,#3722,#1472,.T.);
#4736=EDGE_CURVE('',#3760,#3759,#3385,.T.);
#4737=EDGE_CURVE('',#3760,#3721,#1473,.T.);
#4738=EDGE_CURVE('',#3761,#3760,#3386,.T.);
#4739=EDGE_CURVE('',#3761,#3720,#1474,.T.);
#4740=EDGE_CURVE('',#3762,#3761,#3387,.T.);
#4741=EDGE_CURVE('',#3762,#3719,#1475,.T.);
#4742=EDGE_CURVE('',#3763,#3762,#3388,.T.);
#4743=EDGE_CURVE('',#3763,#3718,#1476,.T.);
#4744=EDGE_CURVE('',#3764,#3763,#3389,.T.);
#4745=EDGE_CURVE('',#3764,#3717,#1477,.T.);
#4746=EDGE_CURVE('',#3765,#3764,#3390,.T.);
#4747=EDGE_CURVE('',#3765,#3716,#1478,.T.);
#4748=EDGE_CURVE('',#3766,#3765,#3391,.T.);
#4749=EDGE_CURVE('',#3766,#3715,#1479,.T.);
#4750=EDGE_CURVE('',#3767,#3766,#3392,.T.);
#4751=EDGE_CURVE('',#3767,#3714,#1480,.T.);
#4752=EDGE_CURVE('',#3768,#3755,#3393,.T.);
#4753=EDGE_CURVE('',#3768,#3734,#1481,.T.);
#4754=EDGE_CURVE('',#3769,#3768,#3394,.T.);
#4755=EDGE_CURVE('',#3769,#3733,#1482,.T.);
#4756=EDGE_CURVE('',#3770,#3769,#3395,.T.);
#4757=EDGE_CURVE('',#3770,#3732,#1483,.T.);
#4758=EDGE_CURVE('',#3771,#3770,#3396,.T.);
#4759=EDGE_CURVE('',#3771,#3731,#1484,.T.);
#4760=EDGE_CURVE('',#3772,#3771,#3397,.T.);
#4761=EDGE_CURVE('',#3772,#3730,#1485,.T.);
#4762=EDGE_CURVE('',#3773,#3772,#3398,.T.);
#4763=EDGE_CURVE('',#3773,#3729,#1486,.T.);
#4764=EDGE_CURVE('',#3774,#3773,#3399,.T.);
#4765=EDGE_CURVE('',#3774,#3728,#1487,.T.);
#4766=EDGE_CURVE('',#3775,#3774,#1488,.T.);
#4767=EDGE_CURVE('',#3775,#3727,#1489,.T.);
#4768=EDGE_CURVE('',#3776,#3775,#3400,.T.);
#4769=EDGE_CURVE('',#3776,#3725,#1490,.T.);
#4770=EDGE_CURVE('',#3746,#3776,#3401,.T.);
#4771=EDGE_CURVE('',#3777,#3767,#3402,.T.);
#4772=EDGE_CURVE('',#3777,#3713,#1491,.T.);
#4773=EDGE_CURVE('',#3778,#3777,#3403,.T.);
#4774=EDGE_CURVE('',#3778,#3712,#1492,.T.);
#4775=EDGE_CURVE('',#3779,#3778,#3404,.T.);
#4776=EDGE_CURVE('',#3779,#3711,#1493,.T.);
#4777=EDGE_CURVE('',#3780,#3779,#3405,.T.);
#4778=EDGE_CURVE('',#3780,#3710,#1494,.T.);
#4779=EDGE_CURVE('',#3781,#3780,#3406,.T.);
#4780=EDGE_CURVE('',#3781,#3709,#1495,.T.);
#4781=EDGE_CURVE('',#3782,#3781,#3407,.T.);
#4782=EDGE_CURVE('',#3782,#3708,#1496,.T.);
#4783=EDGE_CURVE('',#3783,#3782,#3408,.T.);
#4784=EDGE_CURVE('',#3783,#3707,#1497,.T.);
#4785=EDGE_CURVE('',#3784,#3783,#3409,.T.);
#4786=EDGE_CURVE('',#3784,#3706,#1498,.T.);
#4787=EDGE_CURVE('',#3785,#3784,#1499,.T.);
#4788=EDGE_CURVE('',#3785,#3705,#1500,.T.);
#4789=EDGE_CURVE('',#3786,#3785,#3410,.T.);
#4790=EDGE_CURVE('',#3786,#3703,#1501,.T.);
#4791=EDGE_CURVE('',#3757,#3786,#3411,.T.);
#4792=EDGE_CURVE('',#3787,#3787,#3412,.T.);
#4793=EDGE_CURVE('',#3788,#3788,#3413,.T.);
#4794=EDGE_CURVE('',#3789,#3790,#1502,.T.);
#4795=EDGE_CURVE('',#3791,#3789,#1503,.T.);
#4796=EDGE_CURVE('',#3792,#3791,#1504,.T.);
#4797=EDGE_CURVE('',#3790,#3792,#1505,.T.);
#4798=EDGE_CURVE('',#3791,#3793,#1506,.T.);
#4799=EDGE_CURVE('',#3793,#3794,#1507,.T.);
#4800=EDGE_CURVE('',#3792,#3794,#1508,.T.);
#4801=EDGE_CURVE('',#3789,#3795,#1509,.T.);
#4802=EDGE_CURVE('',#3795,#3793,#1510,.T.);
#4803=EDGE_CURVE('',#3790,#3796,#1511,.T.);
#4804=EDGE_CURVE('',#3796,#3795,#1512,.T.);
#4805=EDGE_CURVE('',#3794,#3796,#1513,.T.);
#4806=EDGE_CURVE('',#3797,#3798,#3414,.T.);
#4807=EDGE_CURVE('',#3798,#3799,#1514,.T.);
#4808=EDGE_CURVE('',#3799,#3800,#3415,.T.);
#4809=EDGE_CURVE('',#3797,#3800,#1515,.T.);
#4810=EDGE_CURVE('',#3801,#3799,#3416,.T.);
#4811=EDGE_CURVE('',#3802,#3801,#3417,.T.);
#4812=EDGE_CURVE('',#3803,#3802,#3418,.T.);
#4813=EDGE_CURVE('',#3804,#3803,#3419,.T.);
#4814=EDGE_CURVE('',#3805,#3804,#3420,.T.);
#4815=EDGE_CURVE('',#3806,#3805,#3421,.T.);
#4816=EDGE_CURVE('',#3807,#3806,#3422,.T.);
#4817=EDGE_CURVE('',#3808,#3807,#3423,.T.);
#4818=EDGE_CURVE('',#3809,#3808,#1516,.T.);
#4819=EDGE_CURVE('',#3810,#3809,#1517,.T.);
#4820=EDGE_CURVE('',#3811,#3810,#3424,.T.);
#4821=EDGE_CURVE('',#3812,#3811,#3425,.T.);
#4822=EDGE_CURVE('',#3813,#3812,#3426,.T.);
#4823=EDGE_CURVE('',#3814,#3813,#1518,.T.);
#4824=EDGE_CURVE('',#3815,#3814,#3427,.T.);
#4825=EDGE_CURVE('',#3816,#3815,#3428,.T.);
#4826=EDGE_CURVE('',#3817,#3816,#3429,.T.);
#4827=EDGE_CURVE('',#3818,#3817,#3430,.T.);
#4828=EDGE_CURVE('',#3819,#3818,#3431,.T.);
#4829=EDGE_CURVE('',#3820,#3819,#3432,.T.);
#4830=EDGE_CURVE('',#3821,#3820,#3433,.T.);
#4831=EDGE_CURVE('',#3822,#3821,#3434,.T.);
#4832=EDGE_CURVE('',#3823,#3822,#3435,.T.);
#4833=EDGE_CURVE('',#3800,#3823,#3436,.T.);
#4834=EDGE_CURVE('',#3824,#3797,#3437,.T.);
#4835=EDGE_CURVE('',#3824,#3823,#1519,.T.);
#4836=EDGE_CURVE('',#3825,#3824,#3438,.T.);
#4837=EDGE_CURVE('',#3825,#3822,#1520,.T.);
#4838=EDGE_CURVE('',#3826,#3825,#3439,.T.);
#4839=EDGE_CURVE('',#3826,#3821,#1521,.T.);
#4840=EDGE_CURVE('',#3827,#3826,#3440,.T.);
#4841=EDGE_CURVE('',#3827,#3820,#1522,.T.);
#4842=EDGE_CURVE('',#3828,#3827,#3441,.T.);
#4843=EDGE_CURVE('',#3828,#3819,#1523,.T.);
#4844=EDGE_CURVE('',#3829,#3828,#3442,.T.);
#4845=EDGE_CURVE('',#3829,#3818,#1524,.T.);
#4846=EDGE_CURVE('',#3830,#3829,#3443,.T.);
#4847=EDGE_CURVE('',#3830,#3817,#1525,.T.);
#4848=EDGE_CURVE('',#3831,#3830,#3444,.T.);
#4849=EDGE_CURVE('',#3831,#3816,#1526,.T.);
#4850=EDGE_CURVE('',#3832,#3831,#3445,.T.);
#4851=EDGE_CURVE('',#3832,#3815,#1527,.T.);
#4852=EDGE_CURVE('',#3833,#3832,#3446,.T.);
#4853=EDGE_CURVE('',#3833,#3814,#1528,.T.);
#4854=EDGE_CURVE('',#3834,#3833,#1529,.T.);
#4855=EDGE_CURVE('',#3834,#3813,#1530,.T.);
#4856=EDGE_CURVE('',#3835,#3834,#3447,.T.);
#4857=EDGE_CURVE('',#3835,#3812,#1531,.T.);
#4858=EDGE_CURVE('',#3836,#3835,#3448,.T.);
#4859=EDGE_CURVE('',#3836,#3811,#1532,.T.);
#4860=EDGE_CURVE('',#3837,#3836,#3449,.T.);
#4861=EDGE_CURVE('',#3837,#3810,#1533,.T.);
#4862=EDGE_CURVE('',#3838,#3837,#1534,.T.);
#4863=EDGE_CURVE('',#3838,#3809,#1535,.T.);
#4864=EDGE_CURVE('',#3839,#3838,#1536,.T.);
#4865=EDGE_CURVE('',#3839,#3808,#1537,.T.);
#4866=EDGE_CURVE('',#3840,#3839,#3450,.T.);
#4867=EDGE_CURVE('',#3840,#3807,#1538,.T.);
#4868=EDGE_CURVE('',#3841,#3840,#3451,.T.);
#4869=EDGE_CURVE('',#3841,#3806,#1539,.T.);
#4870=EDGE_CURVE('',#3842,#3841,#3452,.T.);
#4871=EDGE_CURVE('',#3842,#3805,#1540,.T.);
#4872=EDGE_CURVE('',#3843,#3842,#3453,.T.);
#4873=EDGE_CURVE('',#3843,#3804,#1541,.T.);
#4874=EDGE_CURVE('',#3844,#3843,#3454,.T.);
#4875=EDGE_CURVE('',#3844,#3803,#1542,.T.);
#4876=EDGE_CURVE('',#3845,#3844,#3455,.T.);
#4877=EDGE_CURVE('',#3845,#3802,#1543,.T.);
#4878=EDGE_CURVE('',#3846,#3845,#3456,.T.);
#4879=EDGE_CURVE('',#3846,#3801,#1544,.T.);
#4880=EDGE_CURVE('',#3798,#3846,#3457,.T.);
#4881=EDGE_CURVE('',#3847,#3848,#1545,.T.);
#4882=EDGE_CURVE('',#3847,#3849,#1546,.T.);
#4883=EDGE_CURVE('',#3849,#3850,#1547,.T.);
#4884=EDGE_CURVE('',#3850,#3848,#1548,.T.);
#4885=EDGE_CURVE('',#3848,#3851,#1549,.T.);
#4886=EDGE_CURVE('',#3852,#3850,#1550,.T.);
#4887=EDGE_CURVE('',#3853,#3852,#1551,.T.);
#4888=EDGE_CURVE('',#3854,#3853,#1552,.T.);
#4889=EDGE_CURVE('',#3851,#3854,#1553,.T.);
#4890=EDGE_CURVE('',#3855,#3847,#1554,.T.);
#4891=EDGE_CURVE('',#3856,#3855,#1555,.T.);
#4892=EDGE_CURVE('',#3857,#3856,#1556,.T.);
#4893=EDGE_CURVE('',#3858,#3857,#1557,.T.);
#4894=EDGE_CURVE('',#3858,#3849,#1558,.T.);
#4895=EDGE_CURVE('',#3852,#3858,#1559,.T.);
#4896=EDGE_CURVE('',#3854,#3856,#1560,.T.);
#4897=EDGE_CURVE('',#3853,#3857,#1561,.T.);
#4898=EDGE_CURVE('',#3859,#3860,#1562,.T.);
#4899=EDGE_CURVE('',#3859,#3861,#1563,.T.);
#4900=EDGE_CURVE('',#3861,#3862,#1564,.T.);
#4901=EDGE_CURVE('',#3862,#3860,#1565,.T.);
#4902=EDGE_CURVE('',#3860,#3863,#1566,.T.);
#4903=EDGE_CURVE('',#3864,#3862,#1567,.T.);
#4904=EDGE_CURVE('',#3865,#3864,#1568,.T.);
#4905=EDGE_CURVE('',#3866,#3865,#1569,.T.);
#4906=EDGE_CURVE('',#3863,#3866,#1570,.T.);
#4907=EDGE_CURVE('',#3867,#3859,#1571,.T.);
#4908=EDGE_CURVE('',#3868,#3867,#1572,.T.);
#4909=EDGE_CURVE('',#3869,#3868,#1573,.T.);
#4910=EDGE_CURVE('',#3870,#3869,#1574,.T.);
#4911=EDGE_CURVE('',#3870,#3861,#1575,.T.);
#4912=EDGE_CURVE('',#3864,#3870,#1576,.T.);
#4913=EDGE_CURVE('',#3866,#3868,#1577,.T.);
#4914=EDGE_CURVE('',#3865,#3869,#1578,.T.);
#4915=EDGE_CURVE('',#3871,#3872,#1579,.T.);
#4916=EDGE_CURVE('',#3871,#3873,#1580,.T.);
#4917=EDGE_CURVE('',#3874,#3873,#1581,.T.);
#4918=EDGE_CURVE('',#3872,#3874,#1582,.T.);
#4919=EDGE_CURVE('',#3872,#3875,#1583,.T.);
#4920=EDGE_CURVE('',#3876,#3874,#1584,.T.);
#4921=EDGE_CURVE('',#3875,#3876,#1585,.T.);
#4922=EDGE_CURVE('',#3877,#3878,#1586,.T.);
#4923=EDGE_CURVE('',#3879,#3877,#1587,.T.);
#4924=EDGE_CURVE('',#3880,#3879,#1588,.T.);
#4925=EDGE_CURVE('',#3878,#3880,#1589,.T.);
#4926=EDGE_CURVE('',#3880,#3881,#1590,.T.);
#4927=EDGE_CURVE('',#3882,#3879,#1591,.T.);
#4928=EDGE_CURVE('',#3881,#3882,#1592,.T.);
#4929=EDGE_CURVE('',#3881,#3883,#1593,.T.);
#4930=EDGE_CURVE('',#3884,#3882,#1594,.T.);
#4931=EDGE_CURVE('',#3883,#3884,#1595,.T.);
#4932=EDGE_CURVE('',#3885,#3886,#1596,.T.);
#4933=EDGE_CURVE('',#3887,#3885,#1597,.T.);
#4934=EDGE_CURVE('',#3888,#3887,#1598,.T.);
#4935=EDGE_CURVE('',#3886,#3888,#1599,.T.);
#4936=EDGE_CURVE('',#3888,#3889,#1600,.T.);
#4937=EDGE_CURVE('',#3890,#3887,#1601,.T.);
#4938=EDGE_CURVE('',#3889,#3890,#1602,.T.);
#4939=EDGE_CURVE('',#3889,#3891,#1603,.T.);
#4940=EDGE_CURVE('',#3892,#3890,#1604,.T.);
#4941=EDGE_CURVE('',#3891,#3892,#1605,.T.);
#4942=EDGE_CURVE('',#3893,#3894,#1606,.T.);
#4943=EDGE_CURVE('',#3895,#3893,#1607,.T.);
#4944=EDGE_CURVE('',#3896,#3895,#1608,.T.);
#4945=EDGE_CURVE('',#3894,#3896,#1609,.T.);
#4946=EDGE_CURVE('',#3896,#3897,#1610,.T.);
#4947=EDGE_CURVE('',#3898,#3895,#1611,.T.);
#4948=EDGE_CURVE('',#3897,#3898,#1612,.T.);
#4949=EDGE_CURVE('',#3897,#3899,#1613,.T.);
#4950=EDGE_CURVE('',#3900,#3898,#1614,.T.);
#4951=EDGE_CURVE('',#3899,#3900,#1615,.T.);
#4952=EDGE_CURVE('',#3901,#3902,#1616,.T.);
#4953=EDGE_CURVE('',#3903,#3901,#1617,.T.);
#4954=EDGE_CURVE('',#3904,#3903,#1618,.T.);
#4955=EDGE_CURVE('',#3905,#3904,#1619,.T.);
#4956=EDGE_CURVE('',#3906,#3905,#1620,.T.);
#4957=EDGE_CURVE('',#3902,#3906,#1621,.T.);
#4958=EDGE_CURVE('',#3907,#3908,#1622,.T.);
#4959=EDGE_CURVE('',#3909,#3907,#1623,.T.);
#4960=EDGE_CURVE('',#3909,#3910,#1624,.T.);
#4961=EDGE_CURVE('',#3908,#3910,#1625,.T.);
#4962=EDGE_CURVE('',#3911,#3912,#1626,.T.);
#4963=EDGE_CURVE('',#3913,#3911,#1627,.T.);
#4964=EDGE_CURVE('',#3913,#3914,#1628,.T.);
#4965=EDGE_CURVE('',#3912,#3914,#1629,.T.);
#4966=EDGE_CURVE('',#3915,#3916,#1630,.T.);
#4967=EDGE_CURVE('',#3917,#3915,#1631,.T.);
#4968=EDGE_CURVE('',#3918,#3917,#1632,.T.);
#4969=EDGE_CURVE('',#3916,#3918,#1633,.T.);
#4970=EDGE_CURVE('',#3919,#3871,#1634,.T.);
#4971=EDGE_CURVE('',#3920,#3919,#1635,.T.);
#4972=EDGE_CURVE('',#3873,#3920,#1636,.T.);
#4973=EDGE_CURVE('',#3921,#3922,#1637,.T.);
#4974=EDGE_CURVE('',#3922,#3923,#1638,.T.);
#4975=EDGE_CURVE('',#3923,#3924,#1639,.T.);
#4976=EDGE_CURVE('',#3924,#3921,#1640,.T.);
#4977=EDGE_CURVE('',#3925,#3921,#1641,.T.);
#4978=EDGE_CURVE('',#3925,#3926,#1642,.T.);
#4979=EDGE_CURVE('',#3922,#3926,#1643,.T.);
#4980=EDGE_CURVE('',#3912,#3920,#1644,.T.);
#4981=EDGE_CURVE('',#3914,#3918,#1645,.T.);
#4982=EDGE_CURVE('',#3908,#3917,#1646,.T.);
#4983=EDGE_CURVE('',#3910,#3927,#1647,.T.);
#4984=EDGE_CURVE('',#3927,#3928,#1648,.T.);
#4985=EDGE_CURVE('',#3928,#3929,#1649,.T.);
#4986=EDGE_CURVE('',#3929,#3930,#1650,.T.);
#4987=EDGE_CURVE('',#3930,#3931,#1651,.T.);
#4988=EDGE_CURVE('',#3931,#3932,#1652,.T.);
#4989=EDGE_CURVE('',#3932,#3933,#1653,.T.);
#4990=EDGE_CURVE('',#3933,#3934,#25,.T.);
#4991=EDGE_CURVE('',#3934,#3935,#1654,.T.);
#4992=EDGE_CURVE('',#3935,#3936,#1655,.T.);
#4993=EDGE_CURVE('',#3937,#3936,#1656,.T.);
#4994=EDGE_CURVE('',#3938,#3937,#26,.T.);
#4995=EDGE_CURVE('',#3938,#3939,#1657,.T.);
#4996=EDGE_CURVE('',#3939,#3940,#1658,.T.);
#4997=EDGE_CURVE('',#3940,#3941,#1659,.T.);
#4998=EDGE_CURVE('',#3941,#3923,#1660,.T.);
#4999=EDGE_CURVE('',#3926,#3942,#1661,.T.);
#5000=EDGE_CURVE('',#3942,#3943,#1662,.T.);
#5001=EDGE_CURVE('',#3943,#3903,#1663,.T.);
#5002=EDGE_CURVE('',#3900,#3901,#1664,.T.);
#5003=EDGE_CURVE('',#3892,#3893,#1665,.T.);
#5004=EDGE_CURVE('',#3884,#3885,#1666,.T.);
#5005=EDGE_CURVE('',#3876,#3877,#1667,.T.);
#5006=EDGE_CURVE('',#3944,#3928,#1668,.T.);
#5007=EDGE_CURVE('',#3945,#3944,#1669,.T.);
#5008=EDGE_CURVE('',#3945,#3929,#1670,.T.);
#5009=EDGE_CURVE('',#3945,#3946,#1671,.T.);
#5010=EDGE_CURVE('',#3946,#3930,#1672,.T.);
#5011=EDGE_CURVE('',#3916,#3913,#1673,.T.);
#5012=EDGE_CURVE('',#3947,#3909,#1674,.T.);
#5013=EDGE_CURVE('',#3947,#3927,#1675,.T.);
#5014=EDGE_CURVE('',#3948,#3947,#1676,.T.);
#5015=EDGE_CURVE('',#3949,#3948,#1677,.T.);
#5016=EDGE_CURVE('',#3944,#3949,#1678,.T.);
#5017=EDGE_CURVE('',#3950,#3946,#1679,.T.);
#5018=EDGE_CURVE('',#3950,#3931,#1680,.T.);
#5019=EDGE_CURVE('',#3951,#3950,#1681,.T.);
#5020=EDGE_CURVE('',#3951,#3932,#1682,.T.);
#5021=EDGE_CURVE('',#3952,#3951,#1683,.T.);
#5022=EDGE_CURVE('',#3952,#3953,#1684,.T.);
#5023=EDGE_CURVE('',#3933,#3953,#1685,.T.);
#5024=EDGE_CURVE('',#3953,#3954,#1686,.T.);
#5025=EDGE_CURVE('',#3955,#3952,#1687,.T.);
#5026=EDGE_CURVE('',#3955,#3954,#1688,.T.);
#5027=EDGE_CURVE('',#3954,#3935,#1689,.T.);
#5028=EDGE_CURVE('',#3956,#3955,#1690,.T.);
#5029=EDGE_CURVE('',#3956,#3957,#1691,.T.);
#5030=EDGE_CURVE('',#3936,#3957,#1692,.T.);
#5031=EDGE_CURVE('',#3957,#3958,#1693,.T.);
#5032=EDGE_CURVE('',#3959,#3956,#1694,.T.);
#5033=EDGE_CURVE('',#3959,#3958,#1695,.T.);
#5034=EDGE_CURVE('',#3958,#3938,#1696,.T.);
#5035=EDGE_CURVE('',#3960,#3959,#1697,.T.);
#5036=EDGE_CURVE('',#3960,#3939,#1698,.T.);
#5037=EDGE_CURVE('',#3961,#3942,#1699,.T.);
#5038=EDGE_CURVE('',#3962,#3961,#1700,.T.);
#5039=EDGE_CURVE('',#3962,#3943,#1701,.T.);
#5040=EDGE_CURVE('',#3904,#3962,#1702,.T.);
#5041=EDGE_CURVE('',#3963,#3948,#1703,.T.);
#5042=EDGE_CURVE('',#3963,#3964,#1704,.T.);
#5043=EDGE_CURVE('',#3964,#3949,#1705,.T.);
#5044=EDGE_CURVE('',#3906,#3965,#1706,.T.);
#5045=EDGE_CURVE('',#3905,#3966,#1707,.T.);
#5046=EDGE_CURVE('',#3965,#3966,#1708,.T.);
#5047=EDGE_CURVE('',#3965,#3967,#1709,.T.);
#5048=EDGE_CURVE('',#3966,#3968,#1710,.T.);
#5049=EDGE_CURVE('',#3967,#3968,#1711,.T.);
#5050=EDGE_CURVE('',#3967,#3969,#1712,.T.);
#5051=EDGE_CURVE('',#3968,#3970,#1713,.T.);
#5052=EDGE_CURVE('',#3969,#3970,#1714,.T.);
#5053=EDGE_CURVE('',#3969,#3971,#1715,.T.);
#5054=EDGE_CURVE('',#3970,#3972,#1716,.T.);
#5055=EDGE_CURVE('',#3971,#3972,#1717,.T.);
#5056=EDGE_CURVE('',#3971,#3973,#1718,.T.);
#5057=EDGE_CURVE('',#3972,#3974,#1719,.T.);
#5058=EDGE_CURVE('',#3973,#3974,#1720,.T.);
#5059=EDGE_CURVE('',#3973,#3975,#1721,.T.);
#5060=EDGE_CURVE('',#3974,#3976,#1722,.T.);
#5061=EDGE_CURVE('',#3975,#3976,#1723,.T.);
#5062=EDGE_CURVE('',#3975,#3977,#1724,.T.);
#5063=EDGE_CURVE('',#3976,#3978,#1725,.T.);
#5064=EDGE_CURVE('',#3977,#3978,#1726,.T.);
#5065=EDGE_CURVE('',#3977,#3979,#1727,.T.);
#5066=EDGE_CURVE('',#3978,#3980,#1728,.T.);
#5067=EDGE_CURVE('',#3979,#3980,#1729,.T.);
#5068=EDGE_CURVE('',#3979,#3981,#1730,.T.);
#5069=EDGE_CURVE('',#3980,#3982,#1731,.T.);
#5070=EDGE_CURVE('',#3981,#3982,#1732,.T.);
#5071=EDGE_CURVE('',#3981,#3963,#1733,.T.);
#5072=EDGE_CURVE('',#3982,#3964,#1734,.T.);
#5073=EDGE_CURVE('',#3924,#3983,#1735,.T.);
#5074=EDGE_CURVE('',#3983,#3984,#1736,.T.);
#5075=EDGE_CURVE('',#3984,#3960,#1737,.T.);
#5076=EDGE_CURVE('',#3961,#3925,#1738,.T.);
#5077=EDGE_CURVE('',#3984,#3940,#1739,.T.);
#5078=EDGE_CURVE('',#3983,#3941,#1740,.T.);
#5079=EDGE_CURVE('',#3985,#3986,#1741,.T.);
#5080=EDGE_CURVE('',#3985,#3987,#1742,.T.);
#5081=EDGE_CURVE('',#3988,#3987,#1743,.T.);
#5082=EDGE_CURVE('',#3988,#3989,#1744,.T.);
#5083=EDGE_CURVE('',#3990,#3989,#1745,.T.);
#5084=EDGE_CURVE('',#3986,#3990,#1746,.T.);
#5085=EDGE_CURVE('',#3991,#3985,#1747,.T.);
#5086=EDGE_CURVE('',#3992,#3991,#1748,.T.);
#5087=EDGE_CURVE('',#3992,#3987,#1749,.T.);
#5088=EDGE_CURVE('',#3992,#3993,#1750,.T.);
#5089=EDGE_CURVE('',#3993,#3988,#1751,.T.);
#5090=EDGE_CURVE('',#3994,#3990,#1752,.T.);
#5091=EDGE_CURVE('',#3989,#3995,#1753,.T.);
#5092=EDGE_CURVE('',#3995,#3994,#1754,.T.);
#5093=EDGE_CURVE('',#3993,#3995,#1755,.T.);
#5094=EDGE_CURVE('',#3996,#3991,#1756,.T.);
#5095=EDGE_CURVE('',#3994,#3996,#1757,.T.);
#5096=EDGE_CURVE('',#3894,#3899,#1758,.T.);
#5097=EDGE_CURVE('',#3893,#3900,#1759,.T.);
#5098=EDGE_CURVE('',#3886,#3891,#1760,.T.);
#5099=EDGE_CURVE('',#3885,#3892,#1761,.T.);
#5100=EDGE_CURVE('',#3997,#3908,#1762,.T.);
#5101=EDGE_CURVE('',#3998,#3997,#1763,.T.);
#5102=EDGE_CURVE('',#3998,#3907,#1764,.T.);
#5103=EDGE_CURVE('',#3878,#3883,#1765,.T.);
#5104=EDGE_CURVE('',#3877,#3884,#1766,.T.);
#5105=EDGE_CURVE('',#3917,#3912,#1767,.T.);
#5106=EDGE_CURVE('',#3915,#3911,#1768,.T.);
#5107=EDGE_CURVE('',#3919,#3875,#1769,.T.);
#5108=EDGE_CURVE('',#3920,#3876,#1770,.T.);
#5109=EDGE_CURVE('',#3863,#3999,#1771,.T.);
#5110=EDGE_CURVE('',#4000,#3999,#1772,.T.);
#5111=EDGE_CURVE('',#3860,#4000,#1773,.T.);
#5112=EDGE_CURVE('',#3851,#3867,#1774,.T.);
#5113=EDGE_CURVE('',#3848,#3859,#1775,.T.);
#5114=EDGE_CURVE('',#3901,#3847,#1776,.T.);
#5115=EDGE_CURVE('',#3902,#3855,#1777,.T.);
#5116=EDGE_CURVE('',#4001,#3996,#1778,.T.);
#5117=EDGE_CURVE('',#4002,#4001,#1779,.T.);
#5118=EDGE_CURVE('',#4002,#3994,#1780,.T.);
#5119=EDGE_CURVE('',#3990,#4003,#1781,.T.);
#5120=EDGE_CURVE('',#4004,#4003,#1782,.T.);
#5121=EDGE_CURVE('',#3986,#4004,#1783,.T.);
#5122=EDGE_CURVE('',#4005,#4005,#3458,.T.);
#5123=EDGE_CURVE('',#4006,#4006,#3459,.T.);
#5124=EDGE_CURVE('',#4007,#4007,#3460,.T.);
#5125=EDGE_CURVE('',#4008,#3938,#27,.T.);
#5126=EDGE_CURVE('',#4009,#4008,#1784,.T.);
#5127=EDGE_CURVE('',#4010,#4009,#3461,.T.);
#5128=EDGE_CURVE('',#4010,#4011,#1785,.T.);
#5129=EDGE_CURVE('',#4012,#4011,#3462,.T.);
#5130=EDGE_CURVE('',#4013,#4012,#1786,.T.);
#5131=EDGE_CURVE('',#4014,#4013,#28,.T.);
#5132=EDGE_CURVE('',#3936,#4014,#1787,.T.);
#5133=EDGE_CURVE('',#4015,#4013,#1788,.T.);
#5134=EDGE_CURVE('',#4016,#4015,#29,.T.);
#5135=EDGE_CURVE('',#4016,#4014,#1789,.T.);
#5136=EDGE_CURVE('',#4017,#4012,#30,.T.);
#5137=EDGE_CURVE('',#4018,#4017,#1790,.T.);
#5138=EDGE_CURVE('',#4015,#4018,#1791,.T.);
#5139=EDGE_CURVE('',#4011,#4019,#31,.T.);
#5140=EDGE_CURVE('',#4019,#4017,#32,.T.);
#5141=EDGE_CURVE('',#4020,#4021,#1792,.T.);
#5142=EDGE_CURVE('',#4022,#4020,#1793,.T.);
#5143=EDGE_CURVE('',#4022,#4011,#1794,.T.);
#5144=EDGE_CURVE('',#4010,#4023,#1795,.T.);
#5145=EDGE_CURVE('',#4021,#4023,#1796,.T.);
#5146=EDGE_CURVE('',#4024,#3998,#3463,.T.);
#5147=EDGE_CURVE('',#4024,#4025,#1797,.T.);
#5148=EDGE_CURVE('',#4001,#4025,#3464,.T.);
#5149=EDGE_CURVE('',#4020,#4004,#3465,.T.);
#5150=EDGE_CURVE('',#3999,#4021,#3466,.T.);
#5151=EDGE_CURVE('',#4026,#3933,#33,.T.);
#5152=EDGE_CURVE('',#4027,#4026,#1798,.T.);
#5153=EDGE_CURVE('',#4028,#4027,#34,.T.);
#5154=EDGE_CURVE('',#4028,#3934,#1799,.T.);
#5155=EDGE_CURVE('',#4029,#4026,#1800,.T.);
#5156=EDGE_CURVE('',#4030,#4029,#35,.T.);
#5157=EDGE_CURVE('',#4031,#4030,#1801,.T.);
#5158=EDGE_CURVE('',#4027,#4031,#1802,.T.);
#5159=EDGE_CURVE('',#4032,#4029,#3467,.T.);
#5160=EDGE_CURVE('',#4032,#4033,#36,.T.);
#5161=EDGE_CURVE('',#4033,#4030,#37,.T.);
#5162=EDGE_CURVE('',#4034,#4035,#1803,.T.);
#5163=EDGE_CURVE('',#4036,#4035,#3468,.T.);
#5164=EDGE_CURVE('',#4036,#4037,#1804,.T.);
#5165=EDGE_CURVE('',#4038,#4037,#38,.T.);
#5166=EDGE_CURVE('',#4034,#4038,#39,.T.);
#5167=EDGE_CURVE('',#4032,#4039,#1805,.T.);
#5168=EDGE_CURVE('',#4040,#4039,#40,.T.);
#5169=EDGE_CURVE('',#4035,#4040,#1806,.T.);
#5170=EDGE_CURVE('',#4033,#4034,#1807,.T.);
#5171=EDGE_CURVE('',#4041,#4002,#41,.T.);
#5172=EDGE_CURVE('',#4025,#4042,#1808,.T.);
#5173=EDGE_CURVE('',#4042,#4043,#42,.T.);
#5174=EDGE_CURVE('',#4043,#4041,#43,.T.);
#5175=EDGE_CURVE('',#4044,#4041,#1809,.T.);
#5176=EDGE_CURVE('',#4045,#4044,#1810,.T.);
#5177=EDGE_CURVE('',#4046,#4045,#1811,.T.);
#5178=EDGE_CURVE('',#4003,#4046,#44,.T.);
#5179=EDGE_CURVE('',#4043,#4047,#1812,.T.);
#5180=EDGE_CURVE('',#4044,#4047,#3469,.T.);
#5181=EDGE_CURVE('',#4046,#4048,#45,.T.);
#5182=EDGE_CURVE('',#4048,#4022,#46,.T.);
#5183=EDGE_CURVE('',#4049,#4045,#3470,.T.);
#5184=EDGE_CURVE('',#4049,#4048,#1813,.T.);
#5185=EDGE_CURVE('',#4050,#4000,#47,.T.);
#5186=EDGE_CURVE('',#4023,#4051,#48,.T.);
#5187=EDGE_CURVE('',#4051,#4050,#49,.T.);
#5188=EDGE_CURVE('',#4052,#4050,#1814,.T.);
#5189=EDGE_CURVE('',#4053,#4052,#1815,.T.);
#5190=EDGE_CURVE('',#4054,#4053,#1816,.T.);
#5191=EDGE_CURVE('',#3997,#4054,#50,.T.);
#5192=EDGE_CURVE('',#4051,#4055,#1817,.T.);
#5193=EDGE_CURVE('',#4052,#4055,#3471,.T.);
#5194=EDGE_CURVE('',#4054,#4040,#51,.T.);
#5195=EDGE_CURVE('',#4039,#4024,#1818,.T.);
#5196=EDGE_CURVE('',#4035,#4053,#3472,.T.);
#5197=EDGE_CURVE('',#4036,#4053,#3473,.F.);
#5198=EDGE_CURVE('',#4056,#4055,#3474,.F.);
#5199=EDGE_CURVE('',#4056,#4052,#3475,.T.);
#5200=EDGE_CURVE('',#4056,#4036,#1819,.T.);
#5201=EDGE_CURVE('',#4057,#4045,#3476,.F.);
#5202=EDGE_CURVE('',#4057,#4049,#3477,.T.);
#5203=EDGE_CURVE('',#4047,#4058,#3478,.T.);
#5204=EDGE_CURVE('',#4044,#4058,#3479,.F.);
#5205=EDGE_CURVE('',#4058,#4057,#1820,.T.);
#5206=EDGE_CURVE('',#4059,#4016,#1821,.T.);
#5207=EDGE_CURVE('',#4059,#3937,#1822,.T.);
#5208=EDGE_CURVE('',#4060,#4008,#1823,.T.);
#5209=EDGE_CURVE('',#4061,#4060,#1824,.T.);
#5210=EDGE_CURVE('',#4062,#4061,#1825,.T.);
#5211=EDGE_CURVE('',#4009,#4062,#52,.T.);
#5212=EDGE_CURVE('',#4060,#4059,#53,.T.);
#5213=EDGE_CURVE('',#4063,#4049,#1826,.T.);
#5214=EDGE_CURVE('',#4019,#4063,#1827,.T.);
#5215=EDGE_CURVE('',#4064,#4061,#54,.T.);
#5216=EDGE_CURVE('',#4064,#4065,#55,.T.);
#5217=EDGE_CURVE('',#4065,#4066,#1828,.T.);
#5218=EDGE_CURVE('',#4062,#4066,#56,.T.);
#5219=EDGE_CURVE('',#4066,#4010,#57,.T.);
#5220=EDGE_CURVE('',#4018,#4067,#58,.T.);
#5221=EDGE_CURVE('',#4063,#4067,#59,.T.);
#5222=EDGE_CURVE('',#4057,#4068,#1829,.T.);
#5223=EDGE_CURVE('',#4067,#4068,#60,.T.);
#5224=EDGE_CURVE('',#4068,#4069,#1830,.T.);
#5225=EDGE_CURVE('',#4015,#4069,#3480,.T.);
#5226=EDGE_CURVE('',#4070,#4060,#3481,.T.);
#5227=EDGE_CURVE('',#4070,#4071,#1831,.T.);
#5228=EDGE_CURVE('',#4071,#4064,#61,.T.);
#5229=EDGE_CURVE('',#4069,#4072,#62,.T.);
#5230=EDGE_CURVE('',#4016,#4072,#3482,.T.);
#5231=EDGE_CURVE('',#4073,#4059,#3483,.T.);
#5232=EDGE_CURVE('',#4073,#4070,#63,.T.);
#5233=EDGE_CURVE('',#4072,#4073,#1832,.T.);
#5234=EDGE_CURVE('',#4055,#4065,#1833,.T.);
#5235=EDGE_CURVE('',#4071,#4056,#1834,.T.);
#5236=EDGE_CURVE('',#4047,#4074,#1835,.T.);
#5237=EDGE_CURVE('',#4075,#4074,#64,.T.);
#5238=EDGE_CURVE('',#4076,#4075,#65,.T.);
#5239=EDGE_CURVE('',#4076,#4058,#1836,.T.);
#5240=EDGE_CURVE('',#4077,#4042,#1837,.T.);
#5241=EDGE_CURVE('',#4078,#4077,#66,.T.);
#5242=EDGE_CURVE('',#4074,#4078,#1838,.T.);
#5243=EDGE_CURVE('',#4079,#4076,#1839,.T.);
#5244=EDGE_CURVE('',#4080,#4079,#67,.T.);
#5245=EDGE_CURVE('',#4081,#4080,#1840,.T.);
#5246=EDGE_CURVE('',#4082,#4081,#68,.T.);
#5247=EDGE_CURVE('',#4037,#4082,#1841,.T.);
#5248=EDGE_CURVE('',#4082,#4027,#3484,.T.);
#5249=EDGE_CURVE('',#4031,#4038,#69,.T.);
#5250=EDGE_CURVE('',#4081,#4028,#3485,.T.);
#5251=EDGE_CURVE('',#4080,#4083,#3486,.T.);
#5252=EDGE_CURVE('',#4083,#4028,#1842,.T.);
#5253=EDGE_CURVE('',#4079,#4084,#3487,.T.);
#5254=EDGE_CURVE('',#4084,#4083,#70,.T.);
#5255=EDGE_CURVE('',#4075,#4085,#71,.T.);
#5256=EDGE_CURVE('',#4085,#4084,#1843,.T.);
#5257=EDGE_CURVE('',#4083,#4086,#1844,.T.);
#5258=EDGE_CURVE('',#3935,#4086,#1845,.T.);
#5259=EDGE_CURVE('',#4086,#4087,#72,.T.);
#5260=EDGE_CURVE('',#4084,#4087,#1846,.T.);
#5261=EDGE_CURVE('',#4087,#4088,#1847,.T.);
#5262=EDGE_CURVE('',#4089,#4085,#1848,.T.);
#5263=EDGE_CURVE('',#4088,#4089,#73,.T.);
#5264=EDGE_CURVE('',#4089,#4078,#74,.T.);
#5265=EDGE_CURVE('',#4088,#4077,#3488,.T.);
#5266=EDGE_CURVE('',#4077,#4032,#1849,.T.);
#5267=EDGE_CURVE('',#4090,#4091,#1850,.T.);
#5268=EDGE_CURVE('',#4090,#4092,#1851,.T.);
#5269=EDGE_CURVE('',#4092,#4093,#1852,.T.);
#5270=EDGE_CURVE('',#4091,#4093,#1853,.T.);
#5271=EDGE_CURVE('',#4094,#4090,#1854,.T.);
#5272=EDGE_CURVE('',#4095,#4094,#1855,.T.);
#5273=EDGE_CURVE('',#4095,#4092,#1856,.T.);
#5274=EDGE_CURVE('',#4093,#4096,#1857,.T.);
#5275=EDGE_CURVE('',#4096,#4095,#1858,.T.);
#5276=EDGE_CURVE('',#4097,#4091,#1859,.T.);
#5277=EDGE_CURVE('',#4094,#4097,#1860,.T.);
#5278=EDGE_CURVE('',#4098,#4099,#1861,.T.);
#5279=EDGE_CURVE('',#4098,#4100,#1862,.T.);
#5280=EDGE_CURVE('',#4100,#4101,#1863,.T.);
#5281=EDGE_CURVE('',#4099,#4101,#1864,.T.);
#5282=EDGE_CURVE('',#4102,#4098,#1865,.T.);
#5283=EDGE_CURVE('',#4103,#4102,#1866,.T.);
#5284=EDGE_CURVE('',#4103,#4100,#1867,.T.);
#5285=EDGE_CURVE('',#4101,#4104,#1868,.T.);
#5286=EDGE_CURVE('',#4104,#4103,#1869,.T.);
#5287=EDGE_CURVE('',#4105,#4099,#1870,.T.);
#5288=EDGE_CURVE('',#4102,#4105,#1871,.T.);
#5289=EDGE_CURVE('',#4106,#4107,#1872,.T.);
#5290=EDGE_CURVE('',#4106,#4108,#1873,.T.);
#5291=EDGE_CURVE('',#4108,#4109,#1874,.T.);
#5292=EDGE_CURVE('',#4107,#4109,#1875,.T.);
#5293=EDGE_CURVE('',#4110,#4106,#1876,.T.);
#5294=EDGE_CURVE('',#4111,#4110,#1877,.T.);
#5295=EDGE_CURVE('',#4111,#4108,#1878,.T.);
#5296=EDGE_CURVE('',#4109,#4112,#1879,.T.);
#5297=EDGE_CURVE('',#4112,#4111,#1880,.T.);
#5298=EDGE_CURVE('',#4113,#4107,#1881,.T.);
#5299=EDGE_CURVE('',#4110,#4113,#1882,.T.);
#5300=EDGE_CURVE('',#4114,#4115,#1883,.T.);
#5301=EDGE_CURVE('',#4114,#4116,#1884,.T.);
#5302=EDGE_CURVE('',#4116,#4117,#1885,.T.);
#5303=EDGE_CURVE('',#4115,#4117,#1886,.T.);
#5304=EDGE_CURVE('',#4118,#4114,#1887,.T.);
#5305=EDGE_CURVE('',#4119,#4118,#1888,.T.);
#5306=EDGE_CURVE('',#4119,#4116,#1889,.T.);
#5307=EDGE_CURVE('',#4117,#4120,#1890,.T.);
#5308=EDGE_CURVE('',#4120,#4119,#1891,.T.);
#5309=EDGE_CURVE('',#4121,#4115,#1892,.T.);
#5310=EDGE_CURVE('',#4118,#4121,#1893,.T.);
#5311=EDGE_CURVE('',#4122,#4123,#1894,.T.);
#5312=EDGE_CURVE('',#4122,#4124,#1895,.T.);
#5313=EDGE_CURVE('',#4124,#4125,#1896,.T.);
#5314=EDGE_CURVE('',#4123,#4125,#1897,.T.);
#5315=EDGE_CURVE('',#4126,#4122,#1898,.T.);
#5316=EDGE_CURVE('',#4127,#4126,#1899,.T.);
#5317=EDGE_CURVE('',#4127,#4124,#1900,.T.);
#5318=EDGE_CURVE('',#4125,#4128,#1901,.T.);
#5319=EDGE_CURVE('',#4128,#4127,#1902,.T.);
#5320=EDGE_CURVE('',#4129,#4123,#1903,.T.);
#5321=EDGE_CURVE('',#4126,#4129,#1904,.T.);
#5322=EDGE_CURVE('',#4130,#4131,#1905,.T.);
#5323=EDGE_CURVE('',#4130,#4132,#1906,.T.);
#5324=EDGE_CURVE('',#4132,#4133,#1907,.T.);
#5325=EDGE_CURVE('',#4131,#4133,#1908,.T.);
#5326=EDGE_CURVE('',#4134,#4130,#1909,.T.);
#5327=EDGE_CURVE('',#4135,#4134,#1910,.T.);
#5328=EDGE_CURVE('',#4135,#4132,#1911,.T.);
#5329=EDGE_CURVE('',#4133,#4136,#1912,.T.);
#5330=EDGE_CURVE('',#4136,#4135,#1913,.T.);
#5331=EDGE_CURVE('',#4137,#4131,#1914,.T.);
#5332=EDGE_CURVE('',#4134,#4137,#1915,.T.);
#5333=EDGE_CURVE('',#4096,#4138,#1916,.T.);
#5334=EDGE_CURVE('',#4138,#4139,#1917,.T.);
#5335=EDGE_CURVE('',#4139,#4140,#1918,.T.);
#5336=EDGE_CURVE('',#4140,#4141,#1919,.T.);
#5337=EDGE_CURVE('',#4141,#4137,#1920,.T.);
#5338=EDGE_CURVE('',#4136,#4142,#1921,.T.);
#5339=EDGE_CURVE('',#4142,#4143,#1922,.T.);
#5340=EDGE_CURVE('',#4143,#4144,#1923,.T.);
#5341=EDGE_CURVE('',#4144,#4145,#1924,.T.);
#5342=EDGE_CURVE('',#4145,#4146,#1925,.T.);
#5343=EDGE_CURVE('',#4146,#4147,#1926,.T.);
#5344=EDGE_CURVE('',#4147,#4148,#1927,.T.);
#5345=EDGE_CURVE('',#4148,#4149,#1928,.T.);
#5346=EDGE_CURVE('',#4149,#4150,#1929,.T.);
#5347=EDGE_CURVE('',#4150,#4151,#1930,.T.);
#5348=EDGE_CURVE('',#4151,#4152,#1931,.T.);
#5349=EDGE_CURVE('',#4152,#4153,#1932,.T.);
#5350=EDGE_CURVE('',#4153,#4154,#1933,.T.);
#5351=EDGE_CURVE('',#4154,#4155,#1934,.T.);
#5352=EDGE_CURVE('',#4155,#4156,#1935,.T.);
#5353=EDGE_CURVE('',#4157,#4156,#1936,.T.);
#5354=EDGE_CURVE('',#4157,#4113,#1937,.T.);
#5355=EDGE_CURVE('',#4112,#4158,#1938,.T.);
#5356=EDGE_CURVE('',#4158,#4159,#1939,.T.);
#5357=EDGE_CURVE('',#4159,#4160,#1940,.T.);
#5358=EDGE_CURVE('',#4160,#4161,#1941,.T.);
#5359=EDGE_CURVE('',#4161,#4121,#1942,.T.);
#5360=EDGE_CURVE('',#4120,#4162,#1943,.T.);
#5361=EDGE_CURVE('',#4162,#4163,#1944,.T.);
#5362=EDGE_CURVE('',#4163,#4164,#1945,.T.);
#5363=EDGE_CURVE('',#4164,#4165,#1946,.T.);
#5364=EDGE_CURVE('',#4165,#4105,#1947,.T.);
#5365=EDGE_CURVE('',#4104,#4166,#1948,.T.);
#5366=EDGE_CURVE('',#4166,#4167,#1949,.T.);
#5367=EDGE_CURVE('',#4167,#4168,#1950,.T.);
#5368=EDGE_CURVE('',#4168,#4169,#1951,.T.);
#5369=EDGE_CURVE('',#4169,#4129,#1952,.T.);
#5370=EDGE_CURVE('',#4128,#4170,#1953,.T.);
#5371=EDGE_CURVE('',#4170,#4171,#1954,.T.);
#5372=EDGE_CURVE('',#4171,#4172,#1955,.T.);
#5373=EDGE_CURVE('',#4172,#4173,#1956,.T.);
#5374=EDGE_CURVE('',#4173,#4097,#1957,.T.);
#5375=EDGE_CURVE('',#4142,#4174,#1958,.T.);
#5376=EDGE_CURVE('',#4174,#4175,#1959,.T.);
#5377=EDGE_CURVE('',#4143,#4175,#1960,.T.);
#5378=EDGE_CURVE('',#4138,#4176,#1961,.T.);
#5379=EDGE_CURVE('',#4176,#4177,#1962,.T.);
#5380=EDGE_CURVE('',#4139,#4177,#1963,.T.);
#5381=EDGE_CURVE('',#4170,#4178,#1964,.T.);
#5382=EDGE_CURVE('',#4178,#4179,#1965,.T.);
#5383=EDGE_CURVE('',#4171,#4179,#1966,.T.);
#5384=EDGE_CURVE('',#4166,#4180,#1967,.T.);
#5385=EDGE_CURVE('',#4180,#4181,#1968,.T.);
#5386=EDGE_CURVE('',#4167,#4181,#1969,.T.);
#5387=EDGE_CURVE('',#4162,#4182,#1970,.T.);
#5388=EDGE_CURVE('',#4182,#4183,#1971,.T.);
#5389=EDGE_CURVE('',#4163,#4183,#1972,.T.);
#5390=EDGE_CURVE('',#4158,#4184,#1973,.T.);
#5391=EDGE_CURVE('',#4184,#4185,#1974,.T.);
#5392=EDGE_CURVE('',#4159,#4185,#1975,.T.);
#5393=EDGE_CURVE('',#4140,#4186,#1976,.T.);
#5394=EDGE_CURVE('',#4186,#4187,#1977,.T.);
#5395=EDGE_CURVE('',#4141,#4187,#1978,.T.);
#5396=EDGE_CURVE('',#4172,#4188,#1979,.T.);
#5397=EDGE_CURVE('',#4188,#4189,#1980,.T.);
#5398=EDGE_CURVE('',#4173,#4189,#1981,.T.);
#5399=EDGE_CURVE('',#4164,#4190,#1982,.T.);
#5400=EDGE_CURVE('',#4190,#4191,#1983,.T.);
#5401=EDGE_CURVE('',#4165,#4191,#1984,.T.);
#5402=EDGE_CURVE('',#4160,#4192,#1985,.T.);
#5403=EDGE_CURVE('',#4192,#4193,#1986,.T.);
#5404=EDGE_CURVE('',#4161,#4193,#1987,.T.);
#5405=EDGE_CURVE('',#4156,#4194,#1988,.T.);
#5406=EDGE_CURVE('',#4194,#4195,#1989,.T.);
#5407=EDGE_CURVE('',#4195,#4196,#1990,.T.);
#5408=EDGE_CURVE('',#4196,#4197,#1991,.T.);
#5409=EDGE_CURVE('',#4157,#4197,#1992,.T.);
#5410=EDGE_CURVE('',#4198,#4199,#1993,.T.);
#5411=EDGE_CURVE('',#4200,#4198,#1994,.T.);
#5412=EDGE_CURVE('',#4201,#4200,#1995,.T.);
#5413=EDGE_CURVE('',#4199,#4201,#1996,.T.);
#5414=EDGE_CURVE('',#4199,#4202,#1997,.T.);
#5415=EDGE_CURVE('',#4203,#4202,#1998,.T.);
#5416=EDGE_CURVE('',#4203,#4198,#1999,.T.);
#5417=EDGE_CURVE('',#4204,#4201,#2000,.T.);
#5418=EDGE_CURVE('',#4205,#4204,#2001,.T.);
#5419=EDGE_CURVE('',#4206,#4205,#2002,.T.);
#5420=EDGE_CURVE('',#4207,#4206,#2003,.T.);
#5421=EDGE_CURVE('',#4208,#4207,#2004,.T.);
#5422=EDGE_CURVE('',#4209,#4208,#2005,.T.);
#5423=EDGE_CURVE('',#4210,#4209,#2006,.T.);
#5424=EDGE_CURVE('',#4211,#4210,#2007,.T.);
#5425=EDGE_CURVE('',#4212,#4211,#2008,.T.);
#5426=EDGE_CURVE('',#4213,#4212,#2009,.T.);
#5427=EDGE_CURVE('',#4214,#4213,#2010,.T.);
#5428=EDGE_CURVE('',#4215,#4214,#2011,.T.);
#5429=EDGE_CURVE('',#4216,#4215,#2012,.T.);
#5430=EDGE_CURVE('',#4175,#4216,#2013,.T.);
#5431=EDGE_CURVE('',#4187,#4174,#2014,.T.);
#5432=EDGE_CURVE('',#4177,#4186,#2015,.T.);
#5433=EDGE_CURVE('',#4189,#4176,#2016,.T.);
#5434=EDGE_CURVE('',#4179,#4188,#2017,.T.);
#5435=EDGE_CURVE('',#4217,#4178,#2018,.T.);
#5436=EDGE_CURVE('',#4218,#4217,#2019,.T.);
#5437=EDGE_CURVE('',#4181,#4218,#2020,.T.);
#5438=EDGE_CURVE('',#4191,#4180,#2021,.T.);
#5439=EDGE_CURVE('',#4183,#4190,#2022,.T.);
#5440=EDGE_CURVE('',#4193,#4182,#2023,.T.);
#5441=EDGE_CURVE('',#4185,#4192,#2024,.T.);
#5442=EDGE_CURVE('',#4197,#4184,#2025,.T.);
#5443=EDGE_CURVE('',#4219,#4196,#2026,.T.);
#5444=EDGE_CURVE('',#4220,#4219,#2027,.T.);
#5445=EDGE_CURVE('',#4202,#4220,#2028,.T.);
#5446=EDGE_CURVE('',#4221,#4214,#2029,.T.);
#5447=EDGE_CURVE('',#4221,#4222,#2030,.T.);
#5448=EDGE_CURVE('',#4222,#4215,#2031,.T.);
#5449=EDGE_CURVE('',#4223,#4213,#2032,.T.);
#5450=EDGE_CURVE('',#4221,#4223,#2033,.T.);
#5451=EDGE_CURVE('',#4169,#4217,#2034,.T.);
#5452=EDGE_CURVE('',#4144,#4216,#2035,.T.);
#5453=EDGE_CURVE('',#4222,#4224,#2036,.T.);
#5454=EDGE_CURVE('',#4224,#4145,#2037,.T.);
#5455=EDGE_CURVE('',#4225,#4212,#2038,.T.);
#5456=EDGE_CURVE('',#4225,#4223,#2039,.T.);
#5457=EDGE_CURVE('',#4226,#4211,#2040,.T.);
#5458=EDGE_CURVE('',#4226,#4225,#2041,.T.);
#5459=EDGE_CURVE('',#4227,#4210,#2042,.T.);
#5460=EDGE_CURVE('',#4227,#4226,#2043,.T.);
#5461=EDGE_CURVE('',#4228,#4209,#2044,.T.);
#5462=EDGE_CURVE('',#4228,#4227,#2045,.T.);
#5463=EDGE_CURVE('',#4229,#4208,#2046,.T.);
#5464=EDGE_CURVE('',#4229,#4228,#2047,.T.);
#5465=EDGE_CURVE('',#4230,#4207,#2048,.T.);
#5466=EDGE_CURVE('',#4230,#4229,#2049,.T.);
#5467=EDGE_CURVE('',#4231,#4206,#2050,.T.);
#5468=EDGE_CURVE('',#4231,#4230,#2051,.T.);
#5469=EDGE_CURVE('',#4232,#4219,#2052,.T.);
#5470=EDGE_CURVE('',#4232,#4233,#2053,.T.);
#5471=EDGE_CURVE('',#4233,#4220,#2054,.T.);
#5472=EDGE_CURVE('',#4195,#4232,#2055,.T.);
#5473=EDGE_CURVE('',#4168,#4218,#2056,.T.);
#5474=EDGE_CURVE('',#4234,#4224,#2057,.T.);
#5475=EDGE_CURVE('',#4146,#4234,#2058,.T.);
#5476=EDGE_CURVE('',#4155,#4235,#2059,.T.);
#5477=EDGE_CURVE('',#4194,#4235,#2060,.T.);
#5478=EDGE_CURVE('',#4235,#4236,#2061,.T.);
#5479=EDGE_CURVE('',#4154,#4236,#2062,.T.);
#5480=EDGE_CURVE('',#4236,#4237,#2063,.T.);
#5481=EDGE_CURVE('',#4153,#4237,#2064,.T.);
#5482=EDGE_CURVE('',#4237,#4238,#2065,.T.);
#5483=EDGE_CURVE('',#4152,#4238,#2066,.T.);
#5484=EDGE_CURVE('',#4238,#4239,#2067,.T.);
#5485=EDGE_CURVE('',#4151,#4239,#2068,.T.);
#5486=EDGE_CURVE('',#4239,#4240,#2069,.T.);
#5487=EDGE_CURVE('',#4150,#4240,#2070,.T.);
#5488=EDGE_CURVE('',#4240,#4241,#2071,.T.);
#5489=EDGE_CURVE('',#4149,#4241,#2072,.T.);
#5490=EDGE_CURVE('',#4241,#4242,#2073,.T.);
#5491=EDGE_CURVE('',#4148,#4242,#2074,.T.);
#5492=EDGE_CURVE('',#4242,#4243,#2075,.T.);
#5493=EDGE_CURVE('',#4147,#4243,#2076,.T.);
#5494=EDGE_CURVE('',#4243,#4234,#2077,.T.);
#5495=EDGE_CURVE('',#4233,#4203,#2078,.T.);
#5496=EDGE_CURVE('',#4244,#4231,#2079,.T.);
#5497=EDGE_CURVE('',#4245,#4244,#2080,.T.);
#5498=EDGE_CURVE('',#4200,#4245,#2081,.T.);
#5499=EDGE_CURVE('',#4244,#4205,#2082,.T.);
#5500=EDGE_CURVE('',#4245,#4204,#2083,.T.);
#5501=EDGE_CURVE('',#4246,#4247,#2084,.T.);
#5502=EDGE_CURVE('',#4246,#4248,#2085,.T.);
#5503=EDGE_CURVE('',#4248,#4249,#2086,.T.);
#5504=EDGE_CURVE('',#4247,#4249,#2087,.T.);
#5505=EDGE_CURVE('',#4250,#4246,#2088,.T.);
#5506=EDGE_CURVE('',#4251,#4250,#2089,.T.);
#5507=EDGE_CURVE('',#4251,#4248,#2090,.T.);
#5508=EDGE_CURVE('',#4249,#4252,#2091,.T.);
#5509=EDGE_CURVE('',#4252,#4251,#2092,.T.);
#5510=EDGE_CURVE('',#4253,#4247,#2093,.T.);
#5511=EDGE_CURVE('',#4250,#4253,#2094,.T.);
#5512=EDGE_CURVE('',#4252,#4254,#2095,.T.);
#5513=EDGE_CURVE('',#4255,#4254,#2096,.T.);
#5514=EDGE_CURVE('',#4255,#4256,#2097,.T.);
#5515=EDGE_CURVE('',#4257,#4256,#2098,.T.);
#5516=EDGE_CURVE('',#4257,#4253,#2099,.T.);
#5517=EDGE_CURVE('',#4254,#4258,#2100,.T.);
#5518=EDGE_CURVE('',#4258,#4259,#2101,.T.);
#5519=EDGE_CURVE('',#4260,#4259,#2102,.T.);
#5520=EDGE_CURVE('',#4260,#4261,#2103,.T.);
#5521=EDGE_CURVE('',#4261,#4255,#2104,.T.);
#5522=EDGE_CURVE('',#4257,#4262,#2105,.T.);
#5523=EDGE_CURVE('',#4262,#4258,#2106,.T.);
#5524=EDGE_CURVE('',#4256,#4263,#2107,.T.);
#5525=EDGE_CURVE('',#4263,#4264,#2108,.T.);
#5526=EDGE_CURVE('',#4264,#4265,#2109,.T.);
#5527=EDGE_CURVE('',#4265,#4262,#2110,.T.);
#5528=EDGE_CURVE('',#4259,#4265,#2111,.T.);
#5529=EDGE_CURVE('',#4264,#4260,#2112,.T.);
#5530=EDGE_CURVE('',#4263,#4261,#2113,.T.);
#5531=EDGE_CURVE('',#4266,#4267,#2114,.T.);
#5532=EDGE_CURVE('',#4266,#4268,#2115,.T.);
#5533=EDGE_CURVE('',#4268,#4269,#2116,.T.);
#5534=EDGE_CURVE('',#4267,#4269,#2117,.T.);
#5535=EDGE_CURVE('',#4270,#4266,#2118,.T.);
#5536=EDGE_CURVE('',#4271,#4270,#2119,.T.);
#5537=EDGE_CURVE('',#4271,#4268,#2120,.T.);
#5538=EDGE_CURVE('',#4269,#4272,#2121,.T.);
#5539=EDGE_CURVE('',#4272,#4271,#2122,.T.);
#5540=EDGE_CURVE('',#4273,#4267,#2123,.T.);
#5541=EDGE_CURVE('',#4270,#4273,#2124,.T.);
#5542=EDGE_CURVE('',#4272,#4274,#2125,.T.);
#5543=EDGE_CURVE('',#4274,#4275,#2126,.T.);
#5544=EDGE_CURVE('',#4275,#4276,#2127,.T.);
#5545=EDGE_CURVE('',#4277,#4276,#2128,.T.);
#5546=EDGE_CURVE('',#4277,#4273,#2129,.T.);
#5547=EDGE_CURVE('',#4274,#4278,#2130,.T.);
#5548=EDGE_CURVE('',#4278,#4279,#2131,.T.);
#5549=EDGE_CURVE('',#4280,#4279,#2132,.T.);
#5550=EDGE_CURVE('',#4280,#4281,#2133,.T.);
#5551=EDGE_CURVE('',#4281,#4275,#2134,.T.);
#5552=EDGE_CURVE('',#4276,#4282,#2135,.T.);
#5553=EDGE_CURVE('',#4282,#4283,#2136,.T.);
#5554=EDGE_CURVE('',#4283,#4284,#2137,.T.);
#5555=EDGE_CURVE('',#4284,#4285,#2138,.T.);
#5556=EDGE_CURVE('',#4277,#4285,#2139,.T.);
#5557=EDGE_CURVE('',#4285,#4278,#2140,.T.);
#5558=EDGE_CURVE('',#4279,#4284,#2141,.T.);
#5559=EDGE_CURVE('',#4283,#4280,#2142,.T.);
#5560=EDGE_CURVE('',#4282,#4281,#2143,.T.);
#5561=EDGE_CURVE('',#4286,#4287,#2144,.T.);
#5562=EDGE_CURVE('',#4288,#4287,#2145,.T.);
#5563=EDGE_CURVE('',#4289,#4288,#2146,.T.);
#5564=EDGE_CURVE('',#4286,#4289,#2147,.T.);
#5565=EDGE_CURVE('',#4290,#4286,#2148,.T.);
#5566=EDGE_CURVE('',#4291,#4289,#2149,.T.);
#5567=EDGE_CURVE('',#4290,#4291,#2150,.T.);
#5568=EDGE_CURVE('',#4292,#4288,#2151,.T.);
#5569=EDGE_CURVE('',#4291,#4292,#2152,.T.);
#5570=EDGE_CURVE('',#4287,#4293,#2153,.T.);
#5571=EDGE_CURVE('',#4293,#4290,#2154,.T.);
#5572=EDGE_CURVE('',#4294,#4295,#2155,.T.);
#5573=EDGE_CURVE('',#4296,#4295,#2156,.T.);
#5574=EDGE_CURVE('',#4297,#4296,#2157,.T.);
#5575=EDGE_CURVE('',#4294,#4297,#2158,.T.);
#5576=EDGE_CURVE('',#4298,#4294,#2159,.T.);
#5577=EDGE_CURVE('',#4299,#4297,#2160,.T.);
#5578=EDGE_CURVE('',#4298,#4299,#2161,.T.);
#5579=EDGE_CURVE('',#4300,#4296,#2162,.T.);
#5580=EDGE_CURVE('',#4299,#4300,#2163,.T.);
#5581=EDGE_CURVE('',#4295,#4301,#2164,.T.);
#5582=EDGE_CURVE('',#4301,#4298,#2165,.T.);
#5583=EDGE_CURVE('',#4302,#4303,#2166,.T.);
#5584=EDGE_CURVE('',#4304,#4303,#2167,.T.);
#5585=EDGE_CURVE('',#4305,#4304,#2168,.T.);
#5586=EDGE_CURVE('',#4302,#4305,#2169,.T.);
#5587=EDGE_CURVE('',#4306,#4302,#2170,.T.);
#5588=EDGE_CURVE('',#4307,#4305,#2171,.T.);
#5589=EDGE_CURVE('',#4306,#4307,#2172,.T.);
#5590=EDGE_CURVE('',#4308,#4304,#2173,.T.);
#5591=EDGE_CURVE('',#4307,#4308,#2174,.T.);
#5592=EDGE_CURVE('',#4303,#4309,#2175,.T.);
#5593=EDGE_CURVE('',#4309,#4306,#2176,.T.);
#5594=EDGE_CURVE('',#4293,#4310,#2177,.T.);
#5595=EDGE_CURVE('',#4310,#4311,#2178,.T.);
#5596=EDGE_CURVE('',#4311,#4312,#2179,.T.);
#5597=EDGE_CURVE('',#4313,#4312,#2180,.T.);
#5598=EDGE_CURVE('',#4313,#4300,#2181,.T.);
#5599=EDGE_CURVE('',#4301,#4314,#2182,.T.);
#5600=EDGE_CURVE('',#4315,#4314,#2183,.T.);
#5601=EDGE_CURVE('',#4316,#4315,#2184,.T.);
#5602=EDGE_CURVE('',#4317,#4316,#2185,.T.);
#5603=EDGE_CURVE('',#4318,#4317,#2186,.T.);
#5604=EDGE_CURVE('',#4319,#4318,#2187,.T.);
#5605=EDGE_CURVE('',#4320,#4319,#2188,.T.);
#5606=EDGE_CURVE('',#4321,#4320,#2189,.T.);
#5607=EDGE_CURVE('',#4321,#4308,#2190,.T.);
#5608=EDGE_CURVE('',#4309,#4322,#2191,.T.);
#5609=EDGE_CURVE('',#4322,#4323,#2192,.T.);
#5610=EDGE_CURVE('',#4323,#4324,#2193,.T.);
#5611=EDGE_CURVE('',#4325,#4324,#2194,.T.);
#5612=EDGE_CURVE('',#4325,#4292,#2195,.T.);
#5613=EDGE_CURVE('',#4321,#4326,#2196,.T.);
#5614=EDGE_CURVE('',#4326,#4327,#2197,.T.);
#5615=EDGE_CURVE('',#4322,#4327,#2198,.T.);
#5616=EDGE_CURVE('',#4320,#4328,#2199,.T.);
#5617=EDGE_CURVE('',#4328,#4326,#2200,.T.);
#5618=EDGE_CURVE('',#4325,#4329,#2201,.T.);
#5619=EDGE_CURVE('',#4329,#4330,#2202,.T.);
#5620=EDGE_CURVE('',#4310,#4330,#2203,.T.);
#5621=EDGE_CURVE('',#4324,#4331,#2204,.T.);
#5622=EDGE_CURVE('',#4331,#4329,#2205,.T.);
#5623=EDGE_CURVE('',#4313,#4332,#2206,.T.);
#5624=EDGE_CURVE('',#4332,#4333,#2207,.T.);
#5625=EDGE_CURVE('',#4314,#4333,#2208,.T.);
#5626=EDGE_CURVE('',#4312,#4334,#2209,.T.);
#5627=EDGE_CURVE('',#4334,#4332,#2210,.T.);
#5628=EDGE_CURVE('',#4335,#4327,#2211,.T.);
#5629=EDGE_CURVE('',#4335,#4323,#2212,.T.);
#5630=EDGE_CURVE('',#4336,#4330,#2213,.T.);
#5631=EDGE_CURVE('',#4336,#4311,#2214,.T.);
#5632=EDGE_CURVE('',#4337,#4338,#2215,.T.);
#5633=EDGE_CURVE('',#4337,#4318,#2216,.T.);
#5634=EDGE_CURVE('',#4317,#4338,#2217,.T.);
#5635=EDGE_CURVE('',#4339,#4338,#2218,.T.);
#5636=EDGE_CURVE('',#4340,#4339,#2219,.T.);
#5637=EDGE_CURVE('',#4337,#4340,#2220,.T.);
#5638=EDGE_CURVE('',#4331,#4335,#2221,.T.);
#5639=EDGE_CURVE('',#4341,#4328,#2222,.T.);
#5640=EDGE_CURVE('',#4342,#4341,#2223,.T.);
#5641=EDGE_CURVE('',#4343,#4342,#2224,.T.);
#5642=EDGE_CURVE('',#4344,#4343,#2225,.T.);
#5643=EDGE_CURVE('',#4345,#4344,#2226,.T.);
#5644=EDGE_CURVE('',#4333,#4345,#2227,.T.);
#5645=EDGE_CURVE('',#4334,#4336,#2228,.T.);
#5646=EDGE_CURVE('',#4339,#4343,#2229,.T.);
#5647=EDGE_CURVE('',#4316,#4344,#2230,.T.);
#5648=EDGE_CURVE('',#4315,#4345,#2231,.T.);
#5649=EDGE_CURVE('',#4340,#4342,#2232,.T.);
#5650=EDGE_CURVE('',#4319,#4341,#2233,.T.);
#5651=ORIENTED_EDGE('',*,*,#4346,.F.);
#5652=ORIENTED_EDGE('',*,*,#4347,.F.);
#5653=ORIENTED_EDGE('',*,*,#4348,.F.);
#5654=ORIENTED_EDGE('',*,*,#4349,.F.);
#5655=ORIENTED_EDGE('',*,*,#4350,.F.);
#5656=ORIENTED_EDGE('',*,*,#4351,.F.);
#5657=ORIENTED_EDGE('',*,*,#4352,.F.);
#5658=ORIENTED_EDGE('',*,*,#4353,.F.);
#5659=ORIENTED_EDGE('',*,*,#4354,.F.);
#5660=ORIENTED_EDGE('',*,*,#4355,.F.);
#5661=ORIENTED_EDGE('',*,*,#4356,.F.);
#5662=ORIENTED_EDGE('',*,*,#4357,.F.);
#5663=ORIENTED_EDGE('',*,*,#4358,.F.);
#5664=ORIENTED_EDGE('',*,*,#4359,.F.);
#5665=ORIENTED_EDGE('',*,*,#4360,.F.);
#5666=ORIENTED_EDGE('',*,*,#4353,.T.);
#5667=ORIENTED_EDGE('',*,*,#4361,.T.);
#5668=ORIENTED_EDGE('',*,*,#4362,.T.);
#5669=ORIENTED_EDGE('',*,*,#4363,.F.);
#5670=ORIENTED_EDGE('',*,*,#4352,.T.);
#5671=ORIENTED_EDGE('',*,*,#4364,.T.);
#5672=ORIENTED_EDGE('',*,*,#4365,.T.);
#5673=ORIENTED_EDGE('',*,*,#4361,.F.);
#5674=ORIENTED_EDGE('',*,*,#4351,.T.);
#5675=ORIENTED_EDGE('',*,*,#4366,.T.);
#5676=ORIENTED_EDGE('',*,*,#4367,.T.);
#5677=ORIENTED_EDGE('',*,*,#4364,.F.);
#5678=ORIENTED_EDGE('',*,*,#4350,.T.);
#5679=ORIENTED_EDGE('',*,*,#4368,.T.);
#5680=ORIENTED_EDGE('',*,*,#4369,.T.);
#5681=ORIENTED_EDGE('',*,*,#4366,.F.);
#5682=ORIENTED_EDGE('',*,*,#4349,.T.);
#5683=ORIENTED_EDGE('',*,*,#4370,.T.);
#5684=ORIENTED_EDGE('',*,*,#4371,.T.);
#5685=ORIENTED_EDGE('',*,*,#4368,.F.);
#5686=ORIENTED_EDGE('',*,*,#4348,.T.);
#5687=ORIENTED_EDGE('',*,*,#4372,.T.);
#5688=ORIENTED_EDGE('',*,*,#4373,.T.);
#5689=ORIENTED_EDGE('',*,*,#4370,.F.);
#5690=ORIENTED_EDGE('',*,*,#4347,.T.);
#5691=ORIENTED_EDGE('',*,*,#4374,.T.);
#5692=ORIENTED_EDGE('',*,*,#4375,.T.);
#5693=ORIENTED_EDGE('',*,*,#4372,.F.);
#5694=ORIENTED_EDGE('',*,*,#4346,.T.);
#5695=ORIENTED_EDGE('',*,*,#4376,.T.);
#5696=ORIENTED_EDGE('',*,*,#4377,.T.);
#5697=ORIENTED_EDGE('',*,*,#4374,.F.);
#5698=ORIENTED_EDGE('',*,*,#4360,.T.);
#5699=ORIENTED_EDGE('',*,*,#4378,.T.);
#5700=ORIENTED_EDGE('',*,*,#4379,.T.);
#5701=ORIENTED_EDGE('',*,*,#4376,.F.);
#5702=ORIENTED_EDGE('',*,*,#4359,.T.);
#5703=ORIENTED_EDGE('',*,*,#4380,.T.);
#5704=ORIENTED_EDGE('',*,*,#4381,.T.);
#5705=ORIENTED_EDGE('',*,*,#4378,.F.);
#5706=ORIENTED_EDGE('',*,*,#4358,.T.);
#5707=ORIENTED_EDGE('',*,*,#4382,.T.);
#5708=ORIENTED_EDGE('',*,*,#4383,.T.);
#5709=ORIENTED_EDGE('',*,*,#4380,.F.);
#5710=ORIENTED_EDGE('',*,*,#4357,.T.);
#5711=ORIENTED_EDGE('',*,*,#4384,.T.);
#5712=ORIENTED_EDGE('',*,*,#4385,.T.);
#5713=ORIENTED_EDGE('',*,*,#4382,.F.);
#5714=ORIENTED_EDGE('',*,*,#4356,.T.);
#5715=ORIENTED_EDGE('',*,*,#4386,.T.);
#5716=ORIENTED_EDGE('',*,*,#4387,.T.);
#5717=ORIENTED_EDGE('',*,*,#4384,.F.);
#5718=ORIENTED_EDGE('',*,*,#4355,.T.);
#5719=ORIENTED_EDGE('',*,*,#4388,.T.);
#5720=ORIENTED_EDGE('',*,*,#4389,.T.);
#5721=ORIENTED_EDGE('',*,*,#4386,.F.);
#5722=ORIENTED_EDGE('',*,*,#4375,.F.);
#5723=ORIENTED_EDGE('',*,*,#4377,.F.);
#5724=ORIENTED_EDGE('',*,*,#4379,.F.);
#5725=ORIENTED_EDGE('',*,*,#4381,.F.);
#5726=ORIENTED_EDGE('',*,*,#4383,.F.);
#5727=ORIENTED_EDGE('',*,*,#4385,.F.);
#5728=ORIENTED_EDGE('',*,*,#4387,.F.);
#5729=ORIENTED_EDGE('',*,*,#4389,.F.);
#5730=ORIENTED_EDGE('',*,*,#4390,.F.);
#5731=ORIENTED_EDGE('',*,*,#4362,.F.);
#5732=ORIENTED_EDGE('',*,*,#4365,.F.);
#5733=ORIENTED_EDGE('',*,*,#4367,.F.);
#5734=ORIENTED_EDGE('',*,*,#4369,.F.);
#5735=ORIENTED_EDGE('',*,*,#4371,.F.);
#5736=ORIENTED_EDGE('',*,*,#4373,.F.);
#5737=ORIENTED_EDGE('',*,*,#4354,.T.);
#5738=ORIENTED_EDGE('',*,*,#4363,.T.);
#5739=ORIENTED_EDGE('',*,*,#4390,.T.);
#5740=ORIENTED_EDGE('',*,*,#4388,.F.);
#5741=ORIENTED_EDGE('',*,*,#4391,.F.);
#5742=ORIENTED_EDGE('',*,*,#4392,.F.);
#5743=ORIENTED_EDGE('',*,*,#4393,.F.);
#5744=ORIENTED_EDGE('',*,*,#4394,.F.);
#5745=ORIENTED_EDGE('',*,*,#4395,.F.);
#5746=ORIENTED_EDGE('',*,*,#4396,.F.);
#5747=ORIENTED_EDGE('',*,*,#4397,.F.);
#5748=ORIENTED_EDGE('',*,*,#4398,.F.);
#5749=ORIENTED_EDGE('',*,*,#4399,.F.);
#5750=ORIENTED_EDGE('',*,*,#4400,.F.);
#5751=ORIENTED_EDGE('',*,*,#4401,.F.);
#5752=ORIENTED_EDGE('',*,*,#4402,.F.);
#5753=ORIENTED_EDGE('',*,*,#4403,.F.);
#5754=ORIENTED_EDGE('',*,*,#4404,.F.);
#5755=ORIENTED_EDGE('',*,*,#4405,.F.);
#5756=ORIENTED_EDGE('',*,*,#4398,.T.);
#5757=ORIENTED_EDGE('',*,*,#4406,.T.);
#5758=ORIENTED_EDGE('',*,*,#4407,.T.);
#5759=ORIENTED_EDGE('',*,*,#4408,.F.);
#5760=ORIENTED_EDGE('',*,*,#4397,.T.);
#5761=ORIENTED_EDGE('',*,*,#4409,.T.);
#5762=ORIENTED_EDGE('',*,*,#4410,.T.);
#5763=ORIENTED_EDGE('',*,*,#4406,.F.);
#5764=ORIENTED_EDGE('',*,*,#4396,.T.);
#5765=ORIENTED_EDGE('',*,*,#4411,.T.);
#5766=ORIENTED_EDGE('',*,*,#4412,.T.);
#5767=ORIENTED_EDGE('',*,*,#4409,.F.);
#5768=ORIENTED_EDGE('',*,*,#4395,.T.);
#5769=ORIENTED_EDGE('',*,*,#4413,.T.);
#5770=ORIENTED_EDGE('',*,*,#4414,.T.);
#5771=ORIENTED_EDGE('',*,*,#4411,.F.);
#5772=ORIENTED_EDGE('',*,*,#4394,.T.);
#5773=ORIENTED_EDGE('',*,*,#4415,.T.);
#5774=ORIENTED_EDGE('',*,*,#4416,.T.);
#5775=ORIENTED_EDGE('',*,*,#4413,.F.);
#5776=ORIENTED_EDGE('',*,*,#4393,.T.);
#5777=ORIENTED_EDGE('',*,*,#4417,.T.);
#5778=ORIENTED_EDGE('',*,*,#4418,.T.);
#5779=ORIENTED_EDGE('',*,*,#4415,.F.);
#5780=ORIENTED_EDGE('',*,*,#4392,.T.);
#5781=ORIENTED_EDGE('',*,*,#4419,.T.);
#5782=ORIENTED_EDGE('',*,*,#4420,.T.);
#5783=ORIENTED_EDGE('',*,*,#4417,.F.);
#5784=ORIENTED_EDGE('',*,*,#4391,.T.);
#5785=ORIENTED_EDGE('',*,*,#4421,.T.);
#5786=ORIENTED_EDGE('',*,*,#4422,.T.);
#5787=ORIENTED_EDGE('',*,*,#4419,.F.);
#5788=ORIENTED_EDGE('',*,*,#4405,.T.);
#5789=ORIENTED_EDGE('',*,*,#4423,.T.);
#5790=ORIENTED_EDGE('',*,*,#4424,.T.);
#5791=ORIENTED_EDGE('',*,*,#4421,.F.);
#5792=ORIENTED_EDGE('',*,*,#4404,.T.);
#5793=ORIENTED_EDGE('',*,*,#4425,.T.);
#5794=ORIENTED_EDGE('',*,*,#4426,.T.);
#5795=ORIENTED_EDGE('',*,*,#4423,.F.);
#5796=ORIENTED_EDGE('',*,*,#4403,.T.);
#5797=ORIENTED_EDGE('',*,*,#4427,.T.);
#5798=ORIENTED_EDGE('',*,*,#4428,.T.);
#5799=ORIENTED_EDGE('',*,*,#4425,.F.);
#5800=ORIENTED_EDGE('',*,*,#4402,.T.);
#5801=ORIENTED_EDGE('',*,*,#4429,.T.);
#5802=ORIENTED_EDGE('',*,*,#4430,.T.);
#5803=ORIENTED_EDGE('',*,*,#4427,.F.);
#5804=ORIENTED_EDGE('',*,*,#4401,.T.);
#5805=ORIENTED_EDGE('',*,*,#4431,.T.);
#5806=ORIENTED_EDGE('',*,*,#4432,.T.);
#5807=ORIENTED_EDGE('',*,*,#4429,.F.);
#5808=ORIENTED_EDGE('',*,*,#4400,.T.);
#5809=ORIENTED_EDGE('',*,*,#4433,.T.);
#5810=ORIENTED_EDGE('',*,*,#4434,.T.);
#5811=ORIENTED_EDGE('',*,*,#4431,.F.);
#5812=ORIENTED_EDGE('',*,*,#4420,.F.);
#5813=ORIENTED_EDGE('',*,*,#4422,.F.);
#5814=ORIENTED_EDGE('',*,*,#4424,.F.);
#5815=ORIENTED_EDGE('',*,*,#4426,.F.);
#5816=ORIENTED_EDGE('',*,*,#4428,.F.);
#5817=ORIENTED_EDGE('',*,*,#4430,.F.);
#5818=ORIENTED_EDGE('',*,*,#4432,.F.);
#5819=ORIENTED_EDGE('',*,*,#4434,.F.);
#5820=ORIENTED_EDGE('',*,*,#4435,.F.);
#5821=ORIENTED_EDGE('',*,*,#4407,.F.);
#5822=ORIENTED_EDGE('',*,*,#4410,.F.);
#5823=ORIENTED_EDGE('',*,*,#4412,.F.);
#5824=ORIENTED_EDGE('',*,*,#4414,.F.);
#5825=ORIENTED_EDGE('',*,*,#4416,.F.);
#5826=ORIENTED_EDGE('',*,*,#4418,.F.);
#5827=ORIENTED_EDGE('',*,*,#4399,.T.);
#5828=ORIENTED_EDGE('',*,*,#4408,.T.);
#5829=ORIENTED_EDGE('',*,*,#4435,.T.);
#5830=ORIENTED_EDGE('',*,*,#4433,.F.);
#5831=ORIENTED_EDGE('',*,*,#4436,.T.);
#5832=ORIENTED_EDGE('',*,*,#4437,.T.);
#5833=ORIENTED_EDGE('',*,*,#4437,.F.);
#5834=ORIENTED_EDGE('',*,*,#4436,.F.);
#5835=ORIENTED_EDGE('',*,*,#4438,.F.);
#5836=ORIENTED_EDGE('',*,*,#4439,.F.);
#5837=ORIENTED_EDGE('',*,*,#4440,.F.);
#5838=ORIENTED_EDGE('',*,*,#4441,.F.);
#5839=ORIENTED_EDGE('',*,*,#4442,.F.);
#5840=ORIENTED_EDGE('',*,*,#4443,.F.);
#5841=ORIENTED_EDGE('',*,*,#4444,.F.);
#5842=ORIENTED_EDGE('',*,*,#4445,.F.);
#5843=ORIENTED_EDGE('',*,*,#4446,.F.);
#5844=ORIENTED_EDGE('',*,*,#4447,.F.);
#5845=ORIENTED_EDGE('',*,*,#4448,.F.);
#5846=ORIENTED_EDGE('',*,*,#4449,.F.);
#5847=ORIENTED_EDGE('',*,*,#4450,.F.);
#5848=ORIENTED_EDGE('',*,*,#4451,.F.);
#5849=ORIENTED_EDGE('',*,*,#4452,.F.);
#5850=ORIENTED_EDGE('',*,*,#4445,.T.);
#5851=ORIENTED_EDGE('',*,*,#4453,.T.);
#5852=ORIENTED_EDGE('',*,*,#4454,.T.);
#5853=ORIENTED_EDGE('',*,*,#4455,.F.);
#5854=ORIENTED_EDGE('',*,*,#4444,.T.);
#5855=ORIENTED_EDGE('',*,*,#4456,.T.);
#5856=ORIENTED_EDGE('',*,*,#4457,.T.);
#5857=ORIENTED_EDGE('',*,*,#4453,.F.);
#5858=ORIENTED_EDGE('',*,*,#4443,.T.);
#5859=ORIENTED_EDGE('',*,*,#4458,.T.);
#5860=ORIENTED_EDGE('',*,*,#4459,.T.);
#5861=ORIENTED_EDGE('',*,*,#4456,.F.);
#5862=ORIENTED_EDGE('',*,*,#4442,.T.);
#5863=ORIENTED_EDGE('',*,*,#4460,.T.);
#5864=ORIENTED_EDGE('',*,*,#4461,.T.);
#5865=ORIENTED_EDGE('',*,*,#4458,.F.);
#5866=ORIENTED_EDGE('',*,*,#4441,.T.);
#5867=ORIENTED_EDGE('',*,*,#4462,.T.);
#5868=ORIENTED_EDGE('',*,*,#4463,.T.);
#5869=ORIENTED_EDGE('',*,*,#4460,.F.);
#5870=ORIENTED_EDGE('',*,*,#4440,.T.);
#5871=ORIENTED_EDGE('',*,*,#4464,.T.);
#5872=ORIENTED_EDGE('',*,*,#4465,.T.);
#5873=ORIENTED_EDGE('',*,*,#4462,.F.);
#5874=ORIENTED_EDGE('',*,*,#4439,.T.);
#5875=ORIENTED_EDGE('',*,*,#4466,.T.);
#5876=ORIENTED_EDGE('',*,*,#4467,.T.);
#5877=ORIENTED_EDGE('',*,*,#4464,.F.);
#5878=ORIENTED_EDGE('',*,*,#4438,.T.);
#5879=ORIENTED_EDGE('',*,*,#4468,.T.);
#5880=ORIENTED_EDGE('',*,*,#4469,.T.);
#5881=ORIENTED_EDGE('',*,*,#4466,.F.);
#5882=ORIENTED_EDGE('',*,*,#4452,.T.);
#5883=ORIENTED_EDGE('',*,*,#4470,.T.);
#5884=ORIENTED_EDGE('',*,*,#4471,.T.);
#5885=ORIENTED_EDGE('',*,*,#4468,.F.);
#5886=ORIENTED_EDGE('',*,*,#4451,.T.);
#5887=ORIENTED_EDGE('',*,*,#4472,.T.);
#5888=ORIENTED_EDGE('',*,*,#4473,.T.);
#5889=ORIENTED_EDGE('',*,*,#4470,.F.);
#5890=ORIENTED_EDGE('',*,*,#4450,.T.);
#5891=ORIENTED_EDGE('',*,*,#4474,.T.);
#5892=ORIENTED_EDGE('',*,*,#4475,.T.);
#5893=ORIENTED_EDGE('',*,*,#4472,.F.);
#5894=ORIENTED_EDGE('',*,*,#4449,.T.);
#5895=ORIENTED_EDGE('',*,*,#4476,.T.);
#5896=ORIENTED_EDGE('',*,*,#4477,.T.);
#5897=ORIENTED_EDGE('',*,*,#4474,.F.);
#5898=ORIENTED_EDGE('',*,*,#4448,.T.);
#5899=ORIENTED_EDGE('',*,*,#4478,.T.);
#5900=ORIENTED_EDGE('',*,*,#4479,.T.);
#5901=ORIENTED_EDGE('',*,*,#4476,.F.);
#5902=ORIENTED_EDGE('',*,*,#4447,.T.);
#5903=ORIENTED_EDGE('',*,*,#4480,.T.);
#5904=ORIENTED_EDGE('',*,*,#4481,.T.);
#5905=ORIENTED_EDGE('',*,*,#4478,.F.);
#5906=ORIENTED_EDGE('',*,*,#4482,.F.);
#5907=ORIENTED_EDGE('',*,*,#4454,.F.);
#5908=ORIENTED_EDGE('',*,*,#4457,.F.);
#5909=ORIENTED_EDGE('',*,*,#4459,.F.);
#5910=ORIENTED_EDGE('',*,*,#4461,.F.);
#5911=ORIENTED_EDGE('',*,*,#4463,.F.);
#5912=ORIENTED_EDGE('',*,*,#4465,.F.);
#5913=ORIENTED_EDGE('',*,*,#4467,.F.);
#5914=ORIENTED_EDGE('',*,*,#4469,.F.);
#5915=ORIENTED_EDGE('',*,*,#4471,.F.);
#5916=ORIENTED_EDGE('',*,*,#4473,.F.);
#5917=ORIENTED_EDGE('',*,*,#4475,.F.);
#5918=ORIENTED_EDGE('',*,*,#4477,.F.);
#5919=ORIENTED_EDGE('',*,*,#4479,.F.);
#5920=ORIENTED_EDGE('',*,*,#4481,.F.);
#5921=ORIENTED_EDGE('',*,*,#4446,.T.);
#5922=ORIENTED_EDGE('',*,*,#4455,.T.);
#5923=ORIENTED_EDGE('',*,*,#4482,.T.);
#5924=ORIENTED_EDGE('',*,*,#4480,.F.);
#5925=ORIENTED_EDGE('',*,*,#4483,.T.);
#5926=ORIENTED_EDGE('',*,*,#4484,.T.);
#5927=ORIENTED_EDGE('',*,*,#4485,.T.);
#5928=ORIENTED_EDGE('',*,*,#4486,.F.);
#5929=ORIENTED_EDGE('',*,*,#4487,.F.);
#5930=ORIENTED_EDGE('',*,*,#4488,.F.);
#5931=ORIENTED_EDGE('',*,*,#4485,.F.);
#5932=ORIENTED_EDGE('',*,*,#4489,.F.);
#5933=ORIENTED_EDGE('',*,*,#4490,.T.);
#5934=ORIENTED_EDGE('',*,*,#4486,.T.);
#5935=ORIENTED_EDGE('',*,*,#4488,.T.);
#5936=ORIENTED_EDGE('',*,*,#4491,.F.);
#5937=ORIENTED_EDGE('',*,*,#4492,.T.);
#5938=ORIENTED_EDGE('',*,*,#4491,.T.);
#5939=ORIENTED_EDGE('',*,*,#4487,.T.);
#5940=ORIENTED_EDGE('',*,*,#4493,.F.);
#5941=ORIENTED_EDGE('',*,*,#4494,.T.);
#5942=ORIENTED_EDGE('',*,*,#4493,.T.);
#5943=ORIENTED_EDGE('',*,*,#4489,.T.);
#5944=ORIENTED_EDGE('',*,*,#4484,.F.);
#5945=ORIENTED_EDGE('',*,*,#4490,.F.);
#5946=ORIENTED_EDGE('',*,*,#4492,.F.);
#5947=ORIENTED_EDGE('',*,*,#4494,.F.);
#5948=ORIENTED_EDGE('',*,*,#4483,.F.);
#5949=ORIENTED_EDGE('',*,*,#4495,.F.);
#5950=ORIENTED_EDGE('',*,*,#4496,.F.);
#5951=ORIENTED_EDGE('',*,*,#4497,.F.);
#5952=ORIENTED_EDGE('',*,*,#4498,.F.);
#5953=ORIENTED_EDGE('',*,*,#4499,.F.);
#5954=ORIENTED_EDGE('',*,*,#4500,.F.);
#5955=ORIENTED_EDGE('',*,*,#4501,.F.);
#5956=ORIENTED_EDGE('',*,*,#4502,.F.);
#5957=ORIENTED_EDGE('',*,*,#4503,.F.);
#5958=ORIENTED_EDGE('',*,*,#4504,.F.);
#5959=ORIENTED_EDGE('',*,*,#4505,.F.);
#5960=ORIENTED_EDGE('',*,*,#4506,.F.);
#5961=ORIENTED_EDGE('',*,*,#4507,.F.);
#5962=ORIENTED_EDGE('',*,*,#4508,.F.);
#5963=ORIENTED_EDGE('',*,*,#4509,.F.);
#5964=ORIENTED_EDGE('',*,*,#4510,.F.);
#5965=ORIENTED_EDGE('',*,*,#4511,.F.);
#5966=ORIENTED_EDGE('',*,*,#4512,.F.);
#5967=ORIENTED_EDGE('',*,*,#4513,.F.);
#5968=ORIENTED_EDGE('',*,*,#4504,.T.);
#5969=ORIENTED_EDGE('',*,*,#4514,.T.);
#5970=ORIENTED_EDGE('',*,*,#4515,.T.);
#5971=ORIENTED_EDGE('',*,*,#4516,.F.);
#5972=ORIENTED_EDGE('',*,*,#4503,.T.);
#5973=ORIENTED_EDGE('',*,*,#4517,.T.);
#5974=ORIENTED_EDGE('',*,*,#4518,.T.);
#5975=ORIENTED_EDGE('',*,*,#4514,.F.);
#5976=ORIENTED_EDGE('',*,*,#4502,.T.);
#5977=ORIENTED_EDGE('',*,*,#4519,.T.);
#5978=ORIENTED_EDGE('',*,*,#4520,.T.);
#5979=ORIENTED_EDGE('',*,*,#4517,.F.);
#5980=ORIENTED_EDGE('',*,*,#4501,.T.);
#5981=ORIENTED_EDGE('',*,*,#4521,.T.);
#5982=ORIENTED_EDGE('',*,*,#4522,.T.);
#5983=ORIENTED_EDGE('',*,*,#4519,.F.);
#5984=ORIENTED_EDGE('',*,*,#4500,.T.);
#5985=ORIENTED_EDGE('',*,*,#4523,.T.);
#5986=ORIENTED_EDGE('',*,*,#4524,.T.);
#5987=ORIENTED_EDGE('',*,*,#4521,.F.);
#5988=ORIENTED_EDGE('',*,*,#4499,.T.);
#5989=ORIENTED_EDGE('',*,*,#4525,.T.);
#5990=ORIENTED_EDGE('',*,*,#4526,.T.);
#5991=ORIENTED_EDGE('',*,*,#4523,.F.);
#5992=ORIENTED_EDGE('',*,*,#4498,.T.);
#5993=ORIENTED_EDGE('',*,*,#4527,.T.);
#5994=ORIENTED_EDGE('',*,*,#4528,.T.);
#5995=ORIENTED_EDGE('',*,*,#4525,.F.);
#5996=ORIENTED_EDGE('',*,*,#4497,.T.);
#5997=ORIENTED_EDGE('',*,*,#4529,.T.);
#5998=ORIENTED_EDGE('',*,*,#4530,.T.);
#5999=ORIENTED_EDGE('',*,*,#4527,.F.);
#6000=ORIENTED_EDGE('',*,*,#4496,.T.);
#6001=ORIENTED_EDGE('',*,*,#4531,.T.);
#6002=ORIENTED_EDGE('',*,*,#4532,.T.);
#6003=ORIENTED_EDGE('',*,*,#4529,.F.);
#6004=ORIENTED_EDGE('',*,*,#4495,.T.);
#6005=ORIENTED_EDGE('',*,*,#4533,.T.);
#6006=ORIENTED_EDGE('',*,*,#4534,.T.);
#6007=ORIENTED_EDGE('',*,*,#4531,.F.);
#6008=ORIENTED_EDGE('',*,*,#4513,.T.);
#6009=ORIENTED_EDGE('',*,*,#4535,.T.);
#6010=ORIENTED_EDGE('',*,*,#4536,.T.);
#6011=ORIENTED_EDGE('',*,*,#4533,.F.);
#6012=ORIENTED_EDGE('',*,*,#4512,.T.);
#6013=ORIENTED_EDGE('',*,*,#4537,.T.);
#6014=ORIENTED_EDGE('',*,*,#4538,.T.);
#6015=ORIENTED_EDGE('',*,*,#4535,.F.);
#6016=ORIENTED_EDGE('',*,*,#4511,.T.);
#6017=ORIENTED_EDGE('',*,*,#4539,.T.);
#6018=ORIENTED_EDGE('',*,*,#4540,.T.);
#6019=ORIENTED_EDGE('',*,*,#4537,.F.);
#6020=ORIENTED_EDGE('',*,*,#4510,.T.);
#6021=ORIENTED_EDGE('',*,*,#4541,.T.);
#6022=ORIENTED_EDGE('',*,*,#4542,.T.);
#6023=ORIENTED_EDGE('',*,*,#4539,.F.);
#6024=ORIENTED_EDGE('',*,*,#4509,.T.);
#6025=ORIENTED_EDGE('',*,*,#4543,.T.);
#6026=ORIENTED_EDGE('',*,*,#4544,.T.);
#6027=ORIENTED_EDGE('',*,*,#4541,.F.);
#6028=ORIENTED_EDGE('',*,*,#4508,.T.);
#6029=ORIENTED_EDGE('',*,*,#4545,.T.);
#6030=ORIENTED_EDGE('',*,*,#4546,.T.);
#6031=ORIENTED_EDGE('',*,*,#4543,.F.);
#6032=ORIENTED_EDGE('',*,*,#4507,.T.);
#6033=ORIENTED_EDGE('',*,*,#4547,.T.);
#6034=ORIENTED_EDGE('',*,*,#4548,.T.);
#6035=ORIENTED_EDGE('',*,*,#4545,.F.);
#6036=ORIENTED_EDGE('',*,*,#4506,.T.);
#6037=ORIENTED_EDGE('',*,*,#4549,.T.);
#6038=ORIENTED_EDGE('',*,*,#4550,.T.);
#6039=ORIENTED_EDGE('',*,*,#4547,.F.);
#6040=ORIENTED_EDGE('',*,*,#4532,.F.);
#6041=ORIENTED_EDGE('',*,*,#4534,.F.);
#6042=ORIENTED_EDGE('',*,*,#4536,.F.);
#6043=ORIENTED_EDGE('',*,*,#4538,.F.);
#6044=ORIENTED_EDGE('',*,*,#4540,.F.);
#6045=ORIENTED_EDGE('',*,*,#4542,.F.);
#6046=ORIENTED_EDGE('',*,*,#4544,.F.);
#6047=ORIENTED_EDGE('',*,*,#4546,.F.);
#6048=ORIENTED_EDGE('',*,*,#4548,.F.);
#6049=ORIENTED_EDGE('',*,*,#4550,.F.);
#6050=ORIENTED_EDGE('',*,*,#4551,.F.);
#6051=ORIENTED_EDGE('',*,*,#4515,.F.);
#6052=ORIENTED_EDGE('',*,*,#4518,.F.);
#6053=ORIENTED_EDGE('',*,*,#4520,.F.);
#6054=ORIENTED_EDGE('',*,*,#4522,.F.);
#6055=ORIENTED_EDGE('',*,*,#4524,.F.);
#6056=ORIENTED_EDGE('',*,*,#4526,.F.);
#6057=ORIENTED_EDGE('',*,*,#4528,.F.);
#6058=ORIENTED_EDGE('',*,*,#4530,.F.);
#6059=ORIENTED_EDGE('',*,*,#4505,.T.);
#6060=ORIENTED_EDGE('',*,*,#4516,.T.);
#6061=ORIENTED_EDGE('',*,*,#4551,.T.);
#6062=ORIENTED_EDGE('',*,*,#4549,.F.);
#6063=ORIENTED_EDGE('',*,*,#4552,.F.);
#6064=ORIENTED_EDGE('',*,*,#4553,.F.);
#6065=ORIENTED_EDGE('',*,*,#4554,.F.);
#6066=ORIENTED_EDGE('',*,*,#4555,.F.);
#6067=ORIENTED_EDGE('',*,*,#4556,.T.);
#6068=ORIENTED_EDGE('',*,*,#4557,.T.);
#6069=ORIENTED_EDGE('',*,*,#4555,.T.);
#6070=ORIENTED_EDGE('',*,*,#4558,.F.);
#6071=ORIENTED_EDGE('',*,*,#4559,.T.);
#6072=ORIENTED_EDGE('',*,*,#4558,.T.);
#6073=ORIENTED_EDGE('',*,*,#4554,.T.);
#6074=ORIENTED_EDGE('',*,*,#4560,.F.);
#6075=ORIENTED_EDGE('',*,*,#4561,.T.);
#6076=ORIENTED_EDGE('',*,*,#4560,.T.);
#6077=ORIENTED_EDGE('',*,*,#4553,.T.);
#6078=ORIENTED_EDGE('',*,*,#4562,.F.);
#6079=ORIENTED_EDGE('',*,*,#4563,.T.);
#6080=ORIENTED_EDGE('',*,*,#4562,.T.);
#6081=ORIENTED_EDGE('',*,*,#4552,.T.);
#6082=ORIENTED_EDGE('',*,*,#4557,.F.);
#6083=ORIENTED_EDGE('',*,*,#4559,.F.);
#6084=ORIENTED_EDGE('',*,*,#4561,.F.);
#6085=ORIENTED_EDGE('',*,*,#4563,.F.);
#6086=ORIENTED_EDGE('',*,*,#4556,.F.);
#6087=ORIENTED_EDGE('',*,*,#4564,.F.);
#6088=ORIENTED_EDGE('',*,*,#4565,.F.);
#6089=ORIENTED_EDGE('',*,*,#4566,.F.);
#6090=ORIENTED_EDGE('',*,*,#4567,.F.);
#6091=ORIENTED_EDGE('',*,*,#4568,.F.);
#6092=ORIENTED_EDGE('',*,*,#4569,.F.);
#6093=ORIENTED_EDGE('',*,*,#4570,.F.);
#6094=ORIENTED_EDGE('',*,*,#4571,.F.);
#6095=ORIENTED_EDGE('',*,*,#4572,.F.);
#6096=ORIENTED_EDGE('',*,*,#4573,.F.);
#6097=ORIENTED_EDGE('',*,*,#4574,.F.);
#6098=ORIENTED_EDGE('',*,*,#4575,.F.);
#6099=ORIENTED_EDGE('',*,*,#4576,.F.);
#6100=ORIENTED_EDGE('',*,*,#4577,.F.);
#6101=ORIENTED_EDGE('',*,*,#4578,.F.);
#6102=ORIENTED_EDGE('',*,*,#4579,.F.);
#6103=ORIENTED_EDGE('',*,*,#4580,.F.);
#6104=ORIENTED_EDGE('',*,*,#4581,.F.);
#6105=ORIENTED_EDGE('',*,*,#4582,.F.);
#6106=ORIENTED_EDGE('',*,*,#4583,.F.);
#6107=ORIENTED_EDGE('',*,*,#4584,.F.);
#6108=ORIENTED_EDGE('',*,*,#4585,.F.);
#6109=ORIENTED_EDGE('',*,*,#4586,.F.);
#6110=ORIENTED_EDGE('',*,*,#4587,.F.);
#6111=ORIENTED_EDGE('',*,*,#4588,.F.);
#6112=ORIENTED_EDGE('',*,*,#4589,.F.);
#6113=ORIENTED_EDGE('',*,*,#4590,.F.);
#6114=ORIENTED_EDGE('',*,*,#4591,.F.);
#6115=ORIENTED_EDGE('',*,*,#4592,.F.);
#6116=ORIENTED_EDGE('',*,*,#4593,.F.);
#6117=ORIENTED_EDGE('',*,*,#4594,.F.);
#6118=ORIENTED_EDGE('',*,*,#4595,.F.);
#6119=ORIENTED_EDGE('',*,*,#4596,.F.);
#6120=ORIENTED_EDGE('',*,*,#4597,.F.);
#6121=ORIENTED_EDGE('',*,*,#4594,.T.);
#6122=ORIENTED_EDGE('',*,*,#4598,.T.);
#6123=ORIENTED_EDGE('',*,*,#4599,.T.);
#6124=ORIENTED_EDGE('',*,*,#4600,.F.);
#6125=ORIENTED_EDGE('',*,*,#4593,.T.);
#6126=ORIENTED_EDGE('',*,*,#4601,.T.);
#6127=ORIENTED_EDGE('',*,*,#4602,.T.);
#6128=ORIENTED_EDGE('',*,*,#4598,.F.);
#6129=ORIENTED_EDGE('',*,*,#4592,.T.);
#6130=ORIENTED_EDGE('',*,*,#4603,.T.);
#6131=ORIENTED_EDGE('',*,*,#4604,.T.);
#6132=ORIENTED_EDGE('',*,*,#4601,.F.);
#6133=ORIENTED_EDGE('',*,*,#4591,.T.);
#6134=ORIENTED_EDGE('',*,*,#4605,.T.);
#6135=ORIENTED_EDGE('',*,*,#4606,.T.);
#6136=ORIENTED_EDGE('',*,*,#4603,.F.);
#6137=ORIENTED_EDGE('',*,*,#4577,.T.);
#6138=ORIENTED_EDGE('',*,*,#4607,.T.);
#6139=ORIENTED_EDGE('',*,*,#4608,.T.);
#6140=ORIENTED_EDGE('',*,*,#4609,.F.);
#6141=ORIENTED_EDGE('',*,*,#4576,.T.);
#6142=ORIENTED_EDGE('',*,*,#4610,.T.);
#6143=ORIENTED_EDGE('',*,*,#4611,.T.);
#6144=ORIENTED_EDGE('',*,*,#4607,.F.);
#6145=ORIENTED_EDGE('',*,*,#4575,.T.);
#6146=ORIENTED_EDGE('',*,*,#4612,.T.);
#6147=ORIENTED_EDGE('',*,*,#4613,.T.);
#6148=ORIENTED_EDGE('',*,*,#4610,.F.);
#6149=ORIENTED_EDGE('',*,*,#4574,.T.);
#6150=ORIENTED_EDGE('',*,*,#4614,.T.);
#6151=ORIENTED_EDGE('',*,*,#4615,.T.);
#6152=ORIENTED_EDGE('',*,*,#4612,.F.);
#6153=ORIENTED_EDGE('',*,*,#4573,.T.);
#6154=ORIENTED_EDGE('',*,*,#4616,.T.);
#6155=ORIENTED_EDGE('',*,*,#4617,.T.);
#6156=ORIENTED_EDGE('',*,*,#4614,.F.);
#6157=ORIENTED_EDGE('',*,*,#4572,.T.);
#6158=ORIENTED_EDGE('',*,*,#4618,.T.);
#6159=ORIENTED_EDGE('',*,*,#4619,.T.);
#6160=ORIENTED_EDGE('',*,*,#4616,.F.);
#6161=ORIENTED_EDGE('',*,*,#4571,.T.);
#6162=ORIENTED_EDGE('',*,*,#4620,.T.);
#6163=ORIENTED_EDGE('',*,*,#4621,.T.);
#6164=ORIENTED_EDGE('',*,*,#4618,.F.);
#6165=ORIENTED_EDGE('',*,*,#4570,.T.);
#6166=ORIENTED_EDGE('',*,*,#4622,.T.);
#6167=ORIENTED_EDGE('',*,*,#4623,.T.);
#6168=ORIENTED_EDGE('',*,*,#4620,.F.);
#6169=ORIENTED_EDGE('',*,*,#4569,.T.);
#6170=ORIENTED_EDGE('',*,*,#4624,.T.);
#6171=ORIENTED_EDGE('',*,*,#4625,.T.);
#6172=ORIENTED_EDGE('',*,*,#4622,.F.);
#6173=ORIENTED_EDGE('',*,*,#4568,.T.);
#6174=ORIENTED_EDGE('',*,*,#4626,.T.);
#6175=ORIENTED_EDGE('',*,*,#4627,.T.);
#6176=ORIENTED_EDGE('',*,*,#4624,.F.);
#6177=ORIENTED_EDGE('',*,*,#4567,.T.);
#6178=ORIENTED_EDGE('',*,*,#4628,.T.);
#6179=ORIENTED_EDGE('',*,*,#4629,.T.);
#6180=ORIENTED_EDGE('',*,*,#4626,.F.);
#6181=ORIENTED_EDGE('',*,*,#4566,.T.);
#6182=ORIENTED_EDGE('',*,*,#4630,.T.);
#6183=ORIENTED_EDGE('',*,*,#4631,.T.);
#6184=ORIENTED_EDGE('',*,*,#4628,.F.);
#6185=ORIENTED_EDGE('',*,*,#4565,.T.);
#6186=ORIENTED_EDGE('',*,*,#4632,.T.);
#6187=ORIENTED_EDGE('',*,*,#4633,.T.);
#6188=ORIENTED_EDGE('',*,*,#4630,.F.);
#6189=ORIENTED_EDGE('',*,*,#4590,.T.);
#6190=ORIENTED_EDGE('',*,*,#4634,.T.);
#6191=ORIENTED_EDGE('',*,*,#4635,.T.);
#6192=ORIENTED_EDGE('',*,*,#4605,.F.);
#6193=ORIENTED_EDGE('',*,*,#4597,.T.);
#6194=ORIENTED_EDGE('',*,*,#4636,.T.);
#6195=ORIENTED_EDGE('',*,*,#4637,.T.);
#6196=ORIENTED_EDGE('',*,*,#4634,.F.);
#6197=ORIENTED_EDGE('',*,*,#4596,.T.);
#6198=ORIENTED_EDGE('',*,*,#4638,.T.);
#6199=ORIENTED_EDGE('',*,*,#4639,.T.);
#6200=ORIENTED_EDGE('',*,*,#4636,.F.);
#6201=ORIENTED_EDGE('',*,*,#4595,.T.);
#6202=ORIENTED_EDGE('',*,*,#4600,.T.);
#6203=ORIENTED_EDGE('',*,*,#4640,.T.);
#6204=ORIENTED_EDGE('',*,*,#4638,.F.);
#6205=ORIENTED_EDGE('',*,*,#4564,.T.);
#6206=ORIENTED_EDGE('',*,*,#4641,.T.);
#6207=ORIENTED_EDGE('',*,*,#4642,.T.);
#6208=ORIENTED_EDGE('',*,*,#4632,.F.);
#6209=ORIENTED_EDGE('',*,*,#4589,.T.);
#6210=ORIENTED_EDGE('',*,*,#4643,.T.);
#6211=ORIENTED_EDGE('',*,*,#4644,.T.);
#6212=ORIENTED_EDGE('',*,*,#4641,.F.);
#6213=ORIENTED_EDGE('',*,*,#4588,.T.);
#6214=ORIENTED_EDGE('',*,*,#4645,.T.);
#6215=ORIENTED_EDGE('',*,*,#4646,.T.);
#6216=ORIENTED_EDGE('',*,*,#4643,.F.);
#6217=ORIENTED_EDGE('',*,*,#4587,.T.);
#6218=ORIENTED_EDGE('',*,*,#4647,.T.);
#6219=ORIENTED_EDGE('',*,*,#4648,.T.);
#6220=ORIENTED_EDGE('',*,*,#4645,.F.);
#6221=ORIENTED_EDGE('',*,*,#4586,.T.);
#6222=ORIENTED_EDGE('',*,*,#4649,.T.);
#6223=ORIENTED_EDGE('',*,*,#4650,.T.);
#6224=ORIENTED_EDGE('',*,*,#4647,.F.);
#6225=ORIENTED_EDGE('',*,*,#4585,.T.);
#6226=ORIENTED_EDGE('',*,*,#4651,.T.);
#6227=ORIENTED_EDGE('',*,*,#4652,.T.);
#6228=ORIENTED_EDGE('',*,*,#4649,.F.);
#6229=ORIENTED_EDGE('',*,*,#4584,.T.);
#6230=ORIENTED_EDGE('',*,*,#4653,.T.);
#6231=ORIENTED_EDGE('',*,*,#4654,.T.);
#6232=ORIENTED_EDGE('',*,*,#4651,.F.);
#6233=ORIENTED_EDGE('',*,*,#4583,.T.);
#6234=ORIENTED_EDGE('',*,*,#4655,.T.);
#6235=ORIENTED_EDGE('',*,*,#4656,.T.);
#6236=ORIENTED_EDGE('',*,*,#4653,.F.);
#6237=ORIENTED_EDGE('',*,*,#4582,.T.);
#6238=ORIENTED_EDGE('',*,*,#4657,.T.);
#6239=ORIENTED_EDGE('',*,*,#4658,.T.);
#6240=ORIENTED_EDGE('',*,*,#4655,.F.);
#6241=ORIENTED_EDGE('',*,*,#4581,.T.);
#6242=ORIENTED_EDGE('',*,*,#4659,.T.);
#6243=ORIENTED_EDGE('',*,*,#4660,.T.);
#6244=ORIENTED_EDGE('',*,*,#4657,.F.);
#6245=ORIENTED_EDGE('',*,*,#4580,.T.);
#6246=ORIENTED_EDGE('',*,*,#4661,.T.);
#6247=ORIENTED_EDGE('',*,*,#4662,.T.);
#6248=ORIENTED_EDGE('',*,*,#4659,.F.);
#6249=ORIENTED_EDGE('',*,*,#4579,.T.);
#6250=ORIENTED_EDGE('',*,*,#4663,.T.);
#6251=ORIENTED_EDGE('',*,*,#4664,.T.);
#6252=ORIENTED_EDGE('',*,*,#4661,.F.);
#6253=ORIENTED_EDGE('',*,*,#4578,.T.);
#6254=ORIENTED_EDGE('',*,*,#4609,.T.);
#6255=ORIENTED_EDGE('',*,*,#4665,.T.);
#6256=ORIENTED_EDGE('',*,*,#4663,.F.);
#6257=ORIENTED_EDGE('',*,*,#4608,.F.);
#6258=ORIENTED_EDGE('',*,*,#4611,.F.);
#6259=ORIENTED_EDGE('',*,*,#4613,.F.);
#6260=ORIENTED_EDGE('',*,*,#4615,.F.);
#6261=ORIENTED_EDGE('',*,*,#4617,.F.);
#6262=ORIENTED_EDGE('',*,*,#4619,.F.);
#6263=ORIENTED_EDGE('',*,*,#4621,.F.);
#6264=ORIENTED_EDGE('',*,*,#4623,.F.);
#6265=ORIENTED_EDGE('',*,*,#4625,.F.);
#6266=ORIENTED_EDGE('',*,*,#4627,.F.);
#6267=ORIENTED_EDGE('',*,*,#4629,.F.);
#6268=ORIENTED_EDGE('',*,*,#4631,.F.);
#6269=ORIENTED_EDGE('',*,*,#4633,.F.);
#6270=ORIENTED_EDGE('',*,*,#4642,.F.);
#6271=ORIENTED_EDGE('',*,*,#4644,.F.);
#6272=ORIENTED_EDGE('',*,*,#4646,.F.);
#6273=ORIENTED_EDGE('',*,*,#4648,.F.);
#6274=ORIENTED_EDGE('',*,*,#4650,.F.);
#6275=ORIENTED_EDGE('',*,*,#4652,.F.);
#6276=ORIENTED_EDGE('',*,*,#4654,.F.);
#6277=ORIENTED_EDGE('',*,*,#4656,.F.);
#6278=ORIENTED_EDGE('',*,*,#4658,.F.);
#6279=ORIENTED_EDGE('',*,*,#4660,.F.);
#6280=ORIENTED_EDGE('',*,*,#4662,.F.);
#6281=ORIENTED_EDGE('',*,*,#4664,.F.);
#6282=ORIENTED_EDGE('',*,*,#4665,.F.);
#6283=ORIENTED_EDGE('',*,*,#4599,.F.);
#6284=ORIENTED_EDGE('',*,*,#4602,.F.);
#6285=ORIENTED_EDGE('',*,*,#4604,.F.);
#6286=ORIENTED_EDGE('',*,*,#4606,.F.);
#6287=ORIENTED_EDGE('',*,*,#4635,.F.);
#6288=ORIENTED_EDGE('',*,*,#4637,.F.);
#6289=ORIENTED_EDGE('',*,*,#4639,.F.);
#6290=ORIENTED_EDGE('',*,*,#4640,.F.);
#6291=ORIENTED_EDGE('',*,*,#4666,.F.);
#6292=ORIENTED_EDGE('',*,*,#4667,.F.);
#6293=ORIENTED_EDGE('',*,*,#4668,.F.);
#6294=ORIENTED_EDGE('',*,*,#4669,.F.);
#6295=ORIENTED_EDGE('',*,*,#4670,.F.);
#6296=ORIENTED_EDGE('',*,*,#4671,.F.);
#6297=ORIENTED_EDGE('',*,*,#4672,.F.);
#6298=ORIENTED_EDGE('',*,*,#4673,.F.);
#6299=ORIENTED_EDGE('',*,*,#4674,.F.);
#6300=ORIENTED_EDGE('',*,*,#4675,.F.);
#6301=ORIENTED_EDGE('',*,*,#4676,.F.);
#6302=ORIENTED_EDGE('',*,*,#4677,.F.);
#6303=ORIENTED_EDGE('',*,*,#4678,.F.);
#6304=ORIENTED_EDGE('',*,*,#4679,.F.);
#6305=ORIENTED_EDGE('',*,*,#4680,.F.);
#6306=ORIENTED_EDGE('',*,*,#4681,.F.);
#6307=ORIENTED_EDGE('',*,*,#4682,.F.);
#6308=ORIENTED_EDGE('',*,*,#4683,.F.);
#6309=ORIENTED_EDGE('',*,*,#4684,.F.);
#6310=ORIENTED_EDGE('',*,*,#4685,.F.);
#6311=ORIENTED_EDGE('',*,*,#4686,.F.);
#6312=ORIENTED_EDGE('',*,*,#4687,.F.);
#6313=ORIENTED_EDGE('',*,*,#4688,.F.);
#6314=ORIENTED_EDGE('',*,*,#4689,.F.);
#6315=ORIENTED_EDGE('',*,*,#4690,.F.);
#6316=ORIENTED_EDGE('',*,*,#4691,.F.);
#6317=ORIENTED_EDGE('',*,*,#4692,.F.);
#6318=ORIENTED_EDGE('',*,*,#4693,.F.);
#6319=ORIENTED_EDGE('',*,*,#4694,.F.);
#6320=ORIENTED_EDGE('',*,*,#4695,.F.);
#6321=ORIENTED_EDGE('',*,*,#4696,.F.);
#6322=ORIENTED_EDGE('',*,*,#4697,.F.);
#6323=ORIENTED_EDGE('',*,*,#4698,.F.);
#6324=ORIENTED_EDGE('',*,*,#4699,.F.);
#6325=ORIENTED_EDGE('',*,*,#4700,.F.);
#6326=ORIENTED_EDGE('',*,*,#4701,.F.);
#6327=ORIENTED_EDGE('',*,*,#4702,.F.);
#6328=ORIENTED_EDGE('',*,*,#4703,.F.);
#6329=ORIENTED_EDGE('',*,*,#4704,.F.);
#6330=ORIENTED_EDGE('',*,*,#4705,.F.);
#6331=ORIENTED_EDGE('',*,*,#4706,.F.);
#6332=ORIENTED_EDGE('',*,*,#4707,.F.);
#6333=ORIENTED_EDGE('',*,*,#4708,.T.);
#6334=ORIENTED_EDGE('',*,*,#4709,.T.);
#6335=ORIENTED_EDGE('',*,*,#4707,.T.);
#6336=ORIENTED_EDGE('',*,*,#4710,.F.);
#6337=ORIENTED_EDGE('',*,*,#4711,.T.);
#6338=ORIENTED_EDGE('',*,*,#4710,.T.);
#6339=ORIENTED_EDGE('',*,*,#4706,.T.);
#6340=ORIENTED_EDGE('',*,*,#4712,.F.);
#6341=ORIENTED_EDGE('',*,*,#4713,.T.);
#6342=ORIENTED_EDGE('',*,*,#4712,.T.);
#6343=ORIENTED_EDGE('',*,*,#4705,.T.);
#6344=ORIENTED_EDGE('',*,*,#4714,.F.);
#6345=ORIENTED_EDGE('',*,*,#4715,.T.);
#6346=ORIENTED_EDGE('',*,*,#4714,.T.);
#6347=ORIENTED_EDGE('',*,*,#4704,.T.);
#6348=ORIENTED_EDGE('',*,*,#4716,.F.);
#6349=ORIENTED_EDGE('',*,*,#4717,.T.);
#6350=ORIENTED_EDGE('',*,*,#4716,.T.);
#6351=ORIENTED_EDGE('',*,*,#4703,.T.);
#6352=ORIENTED_EDGE('',*,*,#4718,.F.);
#6353=ORIENTED_EDGE('',*,*,#4719,.T.);
#6354=ORIENTED_EDGE('',*,*,#4718,.T.);
#6355=ORIENTED_EDGE('',*,*,#4702,.T.);
#6356=ORIENTED_EDGE('',*,*,#4720,.F.);
#6357=ORIENTED_EDGE('',*,*,#4721,.T.);
#6358=ORIENTED_EDGE('',*,*,#4720,.T.);
#6359=ORIENTED_EDGE('',*,*,#4701,.T.);
#6360=ORIENTED_EDGE('',*,*,#4722,.F.);
#6361=ORIENTED_EDGE('',*,*,#4723,.T.);
#6362=ORIENTED_EDGE('',*,*,#4722,.T.);
#6363=ORIENTED_EDGE('',*,*,#4700,.T.);
#6364=ORIENTED_EDGE('',*,*,#4724,.F.);
#6365=ORIENTED_EDGE('',*,*,#4725,.T.);
#6366=ORIENTED_EDGE('',*,*,#4724,.T.);
#6367=ORIENTED_EDGE('',*,*,#4699,.T.);
#6368=ORIENTED_EDGE('',*,*,#4726,.F.);
#6369=ORIENTED_EDGE('',*,*,#4727,.T.);
#6370=ORIENTED_EDGE('',*,*,#4726,.T.);
#6371=ORIENTED_EDGE('',*,*,#4698,.T.);
#6372=ORIENTED_EDGE('',*,*,#4728,.F.);
#6373=ORIENTED_EDGE('',*,*,#4729,.T.);
#6374=ORIENTED_EDGE('',*,*,#4730,.T.);
#6375=ORIENTED_EDGE('',*,*,#4687,.T.);
#6376=ORIENTED_EDGE('',*,*,#4731,.F.);
#6377=ORIENTED_EDGE('',*,*,#4732,.T.);
#6378=ORIENTED_EDGE('',*,*,#4731,.T.);
#6379=ORIENTED_EDGE('',*,*,#4686,.T.);
#6380=ORIENTED_EDGE('',*,*,#4733,.F.);
#6381=ORIENTED_EDGE('',*,*,#4734,.T.);
#6382=ORIENTED_EDGE('',*,*,#4733,.T.);
#6383=ORIENTED_EDGE('',*,*,#4685,.T.);
#6384=ORIENTED_EDGE('',*,*,#4735,.F.);
#6385=ORIENTED_EDGE('',*,*,#4736,.T.);
#6386=ORIENTED_EDGE('',*,*,#4735,.T.);
#6387=ORIENTED_EDGE('',*,*,#4684,.T.);
#6388=ORIENTED_EDGE('',*,*,#4737,.F.);
#6389=ORIENTED_EDGE('',*,*,#4738,.T.);
#6390=ORIENTED_EDGE('',*,*,#4737,.T.);
#6391=ORIENTED_EDGE('',*,*,#4683,.T.);
#6392=ORIENTED_EDGE('',*,*,#4739,.F.);
#6393=ORIENTED_EDGE('',*,*,#4740,.T.);
#6394=ORIENTED_EDGE('',*,*,#4739,.T.);
#6395=ORIENTED_EDGE('',*,*,#4682,.T.);
#6396=ORIENTED_EDGE('',*,*,#4741,.F.);
#6397=ORIENTED_EDGE('',*,*,#4742,.T.);
#6398=ORIENTED_EDGE('',*,*,#4741,.T.);
#6399=ORIENTED_EDGE('',*,*,#4681,.T.);
#6400=ORIENTED_EDGE('',*,*,#4743,.F.);
#6401=ORIENTED_EDGE('',*,*,#4744,.T.);
#6402=ORIENTED_EDGE('',*,*,#4743,.T.);
#6403=ORIENTED_EDGE('',*,*,#4680,.T.);
#6404=ORIENTED_EDGE('',*,*,#4745,.F.);
#6405=ORIENTED_EDGE('',*,*,#4746,.T.);
#6406=ORIENTED_EDGE('',*,*,#4745,.T.);
#6407=ORIENTED_EDGE('',*,*,#4679,.T.);
#6408=ORIENTED_EDGE('',*,*,#4747,.F.);
#6409=ORIENTED_EDGE('',*,*,#4748,.T.);
#6410=ORIENTED_EDGE('',*,*,#4747,.T.);
#6411=ORIENTED_EDGE('',*,*,#4678,.T.);
#6412=ORIENTED_EDGE('',*,*,#4749,.F.);
#6413=ORIENTED_EDGE('',*,*,#4750,.T.);
#6414=ORIENTED_EDGE('',*,*,#4749,.T.);
#6415=ORIENTED_EDGE('',*,*,#4677,.T.);
#6416=ORIENTED_EDGE('',*,*,#4751,.F.);
#6417=ORIENTED_EDGE('',*,*,#4752,.T.);
#6418=ORIENTED_EDGE('',*,*,#4728,.T.);
#6419=ORIENTED_EDGE('',*,*,#4697,.T.);
#6420=ORIENTED_EDGE('',*,*,#4753,.F.);
#6421=ORIENTED_EDGE('',*,*,#4754,.T.);
#6422=ORIENTED_EDGE('',*,*,#4753,.T.);
#6423=ORIENTED_EDGE('',*,*,#4696,.T.);
#6424=ORIENTED_EDGE('',*,*,#4755,.F.);
#6425=ORIENTED_EDGE('',*,*,#4756,.T.);
#6426=ORIENTED_EDGE('',*,*,#4755,.T.);
#6427=ORIENTED_EDGE('',*,*,#4695,.T.);
#6428=ORIENTED_EDGE('',*,*,#4757,.F.);
#6429=ORIENTED_EDGE('',*,*,#4758,.T.);
#6430=ORIENTED_EDGE('',*,*,#4757,.T.);
#6431=ORIENTED_EDGE('',*,*,#4694,.T.);
#6432=ORIENTED_EDGE('',*,*,#4759,.F.);
#6433=ORIENTED_EDGE('',*,*,#4760,.T.);
#6434=ORIENTED_EDGE('',*,*,#4759,.T.);
#6435=ORIENTED_EDGE('',*,*,#4693,.T.);
#6436=ORIENTED_EDGE('',*,*,#4761,.F.);
#6437=ORIENTED_EDGE('',*,*,#4762,.T.);
#6438=ORIENTED_EDGE('',*,*,#4761,.T.);
#6439=ORIENTED_EDGE('',*,*,#4692,.T.);
#6440=ORIENTED_EDGE('',*,*,#4763,.F.);
#6441=ORIENTED_EDGE('',*,*,#4764,.T.);
#6442=ORIENTED_EDGE('',*,*,#4763,.T.);
#6443=ORIENTED_EDGE('',*,*,#4691,.T.);
#6444=ORIENTED_EDGE('',*,*,#4765,.F.);
#6445=ORIENTED_EDGE('',*,*,#4766,.T.);
#6446=ORIENTED_EDGE('',*,*,#4765,.T.);
#6447=ORIENTED_EDGE('',*,*,#4690,.T.);
#6448=ORIENTED_EDGE('',*,*,#4767,.F.);
#6449=ORIENTED_EDGE('',*,*,#4768,.T.);
#6450=ORIENTED_EDGE('',*,*,#4767,.T.);
#6451=ORIENTED_EDGE('',*,*,#4689,.T.);
#6452=ORIENTED_EDGE('',*,*,#4769,.F.);
#6453=ORIENTED_EDGE('',*,*,#4770,.T.);
#6454=ORIENTED_EDGE('',*,*,#4769,.T.);
#6455=ORIENTED_EDGE('',*,*,#4688,.T.);
#6456=ORIENTED_EDGE('',*,*,#4709,.F.);
#6457=ORIENTED_EDGE('',*,*,#4771,.T.);
#6458=ORIENTED_EDGE('',*,*,#4751,.T.);
#6459=ORIENTED_EDGE('',*,*,#4676,.T.);
#6460=ORIENTED_EDGE('',*,*,#4772,.F.);
#6461=ORIENTED_EDGE('',*,*,#4773,.T.);
#6462=ORIENTED_EDGE('',*,*,#4772,.T.);
#6463=ORIENTED_EDGE('',*,*,#4675,.T.);
#6464=ORIENTED_EDGE('',*,*,#4774,.F.);
#6465=ORIENTED_EDGE('',*,*,#4775,.T.);
#6466=ORIENTED_EDGE('',*,*,#4774,.T.);
#6467=ORIENTED_EDGE('',*,*,#4674,.T.);
#6468=ORIENTED_EDGE('',*,*,#4776,.F.);
#6469=ORIENTED_EDGE('',*,*,#4777,.T.);
#6470=ORIENTED_EDGE('',*,*,#4776,.T.);
#6471=ORIENTED_EDGE('',*,*,#4673,.T.);
#6472=ORIENTED_EDGE('',*,*,#4778,.F.);
#6473=ORIENTED_EDGE('',*,*,#4779,.T.);
#6474=ORIENTED_EDGE('',*,*,#4778,.T.);
#6475=ORIENTED_EDGE('',*,*,#4672,.T.);
#6476=ORIENTED_EDGE('',*,*,#4780,.F.);
#6477=ORIENTED_EDGE('',*,*,#4781,.T.);
#6478=ORIENTED_EDGE('',*,*,#4780,.T.);
#6479=ORIENTED_EDGE('',*,*,#4671,.T.);
#6480=ORIENTED_EDGE('',*,*,#4782,.F.);
#6481=ORIENTED_EDGE('',*,*,#4783,.T.);
#6482=ORIENTED_EDGE('',*,*,#4782,.T.);
#6483=ORIENTED_EDGE('',*,*,#4670,.T.);
#6484=ORIENTED_EDGE('',*,*,#4784,.F.);
#6485=ORIENTED_EDGE('',*,*,#4785,.T.);
#6486=ORIENTED_EDGE('',*,*,#4784,.T.);
#6487=ORIENTED_EDGE('',*,*,#4669,.T.);
#6488=ORIENTED_EDGE('',*,*,#4786,.F.);
#6489=ORIENTED_EDGE('',*,*,#4787,.T.);
#6490=ORIENTED_EDGE('',*,*,#4786,.T.);
#6491=ORIENTED_EDGE('',*,*,#4668,.T.);
#6492=ORIENTED_EDGE('',*,*,#4788,.F.);
#6493=ORIENTED_EDGE('',*,*,#4789,.T.);
#6494=ORIENTED_EDGE('',*,*,#4788,.T.);
#6495=ORIENTED_EDGE('',*,*,#4667,.T.);
#6496=ORIENTED_EDGE('',*,*,#4790,.F.);
#6497=ORIENTED_EDGE('',*,*,#4791,.T.);
#6498=ORIENTED_EDGE('',*,*,#4790,.T.);
#6499=ORIENTED_EDGE('',*,*,#4666,.T.);
#6500=ORIENTED_EDGE('',*,*,#4730,.F.);
#6501=ORIENTED_EDGE('',*,*,#4750,.F.);
#6502=ORIENTED_EDGE('',*,*,#4771,.F.);
#6503=ORIENTED_EDGE('',*,*,#4773,.F.);
#6504=ORIENTED_EDGE('',*,*,#4775,.F.);
#6505=ORIENTED_EDGE('',*,*,#4777,.F.);
#6506=ORIENTED_EDGE('',*,*,#4779,.F.);
#6507=ORIENTED_EDGE('',*,*,#4781,.F.);
#6508=ORIENTED_EDGE('',*,*,#4783,.F.);
#6509=ORIENTED_EDGE('',*,*,#4785,.F.);
#6510=ORIENTED_EDGE('',*,*,#4787,.F.);
#6511=ORIENTED_EDGE('',*,*,#4789,.F.);
#6512=ORIENTED_EDGE('',*,*,#4791,.F.);
#6513=ORIENTED_EDGE('',*,*,#4729,.F.);
#6514=ORIENTED_EDGE('',*,*,#4732,.F.);
#6515=ORIENTED_EDGE('',*,*,#4734,.F.);
#6516=ORIENTED_EDGE('',*,*,#4736,.F.);
#6517=ORIENTED_EDGE('',*,*,#4738,.F.);
#6518=ORIENTED_EDGE('',*,*,#4740,.F.);
#6519=ORIENTED_EDGE('',*,*,#4742,.F.);
#6520=ORIENTED_EDGE('',*,*,#4744,.F.);
#6521=ORIENTED_EDGE('',*,*,#4746,.F.);
#6522=ORIENTED_EDGE('',*,*,#4748,.F.);
#6523=ORIENTED_EDGE('',*,*,#4727,.F.);
#6524=ORIENTED_EDGE('',*,*,#4752,.F.);
#6525=ORIENTED_EDGE('',*,*,#4754,.F.);
#6526=ORIENTED_EDGE('',*,*,#4756,.F.);
#6527=ORIENTED_EDGE('',*,*,#4758,.F.);
#6528=ORIENTED_EDGE('',*,*,#4760,.F.);
#6529=ORIENTED_EDGE('',*,*,#4762,.F.);
#6530=ORIENTED_EDGE('',*,*,#4764,.F.);
#6531=ORIENTED_EDGE('',*,*,#4766,.F.);
#6532=ORIENTED_EDGE('',*,*,#4768,.F.);
#6533=ORIENTED_EDGE('',*,*,#4770,.F.);
#6534=ORIENTED_EDGE('',*,*,#4708,.F.);
#6535=ORIENTED_EDGE('',*,*,#4711,.F.);
#6536=ORIENTED_EDGE('',*,*,#4713,.F.);
#6537=ORIENTED_EDGE('',*,*,#4715,.F.);
#6538=ORIENTED_EDGE('',*,*,#4717,.F.);
#6539=ORIENTED_EDGE('',*,*,#4719,.F.);
#6540=ORIENTED_EDGE('',*,*,#4721,.F.);
#6541=ORIENTED_EDGE('',*,*,#4723,.F.);
#6542=ORIENTED_EDGE('',*,*,#4725,.F.);
#6543=ORIENTED_EDGE('',*,*,#4792,.F.);
#6544=ORIENTED_EDGE('',*,*,#4792,.T.);
#6545=ORIENTED_EDGE('',*,*,#4793,.T.);
#6546=ORIENTED_EDGE('',*,*,#4793,.F.);
#6547=ORIENTED_EDGE('',*,*,#4794,.F.);
#6548=ORIENTED_EDGE('',*,*,#4795,.F.);
#6549=ORIENTED_EDGE('',*,*,#4796,.F.);
#6550=ORIENTED_EDGE('',*,*,#4797,.F.);
#6551=ORIENTED_EDGE('',*,*,#4796,.T.);
#6552=ORIENTED_EDGE('',*,*,#4798,.T.);
#6553=ORIENTED_EDGE('',*,*,#4799,.T.);
#6554=ORIENTED_EDGE('',*,*,#4800,.F.);
#6555=ORIENTED_EDGE('',*,*,#4795,.T.);
#6556=ORIENTED_EDGE('',*,*,#4801,.T.);
#6557=ORIENTED_EDGE('',*,*,#4802,.T.);
#6558=ORIENTED_EDGE('',*,*,#4798,.F.);
#6559=ORIENTED_EDGE('',*,*,#4794,.T.);
#6560=ORIENTED_EDGE('',*,*,#4803,.T.);
#6561=ORIENTED_EDGE('',*,*,#4804,.T.);
#6562=ORIENTED_EDGE('',*,*,#4801,.F.);
#6563=ORIENTED_EDGE('',*,*,#4797,.T.);
#6564=ORIENTED_EDGE('',*,*,#4800,.T.);
#6565=ORIENTED_EDGE('',*,*,#4805,.T.);
#6566=ORIENTED_EDGE('',*,*,#4803,.F.);
#6567=ORIENTED_EDGE('',*,*,#4799,.F.);
#6568=ORIENTED_EDGE('',*,*,#4802,.F.);
#6569=ORIENTED_EDGE('',*,*,#4804,.F.);
#6570=ORIENTED_EDGE('',*,*,#4805,.F.);
#6571=ORIENTED_EDGE('',*,*,#4806,.T.);
#6572=ORIENTED_EDGE('',*,*,#4807,.T.);
#6573=ORIENTED_EDGE('',*,*,#4808,.T.);
#6574=ORIENTED_EDGE('',*,*,#4809,.F.);
#6575=ORIENTED_EDGE('',*,*,#4808,.F.);
#6576=ORIENTED_EDGE('',*,*,#4810,.F.);
#6577=ORIENTED_EDGE('',*,*,#4811,.F.);
#6578=ORIENTED_EDGE('',*,*,#4812,.F.);
#6579=ORIENTED_EDGE('',*,*,#4813,.F.);
#6580=ORIENTED_EDGE('',*,*,#4814,.F.);
#6581=ORIENTED_EDGE('',*,*,#4815,.F.);
#6582=ORIENTED_EDGE('',*,*,#4816,.F.);
#6583=ORIENTED_EDGE('',*,*,#4817,.F.);
#6584=ORIENTED_EDGE('',*,*,#4818,.F.);
#6585=ORIENTED_EDGE('',*,*,#4819,.F.);
#6586=ORIENTED_EDGE('',*,*,#4820,.F.);
#6587=ORIENTED_EDGE('',*,*,#4821,.F.);
#6588=ORIENTED_EDGE('',*,*,#4822,.F.);
#6589=ORIENTED_EDGE('',*,*,#4823,.F.);
#6590=ORIENTED_EDGE('',*,*,#4824,.F.);
#6591=ORIENTED_EDGE('',*,*,#4825,.F.);
#6592=ORIENTED_EDGE('',*,*,#4826,.F.);
#6593=ORIENTED_EDGE('',*,*,#4827,.F.);
#6594=ORIENTED_EDGE('',*,*,#4828,.F.);
#6595=ORIENTED_EDGE('',*,*,#4829,.F.);
#6596=ORIENTED_EDGE('',*,*,#4830,.F.);
#6597=ORIENTED_EDGE('',*,*,#4831,.F.);
#6598=ORIENTED_EDGE('',*,*,#4832,.F.);
#6599=ORIENTED_EDGE('',*,*,#4833,.F.);
#6600=ORIENTED_EDGE('',*,*,#4834,.T.);
#6601=ORIENTED_EDGE('',*,*,#4809,.T.);
#6602=ORIENTED_EDGE('',*,*,#4833,.T.);
#6603=ORIENTED_EDGE('',*,*,#4835,.F.);
#6604=ORIENTED_EDGE('',*,*,#4836,.T.);
#6605=ORIENTED_EDGE('',*,*,#4835,.T.);
#6606=ORIENTED_EDGE('',*,*,#4832,.T.);
#6607=ORIENTED_EDGE('',*,*,#4837,.F.);
#6608=ORIENTED_EDGE('',*,*,#4838,.T.);
#6609=ORIENTED_EDGE('',*,*,#4837,.T.);
#6610=ORIENTED_EDGE('',*,*,#4831,.T.);
#6611=ORIENTED_EDGE('',*,*,#4839,.F.);
#6612=ORIENTED_EDGE('',*,*,#4840,.T.);
#6613=ORIENTED_EDGE('',*,*,#4839,.T.);
#6614=ORIENTED_EDGE('',*,*,#4830,.T.);
#6615=ORIENTED_EDGE('',*,*,#4841,.F.);
#6616=ORIENTED_EDGE('',*,*,#4842,.T.);
#6617=ORIENTED_EDGE('',*,*,#4841,.T.);
#6618=ORIENTED_EDGE('',*,*,#4829,.T.);
#6619=ORIENTED_EDGE('',*,*,#4843,.F.);
#6620=ORIENTED_EDGE('',*,*,#4844,.T.);
#6621=ORIENTED_EDGE('',*,*,#4843,.T.);
#6622=ORIENTED_EDGE('',*,*,#4828,.T.);
#6623=ORIENTED_EDGE('',*,*,#4845,.F.);
#6624=ORIENTED_EDGE('',*,*,#4846,.T.);
#6625=ORIENTED_EDGE('',*,*,#4845,.T.);
#6626=ORIENTED_EDGE('',*,*,#4827,.T.);
#6627=ORIENTED_EDGE('',*,*,#4847,.F.);
#6628=ORIENTED_EDGE('',*,*,#4848,.T.);
#6629=ORIENTED_EDGE('',*,*,#4847,.T.);
#6630=ORIENTED_EDGE('',*,*,#4826,.T.);
#6631=ORIENTED_EDGE('',*,*,#4849,.F.);
#6632=ORIENTED_EDGE('',*,*,#4850,.T.);
#6633=ORIENTED_EDGE('',*,*,#4849,.T.);
#6634=ORIENTED_EDGE('',*,*,#4825,.T.);
#6635=ORIENTED_EDGE('',*,*,#4851,.F.);
#6636=ORIENTED_EDGE('',*,*,#4852,.T.);
#6637=ORIENTED_EDGE('',*,*,#4851,.T.);
#6638=ORIENTED_EDGE('',*,*,#4824,.T.);
#6639=ORIENTED_EDGE('',*,*,#4853,.F.);
#6640=ORIENTED_EDGE('',*,*,#4854,.T.);
#6641=ORIENTED_EDGE('',*,*,#4853,.T.);
#6642=ORIENTED_EDGE('',*,*,#4823,.T.);
#6643=ORIENTED_EDGE('',*,*,#4855,.F.);
#6644=ORIENTED_EDGE('',*,*,#4856,.T.);
#6645=ORIENTED_EDGE('',*,*,#4855,.T.);
#6646=ORIENTED_EDGE('',*,*,#4822,.T.);
#6647=ORIENTED_EDGE('',*,*,#4857,.F.);
#6648=ORIENTED_EDGE('',*,*,#4858,.T.);
#6649=ORIENTED_EDGE('',*,*,#4857,.T.);
#6650=ORIENTED_EDGE('',*,*,#4821,.T.);
#6651=ORIENTED_EDGE('',*,*,#4859,.F.);
#6652=ORIENTED_EDGE('',*,*,#4860,.T.);
#6653=ORIENTED_EDGE('',*,*,#4859,.T.);
#6654=ORIENTED_EDGE('',*,*,#4820,.T.);
#6655=ORIENTED_EDGE('',*,*,#4861,.F.);
#6656=ORIENTED_EDGE('',*,*,#4862,.T.);
#6657=ORIENTED_EDGE('',*,*,#4861,.T.);
#6658=ORIENTED_EDGE('',*,*,#4819,.T.);
#6659=ORIENTED_EDGE('',*,*,#4863,.F.);
#6660=ORIENTED_EDGE('',*,*,#4864,.T.);
#6661=ORIENTED_EDGE('',*,*,#4863,.T.);
#6662=ORIENTED_EDGE('',*,*,#4818,.T.);
#6663=ORIENTED_EDGE('',*,*,#4865,.F.);
#6664=ORIENTED_EDGE('',*,*,#4866,.T.);
#6665=ORIENTED_EDGE('',*,*,#4865,.T.);
#6666=ORIENTED_EDGE('',*,*,#4817,.T.);
#6667=ORIENTED_EDGE('',*,*,#4867,.F.);
#6668=ORIENTED_EDGE('',*,*,#4868,.T.);
#6669=ORIENTED_EDGE('',*,*,#4867,.T.);
#6670=ORIENTED_EDGE('',*,*,#4816,.T.);
#6671=ORIENTED_EDGE('',*,*,#4869,.F.);
#6672=ORIENTED_EDGE('',*,*,#4870,.T.);
#6673=ORIENTED_EDGE('',*,*,#4869,.T.);
#6674=ORIENTED_EDGE('',*,*,#4815,.T.);
#6675=ORIENTED_EDGE('',*,*,#4871,.F.);
#6676=ORIENTED_EDGE('',*,*,#4872,.T.);
#6677=ORIENTED_EDGE('',*,*,#4871,.T.);
#6678=ORIENTED_EDGE('',*,*,#4814,.T.);
#6679=ORIENTED_EDGE('',*,*,#4873,.F.);
#6680=ORIENTED_EDGE('',*,*,#4874,.T.);
#6681=ORIENTED_EDGE('',*,*,#4873,.T.);
#6682=ORIENTED_EDGE('',*,*,#4813,.T.);
#6683=ORIENTED_EDGE('',*,*,#4875,.F.);
#6684=ORIENTED_EDGE('',*,*,#4876,.T.);
#6685=ORIENTED_EDGE('',*,*,#4875,.T.);
#6686=ORIENTED_EDGE('',*,*,#4812,.T.);
#6687=ORIENTED_EDGE('',*,*,#4877,.F.);
#6688=ORIENTED_EDGE('',*,*,#4878,.T.);
#6689=ORIENTED_EDGE('',*,*,#4877,.T.);
#6690=ORIENTED_EDGE('',*,*,#4811,.T.);
#6691=ORIENTED_EDGE('',*,*,#4879,.F.);
#6692=ORIENTED_EDGE('',*,*,#4880,.T.);
#6693=ORIENTED_EDGE('',*,*,#4879,.T.);
#6694=ORIENTED_EDGE('',*,*,#4810,.T.);
#6695=ORIENTED_EDGE('',*,*,#4807,.F.);
#6696=ORIENTED_EDGE('',*,*,#4856,.F.);
#6697=ORIENTED_EDGE('',*,*,#4858,.F.);
#6698=ORIENTED_EDGE('',*,*,#4860,.F.);
#6699=ORIENTED_EDGE('',*,*,#4862,.F.);
#6700=ORIENTED_EDGE('',*,*,#4864,.F.);
#6701=ORIENTED_EDGE('',*,*,#4866,.F.);
#6702=ORIENTED_EDGE('',*,*,#4868,.F.);
#6703=ORIENTED_EDGE('',*,*,#4870,.F.);
#6704=ORIENTED_EDGE('',*,*,#4872,.F.);
#6705=ORIENTED_EDGE('',*,*,#4874,.F.);
#6706=ORIENTED_EDGE('',*,*,#4876,.F.);
#6707=ORIENTED_EDGE('',*,*,#4878,.F.);
#6708=ORIENTED_EDGE('',*,*,#4880,.F.);
#6709=ORIENTED_EDGE('',*,*,#4806,.F.);
#6710=ORIENTED_EDGE('',*,*,#4834,.F.);
#6711=ORIENTED_EDGE('',*,*,#4836,.F.);
#6712=ORIENTED_EDGE('',*,*,#4838,.F.);
#6713=ORIENTED_EDGE('',*,*,#4840,.F.);
#6714=ORIENTED_EDGE('',*,*,#4842,.F.);
#6715=ORIENTED_EDGE('',*,*,#4844,.F.);
#6716=ORIENTED_EDGE('',*,*,#4846,.F.);
#6717=ORIENTED_EDGE('',*,*,#4848,.F.);
#6718=ORIENTED_EDGE('',*,*,#4850,.F.);
#6719=ORIENTED_EDGE('',*,*,#4852,.F.);
#6720=ORIENTED_EDGE('',*,*,#4854,.F.);
#6721=ORIENTED_EDGE('',*,*,#4881,.F.);
#6722=ORIENTED_EDGE('',*,*,#4882,.T.);
#6723=ORIENTED_EDGE('',*,*,#4883,.T.);
#6724=ORIENTED_EDGE('',*,*,#4884,.T.);
#6725=ORIENTED_EDGE('',*,*,#4885,.F.);
#6726=ORIENTED_EDGE('',*,*,#4884,.F.);
#6727=ORIENTED_EDGE('',*,*,#4886,.F.);
#6728=ORIENTED_EDGE('',*,*,#4887,.F.);
#6729=ORIENTED_EDGE('',*,*,#4888,.F.);
#6730=ORIENTED_EDGE('',*,*,#4889,.F.);
#6731=ORIENTED_EDGE('',*,*,#4890,.F.);
#6732=ORIENTED_EDGE('',*,*,#4891,.F.);
#6733=ORIENTED_EDGE('',*,*,#4892,.F.);
#6734=ORIENTED_EDGE('',*,*,#4893,.F.);
#6735=ORIENTED_EDGE('',*,*,#4894,.T.);
#6736=ORIENTED_EDGE('',*,*,#4882,.F.);
#6737=ORIENTED_EDGE('',*,*,#4883,.F.);
#6738=ORIENTED_EDGE('',*,*,#4894,.F.);
#6739=ORIENTED_EDGE('',*,*,#4895,.F.);
#6740=ORIENTED_EDGE('',*,*,#4886,.T.);
#6741=ORIENTED_EDGE('',*,*,#4896,.F.);
#6742=ORIENTED_EDGE('',*,*,#4888,.T.);
#6743=ORIENTED_EDGE('',*,*,#4897,.T.);
#6744=ORIENTED_EDGE('',*,*,#4892,.T.);
#6745=ORIENTED_EDGE('',*,*,#4893,.T.);
#6746=ORIENTED_EDGE('',*,*,#4897,.F.);
#6747=ORIENTED_EDGE('',*,*,#4887,.T.);
#6748=ORIENTED_EDGE('',*,*,#4895,.T.);
#6749=ORIENTED_EDGE('',*,*,#4898,.F.);
#6750=ORIENTED_EDGE('',*,*,#4899,.T.);
#6751=ORIENTED_EDGE('',*,*,#4900,.T.);
#6752=ORIENTED_EDGE('',*,*,#4901,.T.);
#6753=ORIENTED_EDGE('',*,*,#4902,.F.);
#6754=ORIENTED_EDGE('',*,*,#4901,.F.);
#6755=ORIENTED_EDGE('',*,*,#4903,.F.);
#6756=ORIENTED_EDGE('',*,*,#4904,.F.);
#6757=ORIENTED_EDGE('',*,*,#4905,.F.);
#6758=ORIENTED_EDGE('',*,*,#4906,.F.);
#6759=ORIENTED_EDGE('',*,*,#4907,.F.);
#6760=ORIENTED_EDGE('',*,*,#4908,.F.);
#6761=ORIENTED_EDGE('',*,*,#4909,.F.);
#6762=ORIENTED_EDGE('',*,*,#4910,.F.);
#6763=ORIENTED_EDGE('',*,*,#4911,.T.);
#6764=ORIENTED_EDGE('',*,*,#4899,.F.);
#6765=ORIENTED_EDGE('',*,*,#4900,.F.);
#6766=ORIENTED_EDGE('',*,*,#4911,.F.);
#6767=ORIENTED_EDGE('',*,*,#4912,.F.);
#6768=ORIENTED_EDGE('',*,*,#4903,.T.);
#6769=ORIENTED_EDGE('',*,*,#4913,.F.);
#6770=ORIENTED_EDGE('',*,*,#4905,.T.);
#6771=ORIENTED_EDGE('',*,*,#4914,.T.);
#6772=ORIENTED_EDGE('',*,*,#4909,.T.);
#6773=ORIENTED_EDGE('',*,*,#4910,.T.);
#6774=ORIENTED_EDGE('',*,*,#4914,.F.);
#6775=ORIENTED_EDGE('',*,*,#4904,.T.);
#6776=ORIENTED_EDGE('',*,*,#4912,.T.);
#6777=ORIENTED_EDGE('',*,*,#4915,.F.);
#6778=ORIENTED_EDGE('',*,*,#4916,.T.);
#6779=ORIENTED_EDGE('',*,*,#4917,.F.);
#6780=ORIENTED_EDGE('',*,*,#4918,.F.);
#6781=ORIENTED_EDGE('',*,*,#4919,.F.);
#6782=ORIENTED_EDGE('',*,*,#4918,.T.);
#6783=ORIENTED_EDGE('',*,*,#4920,.F.);
#6784=ORIENTED_EDGE('',*,*,#4921,.F.);
#6785=ORIENTED_EDGE('',*,*,#4922,.F.);
#6786=ORIENTED_EDGE('',*,*,#4923,.F.);
#6787=ORIENTED_EDGE('',*,*,#4924,.F.);
#6788=ORIENTED_EDGE('',*,*,#4925,.F.);
#6789=ORIENTED_EDGE('',*,*,#4926,.F.);
#6790=ORIENTED_EDGE('',*,*,#4924,.T.);
#6791=ORIENTED_EDGE('',*,*,#4927,.F.);
#6792=ORIENTED_EDGE('',*,*,#4928,.F.);
#6793=ORIENTED_EDGE('',*,*,#4929,.F.);
#6794=ORIENTED_EDGE('',*,*,#4928,.T.);
#6795=ORIENTED_EDGE('',*,*,#4930,.F.);
#6796=ORIENTED_EDGE('',*,*,#4931,.F.);
#6797=ORIENTED_EDGE('',*,*,#4932,.F.);
#6798=ORIENTED_EDGE('',*,*,#4933,.F.);
#6799=ORIENTED_EDGE('',*,*,#4934,.F.);
#6800=ORIENTED_EDGE('',*,*,#4935,.F.);
#6801=ORIENTED_EDGE('',*,*,#4936,.F.);
#6802=ORIENTED_EDGE('',*,*,#4934,.T.);
#6803=ORIENTED_EDGE('',*,*,#4937,.F.);
#6804=ORIENTED_EDGE('',*,*,#4938,.F.);
#6805=ORIENTED_EDGE('',*,*,#4939,.F.);
#6806=ORIENTED_EDGE('',*,*,#4938,.T.);
#6807=ORIENTED_EDGE('',*,*,#4940,.F.);
#6808=ORIENTED_EDGE('',*,*,#4941,.F.);
#6809=ORIENTED_EDGE('',*,*,#4942,.F.);
#6810=ORIENTED_EDGE('',*,*,#4943,.F.);
#6811=ORIENTED_EDGE('',*,*,#4944,.F.);
#6812=ORIENTED_EDGE('',*,*,#4945,.F.);
#6813=ORIENTED_EDGE('',*,*,#4946,.F.);
#6814=ORIENTED_EDGE('',*,*,#4944,.T.);
#6815=ORIENTED_EDGE('',*,*,#4947,.F.);
#6816=ORIENTED_EDGE('',*,*,#4948,.F.);
#6817=ORIENTED_EDGE('',*,*,#4949,.F.);
#6818=ORIENTED_EDGE('',*,*,#4948,.T.);
#6819=ORIENTED_EDGE('',*,*,#4950,.F.);
#6820=ORIENTED_EDGE('',*,*,#4951,.F.);
#6821=ORIENTED_EDGE('',*,*,#4952,.F.);
#6822=ORIENTED_EDGE('',*,*,#4953,.F.);
#6823=ORIENTED_EDGE('',*,*,#4954,.F.);
#6824=ORIENTED_EDGE('',*,*,#4955,.F.);
#6825=ORIENTED_EDGE('',*,*,#4956,.F.);
#6826=ORIENTED_EDGE('',*,*,#4957,.F.);
#6827=ORIENTED_EDGE('',*,*,#4958,.F.);
#6828=ORIENTED_EDGE('',*,*,#4959,.F.);
#6829=ORIENTED_EDGE('',*,*,#4960,.T.);
#6830=ORIENTED_EDGE('',*,*,#4961,.F.);
#6831=ORIENTED_EDGE('',*,*,#4962,.F.);
#6832=ORIENTED_EDGE('',*,*,#4963,.F.);
#6833=ORIENTED_EDGE('',*,*,#4964,.T.);
#6834=ORIENTED_EDGE('',*,*,#4965,.F.);
#6835=ORIENTED_EDGE('',*,*,#4966,.F.);
#6836=ORIENTED_EDGE('',*,*,#4967,.F.);
#6837=ORIENTED_EDGE('',*,*,#4968,.F.);
#6838=ORIENTED_EDGE('',*,*,#4969,.F.);
#6839=ORIENTED_EDGE('',*,*,#4970,.F.);
#6840=ORIENTED_EDGE('',*,*,#4971,.F.);
#6841=ORIENTED_EDGE('',*,*,#4972,.F.);
#6842=ORIENTED_EDGE('',*,*,#4916,.F.);
#6843=ORIENTED_EDGE('',*,*,#4973,.T.);
#6844=ORIENTED_EDGE('',*,*,#4974,.T.);
#6845=ORIENTED_EDGE('',*,*,#4975,.T.);
#6846=ORIENTED_EDGE('',*,*,#4976,.T.);
#6847=ORIENTED_EDGE('',*,*,#4973,.F.);
#6848=ORIENTED_EDGE('',*,*,#4977,.F.);
#6849=ORIENTED_EDGE('',*,*,#4978,.T.);
#6850=ORIENTED_EDGE('',*,*,#4979,.F.);
#6851=ORIENTED_EDGE('',*,*,#4980,.F.);
#6852=ORIENTED_EDGE('',*,*,#4965,.T.);
#6853=ORIENTED_EDGE('',*,*,#4981,.T.);
#6854=ORIENTED_EDGE('',*,*,#4968,.T.);
#6855=ORIENTED_EDGE('',*,*,#4982,.F.);
#6856=ORIENTED_EDGE('',*,*,#4961,.T.);
#6857=ORIENTED_EDGE('',*,*,#4983,.T.);
#6858=ORIENTED_EDGE('',*,*,#4984,.T.);
#6859=ORIENTED_EDGE('',*,*,#4985,.T.);
#6860=ORIENTED_EDGE('',*,*,#4986,.T.);
#6861=ORIENTED_EDGE('',*,*,#4987,.T.);
#6862=ORIENTED_EDGE('',*,*,#4988,.T.);
#6863=ORIENTED_EDGE('',*,*,#4989,.T.);
#6864=ORIENTED_EDGE('',*,*,#4990,.T.);
#6865=ORIENTED_EDGE('',*,*,#4991,.T.);
#6866=ORIENTED_EDGE('',*,*,#4992,.T.);
#6867=ORIENTED_EDGE('',*,*,#4993,.F.);
#6868=ORIENTED_EDGE('',*,*,#4994,.F.);
#6869=ORIENTED_EDGE('',*,*,#4995,.T.);
#6870=ORIENTED_EDGE('',*,*,#4996,.T.);
#6871=ORIENTED_EDGE('',*,*,#4997,.T.);
#6872=ORIENTED_EDGE('',*,*,#4998,.T.);
#6873=ORIENTED_EDGE('',*,*,#4974,.F.);
#6874=ORIENTED_EDGE('',*,*,#4979,.T.);
#6875=ORIENTED_EDGE('',*,*,#4999,.T.);
#6876=ORIENTED_EDGE('',*,*,#5000,.T.);
#6877=ORIENTED_EDGE('',*,*,#5001,.T.);
#6878=ORIENTED_EDGE('',*,*,#4953,.T.);
#6879=ORIENTED_EDGE('',*,*,#5002,.F.);
#6880=ORIENTED_EDGE('',*,*,#4950,.T.);
#6881=ORIENTED_EDGE('',*,*,#4947,.T.);
#6882=ORIENTED_EDGE('',*,*,#4943,.T.);
#6883=ORIENTED_EDGE('',*,*,#5003,.F.);
#6884=ORIENTED_EDGE('',*,*,#4940,.T.);
#6885=ORIENTED_EDGE('',*,*,#4937,.T.);
#6886=ORIENTED_EDGE('',*,*,#4933,.T.);
#6887=ORIENTED_EDGE('',*,*,#5004,.F.);
#6888=ORIENTED_EDGE('',*,*,#4930,.T.);
#6889=ORIENTED_EDGE('',*,*,#4927,.T.);
#6890=ORIENTED_EDGE('',*,*,#4923,.T.);
#6891=ORIENTED_EDGE('',*,*,#5005,.F.);
#6892=ORIENTED_EDGE('',*,*,#4920,.T.);
#6893=ORIENTED_EDGE('',*,*,#4917,.T.);
#6894=ORIENTED_EDGE('',*,*,#4972,.T.);
#6895=ORIENTED_EDGE('',*,*,#4985,.F.);
#6896=ORIENTED_EDGE('',*,*,#5006,.F.);
#6897=ORIENTED_EDGE('',*,*,#5007,.F.);
#6898=ORIENTED_EDGE('',*,*,#5008,.T.);
#6899=ORIENTED_EDGE('',*,*,#5008,.F.);
#6900=ORIENTED_EDGE('',*,*,#5009,.T.);
#6901=ORIENTED_EDGE('',*,*,#5010,.T.);
#6902=ORIENTED_EDGE('',*,*,#4986,.F.);
#6903=ORIENTED_EDGE('',*,*,#5011,.F.);
#6904=ORIENTED_EDGE('',*,*,#4969,.T.);
#6905=ORIENTED_EDGE('',*,*,#4981,.F.);
#6906=ORIENTED_EDGE('',*,*,#4964,.F.);
#6907=ORIENTED_EDGE('',*,*,#5012,.F.);
#6908=ORIENTED_EDGE('',*,*,#5013,.T.);
#6909=ORIENTED_EDGE('',*,*,#4983,.F.);
#6910=ORIENTED_EDGE('',*,*,#4960,.F.);
#6911=ORIENTED_EDGE('',*,*,#5014,.F.);
#6912=ORIENTED_EDGE('',*,*,#5015,.F.);
#6913=ORIENTED_EDGE('',*,*,#5016,.F.);
#6914=ORIENTED_EDGE('',*,*,#5006,.T.);
#6915=ORIENTED_EDGE('',*,*,#4984,.F.);
#6916=ORIENTED_EDGE('',*,*,#5013,.F.);
#6917=ORIENTED_EDGE('',*,*,#4987,.F.);
#6918=ORIENTED_EDGE('',*,*,#5010,.F.);
#6919=ORIENTED_EDGE('',*,*,#5017,.F.);
#6920=ORIENTED_EDGE('',*,*,#5018,.T.);
#6921=ORIENTED_EDGE('',*,*,#4988,.F.);
#6922=ORIENTED_EDGE('',*,*,#5018,.F.);
#6923=ORIENTED_EDGE('',*,*,#5019,.F.);
#6924=ORIENTED_EDGE('',*,*,#5020,.T.);
#6925=ORIENTED_EDGE('',*,*,#4989,.F.);
#6926=ORIENTED_EDGE('',*,*,#5020,.F.);
#6927=ORIENTED_EDGE('',*,*,#5021,.F.);
#6928=ORIENTED_EDGE('',*,*,#5022,.T.);
#6929=ORIENTED_EDGE('',*,*,#5023,.F.);
#6930=ORIENTED_EDGE('',*,*,#5024,.F.);
#6931=ORIENTED_EDGE('',*,*,#5022,.F.);
#6932=ORIENTED_EDGE('',*,*,#5025,.F.);
#6933=ORIENTED_EDGE('',*,*,#5026,.T.);
#6934=ORIENTED_EDGE('',*,*,#5027,.F.);
#6935=ORIENTED_EDGE('',*,*,#5026,.F.);
#6936=ORIENTED_EDGE('',*,*,#5028,.F.);
#6937=ORIENTED_EDGE('',*,*,#5029,.T.);
#6938=ORIENTED_EDGE('',*,*,#5030,.F.);
#6939=ORIENTED_EDGE('',*,*,#4992,.F.);
#6940=ORIENTED_EDGE('',*,*,#5031,.F.);
#6941=ORIENTED_EDGE('',*,*,#5029,.F.);
#6942=ORIENTED_EDGE('',*,*,#5032,.F.);
#6943=ORIENTED_EDGE('',*,*,#5033,.T.);
#6944=ORIENTED_EDGE('',*,*,#5034,.F.);
#6945=ORIENTED_EDGE('',*,*,#5033,.F.);
#6946=ORIENTED_EDGE('',*,*,#5035,.F.);
#6947=ORIENTED_EDGE('',*,*,#5036,.T.);
#6948=ORIENTED_EDGE('',*,*,#4995,.F.);
#6949=ORIENTED_EDGE('',*,*,#5000,.F.);
#6950=ORIENTED_EDGE('',*,*,#5037,.F.);
#6951=ORIENTED_EDGE('',*,*,#5038,.F.);
#6952=ORIENTED_EDGE('',*,*,#5039,.T.);
#6953=ORIENTED_EDGE('',*,*,#5001,.F.);
#6954=ORIENTED_EDGE('',*,*,#5039,.F.);
#6955=ORIENTED_EDGE('',*,*,#5040,.F.);
#6956=ORIENTED_EDGE('',*,*,#4954,.T.);
#6957=ORIENTED_EDGE('',*,*,#5041,.F.);
#6958=ORIENTED_EDGE('',*,*,#5042,.T.);
#6959=ORIENTED_EDGE('',*,*,#5043,.T.);
#6960=ORIENTED_EDGE('',*,*,#5015,.T.);
#6961=ORIENTED_EDGE('',*,*,#5044,.F.);
#6962=ORIENTED_EDGE('',*,*,#4956,.T.);
#6963=ORIENTED_EDGE('',*,*,#5045,.T.);
#6964=ORIENTED_EDGE('',*,*,#5046,.F.);
#6965=ORIENTED_EDGE('',*,*,#5047,.F.);
#6966=ORIENTED_EDGE('',*,*,#5046,.T.);
#6967=ORIENTED_EDGE('',*,*,#5048,.T.);
#6968=ORIENTED_EDGE('',*,*,#5049,.F.);
#6969=ORIENTED_EDGE('',*,*,#5050,.F.);
#6970=ORIENTED_EDGE('',*,*,#5049,.T.);
#6971=ORIENTED_EDGE('',*,*,#5051,.T.);
#6972=ORIENTED_EDGE('',*,*,#5052,.F.);
#6973=ORIENTED_EDGE('',*,*,#5053,.F.);
#6974=ORIENTED_EDGE('',*,*,#5052,.T.);
#6975=ORIENTED_EDGE('',*,*,#5054,.T.);
#6976=ORIENTED_EDGE('',*,*,#5055,.F.);
#6977=ORIENTED_EDGE('',*,*,#5056,.F.);
#6978=ORIENTED_EDGE('',*,*,#5055,.T.);
#6979=ORIENTED_EDGE('',*,*,#5057,.T.);
#6980=ORIENTED_EDGE('',*,*,#5058,.F.);
#6981=ORIENTED_EDGE('',*,*,#5059,.F.);
#6982=ORIENTED_EDGE('',*,*,#5058,.T.);
#6983=ORIENTED_EDGE('',*,*,#5060,.T.);
#6984=ORIENTED_EDGE('',*,*,#5061,.F.);
#6985=ORIENTED_EDGE('',*,*,#5062,.F.);
#6986=ORIENTED_EDGE('',*,*,#5061,.T.);
#6987=ORIENTED_EDGE('',*,*,#5063,.T.);
#6988=ORIENTED_EDGE('',*,*,#5064,.F.);
#6989=ORIENTED_EDGE('',*,*,#5065,.F.);
#6990=ORIENTED_EDGE('',*,*,#5064,.T.);
#6991=ORIENTED_EDGE('',*,*,#5066,.T.);
#6992=ORIENTED_EDGE('',*,*,#5067,.F.);
#6993=ORIENTED_EDGE('',*,*,#5068,.F.);
#6994=ORIENTED_EDGE('',*,*,#5067,.T.);
#6995=ORIENTED_EDGE('',*,*,#5069,.T.);
#6996=ORIENTED_EDGE('',*,*,#5070,.F.);
#6997=ORIENTED_EDGE('',*,*,#5071,.F.);
#6998=ORIENTED_EDGE('',*,*,#5070,.T.);
#6999=ORIENTED_EDGE('',*,*,#5072,.T.);
#7000=ORIENTED_EDGE('',*,*,#5042,.F.);
#7001=ORIENTED_EDGE('',*,*,#4976,.F.);
#7002=ORIENTED_EDGE('',*,*,#5073,.T.);
#7003=ORIENTED_EDGE('',*,*,#5074,.T.);
#7004=ORIENTED_EDGE('',*,*,#5075,.T.);
#7005=ORIENTED_EDGE('',*,*,#5035,.T.);
#7006=ORIENTED_EDGE('',*,*,#5032,.T.);
#7007=ORIENTED_EDGE('',*,*,#5028,.T.);
#7008=ORIENTED_EDGE('',*,*,#5025,.T.);
#7009=ORIENTED_EDGE('',*,*,#5021,.T.);
#7010=ORIENTED_EDGE('',*,*,#5019,.T.);
#7011=ORIENTED_EDGE('',*,*,#5017,.T.);
#7012=ORIENTED_EDGE('',*,*,#5009,.F.);
#7013=ORIENTED_EDGE('',*,*,#5007,.T.);
#7014=ORIENTED_EDGE('',*,*,#5016,.T.);
#7015=ORIENTED_EDGE('',*,*,#5043,.F.);
#7016=ORIENTED_EDGE('',*,*,#5072,.F.);
#7017=ORIENTED_EDGE('',*,*,#5069,.F.);
#7018=ORIENTED_EDGE('',*,*,#5066,.F.);
#7019=ORIENTED_EDGE('',*,*,#5063,.F.);
#7020=ORIENTED_EDGE('',*,*,#5060,.F.);
#7021=ORIENTED_EDGE('',*,*,#5057,.F.);
#7022=ORIENTED_EDGE('',*,*,#5054,.F.);
#7023=ORIENTED_EDGE('',*,*,#5051,.F.);
#7024=ORIENTED_EDGE('',*,*,#5048,.F.);
#7025=ORIENTED_EDGE('',*,*,#5045,.F.);
#7026=ORIENTED_EDGE('',*,*,#4955,.T.);
#7027=ORIENTED_EDGE('',*,*,#5040,.T.);
#7028=ORIENTED_EDGE('',*,*,#5038,.T.);
#7029=ORIENTED_EDGE('',*,*,#5076,.T.);
#7030=ORIENTED_EDGE('',*,*,#4977,.T.);
#7031=ORIENTED_EDGE('',*,*,#4996,.F.);
#7032=ORIENTED_EDGE('',*,*,#5036,.F.);
#7033=ORIENTED_EDGE('',*,*,#5075,.F.);
#7034=ORIENTED_EDGE('',*,*,#5077,.T.);
#7035=ORIENTED_EDGE('',*,*,#4997,.F.);
#7036=ORIENTED_EDGE('',*,*,#5077,.F.);
#7037=ORIENTED_EDGE('',*,*,#5074,.F.);
#7038=ORIENTED_EDGE('',*,*,#5078,.T.);
#7039=ORIENTED_EDGE('',*,*,#4998,.F.);
#7040=ORIENTED_EDGE('',*,*,#5078,.F.);
#7041=ORIENTED_EDGE('',*,*,#5073,.F.);
#7042=ORIENTED_EDGE('',*,*,#4975,.F.);
#7043=ORIENTED_EDGE('',*,*,#4999,.F.);
#7044=ORIENTED_EDGE('',*,*,#4978,.F.);
#7045=ORIENTED_EDGE('',*,*,#5076,.F.);
#7046=ORIENTED_EDGE('',*,*,#5037,.T.);
#7047=ORIENTED_EDGE('',*,*,#5079,.F.);
#7048=ORIENTED_EDGE('',*,*,#5080,.T.);
#7049=ORIENTED_EDGE('',*,*,#5081,.F.);
#7050=ORIENTED_EDGE('',*,*,#5082,.T.);
#7051=ORIENTED_EDGE('',*,*,#5083,.F.);
#7052=ORIENTED_EDGE('',*,*,#5084,.F.);
#7053=ORIENTED_EDGE('',*,*,#5085,.F.);
#7054=ORIENTED_EDGE('',*,*,#5086,.F.);
#7055=ORIENTED_EDGE('',*,*,#5087,.T.);
#7056=ORIENTED_EDGE('',*,*,#5080,.F.);
#7057=ORIENTED_EDGE('',*,*,#5087,.F.);
#7058=ORIENTED_EDGE('',*,*,#5088,.T.);
#7059=ORIENTED_EDGE('',*,*,#5089,.T.);
#7060=ORIENTED_EDGE('',*,*,#5081,.T.);
#7061=ORIENTED_EDGE('',*,*,#5090,.T.);
#7062=ORIENTED_EDGE('',*,*,#5083,.T.);
#7063=ORIENTED_EDGE('',*,*,#5091,.T.);
#7064=ORIENTED_EDGE('',*,*,#5092,.T.);
#7065=ORIENTED_EDGE('',*,*,#5091,.F.);
#7066=ORIENTED_EDGE('',*,*,#5082,.F.);
#7067=ORIENTED_EDGE('',*,*,#5089,.F.);
#7068=ORIENTED_EDGE('',*,*,#5093,.T.);
#7069=ORIENTED_EDGE('',*,*,#5094,.F.);
#7070=ORIENTED_EDGE('',*,*,#5095,.F.);
#7071=ORIENTED_EDGE('',*,*,#5092,.F.);
#7072=ORIENTED_EDGE('',*,*,#5093,.F.);
#7073=ORIENTED_EDGE('',*,*,#5088,.F.);
#7074=ORIENTED_EDGE('',*,*,#5086,.T.);
#7075=ORIENTED_EDGE('',*,*,#4942,.T.);
#7076=ORIENTED_EDGE('',*,*,#5096,.T.);
#7077=ORIENTED_EDGE('',*,*,#4951,.T.);
#7078=ORIENTED_EDGE('',*,*,#5097,.F.);
#7079=ORIENTED_EDGE('',*,*,#4932,.T.);
#7080=ORIENTED_EDGE('',*,*,#5098,.T.);
#7081=ORIENTED_EDGE('',*,*,#4941,.T.);
#7082=ORIENTED_EDGE('',*,*,#5099,.F.);
#7083=ORIENTED_EDGE('',*,*,#4958,.T.);
#7084=ORIENTED_EDGE('',*,*,#5100,.F.);
#7085=ORIENTED_EDGE('',*,*,#5101,.F.);
#7086=ORIENTED_EDGE('',*,*,#5102,.T.);
#7087=ORIENTED_EDGE('',*,*,#4922,.T.);
#7088=ORIENTED_EDGE('',*,*,#5103,.T.);
#7089=ORIENTED_EDGE('',*,*,#4931,.T.);
#7090=ORIENTED_EDGE('',*,*,#5104,.F.);
#7091=ORIENTED_EDGE('',*,*,#4962,.T.);
#7092=ORIENTED_EDGE('',*,*,#5105,.F.);
#7093=ORIENTED_EDGE('',*,*,#4967,.T.);
#7094=ORIENTED_EDGE('',*,*,#5106,.T.);
#7095=ORIENTED_EDGE('',*,*,#4971,.T.);
#7096=ORIENTED_EDGE('',*,*,#5107,.T.);
#7097=ORIENTED_EDGE('',*,*,#4921,.T.);
#7098=ORIENTED_EDGE('',*,*,#5108,.F.);
#7099=ORIENTED_EDGE('',*,*,#4902,.T.);
#7100=ORIENTED_EDGE('',*,*,#5109,.T.);
#7101=ORIENTED_EDGE('',*,*,#5110,.F.);
#7102=ORIENTED_EDGE('',*,*,#5111,.F.);
#7103=ORIENTED_EDGE('',*,*,#4885,.T.);
#7104=ORIENTED_EDGE('',*,*,#5112,.T.);
#7105=ORIENTED_EDGE('',*,*,#4907,.T.);
#7106=ORIENTED_EDGE('',*,*,#5113,.F.);
#7107=ORIENTED_EDGE('',*,*,#4890,.T.);
#7108=ORIENTED_EDGE('',*,*,#5114,.F.);
#7109=ORIENTED_EDGE('',*,*,#4952,.T.);
#7110=ORIENTED_EDGE('',*,*,#5115,.T.);
#7111=ORIENTED_EDGE('',*,*,#4925,.T.);
#7112=ORIENTED_EDGE('',*,*,#4926,.T.);
#7113=ORIENTED_EDGE('',*,*,#4929,.T.);
#7114=ORIENTED_EDGE('',*,*,#5103,.F.);
#7115=ORIENTED_EDGE('',*,*,#4945,.T.);
#7116=ORIENTED_EDGE('',*,*,#4946,.T.);
#7117=ORIENTED_EDGE('',*,*,#4949,.T.);
#7118=ORIENTED_EDGE('',*,*,#5096,.F.);
#7119=ORIENTED_EDGE('',*,*,#4935,.T.);
#7120=ORIENTED_EDGE('',*,*,#4936,.T.);
#7121=ORIENTED_EDGE('',*,*,#4939,.T.);
#7122=ORIENTED_EDGE('',*,*,#5098,.F.);
#7123=ORIENTED_EDGE('',*,*,#4970,.T.);
#7124=ORIENTED_EDGE('',*,*,#4915,.T.);
#7125=ORIENTED_EDGE('',*,*,#4919,.T.);
#7126=ORIENTED_EDGE('',*,*,#5107,.F.);
#7127=ORIENTED_EDGE('',*,*,#4963,.T.);
#7128=ORIENTED_EDGE('',*,*,#5106,.F.);
#7129=ORIENTED_EDGE('',*,*,#4966,.T.);
#7130=ORIENTED_EDGE('',*,*,#5011,.T.);
#7131=ORIENTED_EDGE('',*,*,#5095,.T.);
#7132=ORIENTED_EDGE('',*,*,#5116,.F.);
#7133=ORIENTED_EDGE('',*,*,#5117,.F.);
#7134=ORIENTED_EDGE('',*,*,#5118,.T.);
#7135=ORIENTED_EDGE('',*,*,#5084,.T.);
#7136=ORIENTED_EDGE('',*,*,#5119,.T.);
#7137=ORIENTED_EDGE('',*,*,#5120,.F.);
#7138=ORIENTED_EDGE('',*,*,#5121,.F.);
#7139=ORIENTED_EDGE('',*,*,#5122,.T.);
#7140=ORIENTED_EDGE('',*,*,#5123,.T.);
#7141=ORIENTED_EDGE('',*,*,#5124,.F.);
#7142=ORIENTED_EDGE('',*,*,#5123,.F.);
#7143=ORIENTED_EDGE('',*,*,#5122,.F.);
#7144=ORIENTED_EDGE('',*,*,#5034,.T.);
#7145=ORIENTED_EDGE('',*,*,#5125,.F.);
#7146=ORIENTED_EDGE('',*,*,#5126,.F.);
#7147=ORIENTED_EDGE('',*,*,#5127,.F.);
#7148=ORIENTED_EDGE('',*,*,#5128,.T.);
#7149=ORIENTED_EDGE('',*,*,#5129,.F.);
#7150=ORIENTED_EDGE('',*,*,#5130,.F.);
#7151=ORIENTED_EDGE('',*,*,#5131,.F.);
#7152=ORIENTED_EDGE('',*,*,#5132,.F.);
#7153=ORIENTED_EDGE('',*,*,#5030,.T.);
#7154=ORIENTED_EDGE('',*,*,#5031,.T.);
#7155=ORIENTED_EDGE('',*,*,#5131,.T.);
#7156=ORIENTED_EDGE('',*,*,#5133,.F.);
#7157=ORIENTED_EDGE('',*,*,#5134,.F.);
#7158=ORIENTED_EDGE('',*,*,#5135,.T.);
#7159=ORIENTED_EDGE('',*,*,#5130,.T.);
#7160=ORIENTED_EDGE('',*,*,#5136,.F.);
#7161=ORIENTED_EDGE('',*,*,#5137,.F.);
#7162=ORIENTED_EDGE('',*,*,#5138,.F.);
#7163=ORIENTED_EDGE('',*,*,#5133,.T.);
#7164=ORIENTED_EDGE('',*,*,#5129,.T.);
#7165=ORIENTED_EDGE('',*,*,#5139,.T.);
#7166=ORIENTED_EDGE('',*,*,#5140,.T.);
#7167=ORIENTED_EDGE('',*,*,#5136,.T.);
#7168=ORIENTED_EDGE('',*,*,#5141,.F.);
#7169=ORIENTED_EDGE('',*,*,#5142,.F.);
#7170=ORIENTED_EDGE('',*,*,#5143,.T.);
#7171=ORIENTED_EDGE('',*,*,#5128,.F.);
#7172=ORIENTED_EDGE('',*,*,#5144,.T.);
#7173=ORIENTED_EDGE('',*,*,#5145,.F.);
#7174=ORIENTED_EDGE('',*,*,#4891,.T.);
#7175=ORIENTED_EDGE('',*,*,#5115,.F.);
#7176=ORIENTED_EDGE('',*,*,#4957,.T.);
#7177=ORIENTED_EDGE('',*,*,#5044,.T.);
#7178=ORIENTED_EDGE('',*,*,#5047,.T.);
#7179=ORIENTED_EDGE('',*,*,#5050,.T.);
#7180=ORIENTED_EDGE('',*,*,#5053,.T.);
#7181=ORIENTED_EDGE('',*,*,#5056,.T.);
#7182=ORIENTED_EDGE('',*,*,#5059,.T.);
#7183=ORIENTED_EDGE('',*,*,#5062,.T.);
#7184=ORIENTED_EDGE('',*,*,#5065,.T.);
#7185=ORIENTED_EDGE('',*,*,#5068,.T.);
#7186=ORIENTED_EDGE('',*,*,#5071,.T.);
#7187=ORIENTED_EDGE('',*,*,#5041,.T.);
#7188=ORIENTED_EDGE('',*,*,#5014,.T.);
#7189=ORIENTED_EDGE('',*,*,#5012,.T.);
#7190=ORIENTED_EDGE('',*,*,#4959,.T.);
#7191=ORIENTED_EDGE('',*,*,#5102,.F.);
#7192=ORIENTED_EDGE('',*,*,#5146,.F.);
#7193=ORIENTED_EDGE('',*,*,#5147,.T.);
#7194=ORIENTED_EDGE('',*,*,#5148,.F.);
#7195=ORIENTED_EDGE('',*,*,#5116,.T.);
#7196=ORIENTED_EDGE('',*,*,#5094,.T.);
#7197=ORIENTED_EDGE('',*,*,#5085,.T.);
#7198=ORIENTED_EDGE('',*,*,#5079,.T.);
#7199=ORIENTED_EDGE('',*,*,#5121,.T.);
#7200=ORIENTED_EDGE('',*,*,#5149,.F.);
#7201=ORIENTED_EDGE('',*,*,#5141,.T.);
#7202=ORIENTED_EDGE('',*,*,#5150,.F.);
#7203=ORIENTED_EDGE('',*,*,#5109,.F.);
#7204=ORIENTED_EDGE('',*,*,#4906,.T.);
#7205=ORIENTED_EDGE('',*,*,#4913,.T.);
#7206=ORIENTED_EDGE('',*,*,#4908,.T.);
#7207=ORIENTED_EDGE('',*,*,#5112,.F.);
#7208=ORIENTED_EDGE('',*,*,#4889,.T.);
#7209=ORIENTED_EDGE('',*,*,#4896,.T.);
#7210=ORIENTED_EDGE('',*,*,#5151,.F.);
#7211=ORIENTED_EDGE('',*,*,#5152,.F.);
#7212=ORIENTED_EDGE('',*,*,#5153,.F.);
#7213=ORIENTED_EDGE('',*,*,#5154,.T.);
#7214=ORIENTED_EDGE('',*,*,#4990,.F.);
#7215=ORIENTED_EDGE('',*,*,#5155,.F.);
#7216=ORIENTED_EDGE('',*,*,#5156,.F.);
#7217=ORIENTED_EDGE('',*,*,#5157,.F.);
#7218=ORIENTED_EDGE('',*,*,#5158,.F.);
#7219=ORIENTED_EDGE('',*,*,#5152,.T.);
#7220=ORIENTED_EDGE('',*,*,#5159,.F.);
#7221=ORIENTED_EDGE('',*,*,#5160,.T.);
#7222=ORIENTED_EDGE('',*,*,#5161,.T.);
#7223=ORIENTED_EDGE('',*,*,#5156,.T.);
#7224=ORIENTED_EDGE('',*,*,#5162,.T.);
#7225=ORIENTED_EDGE('',*,*,#5163,.F.);
#7226=ORIENTED_EDGE('',*,*,#5164,.T.);
#7227=ORIENTED_EDGE('',*,*,#5165,.F.);
#7228=ORIENTED_EDGE('',*,*,#5166,.F.);
#7229=ORIENTED_EDGE('',*,*,#5167,.T.);
#7230=ORIENTED_EDGE('',*,*,#5168,.F.);
#7231=ORIENTED_EDGE('',*,*,#5169,.F.);
#7232=ORIENTED_EDGE('',*,*,#5162,.F.);
#7233=ORIENTED_EDGE('',*,*,#5170,.F.);
#7234=ORIENTED_EDGE('',*,*,#5160,.F.);
#7235=ORIENTED_EDGE('',*,*,#5171,.T.);
#7236=ORIENTED_EDGE('',*,*,#5117,.T.);
#7237=ORIENTED_EDGE('',*,*,#5148,.T.);
#7238=ORIENTED_EDGE('',*,*,#5172,.T.);
#7239=ORIENTED_EDGE('',*,*,#5173,.T.);
#7240=ORIENTED_EDGE('',*,*,#5174,.T.);
#7241=ORIENTED_EDGE('',*,*,#5171,.F.);
#7242=ORIENTED_EDGE('',*,*,#5175,.F.);
#7243=ORIENTED_EDGE('',*,*,#5176,.F.);
#7244=ORIENTED_EDGE('',*,*,#5177,.F.);
#7245=ORIENTED_EDGE('',*,*,#5178,.F.);
#7246=ORIENTED_EDGE('',*,*,#5119,.F.);
#7247=ORIENTED_EDGE('',*,*,#5090,.F.);
#7248=ORIENTED_EDGE('',*,*,#5118,.F.);
#7249=ORIENTED_EDGE('',*,*,#5174,.F.);
#7250=ORIENTED_EDGE('',*,*,#5179,.T.);
#7251=ORIENTED_EDGE('',*,*,#5180,.F.);
#7252=ORIENTED_EDGE('',*,*,#5175,.T.);
#7253=ORIENTED_EDGE('',*,*,#5149,.T.);
#7254=ORIENTED_EDGE('',*,*,#5120,.T.);
#7255=ORIENTED_EDGE('',*,*,#5178,.T.);
#7256=ORIENTED_EDGE('',*,*,#5181,.T.);
#7257=ORIENTED_EDGE('',*,*,#5182,.T.);
#7258=ORIENTED_EDGE('',*,*,#5142,.T.);
#7259=ORIENTED_EDGE('',*,*,#5181,.F.);
#7260=ORIENTED_EDGE('',*,*,#5177,.T.);
#7261=ORIENTED_EDGE('',*,*,#5183,.F.);
#7262=ORIENTED_EDGE('',*,*,#5184,.T.);
#7263=ORIENTED_EDGE('',*,*,#5185,.T.);
#7264=ORIENTED_EDGE('',*,*,#5110,.T.);
#7265=ORIENTED_EDGE('',*,*,#5150,.T.);
#7266=ORIENTED_EDGE('',*,*,#5145,.T.);
#7267=ORIENTED_EDGE('',*,*,#5186,.T.);
#7268=ORIENTED_EDGE('',*,*,#5187,.T.);
#7269=ORIENTED_EDGE('',*,*,#5185,.F.);
#7270=ORIENTED_EDGE('',*,*,#5188,.F.);
#7271=ORIENTED_EDGE('',*,*,#5189,.F.);
#7272=ORIENTED_EDGE('',*,*,#5190,.F.);
#7273=ORIENTED_EDGE('',*,*,#5191,.F.);
#7274=ORIENTED_EDGE('',*,*,#5100,.T.);
#7275=ORIENTED_EDGE('',*,*,#4982,.T.);
#7276=ORIENTED_EDGE('',*,*,#5105,.T.);
#7277=ORIENTED_EDGE('',*,*,#4980,.T.);
#7278=ORIENTED_EDGE('',*,*,#5108,.T.);
#7279=ORIENTED_EDGE('',*,*,#5005,.T.);
#7280=ORIENTED_EDGE('',*,*,#5104,.T.);
#7281=ORIENTED_EDGE('',*,*,#5004,.T.);
#7282=ORIENTED_EDGE('',*,*,#5099,.T.);
#7283=ORIENTED_EDGE('',*,*,#5003,.T.);
#7284=ORIENTED_EDGE('',*,*,#5097,.T.);
#7285=ORIENTED_EDGE('',*,*,#5002,.T.);
#7286=ORIENTED_EDGE('',*,*,#5114,.T.);
#7287=ORIENTED_EDGE('',*,*,#4881,.T.);
#7288=ORIENTED_EDGE('',*,*,#5113,.T.);
#7289=ORIENTED_EDGE('',*,*,#4898,.T.);
#7290=ORIENTED_EDGE('',*,*,#5111,.T.);
#7291=ORIENTED_EDGE('',*,*,#5187,.F.);
#7292=ORIENTED_EDGE('',*,*,#5192,.T.);
#7293=ORIENTED_EDGE('',*,*,#5193,.F.);
#7294=ORIENTED_EDGE('',*,*,#5188,.T.);
#7295=ORIENTED_EDGE('',*,*,#5146,.T.);
#7296=ORIENTED_EDGE('',*,*,#5101,.T.);
#7297=ORIENTED_EDGE('',*,*,#5191,.T.);
#7298=ORIENTED_EDGE('',*,*,#5194,.T.);
#7299=ORIENTED_EDGE('',*,*,#5168,.T.);
#7300=ORIENTED_EDGE('',*,*,#5195,.T.);
#7301=ORIENTED_EDGE('',*,*,#5194,.F.);
#7302=ORIENTED_EDGE('',*,*,#5190,.T.);
#7303=ORIENTED_EDGE('',*,*,#5196,.F.);
#7304=ORIENTED_EDGE('',*,*,#5169,.T.);
#7305=ORIENTED_EDGE('',*,*,#5196,.T.);
#7306=ORIENTED_EDGE('',*,*,#5197,.F.);
#7307=ORIENTED_EDGE('',*,*,#5163,.T.);
#7308=ORIENTED_EDGE('',*,*,#5193,.T.);
#7309=ORIENTED_EDGE('',*,*,#5198,.F.);
#7310=ORIENTED_EDGE('',*,*,#5199,.T.);
#7311=ORIENTED_EDGE('',*,*,#5199,.F.);
#7312=ORIENTED_EDGE('',*,*,#5200,.T.);
#7313=ORIENTED_EDGE('',*,*,#5197,.T.);
#7314=ORIENTED_EDGE('',*,*,#5189,.T.);
#7315=ORIENTED_EDGE('',*,*,#5183,.T.);
#7316=ORIENTED_EDGE('',*,*,#5201,.F.);
#7317=ORIENTED_EDGE('',*,*,#5202,.T.);
#7318=ORIENTED_EDGE('',*,*,#5203,.T.);
#7319=ORIENTED_EDGE('',*,*,#5204,.F.);
#7320=ORIENTED_EDGE('',*,*,#5180,.T.);
#7321=ORIENTED_EDGE('',*,*,#5201,.T.);
#7322=ORIENTED_EDGE('',*,*,#5176,.T.);
#7323=ORIENTED_EDGE('',*,*,#5204,.T.);
#7324=ORIENTED_EDGE('',*,*,#5205,.T.);
#7325=ORIENTED_EDGE('',*,*,#4993,.T.);
#7326=ORIENTED_EDGE('',*,*,#5132,.T.);
#7327=ORIENTED_EDGE('',*,*,#5135,.F.);
#7328=ORIENTED_EDGE('',*,*,#5206,.F.);
#7329=ORIENTED_EDGE('',*,*,#5207,.T.);
#7330=ORIENTED_EDGE('',*,*,#5126,.T.);
#7331=ORIENTED_EDGE('',*,*,#5208,.F.);
#7332=ORIENTED_EDGE('',*,*,#5209,.F.);
#7333=ORIENTED_EDGE('',*,*,#5210,.F.);
#7334=ORIENTED_EDGE('',*,*,#5211,.F.);
#7335=ORIENTED_EDGE('',*,*,#5125,.T.);
#7336=ORIENTED_EDGE('',*,*,#4994,.T.);
#7337=ORIENTED_EDGE('',*,*,#5207,.F.);
#7338=ORIENTED_EDGE('',*,*,#5212,.F.);
#7339=ORIENTED_EDGE('',*,*,#5208,.T.);
#7340=ORIENTED_EDGE('',*,*,#5213,.F.);
#7341=ORIENTED_EDGE('',*,*,#5214,.F.);
#7342=ORIENTED_EDGE('',*,*,#5139,.F.);
#7343=ORIENTED_EDGE('',*,*,#5143,.F.);
#7344=ORIENTED_EDGE('',*,*,#5182,.F.);
#7345=ORIENTED_EDGE('',*,*,#5184,.F.);
#7346=ORIENTED_EDGE('',*,*,#5215,.F.);
#7347=ORIENTED_EDGE('',*,*,#5216,.T.);
#7348=ORIENTED_EDGE('',*,*,#5217,.T.);
#7349=ORIENTED_EDGE('',*,*,#5218,.F.);
#7350=ORIENTED_EDGE('',*,*,#5210,.T.);
#7351=ORIENTED_EDGE('',*,*,#5127,.T.);
#7352=ORIENTED_EDGE('',*,*,#5211,.T.);
#7353=ORIENTED_EDGE('',*,*,#5218,.T.);
#7354=ORIENTED_EDGE('',*,*,#5219,.T.);
#7355=ORIENTED_EDGE('',*,*,#5220,.F.);
#7356=ORIENTED_EDGE('',*,*,#5137,.T.);
#7357=ORIENTED_EDGE('',*,*,#5140,.F.);
#7358=ORIENTED_EDGE('',*,*,#5214,.T.);
#7359=ORIENTED_EDGE('',*,*,#5221,.T.);
#7360=ORIENTED_EDGE('',*,*,#5222,.T.);
#7361=ORIENTED_EDGE('',*,*,#5223,.F.);
#7362=ORIENTED_EDGE('',*,*,#5221,.F.);
#7363=ORIENTED_EDGE('',*,*,#5213,.T.);
#7364=ORIENTED_EDGE('',*,*,#5202,.F.);
#7365=ORIENTED_EDGE('',*,*,#5223,.T.);
#7366=ORIENTED_EDGE('',*,*,#5224,.T.);
#7367=ORIENTED_EDGE('',*,*,#5225,.F.);
#7368=ORIENTED_EDGE('',*,*,#5138,.T.);
#7369=ORIENTED_EDGE('',*,*,#5220,.T.);
#7370=ORIENTED_EDGE('',*,*,#5215,.T.);
#7371=ORIENTED_EDGE('',*,*,#5209,.T.);
#7372=ORIENTED_EDGE('',*,*,#5226,.F.);
#7373=ORIENTED_EDGE('',*,*,#5227,.T.);
#7374=ORIENTED_EDGE('',*,*,#5228,.T.);
#7375=ORIENTED_EDGE('',*,*,#5225,.T.);
#7376=ORIENTED_EDGE('',*,*,#5229,.T.);
#7377=ORIENTED_EDGE('',*,*,#5230,.F.);
#7378=ORIENTED_EDGE('',*,*,#5134,.T.);
#7379=ORIENTED_EDGE('',*,*,#5226,.T.);
#7380=ORIENTED_EDGE('',*,*,#5212,.T.);
#7381=ORIENTED_EDGE('',*,*,#5231,.F.);
#7382=ORIENTED_EDGE('',*,*,#5232,.T.);
#7383=ORIENTED_EDGE('',*,*,#5231,.T.);
#7384=ORIENTED_EDGE('',*,*,#5206,.T.);
#7385=ORIENTED_EDGE('',*,*,#5230,.T.);
#7386=ORIENTED_EDGE('',*,*,#5233,.T.);
#7387=ORIENTED_EDGE('',*,*,#5144,.F.);
#7388=ORIENTED_EDGE('',*,*,#5219,.F.);
#7389=ORIENTED_EDGE('',*,*,#5217,.F.);
#7390=ORIENTED_EDGE('',*,*,#5234,.F.);
#7391=ORIENTED_EDGE('',*,*,#5192,.F.);
#7392=ORIENTED_EDGE('',*,*,#5186,.F.);
#7393=ORIENTED_EDGE('',*,*,#5234,.T.);
#7394=ORIENTED_EDGE('',*,*,#5216,.F.);
#7395=ORIENTED_EDGE('',*,*,#5228,.F.);
#7396=ORIENTED_EDGE('',*,*,#5235,.T.);
#7397=ORIENTED_EDGE('',*,*,#5198,.T.);
#7398=ORIENTED_EDGE('',*,*,#5236,.T.);
#7399=ORIENTED_EDGE('',*,*,#5237,.F.);
#7400=ORIENTED_EDGE('',*,*,#5238,.F.);
#7401=ORIENTED_EDGE('',*,*,#5239,.T.);
#7402=ORIENTED_EDGE('',*,*,#5203,.F.);
#7403=ORIENTED_EDGE('',*,*,#5240,.F.);
#7404=ORIENTED_EDGE('',*,*,#5241,.F.);
#7405=ORIENTED_EDGE('',*,*,#5242,.F.);
#7406=ORIENTED_EDGE('',*,*,#5236,.F.);
#7407=ORIENTED_EDGE('',*,*,#5179,.F.);
#7408=ORIENTED_EDGE('',*,*,#5173,.F.);
#7409=ORIENTED_EDGE('',*,*,#5239,.F.);
#7410=ORIENTED_EDGE('',*,*,#5243,.F.);
#7411=ORIENTED_EDGE('',*,*,#5244,.F.);
#7412=ORIENTED_EDGE('',*,*,#5245,.F.);
#7413=ORIENTED_EDGE('',*,*,#5246,.F.);
#7414=ORIENTED_EDGE('',*,*,#5247,.F.);
#7415=ORIENTED_EDGE('',*,*,#5164,.F.);
#7416=ORIENTED_EDGE('',*,*,#5200,.F.);
#7417=ORIENTED_EDGE('',*,*,#5235,.F.);
#7418=ORIENTED_EDGE('',*,*,#5227,.F.);
#7419=ORIENTED_EDGE('',*,*,#5232,.F.);
#7420=ORIENTED_EDGE('',*,*,#5233,.F.);
#7421=ORIENTED_EDGE('',*,*,#5229,.F.);
#7422=ORIENTED_EDGE('',*,*,#5224,.F.);
#7423=ORIENTED_EDGE('',*,*,#5222,.F.);
#7424=ORIENTED_EDGE('',*,*,#5205,.F.);
#7425=ORIENTED_EDGE('',*,*,#5124,.T.);
#7426=ORIENTED_EDGE('',*,*,#5165,.T.);
#7427=ORIENTED_EDGE('',*,*,#5247,.T.);
#7428=ORIENTED_EDGE('',*,*,#5248,.T.);
#7429=ORIENTED_EDGE('',*,*,#5158,.T.);
#7430=ORIENTED_EDGE('',*,*,#5249,.T.);
#7431=ORIENTED_EDGE('',*,*,#5250,.T.);
#7432=ORIENTED_EDGE('',*,*,#5153,.T.);
#7433=ORIENTED_EDGE('',*,*,#5248,.F.);
#7434=ORIENTED_EDGE('',*,*,#5246,.T.);
#7435=ORIENTED_EDGE('',*,*,#5251,.T.);
#7436=ORIENTED_EDGE('',*,*,#5252,.T.);
#7437=ORIENTED_EDGE('',*,*,#5250,.F.);
#7438=ORIENTED_EDGE('',*,*,#5245,.T.);
#7439=ORIENTED_EDGE('',*,*,#5253,.T.);
#7440=ORIENTED_EDGE('',*,*,#5254,.T.);
#7441=ORIENTED_EDGE('',*,*,#5251,.F.);
#7442=ORIENTED_EDGE('',*,*,#5244,.T.);
#7443=ORIENTED_EDGE('',*,*,#5255,.T.);
#7444=ORIENTED_EDGE('',*,*,#5256,.T.);
#7445=ORIENTED_EDGE('',*,*,#5253,.F.);
#7446=ORIENTED_EDGE('',*,*,#5243,.T.);
#7447=ORIENTED_EDGE('',*,*,#5238,.T.);
#7448=ORIENTED_EDGE('',*,*,#5249,.F.);
#7449=ORIENTED_EDGE('',*,*,#5157,.T.);
#7450=ORIENTED_EDGE('',*,*,#5161,.F.);
#7451=ORIENTED_EDGE('',*,*,#5170,.T.);
#7452=ORIENTED_EDGE('',*,*,#5166,.T.);
#7453=ORIENTED_EDGE('',*,*,#4991,.F.);
#7454=ORIENTED_EDGE('',*,*,#5154,.F.);
#7455=ORIENTED_EDGE('',*,*,#5252,.F.);
#7456=ORIENTED_EDGE('',*,*,#5257,.T.);
#7457=ORIENTED_EDGE('',*,*,#5258,.F.);
#7458=ORIENTED_EDGE('',*,*,#5259,.F.);
#7459=ORIENTED_EDGE('',*,*,#5257,.F.);
#7460=ORIENTED_EDGE('',*,*,#5254,.F.);
#7461=ORIENTED_EDGE('',*,*,#5260,.T.);
#7462=ORIENTED_EDGE('',*,*,#5261,.F.);
#7463=ORIENTED_EDGE('',*,*,#5260,.F.);
#7464=ORIENTED_EDGE('',*,*,#5256,.F.);
#7465=ORIENTED_EDGE('',*,*,#5262,.F.);
#7466=ORIENTED_EDGE('',*,*,#5263,.F.);
#7467=ORIENTED_EDGE('',*,*,#5255,.F.);
#7468=ORIENTED_EDGE('',*,*,#5237,.T.);
#7469=ORIENTED_EDGE('',*,*,#5242,.T.);
#7470=ORIENTED_EDGE('',*,*,#5264,.F.);
#7471=ORIENTED_EDGE('',*,*,#5262,.T.);
#7472=ORIENTED_EDGE('',*,*,#5265,.F.);
#7473=ORIENTED_EDGE('',*,*,#5263,.T.);
#7474=ORIENTED_EDGE('',*,*,#5264,.T.);
#7475=ORIENTED_EDGE('',*,*,#5241,.T.);
#7476=ORIENTED_EDGE('',*,*,#5240,.T.);
#7477=ORIENTED_EDGE('',*,*,#5172,.F.);
#7478=ORIENTED_EDGE('',*,*,#5147,.F.);
#7479=ORIENTED_EDGE('',*,*,#5195,.F.);
#7480=ORIENTED_EDGE('',*,*,#5167,.F.);
#7481=ORIENTED_EDGE('',*,*,#5266,.F.);
#7482=ORIENTED_EDGE('',*,*,#5027,.T.);
#7483=ORIENTED_EDGE('',*,*,#5258,.T.);
#7484=ORIENTED_EDGE('',*,*,#5259,.T.);
#7485=ORIENTED_EDGE('',*,*,#5261,.T.);
#7486=ORIENTED_EDGE('',*,*,#5265,.T.);
#7487=ORIENTED_EDGE('',*,*,#5266,.T.);
#7488=ORIENTED_EDGE('',*,*,#5159,.T.);
#7489=ORIENTED_EDGE('',*,*,#5155,.T.);
#7490=ORIENTED_EDGE('',*,*,#5151,.T.);
#7491=ORIENTED_EDGE('',*,*,#5023,.T.);
#7492=ORIENTED_EDGE('',*,*,#5024,.T.);
#7493=ORIENTED_EDGE('',*,*,#5267,.F.);
#7494=ORIENTED_EDGE('',*,*,#5268,.T.);
#7495=ORIENTED_EDGE('',*,*,#5269,.T.);
#7496=ORIENTED_EDGE('',*,*,#5270,.F.);
#7497=ORIENTED_EDGE('',*,*,#5271,.F.);
#7498=ORIENTED_EDGE('',*,*,#5272,.F.);
#7499=ORIENTED_EDGE('',*,*,#5273,.T.);
#7500=ORIENTED_EDGE('',*,*,#5268,.F.);
#7501=ORIENTED_EDGE('',*,*,#5274,.F.);
#7502=ORIENTED_EDGE('',*,*,#5269,.F.);
#7503=ORIENTED_EDGE('',*,*,#5273,.F.);
#7504=ORIENTED_EDGE('',*,*,#5275,.F.);
#7505=ORIENTED_EDGE('',*,*,#5276,.F.);
#7506=ORIENTED_EDGE('',*,*,#5277,.F.);
#7507=ORIENTED_EDGE('',*,*,#5271,.T.);
#7508=ORIENTED_EDGE('',*,*,#5267,.T.);
#7509=ORIENTED_EDGE('',*,*,#5278,.F.);
#7510=ORIENTED_EDGE('',*,*,#5279,.T.);
#7511=ORIENTED_EDGE('',*,*,#5280,.T.);
#7512=ORIENTED_EDGE('',*,*,#5281,.F.);
#7513=ORIENTED_EDGE('',*,*,#5282,.F.);
#7514=ORIENTED_EDGE('',*,*,#5283,.F.);
#7515=ORIENTED_EDGE('',*,*,#5284,.T.);
#7516=ORIENTED_EDGE('',*,*,#5279,.F.);
#7517=ORIENTED_EDGE('',*,*,#5285,.F.);
#7518=ORIENTED_EDGE('',*,*,#5280,.F.);
#7519=ORIENTED_EDGE('',*,*,#5284,.F.);
#7520=ORIENTED_EDGE('',*,*,#5286,.F.);
#7521=ORIENTED_EDGE('',*,*,#5287,.F.);
#7522=ORIENTED_EDGE('',*,*,#5288,.F.);
#7523=ORIENTED_EDGE('',*,*,#5282,.T.);
#7524=ORIENTED_EDGE('',*,*,#5278,.T.);
#7525=ORIENTED_EDGE('',*,*,#5289,.F.);
#7526=ORIENTED_EDGE('',*,*,#5290,.T.);
#7527=ORIENTED_EDGE('',*,*,#5291,.T.);
#7528=ORIENTED_EDGE('',*,*,#5292,.F.);
#7529=ORIENTED_EDGE('',*,*,#5293,.F.);
#7530=ORIENTED_EDGE('',*,*,#5294,.F.);
#7531=ORIENTED_EDGE('',*,*,#5295,.T.);
#7532=ORIENTED_EDGE('',*,*,#5290,.F.);
#7533=ORIENTED_EDGE('',*,*,#5296,.F.);
#7534=ORIENTED_EDGE('',*,*,#5291,.F.);
#7535=ORIENTED_EDGE('',*,*,#5295,.F.);
#7536=ORIENTED_EDGE('',*,*,#5297,.F.);
#7537=ORIENTED_EDGE('',*,*,#5298,.F.);
#7538=ORIENTED_EDGE('',*,*,#5299,.F.);
#7539=ORIENTED_EDGE('',*,*,#5293,.T.);
#7540=ORIENTED_EDGE('',*,*,#5289,.T.);
#7541=ORIENTED_EDGE('',*,*,#5300,.F.);
#7542=ORIENTED_EDGE('',*,*,#5301,.T.);
#7543=ORIENTED_EDGE('',*,*,#5302,.T.);
#7544=ORIENTED_EDGE('',*,*,#5303,.F.);
#7545=ORIENTED_EDGE('',*,*,#5304,.F.);
#7546=ORIENTED_EDGE('',*,*,#5305,.F.);
#7547=ORIENTED_EDGE('',*,*,#5306,.T.);
#7548=ORIENTED_EDGE('',*,*,#5301,.F.);
#7549=ORIENTED_EDGE('',*,*,#5307,.F.);
#7550=ORIENTED_EDGE('',*,*,#5302,.F.);
#7551=ORIENTED_EDGE('',*,*,#5306,.F.);
#7552=ORIENTED_EDGE('',*,*,#5308,.F.);
#7553=ORIENTED_EDGE('',*,*,#5309,.F.);
#7554=ORIENTED_EDGE('',*,*,#5310,.F.);
#7555=ORIENTED_EDGE('',*,*,#5304,.T.);
#7556=ORIENTED_EDGE('',*,*,#5300,.T.);
#7557=ORIENTED_EDGE('',*,*,#5311,.F.);
#7558=ORIENTED_EDGE('',*,*,#5312,.T.);
#7559=ORIENTED_EDGE('',*,*,#5313,.T.);
#7560=ORIENTED_EDGE('',*,*,#5314,.F.);
#7561=ORIENTED_EDGE('',*,*,#5315,.F.);
#7562=ORIENTED_EDGE('',*,*,#5316,.F.);
#7563=ORIENTED_EDGE('',*,*,#5317,.T.);
#7564=ORIENTED_EDGE('',*,*,#5312,.F.);
#7565=ORIENTED_EDGE('',*,*,#5318,.F.);
#7566=ORIENTED_EDGE('',*,*,#5313,.F.);
#7567=ORIENTED_EDGE('',*,*,#5317,.F.);
#7568=ORIENTED_EDGE('',*,*,#5319,.F.);
#7569=ORIENTED_EDGE('',*,*,#5320,.F.);
#7570=ORIENTED_EDGE('',*,*,#5321,.F.);
#7571=ORIENTED_EDGE('',*,*,#5315,.T.);
#7572=ORIENTED_EDGE('',*,*,#5311,.T.);
#7573=ORIENTED_EDGE('',*,*,#5322,.F.);
#7574=ORIENTED_EDGE('',*,*,#5323,.T.);
#7575=ORIENTED_EDGE('',*,*,#5324,.T.);
#7576=ORIENTED_EDGE('',*,*,#5325,.F.);
#7577=ORIENTED_EDGE('',*,*,#5326,.F.);
#7578=ORIENTED_EDGE('',*,*,#5327,.F.);
#7579=ORIENTED_EDGE('',*,*,#5328,.T.);
#7580=ORIENTED_EDGE('',*,*,#5323,.F.);
#7581=ORIENTED_EDGE('',*,*,#5329,.F.);
#7582=ORIENTED_EDGE('',*,*,#5324,.F.);
#7583=ORIENTED_EDGE('',*,*,#5328,.F.);
#7584=ORIENTED_EDGE('',*,*,#5330,.F.);
#7585=ORIENTED_EDGE('',*,*,#5331,.F.);
#7586=ORIENTED_EDGE('',*,*,#5332,.F.);
#7587=ORIENTED_EDGE('',*,*,#5326,.T.);
#7588=ORIENTED_EDGE('',*,*,#5322,.T.);
#7589=ORIENTED_EDGE('',*,*,#5276,.T.);
#7590=ORIENTED_EDGE('',*,*,#5270,.T.);
#7591=ORIENTED_EDGE('',*,*,#5274,.T.);
#7592=ORIENTED_EDGE('',*,*,#5333,.T.);
#7593=ORIENTED_EDGE('',*,*,#5334,.T.);
#7594=ORIENTED_EDGE('',*,*,#5335,.T.);
#7595=ORIENTED_EDGE('',*,*,#5336,.T.);
#7596=ORIENTED_EDGE('',*,*,#5337,.T.);
#7597=ORIENTED_EDGE('',*,*,#5331,.T.);
#7598=ORIENTED_EDGE('',*,*,#5325,.T.);
#7599=ORIENTED_EDGE('',*,*,#5329,.T.);
#7600=ORIENTED_EDGE('',*,*,#5338,.T.);
#7601=ORIENTED_EDGE('',*,*,#5339,.T.);
#7602=ORIENTED_EDGE('',*,*,#5340,.T.);
#7603=ORIENTED_EDGE('',*,*,#5341,.T.);
#7604=ORIENTED_EDGE('',*,*,#5342,.T.);
#7605=ORIENTED_EDGE('',*,*,#5343,.T.);
#7606=ORIENTED_EDGE('',*,*,#5344,.T.);
#7607=ORIENTED_EDGE('',*,*,#5345,.T.);
#7608=ORIENTED_EDGE('',*,*,#5346,.T.);
#7609=ORIENTED_EDGE('',*,*,#5347,.T.);
#7610=ORIENTED_EDGE('',*,*,#5348,.T.);
#7611=ORIENTED_EDGE('',*,*,#5349,.T.);
#7612=ORIENTED_EDGE('',*,*,#5350,.T.);
#7613=ORIENTED_EDGE('',*,*,#5351,.T.);
#7614=ORIENTED_EDGE('',*,*,#5352,.T.);
#7615=ORIENTED_EDGE('',*,*,#5353,.F.);
#7616=ORIENTED_EDGE('',*,*,#5354,.T.);
#7617=ORIENTED_EDGE('',*,*,#5298,.T.);
#7618=ORIENTED_EDGE('',*,*,#5292,.T.);
#7619=ORIENTED_EDGE('',*,*,#5296,.T.);
#7620=ORIENTED_EDGE('',*,*,#5355,.T.);
#7621=ORIENTED_EDGE('',*,*,#5356,.T.);
#7622=ORIENTED_EDGE('',*,*,#5357,.T.);
#7623=ORIENTED_EDGE('',*,*,#5358,.T.);
#7624=ORIENTED_EDGE('',*,*,#5359,.T.);
#7625=ORIENTED_EDGE('',*,*,#5309,.T.);
#7626=ORIENTED_EDGE('',*,*,#5303,.T.);
#7627=ORIENTED_EDGE('',*,*,#5307,.T.);
#7628=ORIENTED_EDGE('',*,*,#5360,.T.);
#7629=ORIENTED_EDGE('',*,*,#5361,.T.);
#7630=ORIENTED_EDGE('',*,*,#5362,.T.);
#7631=ORIENTED_EDGE('',*,*,#5363,.T.);
#7632=ORIENTED_EDGE('',*,*,#5364,.T.);
#7633=ORIENTED_EDGE('',*,*,#5287,.T.);
#7634=ORIENTED_EDGE('',*,*,#5281,.T.);
#7635=ORIENTED_EDGE('',*,*,#5285,.T.);
#7636=ORIENTED_EDGE('',*,*,#5365,.T.);
#7637=ORIENTED_EDGE('',*,*,#5366,.T.);
#7638=ORIENTED_EDGE('',*,*,#5367,.T.);
#7639=ORIENTED_EDGE('',*,*,#5368,.T.);
#7640=ORIENTED_EDGE('',*,*,#5369,.T.);
#7641=ORIENTED_EDGE('',*,*,#5320,.T.);
#7642=ORIENTED_EDGE('',*,*,#5314,.T.);
#7643=ORIENTED_EDGE('',*,*,#5318,.T.);
#7644=ORIENTED_EDGE('',*,*,#5370,.T.);
#7645=ORIENTED_EDGE('',*,*,#5371,.T.);
#7646=ORIENTED_EDGE('',*,*,#5372,.T.);
#7647=ORIENTED_EDGE('',*,*,#5373,.T.);
#7648=ORIENTED_EDGE('',*,*,#5374,.T.);
#7649=ORIENTED_EDGE('',*,*,#5339,.F.);
#7650=ORIENTED_EDGE('',*,*,#5375,.T.);
#7651=ORIENTED_EDGE('',*,*,#5376,.T.);
#7652=ORIENTED_EDGE('',*,*,#5377,.F.);
#7653=ORIENTED_EDGE('',*,*,#5334,.F.);
#7654=ORIENTED_EDGE('',*,*,#5378,.T.);
#7655=ORIENTED_EDGE('',*,*,#5379,.T.);
#7656=ORIENTED_EDGE('',*,*,#5380,.F.);
#7657=ORIENTED_EDGE('',*,*,#5371,.F.);
#7658=ORIENTED_EDGE('',*,*,#5381,.T.);
#7659=ORIENTED_EDGE('',*,*,#5382,.T.);
#7660=ORIENTED_EDGE('',*,*,#5383,.F.);
#7661=ORIENTED_EDGE('',*,*,#5366,.F.);
#7662=ORIENTED_EDGE('',*,*,#5384,.T.);
#7663=ORIENTED_EDGE('',*,*,#5385,.T.);
#7664=ORIENTED_EDGE('',*,*,#5386,.F.);
#7665=ORIENTED_EDGE('',*,*,#5361,.F.);
#7666=ORIENTED_EDGE('',*,*,#5387,.T.);
#7667=ORIENTED_EDGE('',*,*,#5388,.T.);
#7668=ORIENTED_EDGE('',*,*,#5389,.F.);
#7669=ORIENTED_EDGE('',*,*,#5356,.F.);
#7670=ORIENTED_EDGE('',*,*,#5390,.T.);
#7671=ORIENTED_EDGE('',*,*,#5391,.T.);
#7672=ORIENTED_EDGE('',*,*,#5392,.F.);
#7673=ORIENTED_EDGE('',*,*,#5336,.F.);
#7674=ORIENTED_EDGE('',*,*,#5393,.T.);
#7675=ORIENTED_EDGE('',*,*,#5394,.T.);
#7676=ORIENTED_EDGE('',*,*,#5395,.F.);
#7677=ORIENTED_EDGE('',*,*,#5373,.F.);
#7678=ORIENTED_EDGE('',*,*,#5396,.T.);
#7679=ORIENTED_EDGE('',*,*,#5397,.T.);
#7680=ORIENTED_EDGE('',*,*,#5398,.F.);
#7681=ORIENTED_EDGE('',*,*,#5363,.F.);
#7682=ORIENTED_EDGE('',*,*,#5399,.T.);
#7683=ORIENTED_EDGE('',*,*,#5400,.T.);
#7684=ORIENTED_EDGE('',*,*,#5401,.F.);
#7685=ORIENTED_EDGE('',*,*,#5358,.F.);
#7686=ORIENTED_EDGE('',*,*,#5402,.T.);
#7687=ORIENTED_EDGE('',*,*,#5403,.T.);
#7688=ORIENTED_EDGE('',*,*,#5404,.F.);
#7689=ORIENTED_EDGE('',*,*,#5353,.T.);
#7690=ORIENTED_EDGE('',*,*,#5405,.T.);
#7691=ORIENTED_EDGE('',*,*,#5406,.T.);
#7692=ORIENTED_EDGE('',*,*,#5407,.T.);
#7693=ORIENTED_EDGE('',*,*,#5408,.T.);
#7694=ORIENTED_EDGE('',*,*,#5409,.F.);
#7695=ORIENTED_EDGE('',*,*,#5410,.F.);
#7696=ORIENTED_EDGE('',*,*,#5411,.F.);
#7697=ORIENTED_EDGE('',*,*,#5412,.F.);
#7698=ORIENTED_EDGE('',*,*,#5413,.F.);
#7699=ORIENTED_EDGE('',*,*,#5410,.T.);
#7700=ORIENTED_EDGE('',*,*,#5414,.T.);
#7701=ORIENTED_EDGE('',*,*,#5415,.F.);
#7702=ORIENTED_EDGE('',*,*,#5416,.T.);
#7703=ORIENTED_EDGE('',*,*,#5413,.T.);
#7704=ORIENTED_EDGE('',*,*,#5417,.F.);
#7705=ORIENTED_EDGE('',*,*,#5418,.F.);
#7706=ORIENTED_EDGE('',*,*,#5419,.F.);
#7707=ORIENTED_EDGE('',*,*,#5420,.F.);
#7708=ORIENTED_EDGE('',*,*,#5421,.F.);
#7709=ORIENTED_EDGE('',*,*,#5422,.F.);
#7710=ORIENTED_EDGE('',*,*,#5423,.F.);
#7711=ORIENTED_EDGE('',*,*,#5424,.F.);
#7712=ORIENTED_EDGE('',*,*,#5425,.F.);
#7713=ORIENTED_EDGE('',*,*,#5426,.F.);
#7714=ORIENTED_EDGE('',*,*,#5427,.F.);
#7715=ORIENTED_EDGE('',*,*,#5428,.F.);
#7716=ORIENTED_EDGE('',*,*,#5429,.F.);
#7717=ORIENTED_EDGE('',*,*,#5430,.F.);
#7718=ORIENTED_EDGE('',*,*,#5376,.F.);
#7719=ORIENTED_EDGE('',*,*,#5431,.F.);
#7720=ORIENTED_EDGE('',*,*,#5394,.F.);
#7721=ORIENTED_EDGE('',*,*,#5432,.F.);
#7722=ORIENTED_EDGE('',*,*,#5379,.F.);
#7723=ORIENTED_EDGE('',*,*,#5433,.F.);
#7724=ORIENTED_EDGE('',*,*,#5397,.F.);
#7725=ORIENTED_EDGE('',*,*,#5434,.F.);
#7726=ORIENTED_EDGE('',*,*,#5382,.F.);
#7727=ORIENTED_EDGE('',*,*,#5435,.F.);
#7728=ORIENTED_EDGE('',*,*,#5436,.F.);
#7729=ORIENTED_EDGE('',*,*,#5437,.F.);
#7730=ORIENTED_EDGE('',*,*,#5385,.F.);
#7731=ORIENTED_EDGE('',*,*,#5438,.F.);
#7732=ORIENTED_EDGE('',*,*,#5400,.F.);
#7733=ORIENTED_EDGE('',*,*,#5439,.F.);
#7734=ORIENTED_EDGE('',*,*,#5388,.F.);
#7735=ORIENTED_EDGE('',*,*,#5440,.F.);
#7736=ORIENTED_EDGE('',*,*,#5403,.F.);
#7737=ORIENTED_EDGE('',*,*,#5441,.F.);
#7738=ORIENTED_EDGE('',*,*,#5391,.F.);
#7739=ORIENTED_EDGE('',*,*,#5442,.F.);
#7740=ORIENTED_EDGE('',*,*,#5408,.F.);
#7741=ORIENTED_EDGE('',*,*,#5443,.F.);
#7742=ORIENTED_EDGE('',*,*,#5444,.F.);
#7743=ORIENTED_EDGE('',*,*,#5445,.F.);
#7744=ORIENTED_EDGE('',*,*,#5414,.F.);
#7745=ORIENTED_EDGE('',*,*,#5428,.T.);
#7746=ORIENTED_EDGE('',*,*,#5446,.F.);
#7747=ORIENTED_EDGE('',*,*,#5447,.T.);
#7748=ORIENTED_EDGE('',*,*,#5448,.T.);
#7749=ORIENTED_EDGE('',*,*,#5446,.T.);
#7750=ORIENTED_EDGE('',*,*,#5427,.T.);
#7751=ORIENTED_EDGE('',*,*,#5449,.F.);
#7752=ORIENTED_EDGE('',*,*,#5450,.F.);
#7753=ORIENTED_EDGE('',*,*,#5321,.T.);
#7754=ORIENTED_EDGE('',*,*,#5369,.F.);
#7755=ORIENTED_EDGE('',*,*,#5451,.T.);
#7756=ORIENTED_EDGE('',*,*,#5435,.T.);
#7757=ORIENTED_EDGE('',*,*,#5381,.F.);
#7758=ORIENTED_EDGE('',*,*,#5370,.F.);
#7759=ORIENTED_EDGE('',*,*,#5319,.T.);
#7760=ORIENTED_EDGE('',*,*,#5316,.T.);
#7761=ORIENTED_EDGE('',*,*,#5434,.T.);
#7762=ORIENTED_EDGE('',*,*,#5396,.F.);
#7763=ORIENTED_EDGE('',*,*,#5372,.F.);
#7764=ORIENTED_EDGE('',*,*,#5383,.T.);
#7765=ORIENTED_EDGE('',*,*,#5277,.T.);
#7766=ORIENTED_EDGE('',*,*,#5374,.F.);
#7767=ORIENTED_EDGE('',*,*,#5398,.T.);
#7768=ORIENTED_EDGE('',*,*,#5433,.T.);
#7769=ORIENTED_EDGE('',*,*,#5378,.F.);
#7770=ORIENTED_EDGE('',*,*,#5333,.F.);
#7771=ORIENTED_EDGE('',*,*,#5275,.T.);
#7772=ORIENTED_EDGE('',*,*,#5272,.T.);
#7773=ORIENTED_EDGE('',*,*,#5432,.T.);
#7774=ORIENTED_EDGE('',*,*,#5393,.F.);
#7775=ORIENTED_EDGE('',*,*,#5335,.F.);
#7776=ORIENTED_EDGE('',*,*,#5380,.T.);
#7777=ORIENTED_EDGE('',*,*,#5332,.T.);
#7778=ORIENTED_EDGE('',*,*,#5337,.F.);
#7779=ORIENTED_EDGE('',*,*,#5395,.T.);
#7780=ORIENTED_EDGE('',*,*,#5431,.T.);
#7781=ORIENTED_EDGE('',*,*,#5375,.F.);
#7782=ORIENTED_EDGE('',*,*,#5338,.F.);
#7783=ORIENTED_EDGE('',*,*,#5330,.T.);
#7784=ORIENTED_EDGE('',*,*,#5327,.T.);
#7785=ORIENTED_EDGE('',*,*,#5430,.T.);
#7786=ORIENTED_EDGE('',*,*,#5452,.F.);
#7787=ORIENTED_EDGE('',*,*,#5340,.F.);
#7788=ORIENTED_EDGE('',*,*,#5377,.T.);
#7789=ORIENTED_EDGE('',*,*,#5453,.T.);
#7790=ORIENTED_EDGE('',*,*,#5454,.T.);
#7791=ORIENTED_EDGE('',*,*,#5341,.F.);
#7792=ORIENTED_EDGE('',*,*,#5452,.T.);
#7793=ORIENTED_EDGE('',*,*,#5429,.T.);
#7794=ORIENTED_EDGE('',*,*,#5448,.F.);
#7795=ORIENTED_EDGE('',*,*,#5426,.T.);
#7796=ORIENTED_EDGE('',*,*,#5455,.F.);
#7797=ORIENTED_EDGE('',*,*,#5456,.T.);
#7798=ORIENTED_EDGE('',*,*,#5449,.T.);
#7799=ORIENTED_EDGE('',*,*,#5425,.T.);
#7800=ORIENTED_EDGE('',*,*,#5457,.F.);
#7801=ORIENTED_EDGE('',*,*,#5458,.T.);
#7802=ORIENTED_EDGE('',*,*,#5455,.T.);
#7803=ORIENTED_EDGE('',*,*,#5424,.T.);
#7804=ORIENTED_EDGE('',*,*,#5459,.F.);
#7805=ORIENTED_EDGE('',*,*,#5460,.T.);
#7806=ORIENTED_EDGE('',*,*,#5457,.T.);
#7807=ORIENTED_EDGE('',*,*,#5423,.T.);
#7808=ORIENTED_EDGE('',*,*,#5461,.F.);
#7809=ORIENTED_EDGE('',*,*,#5462,.T.);
#7810=ORIENTED_EDGE('',*,*,#5459,.T.);
#7811=ORIENTED_EDGE('',*,*,#5422,.T.);
#7812=ORIENTED_EDGE('',*,*,#5463,.F.);
#7813=ORIENTED_EDGE('',*,*,#5464,.T.);
#7814=ORIENTED_EDGE('',*,*,#5461,.T.);
#7815=ORIENTED_EDGE('',*,*,#5421,.T.);
#7816=ORIENTED_EDGE('',*,*,#5465,.F.);
#7817=ORIENTED_EDGE('',*,*,#5466,.T.);
#7818=ORIENTED_EDGE('',*,*,#5463,.T.);
#7819=ORIENTED_EDGE('',*,*,#5420,.T.);
#7820=ORIENTED_EDGE('',*,*,#5467,.F.);
#7821=ORIENTED_EDGE('',*,*,#5468,.T.);
#7822=ORIENTED_EDGE('',*,*,#5465,.T.);
#7823=ORIENTED_EDGE('',*,*,#5444,.T.);
#7824=ORIENTED_EDGE('',*,*,#5469,.F.);
#7825=ORIENTED_EDGE('',*,*,#5470,.T.);
#7826=ORIENTED_EDGE('',*,*,#5471,.T.);
#7827=ORIENTED_EDGE('',*,*,#5443,.T.);
#7828=ORIENTED_EDGE('',*,*,#5407,.F.);
#7829=ORIENTED_EDGE('',*,*,#5472,.T.);
#7830=ORIENTED_EDGE('',*,*,#5469,.T.);
#7831=ORIENTED_EDGE('',*,*,#5299,.T.);
#7832=ORIENTED_EDGE('',*,*,#5354,.F.);
#7833=ORIENTED_EDGE('',*,*,#5409,.T.);
#7834=ORIENTED_EDGE('',*,*,#5442,.T.);
#7835=ORIENTED_EDGE('',*,*,#5390,.F.);
#7836=ORIENTED_EDGE('',*,*,#5355,.F.);
#7837=ORIENTED_EDGE('',*,*,#5297,.T.);
#7838=ORIENTED_EDGE('',*,*,#5294,.T.);
#7839=ORIENTED_EDGE('',*,*,#5441,.T.);
#7840=ORIENTED_EDGE('',*,*,#5402,.F.);
#7841=ORIENTED_EDGE('',*,*,#5357,.F.);
#7842=ORIENTED_EDGE('',*,*,#5392,.T.);
#7843=ORIENTED_EDGE('',*,*,#5310,.T.);
#7844=ORIENTED_EDGE('',*,*,#5359,.F.);
#7845=ORIENTED_EDGE('',*,*,#5404,.T.);
#7846=ORIENTED_EDGE('',*,*,#5440,.T.);
#7847=ORIENTED_EDGE('',*,*,#5387,.F.);
#7848=ORIENTED_EDGE('',*,*,#5360,.F.);
#7849=ORIENTED_EDGE('',*,*,#5308,.T.);
#7850=ORIENTED_EDGE('',*,*,#5305,.T.);
#7851=ORIENTED_EDGE('',*,*,#5439,.T.);
#7852=ORIENTED_EDGE('',*,*,#5399,.F.);
#7853=ORIENTED_EDGE('',*,*,#5362,.F.);
#7854=ORIENTED_EDGE('',*,*,#5389,.T.);
#7855=ORIENTED_EDGE('',*,*,#5288,.T.);
#7856=ORIENTED_EDGE('',*,*,#5364,.F.);
#7857=ORIENTED_EDGE('',*,*,#5401,.T.);
#7858=ORIENTED_EDGE('',*,*,#5438,.T.);
#7859=ORIENTED_EDGE('',*,*,#5384,.F.);
#7860=ORIENTED_EDGE('',*,*,#5365,.F.);
#7861=ORIENTED_EDGE('',*,*,#5286,.T.);
#7862=ORIENTED_EDGE('',*,*,#5283,.T.);
#7863=ORIENTED_EDGE('',*,*,#5437,.T.);
#7864=ORIENTED_EDGE('',*,*,#5473,.F.);
#7865=ORIENTED_EDGE('',*,*,#5367,.F.);
#7866=ORIENTED_EDGE('',*,*,#5386,.T.);
#7867=ORIENTED_EDGE('',*,*,#5368,.F.);
#7868=ORIENTED_EDGE('',*,*,#5473,.T.);
#7869=ORIENTED_EDGE('',*,*,#5436,.T.);
#7870=ORIENTED_EDGE('',*,*,#5451,.F.);
#7871=ORIENTED_EDGE('',*,*,#5454,.F.);
#7872=ORIENTED_EDGE('',*,*,#5474,.F.);
#7873=ORIENTED_EDGE('',*,*,#5475,.F.);
#7874=ORIENTED_EDGE('',*,*,#5342,.F.);
#7875=ORIENTED_EDGE('',*,*,#5405,.F.);
#7876=ORIENTED_EDGE('',*,*,#5352,.F.);
#7877=ORIENTED_EDGE('',*,*,#5476,.T.);
#7878=ORIENTED_EDGE('',*,*,#5477,.F.);
#7879=ORIENTED_EDGE('',*,*,#5478,.F.);
#7880=ORIENTED_EDGE('',*,*,#5476,.F.);
#7881=ORIENTED_EDGE('',*,*,#5351,.F.);
#7882=ORIENTED_EDGE('',*,*,#5479,.T.);
#7883=ORIENTED_EDGE('',*,*,#5480,.F.);
#7884=ORIENTED_EDGE('',*,*,#5479,.F.);
#7885=ORIENTED_EDGE('',*,*,#5350,.F.);
#7886=ORIENTED_EDGE('',*,*,#5481,.T.);
#7887=ORIENTED_EDGE('',*,*,#5482,.F.);
#7888=ORIENTED_EDGE('',*,*,#5481,.F.);
#7889=ORIENTED_EDGE('',*,*,#5349,.F.);
#7890=ORIENTED_EDGE('',*,*,#5483,.T.);
#7891=ORIENTED_EDGE('',*,*,#5484,.F.);
#7892=ORIENTED_EDGE('',*,*,#5483,.F.);
#7893=ORIENTED_EDGE('',*,*,#5348,.F.);
#7894=ORIENTED_EDGE('',*,*,#5485,.T.);
#7895=ORIENTED_EDGE('',*,*,#5486,.F.);
#7896=ORIENTED_EDGE('',*,*,#5485,.F.);
#7897=ORIENTED_EDGE('',*,*,#5347,.F.);
#7898=ORIENTED_EDGE('',*,*,#5487,.T.);
#7899=ORIENTED_EDGE('',*,*,#5488,.F.);
#7900=ORIENTED_EDGE('',*,*,#5487,.F.);
#7901=ORIENTED_EDGE('',*,*,#5346,.F.);
#7902=ORIENTED_EDGE('',*,*,#5489,.T.);
#7903=ORIENTED_EDGE('',*,*,#5490,.F.);
#7904=ORIENTED_EDGE('',*,*,#5489,.F.);
#7905=ORIENTED_EDGE('',*,*,#5345,.F.);
#7906=ORIENTED_EDGE('',*,*,#5491,.T.);
#7907=ORIENTED_EDGE('',*,*,#5492,.F.);
#7908=ORIENTED_EDGE('',*,*,#5491,.F.);
#7909=ORIENTED_EDGE('',*,*,#5344,.F.);
#7910=ORIENTED_EDGE('',*,*,#5493,.T.);
#7911=ORIENTED_EDGE('',*,*,#5494,.F.);
#7912=ORIENTED_EDGE('',*,*,#5493,.F.);
#7913=ORIENTED_EDGE('',*,*,#5343,.F.);
#7914=ORIENTED_EDGE('',*,*,#5475,.T.);
#7915=ORIENTED_EDGE('',*,*,#5411,.T.);
#7916=ORIENTED_EDGE('',*,*,#5416,.F.);
#7917=ORIENTED_EDGE('',*,*,#5495,.F.);
#7918=ORIENTED_EDGE('',*,*,#5470,.F.);
#7919=ORIENTED_EDGE('',*,*,#5472,.F.);
#7920=ORIENTED_EDGE('',*,*,#5406,.F.);
#7921=ORIENTED_EDGE('',*,*,#5477,.T.);
#7922=ORIENTED_EDGE('',*,*,#5478,.T.);
#7923=ORIENTED_EDGE('',*,*,#5480,.T.);
#7924=ORIENTED_EDGE('',*,*,#5482,.T.);
#7925=ORIENTED_EDGE('',*,*,#5484,.T.);
#7926=ORIENTED_EDGE('',*,*,#5486,.T.);
#7927=ORIENTED_EDGE('',*,*,#5488,.T.);
#7928=ORIENTED_EDGE('',*,*,#5490,.T.);
#7929=ORIENTED_EDGE('',*,*,#5492,.T.);
#7930=ORIENTED_EDGE('',*,*,#5494,.T.);
#7931=ORIENTED_EDGE('',*,*,#5474,.T.);
#7932=ORIENTED_EDGE('',*,*,#5453,.F.);
#7933=ORIENTED_EDGE('',*,*,#5447,.F.);
#7934=ORIENTED_EDGE('',*,*,#5450,.T.);
#7935=ORIENTED_EDGE('',*,*,#5456,.F.);
#7936=ORIENTED_EDGE('',*,*,#5458,.F.);
#7937=ORIENTED_EDGE('',*,*,#5460,.F.);
#7938=ORIENTED_EDGE('',*,*,#5462,.F.);
#7939=ORIENTED_EDGE('',*,*,#5464,.F.);
#7940=ORIENTED_EDGE('',*,*,#5466,.F.);
#7941=ORIENTED_EDGE('',*,*,#5468,.F.);
#7942=ORIENTED_EDGE('',*,*,#5496,.F.);
#7943=ORIENTED_EDGE('',*,*,#5497,.F.);
#7944=ORIENTED_EDGE('',*,*,#5498,.F.);
#7945=ORIENTED_EDGE('',*,*,#5419,.T.);
#7946=ORIENTED_EDGE('',*,*,#5499,.F.);
#7947=ORIENTED_EDGE('',*,*,#5496,.T.);
#7948=ORIENTED_EDGE('',*,*,#5467,.T.);
#7949=ORIENTED_EDGE('',*,*,#5418,.T.);
#7950=ORIENTED_EDGE('',*,*,#5500,.F.);
#7951=ORIENTED_EDGE('',*,*,#5497,.T.);
#7952=ORIENTED_EDGE('',*,*,#5499,.T.);
#7953=ORIENTED_EDGE('',*,*,#5417,.T.);
#7954=ORIENTED_EDGE('',*,*,#5412,.T.);
#7955=ORIENTED_EDGE('',*,*,#5498,.T.);
#7956=ORIENTED_EDGE('',*,*,#5500,.T.);
#7957=ORIENTED_EDGE('',*,*,#5445,.T.);
#7958=ORIENTED_EDGE('',*,*,#5471,.F.);
#7959=ORIENTED_EDGE('',*,*,#5495,.T.);
#7960=ORIENTED_EDGE('',*,*,#5415,.T.);
#7961=ORIENTED_EDGE('',*,*,#5501,.F.);
#7962=ORIENTED_EDGE('',*,*,#5502,.T.);
#7963=ORIENTED_EDGE('',*,*,#5503,.T.);
#7964=ORIENTED_EDGE('',*,*,#5504,.F.);
#7965=ORIENTED_EDGE('',*,*,#5505,.F.);
#7966=ORIENTED_EDGE('',*,*,#5506,.F.);
#7967=ORIENTED_EDGE('',*,*,#5507,.T.);
#7968=ORIENTED_EDGE('',*,*,#5502,.F.);
#7969=ORIENTED_EDGE('',*,*,#5508,.F.);
#7970=ORIENTED_EDGE('',*,*,#5503,.F.);
#7971=ORIENTED_EDGE('',*,*,#5507,.F.);
#7972=ORIENTED_EDGE('',*,*,#5509,.F.);
#7973=ORIENTED_EDGE('',*,*,#5510,.F.);
#7974=ORIENTED_EDGE('',*,*,#5511,.F.);
#7975=ORIENTED_EDGE('',*,*,#5505,.T.);
#7976=ORIENTED_EDGE('',*,*,#5501,.T.);
#7977=ORIENTED_EDGE('',*,*,#5510,.T.);
#7978=ORIENTED_EDGE('',*,*,#5504,.T.);
#7979=ORIENTED_EDGE('',*,*,#5508,.T.);
#7980=ORIENTED_EDGE('',*,*,#5512,.T.);
#7981=ORIENTED_EDGE('',*,*,#5513,.F.);
#7982=ORIENTED_EDGE('',*,*,#5514,.T.);
#7983=ORIENTED_EDGE('',*,*,#5515,.F.);
#7984=ORIENTED_EDGE('',*,*,#5516,.T.);
#7985=ORIENTED_EDGE('',*,*,#5513,.T.);
#7986=ORIENTED_EDGE('',*,*,#5517,.T.);
#7987=ORIENTED_EDGE('',*,*,#5518,.T.);
#7988=ORIENTED_EDGE('',*,*,#5519,.F.);
#7989=ORIENTED_EDGE('',*,*,#5520,.T.);
#7990=ORIENTED_EDGE('',*,*,#5521,.T.);
#7991=ORIENTED_EDGE('',*,*,#5511,.T.);
#7992=ORIENTED_EDGE('',*,*,#5516,.F.);
#7993=ORIENTED_EDGE('',*,*,#5522,.T.);
#7994=ORIENTED_EDGE('',*,*,#5523,.T.);
#7995=ORIENTED_EDGE('',*,*,#5517,.F.);
#7996=ORIENTED_EDGE('',*,*,#5512,.F.);
#7997=ORIENTED_EDGE('',*,*,#5509,.T.);
#7998=ORIENTED_EDGE('',*,*,#5506,.T.);
#7999=ORIENTED_EDGE('',*,*,#5515,.T.);
#8000=ORIENTED_EDGE('',*,*,#5524,.T.);
#8001=ORIENTED_EDGE('',*,*,#5525,.T.);
#8002=ORIENTED_EDGE('',*,*,#5526,.T.);
#8003=ORIENTED_EDGE('',*,*,#5527,.T.);
#8004=ORIENTED_EDGE('',*,*,#5522,.F.);
#8005=ORIENTED_EDGE('',*,*,#5518,.F.);
#8006=ORIENTED_EDGE('',*,*,#5523,.F.);
#8007=ORIENTED_EDGE('',*,*,#5527,.F.);
#8008=ORIENTED_EDGE('',*,*,#5528,.F.);
#8009=ORIENTED_EDGE('',*,*,#5528,.T.);
#8010=ORIENTED_EDGE('',*,*,#5526,.F.);
#8011=ORIENTED_EDGE('',*,*,#5529,.T.);
#8012=ORIENTED_EDGE('',*,*,#5519,.T.);
#8013=ORIENTED_EDGE('',*,*,#5521,.F.);
#8014=ORIENTED_EDGE('',*,*,#5530,.F.);
#8015=ORIENTED_EDGE('',*,*,#5524,.F.);
#8016=ORIENTED_EDGE('',*,*,#5514,.F.);
#8017=ORIENTED_EDGE('',*,*,#5520,.F.);
#8018=ORIENTED_EDGE('',*,*,#5529,.F.);
#8019=ORIENTED_EDGE('',*,*,#5525,.F.);
#8020=ORIENTED_EDGE('',*,*,#5530,.T.);
#8021=ORIENTED_EDGE('',*,*,#5531,.F.);
#8022=ORIENTED_EDGE('',*,*,#5532,.T.);
#8023=ORIENTED_EDGE('',*,*,#5533,.T.);
#8024=ORIENTED_EDGE('',*,*,#5534,.F.);
#8025=ORIENTED_EDGE('',*,*,#5535,.F.);
#8026=ORIENTED_EDGE('',*,*,#5536,.F.);
#8027=ORIENTED_EDGE('',*,*,#5537,.T.);
#8028=ORIENTED_EDGE('',*,*,#5532,.F.);
#8029=ORIENTED_EDGE('',*,*,#5538,.F.);
#8030=ORIENTED_EDGE('',*,*,#5533,.F.);
#8031=ORIENTED_EDGE('',*,*,#5537,.F.);
#8032=ORIENTED_EDGE('',*,*,#5539,.F.);
#8033=ORIENTED_EDGE('',*,*,#5540,.F.);
#8034=ORIENTED_EDGE('',*,*,#5541,.F.);
#8035=ORIENTED_EDGE('',*,*,#5535,.T.);
#8036=ORIENTED_EDGE('',*,*,#5531,.T.);
#8037=ORIENTED_EDGE('',*,*,#5540,.T.);
#8038=ORIENTED_EDGE('',*,*,#5534,.T.);
#8039=ORIENTED_EDGE('',*,*,#5538,.T.);
#8040=ORIENTED_EDGE('',*,*,#5542,.T.);
#8041=ORIENTED_EDGE('',*,*,#5543,.T.);
#8042=ORIENTED_EDGE('',*,*,#5544,.T.);
#8043=ORIENTED_EDGE('',*,*,#5545,.F.);
#8044=ORIENTED_EDGE('',*,*,#5546,.T.);
#8045=ORIENTED_EDGE('',*,*,#5543,.F.);
#8046=ORIENTED_EDGE('',*,*,#5547,.T.);
#8047=ORIENTED_EDGE('',*,*,#5548,.T.);
#8048=ORIENTED_EDGE('',*,*,#5549,.F.);
#8049=ORIENTED_EDGE('',*,*,#5550,.T.);
#8050=ORIENTED_EDGE('',*,*,#5551,.T.);
#8051=ORIENTED_EDGE('',*,*,#5545,.T.);
#8052=ORIENTED_EDGE('',*,*,#5552,.T.);
#8053=ORIENTED_EDGE('',*,*,#5553,.T.);
#8054=ORIENTED_EDGE('',*,*,#5554,.T.);
#8055=ORIENTED_EDGE('',*,*,#5555,.T.);
#8056=ORIENTED_EDGE('',*,*,#5556,.F.);
#8057=ORIENTED_EDGE('',*,*,#5548,.F.);
#8058=ORIENTED_EDGE('',*,*,#5557,.F.);
#8059=ORIENTED_EDGE('',*,*,#5555,.F.);
#8060=ORIENTED_EDGE('',*,*,#5558,.F.);
#8061=ORIENTED_EDGE('',*,*,#5558,.T.);
#8062=ORIENTED_EDGE('',*,*,#5554,.F.);
#8063=ORIENTED_EDGE('',*,*,#5559,.T.);
#8064=ORIENTED_EDGE('',*,*,#5549,.T.);
#8065=ORIENTED_EDGE('',*,*,#5551,.F.);
#8066=ORIENTED_EDGE('',*,*,#5560,.F.);
#8067=ORIENTED_EDGE('',*,*,#5552,.F.);
#8068=ORIENTED_EDGE('',*,*,#5544,.F.);
#8069=ORIENTED_EDGE('',*,*,#5550,.F.);
#8070=ORIENTED_EDGE('',*,*,#5559,.F.);
#8071=ORIENTED_EDGE('',*,*,#5553,.F.);
#8072=ORIENTED_EDGE('',*,*,#5560,.T.);
#8073=ORIENTED_EDGE('',*,*,#5541,.T.);
#8074=ORIENTED_EDGE('',*,*,#5546,.F.);
#8075=ORIENTED_EDGE('',*,*,#5556,.T.);
#8076=ORIENTED_EDGE('',*,*,#5557,.T.);
#8077=ORIENTED_EDGE('',*,*,#5547,.F.);
#8078=ORIENTED_EDGE('',*,*,#5542,.F.);
#8079=ORIENTED_EDGE('',*,*,#5539,.T.);
#8080=ORIENTED_EDGE('',*,*,#5536,.T.);
#8081=ORIENTED_EDGE('',*,*,#5561,.T.);
#8082=ORIENTED_EDGE('',*,*,#5562,.F.);
#8083=ORIENTED_EDGE('',*,*,#5563,.F.);
#8084=ORIENTED_EDGE('',*,*,#5564,.F.);
#8085=ORIENTED_EDGE('',*,*,#5565,.T.);
#8086=ORIENTED_EDGE('',*,*,#5564,.T.);
#8087=ORIENTED_EDGE('',*,*,#5566,.F.);
#8088=ORIENTED_EDGE('',*,*,#5567,.F.);
#8089=ORIENTED_EDGE('',*,*,#5568,.F.);
#8090=ORIENTED_EDGE('',*,*,#5569,.F.);
#8091=ORIENTED_EDGE('',*,*,#5566,.T.);
#8092=ORIENTED_EDGE('',*,*,#5563,.T.);
#8093=ORIENTED_EDGE('',*,*,#5570,.F.);
#8094=ORIENTED_EDGE('',*,*,#5561,.F.);
#8095=ORIENTED_EDGE('',*,*,#5565,.F.);
#8096=ORIENTED_EDGE('',*,*,#5571,.F.);
#8097=ORIENTED_EDGE('',*,*,#5572,.T.);
#8098=ORIENTED_EDGE('',*,*,#5573,.F.);
#8099=ORIENTED_EDGE('',*,*,#5574,.F.);
#8100=ORIENTED_EDGE('',*,*,#5575,.F.);
#8101=ORIENTED_EDGE('',*,*,#5576,.T.);
#8102=ORIENTED_EDGE('',*,*,#5575,.T.);
#8103=ORIENTED_EDGE('',*,*,#5577,.F.);
#8104=ORIENTED_EDGE('',*,*,#5578,.F.);
#8105=ORIENTED_EDGE('',*,*,#5579,.F.);
#8106=ORIENTED_EDGE('',*,*,#5580,.F.);
#8107=ORIENTED_EDGE('',*,*,#5577,.T.);
#8108=ORIENTED_EDGE('',*,*,#5574,.T.);
#8109=ORIENTED_EDGE('',*,*,#5581,.F.);
#8110=ORIENTED_EDGE('',*,*,#5572,.F.);
#8111=ORIENTED_EDGE('',*,*,#5576,.F.);
#8112=ORIENTED_EDGE('',*,*,#5582,.F.);
#8113=ORIENTED_EDGE('',*,*,#5583,.T.);
#8114=ORIENTED_EDGE('',*,*,#5584,.F.);
#8115=ORIENTED_EDGE('',*,*,#5585,.F.);
#8116=ORIENTED_EDGE('',*,*,#5586,.F.);
#8117=ORIENTED_EDGE('',*,*,#5587,.T.);
#8118=ORIENTED_EDGE('',*,*,#5586,.T.);
#8119=ORIENTED_EDGE('',*,*,#5588,.F.);
#8120=ORIENTED_EDGE('',*,*,#5589,.F.);
#8121=ORIENTED_EDGE('',*,*,#5590,.F.);
#8122=ORIENTED_EDGE('',*,*,#5591,.F.);
#8123=ORIENTED_EDGE('',*,*,#5588,.T.);
#8124=ORIENTED_EDGE('',*,*,#5585,.T.);
#8125=ORIENTED_EDGE('',*,*,#5592,.F.);
#8126=ORIENTED_EDGE('',*,*,#5583,.F.);
#8127=ORIENTED_EDGE('',*,*,#5587,.F.);
#8128=ORIENTED_EDGE('',*,*,#5593,.F.);
#8129=ORIENTED_EDGE('',*,*,#5568,.T.);
#8130=ORIENTED_EDGE('',*,*,#5562,.T.);
#8131=ORIENTED_EDGE('',*,*,#5570,.T.);
#8132=ORIENTED_EDGE('',*,*,#5594,.T.);
#8133=ORIENTED_EDGE('',*,*,#5595,.T.);
#8134=ORIENTED_EDGE('',*,*,#5596,.T.);
#8135=ORIENTED_EDGE('',*,*,#5597,.F.);
#8136=ORIENTED_EDGE('',*,*,#5598,.T.);
#8137=ORIENTED_EDGE('',*,*,#5579,.T.);
#8138=ORIENTED_EDGE('',*,*,#5573,.T.);
#8139=ORIENTED_EDGE('',*,*,#5581,.T.);
#8140=ORIENTED_EDGE('',*,*,#5599,.T.);
#8141=ORIENTED_EDGE('',*,*,#5600,.F.);
#8142=ORIENTED_EDGE('',*,*,#5601,.F.);
#8143=ORIENTED_EDGE('',*,*,#5602,.F.);
#8144=ORIENTED_EDGE('',*,*,#5603,.F.);
#8145=ORIENTED_EDGE('',*,*,#5604,.F.);
#8146=ORIENTED_EDGE('',*,*,#5605,.F.);
#8147=ORIENTED_EDGE('',*,*,#5606,.F.);
#8148=ORIENTED_EDGE('',*,*,#5607,.T.);
#8149=ORIENTED_EDGE('',*,*,#5590,.T.);
#8150=ORIENTED_EDGE('',*,*,#5584,.T.);
#8151=ORIENTED_EDGE('',*,*,#5592,.T.);
#8152=ORIENTED_EDGE('',*,*,#5608,.T.);
#8153=ORIENTED_EDGE('',*,*,#5609,.T.);
#8154=ORIENTED_EDGE('',*,*,#5610,.T.);
#8155=ORIENTED_EDGE('',*,*,#5611,.F.);
#8156=ORIENTED_EDGE('',*,*,#5612,.T.);
#8157=ORIENTED_EDGE('',*,*,#5591,.T.);
#8158=ORIENTED_EDGE('',*,*,#5607,.F.);
#8159=ORIENTED_EDGE('',*,*,#5613,.T.);
#8160=ORIENTED_EDGE('',*,*,#5614,.T.);
#8161=ORIENTED_EDGE('',*,*,#5615,.F.);
#8162=ORIENTED_EDGE('',*,*,#5608,.F.);
#8163=ORIENTED_EDGE('',*,*,#5593,.T.);
#8164=ORIENTED_EDGE('',*,*,#5589,.T.);
#8165=ORIENTED_EDGE('',*,*,#5613,.F.);
#8166=ORIENTED_EDGE('',*,*,#5606,.T.);
#8167=ORIENTED_EDGE('',*,*,#5616,.T.);
#8168=ORIENTED_EDGE('',*,*,#5617,.T.);
#8169=ORIENTED_EDGE('',*,*,#5569,.T.);
#8170=ORIENTED_EDGE('',*,*,#5612,.F.);
#8171=ORIENTED_EDGE('',*,*,#5618,.T.);
#8172=ORIENTED_EDGE('',*,*,#5619,.T.);
#8173=ORIENTED_EDGE('',*,*,#5620,.F.);
#8174=ORIENTED_EDGE('',*,*,#5594,.F.);
#8175=ORIENTED_EDGE('',*,*,#5571,.T.);
#8176=ORIENTED_EDGE('',*,*,#5567,.T.);
#8177=ORIENTED_EDGE('',*,*,#5618,.F.);
#8178=ORIENTED_EDGE('',*,*,#5611,.T.);
#8179=ORIENTED_EDGE('',*,*,#5621,.T.);
#8180=ORIENTED_EDGE('',*,*,#5622,.T.);
#8181=ORIENTED_EDGE('',*,*,#5580,.T.);
#8182=ORIENTED_EDGE('',*,*,#5598,.F.);
#8183=ORIENTED_EDGE('',*,*,#5623,.T.);
#8184=ORIENTED_EDGE('',*,*,#5624,.T.);
#8185=ORIENTED_EDGE('',*,*,#5625,.F.);
#8186=ORIENTED_EDGE('',*,*,#5599,.F.);
#8187=ORIENTED_EDGE('',*,*,#5582,.T.);
#8188=ORIENTED_EDGE('',*,*,#5578,.T.);
#8189=ORIENTED_EDGE('',*,*,#5623,.F.);
#8190=ORIENTED_EDGE('',*,*,#5597,.T.);
#8191=ORIENTED_EDGE('',*,*,#5626,.T.);
#8192=ORIENTED_EDGE('',*,*,#5627,.T.);
#8193=ORIENTED_EDGE('',*,*,#5615,.T.);
#8194=ORIENTED_EDGE('',*,*,#5628,.F.);
#8195=ORIENTED_EDGE('',*,*,#5629,.T.);
#8196=ORIENTED_EDGE('',*,*,#5609,.F.);
#8197=ORIENTED_EDGE('',*,*,#5620,.T.);
#8198=ORIENTED_EDGE('',*,*,#5630,.F.);
#8199=ORIENTED_EDGE('',*,*,#5631,.T.);
#8200=ORIENTED_EDGE('',*,*,#5595,.F.);
#8201=ORIENTED_EDGE('',*,*,#5632,.F.);
#8202=ORIENTED_EDGE('',*,*,#5633,.T.);
#8203=ORIENTED_EDGE('',*,*,#5603,.T.);
#8204=ORIENTED_EDGE('',*,*,#5634,.T.);
#8205=ORIENTED_EDGE('',*,*,#5632,.T.);
#8206=ORIENTED_EDGE('',*,*,#5635,.F.);
#8207=ORIENTED_EDGE('',*,*,#5636,.F.);
#8208=ORIENTED_EDGE('',*,*,#5637,.F.);
#8209=ORIENTED_EDGE('',*,*,#5638,.F.);
#8210=ORIENTED_EDGE('',*,*,#5621,.F.);
#8211=ORIENTED_EDGE('',*,*,#5610,.F.);
#8212=ORIENTED_EDGE('',*,*,#5629,.F.);
#8213=ORIENTED_EDGE('',*,*,#5622,.F.);
#8214=ORIENTED_EDGE('',*,*,#5638,.T.);
#8215=ORIENTED_EDGE('',*,*,#5628,.T.);
#8216=ORIENTED_EDGE('',*,*,#5614,.F.);
#8217=ORIENTED_EDGE('',*,*,#5617,.F.);
#8218=ORIENTED_EDGE('',*,*,#5639,.F.);
#8219=ORIENTED_EDGE('',*,*,#5640,.F.);
#8220=ORIENTED_EDGE('',*,*,#5641,.F.);
#8221=ORIENTED_EDGE('',*,*,#5642,.F.);
#8222=ORIENTED_EDGE('',*,*,#5643,.F.);
#8223=ORIENTED_EDGE('',*,*,#5644,.F.);
#8224=ORIENTED_EDGE('',*,*,#5624,.F.);
#8225=ORIENTED_EDGE('',*,*,#5627,.F.);
#8226=ORIENTED_EDGE('',*,*,#5645,.T.);
#8227=ORIENTED_EDGE('',*,*,#5630,.T.);
#8228=ORIENTED_EDGE('',*,*,#5619,.F.);
#8229=ORIENTED_EDGE('',*,*,#5645,.F.);
#8230=ORIENTED_EDGE('',*,*,#5626,.F.);
#8231=ORIENTED_EDGE('',*,*,#5596,.F.);
#8232=ORIENTED_EDGE('',*,*,#5631,.F.);
#8233=ORIENTED_EDGE('',*,*,#5642,.T.);
#8234=ORIENTED_EDGE('',*,*,#5646,.F.);
#8235=ORIENTED_EDGE('',*,*,#5635,.T.);
#8236=ORIENTED_EDGE('',*,*,#5634,.F.);
#8237=ORIENTED_EDGE('',*,*,#5602,.T.);
#8238=ORIENTED_EDGE('',*,*,#5647,.T.);
#8239=ORIENTED_EDGE('',*,*,#5625,.T.);
#8240=ORIENTED_EDGE('',*,*,#5644,.T.);
#8241=ORIENTED_EDGE('',*,*,#5648,.F.);
#8242=ORIENTED_EDGE('',*,*,#5600,.T.);
#8243=ORIENTED_EDGE('',*,*,#5643,.T.);
#8244=ORIENTED_EDGE('',*,*,#5647,.F.);
#8245=ORIENTED_EDGE('',*,*,#5601,.T.);
#8246=ORIENTED_EDGE('',*,*,#5648,.T.);
#8247=ORIENTED_EDGE('',*,*,#5641,.T.);
#8248=ORIENTED_EDGE('',*,*,#5649,.F.);
#8249=ORIENTED_EDGE('',*,*,#5636,.T.);
#8250=ORIENTED_EDGE('',*,*,#5646,.T.);
#8251=ORIENTED_EDGE('',*,*,#5640,.T.);
#8252=ORIENTED_EDGE('',*,*,#5650,.F.);
#8253=ORIENTED_EDGE('',*,*,#5604,.T.);
#8254=ORIENTED_EDGE('',*,*,#5633,.F.);
#8255=ORIENTED_EDGE('',*,*,#5637,.T.);
#8256=ORIENTED_EDGE('',*,*,#5649,.T.);
#8257=ORIENTED_EDGE('',*,*,#5639,.T.);
#8258=ORIENTED_EDGE('',*,*,#5616,.F.);
#8259=ORIENTED_EDGE('',*,*,#5605,.T.);
#8260=ORIENTED_EDGE('',*,*,#5650,.T.);
#8261=PLANE('',#9087);
#8262=PLANE('',#9099);
#8263=PLANE('',#9100);
#8264=PLANE('',#9101);
#8265=PLANE('',#9102);
#8266=PLANE('',#9103);
#8267=PLANE('',#9112);
#8268=PLANE('',#9113);
#8269=PLANE('',#9114);
#8270=PLANE('',#9115);
#8271=PLANE('',#9118);
#8272=PLANE('',#9130);
#8273=PLANE('',#9131);
#8274=PLANE('',#9132);
#8275=PLANE('',#9133);
#8276=PLANE('',#9134);
#8277=PLANE('',#9143);
#8278=PLANE('',#9144);
#8279=PLANE('',#9145);
#8280=PLANE('',#9146);
#8281=PLANE('',#9152);
#8282=PLANE('',#9153);
#8283=PLANE('',#9154);
#8284=PLANE('',#9170);
#8285=PLANE('',#9171);
#8286=PLANE('',#9172);
#8287=PLANE('',#9179);
#8288=PLANE('',#9180);
#8289=PLANE('',#9181);
#8290=PLANE('',#9182);
#8291=PLANE('',#9183);
#8292=PLANE('',#9184);
#8293=PLANE('',#9185);
#8294=PLANE('',#9186);
#8295=PLANE('',#9187);
#8296=PLANE('',#9188);
#8297=PLANE('',#9189);
#8298=PLANE('',#9190);
#8299=PLANE('',#9191);
#8300=PLANE('',#9199);
#8301=PLANE('',#9200);
#8302=PLANE('',#9201);
#8303=PLANE('',#9202);
#8304=PLANE('',#9203);
#8305=PLANE('',#9204);
#8306=PLANE('',#9205);
#8307=PLANE('',#9206);
#8308=PLANE('',#9207);
#8309=PLANE('',#9208);
#8310=PLANE('',#9217);
#8311=PLANE('',#9224);
#8312=PLANE('',#9225);
#8313=PLANE('',#9226);
#8314=PLANE('',#9227);
#8315=PLANE('',#9228);
#8316=PLANE('',#9229);
#8317=PLANE('',#9230);
#8318=PLANE('',#9231);
#8319=PLANE('',#9232);
#8320=PLANE('',#9265);
#8321=PLANE('',#9268);
#8322=PLANE('',#9269);
#8323=PLANE('',#9270);
#8324=PLANE('',#9273);
#8325=PLANE('',#9288);
#8326=PLANE('',#9307);
#8327=PLANE('',#9308);
#8328=PLANE('',#9319);
#8329=PLANE('',#9320);
#8330=PLANE('',#9363);
#8331=PLANE('',#9378);
#8332=PLANE('',#9413);
#8333=PLANE('',#9434);
#8334=PLANE('',#9439);
#8335=PLANE('',#9440);
#8336=PLANE('',#9444);
#8337=PLANE('',#9445);
#8338=PLANE('',#9446);
#8339=PLANE('',#9447);
#8340=PLANE('',#9448);
#8341=PLANE('',#9449);
#8342=PLANE('',#9450);
#8343=PLANE('',#9454);
#8344=PLANE('',#9496);
#8345=PLANE('',#9503);
#8346=PLANE('',#9504);
#8347=PLANE('',#9521);
#8348=PLANE('',#9522);
#8349=PLANE('',#9523);
#8350=PLANE('',#9524);
#8351=PLANE('',#9525);
#8352=PLANE('',#9526);
#8353=PLANE('',#9527);
#8354=PLANE('',#9528);
#8355=PLANE('',#9529);
#8356=PLANE('',#9530);
#8357=PLANE('',#9531);
#8358=PLANE('',#9532);
#8359=PLANE('',#9533);
#8360=PLANE('',#9534);
#8361=PLANE('',#9535);
#8362=PLANE('',#9536);
#8363=PLANE('',#9537);
#8364=PLANE('',#9538);
#8365=PLANE('',#9539);
#8366=PLANE('',#9540);
#8367=PLANE('',#9541);
#8368=PLANE('',#9542);
#8369=PLANE('',#9543);
#8370=PLANE('',#9544);
#8371=PLANE('',#9545);
#8372=PLANE('',#9546);
#8373=PLANE('',#9547);
#8374=PLANE('',#9548);
#8375=PLANE('',#9549);
#8376=PLANE('',#9550);
#8377=PLANE('',#9551);
#8378=PLANE('',#9552);
#8379=PLANE('',#9555);
#8380=PLANE('',#9556);
#8381=PLANE('',#9557);
#8382=PLANE('',#9558);
#8383=PLANE('',#9559);
#8384=PLANE('',#9560);
#8385=PLANE('',#9561);
#8386=PLANE('',#9562);
#8387=PLANE('',#9563);
#8388=PLANE('',#9564);
#8389=PLANE('',#9565);
#8390=PLANE('',#9566);
#8391=PLANE('',#9567);
#8392=PLANE('',#9568);
#8393=PLANE('',#9569);
#8394=PLANE('',#9570);
#8395=PLANE('',#9571);
#8396=PLANE('',#9572);
#8397=PLANE('',#9573);
#8398=PLANE('',#9574);
#8399=PLANE('',#9575);
#8400=PLANE('',#9576);
#8401=PLANE('',#9577);
#8402=PLANE('',#9578);
#8403=PLANE('',#9579);
#8404=PLANE('',#9580);
#8405=PLANE('',#9581);
#8406=PLANE('',#9582);
#8407=PLANE('',#9583);
#8408=PLANE('',#9584);
#8409=PLANE('',#9585);
#8410=PLANE('',#9586);
#8411=PLANE('',#9587);
#8412=PLANE('',#9588);
#8413=PLANE('',#9589);
#8414=PLANE('',#9590);
#8415=PLANE('',#9591);
#8416=PLANE('',#9592);
#8417=PLANE('',#9593);
#8418=PLANE('',#9594);
#8419=PLANE('',#9595);
#8420=PLANE('',#9596);
#8421=PLANE('',#9597);
#8422=PLANE('',#9598);
#8423=PLANE('',#9599);
#8424=PLANE('',#9600);
#8425=PLANE('',#9601);
#8426=PLANE('',#9602);
#8427=PLANE('',#9603);
#8428=PLANE('',#9604);
#8429=PLANE('',#9605);
#8430=PLANE('',#9606);
#8431=PLANE('',#9612);
#8432=PLANE('',#9613);
#8433=PLANE('',#9620);
#8434=PLANE('',#9625);
#8435=PLANE('',#9626);
#8436=PLANE('',#9634);
#8437=PLANE('',#9644);
#8438=PLANE('',#9650);
#8439=PLANE('',#9663);
#8440=PLANE('',#9684);
#8441=PLANE('',#9685);
#8442=PLANE('',#9689);
#8443=PLANE('',#9711);
#8444=PLANE('',#9716);
#8445=PLANE('',#9718);
#8446=PLANE('',#9732);
#8447=PLANE('',#9735);
#8448=PLANE('',#9741);
#8449=PLANE('',#9742);
#8450=PLANE('',#9743);
#8451=PLANE('',#9744);
#8452=PLANE('',#9745);
#8453=PLANE('',#9746);
#8454=PLANE('',#9747);
#8455=PLANE('',#9748);
#8456=PLANE('',#9749);
#8457=PLANE('',#9750);
#8458=PLANE('',#9751);
#8459=PLANE('',#9752);
#8460=PLANE('',#9753);
#8461=PLANE('',#9754);
#8462=PLANE('',#9755);
#8463=PLANE('',#9756);
#8464=PLANE('',#9757);
#8465=PLANE('',#9758);
#8466=PLANE('',#9759);
#8467=PLANE('',#9760);
#8468=PLANE('',#9761);
#8469=PLANE('',#9762);
#8470=PLANE('',#9763);
#8471=PLANE('',#9764);
#8472=PLANE('',#9765);
#8473=PLANE('',#9766);
#8474=PLANE('',#9767);
#8475=PLANE('',#9768);
#8476=PLANE('',#9769);
#8477=PLANE('',#9770);
#8478=PLANE('',#9771);
#8479=PLANE('',#9772);
#8480=PLANE('',#9773);
#8481=PLANE('',#9774);
#8482=PLANE('',#9775);
#8483=PLANE('',#9776);
#8484=PLANE('',#9777);
#8485=PLANE('',#9778);
#8486=PLANE('',#9779);
#8487=PLANE('',#9780);
#8488=PLANE('',#9781);
#8489=PLANE('',#9782);
#8490=PLANE('',#9783);
#8491=PLANE('',#9784);
#8492=PLANE('',#9785);
#8493=PLANE('',#9786);
#8494=PLANE('',#9787);
#8495=PLANE('',#9788);
#8496=PLANE('',#9789);
#8497=PLANE('',#9790);
#8498=PLANE('',#9791);
#8499=PLANE('',#9792);
#8500=PLANE('',#9793);
#8501=PLANE('',#9794);
#8502=PLANE('',#9795);
#8503=PLANE('',#9796);
#8504=PLANE('',#9797);
#8505=PLANE('',#9798);
#8506=PLANE('',#9799);
#8507=PLANE('',#9800);
#8508=PLANE('',#9801);
#8509=PLANE('',#9802);
#8510=PLANE('',#9803);
#8511=PLANE('',#9804);
#8512=PLANE('',#9805);
#8513=PLANE('',#9806);
#8514=PLANE('',#9807);
#8515=PLANE('',#9808);
#8516=PLANE('',#9809);
#8517=PLANE('',#9810);
#8518=PLANE('',#9811);
#8519=PLANE('',#9812);
#8520=PLANE('',#9813);
#8521=PLANE('',#9814);
#8522=PLANE('',#9815);
#8523=PLANE('',#9816);
#8524=PLANE('',#9817);
#8525=PLANE('',#9818);
#8526=PLANE('',#9819);
#8527=PLANE('',#9820);
#8528=PLANE('',#9821);
#8529=PLANE('',#9822);
#8530=PLANE('',#9823);
#8531=PLANE('',#9824);
#8532=PLANE('',#9825);
#8533=PLANE('',#9826);
#8534=PLANE('',#9827);
#8535=PLANE('',#9828);
#8536=PLANE('',#9829);
#8537=PLANE('',#9830);
#8538=PLANE('',#9831);
#8539=PLANE('',#9832);
#8540=PLANE('',#9833);
#8541=PLANE('',#9834);
#8542=PLANE('',#9835);
#8543=PLANE('',#9836);
#8544=PLANE('',#9837);
#8545=PLANE('',#9838);
#8546=PLANE('',#9839);
#8547=PLANE('',#9840);
#8548=PLANE('',#9841);
#8549=PLANE('',#9842);
#8550=PLANE('',#9843);
#8551=PLANE('',#9844);
#8552=PLANE('',#9845);
#8553=PLANE('',#9846);
#8554=PLANE('',#9847);
#8555=PLANE('',#9848);
#8556=PLANE('',#9849);
#8557=PLANE('',#9850);
#8558=PLANE('',#9851);
#8559=PLANE('',#9852);
#8560=PLANE('',#9853);
#8561=PLANE('',#9854);
#8562=PLANE('',#9855);
#8563=PLANE('',#9856);
#8564=PLANE('',#9857);
#8565=PLANE('',#9858);
#8566=PLANE('',#9859);
#8567=PLANE('',#9860);
#8568=PLANE('',#9861);
#8569=PLANE('',#9862);
#8570=PLANE('',#9863);
#8571=PLANE('',#9864);
#8572=PLANE('',#9865);
#8573=PLANE('',#9866);
#8574=PLANE('',#9867);
#8575=PLANE('',#9868);
#8576=PLANE('',#9869);
#8577=PLANE('',#9870);
#8578=PLANE('',#9871);
#8579=PLANE('',#9872);
#8580=PLANE('',#9873);
#8581=PLANE('',#9874);
#8582=PLANE('',#9875);
#8583=PLANE('',#9876);
#8584=PLANE('',#9877);
#8585=PLANE('',#9878);
#8586=ADVANCED_FACE('',(#267),#8261,.T.);
#8587=ADVANCED_FACE('',(#268),#118,.F.);
#8588=ADVANCED_FACE('',(#269),#119,.F.);
#8589=ADVANCED_FACE('',(#270),#8262,.T.);
#8590=ADVANCED_FACE('',(#271),#8263,.T.);
#8591=ADVANCED_FACE('',(#272),#8264,.T.);
#8592=ADVANCED_FACE('',(#273),#8265,.T.);
#8593=ADVANCED_FACE('',(#274),#8266,.T.);
#8594=ADVANCED_FACE('',(#275),#120,.T.);
#8595=ADVANCED_FACE('',(#276),#121,.T.);
#8596=ADVANCED_FACE('',(#277),#122,.T.);
#8597=ADVANCED_FACE('',(#278),#123,.T.);
#8598=ADVANCED_FACE('',(#279),#8267,.T.);
#8599=ADVANCED_FACE('',(#280),#8268,.T.);
#8600=ADVANCED_FACE('',(#281),#8269,.T.);
#8601=ADVANCED_FACE('',(#282),#8270,.F.);
#8602=ADVANCED_FACE('',(#283),#124,.F.);
#8603=ADVANCED_FACE('',(#284),#8271,.T.);
#8604=ADVANCED_FACE('',(#285),#125,.F.);
#8605=ADVANCED_FACE('',(#286),#126,.F.);
#8606=ADVANCED_FACE('',(#287),#8272,.T.);
#8607=ADVANCED_FACE('',(#288),#8273,.T.);
#8608=ADVANCED_FACE('',(#289),#8274,.T.);
#8609=ADVANCED_FACE('',(#290),#8275,.T.);
#8610=ADVANCED_FACE('',(#291),#8276,.T.);
#8611=ADVANCED_FACE('',(#292),#127,.T.);
#8612=ADVANCED_FACE('',(#293),#128,.T.);
#8613=ADVANCED_FACE('',(#294),#129,.T.);
#8614=ADVANCED_FACE('',(#295),#130,.T.);
#8615=ADVANCED_FACE('',(#296),#8277,.T.);
#8616=ADVANCED_FACE('',(#297),#8278,.T.);
#8617=ADVANCED_FACE('',(#298),#8279,.T.);
#8618=ADVANCED_FACE('',(#299),#8280,.F.);
#8619=ADVANCED_FACE('',(#300),#131,.F.);
#8620=ADVANCED_FACE('',(#301,#92),#132,.T.);
#8621=ADVANCED_FACE('',(#302),#8281,.F.);
#8622=ADVANCED_FACE('',(#303),#8282,.T.);
#8623=ADVANCED_FACE('',(#304),#8283,.T.);
#8624=ADVANCED_FACE('',(#305),#133,.T.);
#8625=ADVANCED_FACE('',(#306),#134,.T.);
#8626=ADVANCED_FACE('',(#307),#135,.T.);
#8627=ADVANCED_FACE('',(#308),#136,.T.);
#8628=ADVANCED_FACE('',(#309),#8284,.T.);
#8629=ADVANCED_FACE('',(#310),#8285,.T.);
#8630=ADVANCED_FACE('',(#311),#8286,.T.);
#8631=ADVANCED_FACE('',(#312),#137,.F.);
#8632=ADVANCED_FACE('',(#313),#138,.F.);
#8633=ADVANCED_FACE('',(#314),#139,.F.);
#8634=ADVANCED_FACE('',(#315),#8287,.T.);
#8635=ADVANCED_FACE('',(#316),#8288,.T.);
#8636=ADVANCED_FACE('',(#317),#8289,.T.);
#8637=ADVANCED_FACE('',(#318),#8290,.T.);
#8638=ADVANCED_FACE('',(#319),#8291,.F.);
#8639=ADVANCED_FACE('',(#320),#8292,.T.);
#8640=ADVANCED_FACE('',(#321),#8293,.T.);
#8641=ADVANCED_FACE('',(#322),#8294,.F.);
#8642=ADVANCED_FACE('',(#323),#8295,.T.);
#8643=ADVANCED_FACE('',(#324),#8296,.T.);
#8644=ADVANCED_FACE('',(#325),#8297,.T.);
#8645=ADVANCED_FACE('',(#326),#8298,.T.);
#8646=ADVANCED_FACE('',(#327),#8299,.T.);
#8647=ADVANCED_FACE('',(#328),#8300,.T.);
#8648=ADVANCED_FACE('',(#329),#8301,.T.);
#8649=ADVANCED_FACE('',(#330),#8302,.T.);
#8650=ADVANCED_FACE('',(#331),#8303,.T.);
#8651=ADVANCED_FACE('',(#332),#8304,.T.);
#8652=ADVANCED_FACE('',(#333),#8305,.T.);
#8653=ADVANCED_FACE('',(#334),#8306,.T.);
#8654=ADVANCED_FACE('',(#335),#8307,.T.);
#8655=ADVANCED_FACE('',(#336),#8308,.T.);
#8656=ADVANCED_FACE('',(#337),#8309,.T.);
#8657=ADVANCED_FACE('',(#338),#140,.T.);
#8658=ADVANCED_FACE('',(#339),#141,.T.);
#8659=ADVANCED_FACE('',(#340),#142,.T.);
#8660=ADVANCED_FACE('',(#341),#143,.T.);
#8661=ADVANCED_FACE('',(#342),#8310,.T.);
#8662=ADVANCED_FACE('',(#343),#144,.F.);
#8663=ADVANCED_FACE('',(#344),#145,.F.);
#8664=ADVANCED_FACE('',(#345),#146,.F.);
#8665=ADVANCED_FACE('',(#346),#8311,.F.);
#8666=ADVANCED_FACE('',(#347),#8312,.T.);
#8667=ADVANCED_FACE('',(#348),#8313,.F.);
#8668=ADVANCED_FACE('',(#349),#8314,.T.);
#8669=ADVANCED_FACE('',(#350),#8315,.T.);
#8670=ADVANCED_FACE('',(#351),#8316,.T.);
#8671=ADVANCED_FACE('',(#352),#8317,.T.);
#8672=ADVANCED_FACE('',(#353),#8318,.T.);
#8673=ADVANCED_FACE('',(#354,#93),#8319,.T.);
#8674=ADVANCED_FACE('',(#355),#147,.F.);
#8675=ADVANCED_FACE('',(#356),#148,.F.);
#8676=ADVANCED_FACE('',(#357),#149,.F.);
#8677=ADVANCED_FACE('',(#358),#8320,.T.);
#8678=ADVANCED_FACE('',(#359),#150,.F.);
#8679=ADVANCED_FACE('',(#360),#8321,.T.);
#8680=ADVANCED_FACE('',(#361),#8322,.T.);
#8681=ADVANCED_FACE('',(#362),#8323,.T.);
#8682=ADVANCED_FACE('',(#363),#151,.T.);
#8683=ADVANCED_FACE('',(#364),#8324,.T.);
#8684=ADVANCED_FACE('',(#365),#152,.T.);
#8685=ADVANCED_FACE('',(#366),#153,.T.);
#8686=ADVANCED_FACE('',(#367),#154,.T.);
#8687=ADVANCED_FACE('',(#368),#155,.T.);
#8688=ADVANCED_FACE('',(#369),#156,.T.);
#8689=ADVANCED_FACE('',(#370),#157,.T.);
#8690=ADVANCED_FACE('',(#371),#158,.T.);
#8691=ADVANCED_FACE('',(#372),#8325,.T.);
#8692=ADVANCED_FACE('',(#373),#159,.F.);
#8693=ADVANCED_FACE('',(#374),#160,.F.);
#8694=ADVANCED_FACE('',(#375),#161,.F.);
#8695=ADVANCED_FACE('',(#376),#162,.T.);
#8696=ADVANCED_FACE('',(#377),#163,.T.);
#8697=ADVANCED_FACE('',(#378),#164,.T.);
#8698=ADVANCED_FACE('',(#379),#165,.T.);
#8699=ADVANCED_FACE('',(#380),#166,.T.);
#8700=ADVANCED_FACE('',(#381),#167,.T.);
#8701=ADVANCED_FACE('',(#382),#8326,.T.);
#8702=ADVANCED_FACE('',(#383),#8327,.T.);
#8703=ADVANCED_FACE('',(#384),#168,.F.);
#8704=ADVANCED_FACE('',(#385),#169,.F.);
#8705=ADVANCED_FACE('',(#386),#170,.F.);
#8706=ADVANCED_FACE('',(#387),#171,.F.);
#8707=ADVANCED_FACE('',(#388),#172,.F.);
#8708=ADVANCED_FACE('',(#389,#94),#8328,.F.);
#8709=ADVANCED_FACE('',(#390,#95),#8329,.F.);
#8710=ADVANCED_FACE('',(#391),#173,.F.);
#8711=ADVANCED_FACE('',(#392),#174,.F.);
#8712=ADVANCED_FACE('',(#393),#8330,.T.);
#8713=ADVANCED_FACE('',(#394),#175,.F.);
#8714=ADVANCED_FACE('',(#395),#176,.F.);
#8715=ADVANCED_FACE('',(#396),#177,.F.);
#8716=ADVANCED_FACE('',(#397),#178,.F.);
#8717=ADVANCED_FACE('',(#398),#179,.F.);
#8718=ADVANCED_FACE('',(#399),#180,.F.);
#8719=ADVANCED_FACE('',(#400),#181,.F.);
#8720=ADVANCED_FACE('',(#401),#8331,.T.);
#8721=ADVANCED_FACE('',(#402),#182,.T.);
#8722=ADVANCED_FACE('',(#403),#183,.T.);
#8723=ADVANCED_FACE('',(#404),#184,.T.);
#8724=ADVANCED_FACE('',(#405),#185,.T.);
#8725=ADVANCED_FACE('',(#406),#186,.T.);
#8726=ADVANCED_FACE('',(#407),#187,.T.);
#8727=ADVANCED_FACE('',(#408),#188,.T.);
#8728=ADVANCED_FACE('',(#409),#189,.T.);
#8729=ADVANCED_FACE('',(#410),#190,.T.);
#8730=ADVANCED_FACE('',(#411),#191,.T.);
#8731=ADVANCED_FACE('',(#412),#192,.F.);
#8732=ADVANCED_FACE('',(#413),#193,.F.);
#8733=ADVANCED_FACE('',(#414),#194,.F.);
#8734=ADVANCED_FACE('',(#415),#195,.F.);
#8735=ADVANCED_FACE('',(#416),#196,.F.);
#8736=ADVANCED_FACE('',(#417),#197,.F.);
#8737=ADVANCED_FACE('',(#418),#198,.F.);
#8738=ADVANCED_FACE('',(#419),#8332,.T.);
#8739=ADVANCED_FACE('',(#420),#199,.F.);
#8740=ADVANCED_FACE('',(#421),#200,.F.);
#8741=ADVANCED_FACE('',(#422),#201,.T.);
#8742=ADVANCED_FACE('',(#423),#202,.T.);
#8743=ADVANCED_FACE('',(#424),#203,.T.);
#8744=ADVANCED_FACE('',(#425),#204,.T.);
#8745=ADVANCED_FACE('',(#426),#205,.T.);
#8746=ADVANCED_FACE('',(#427),#206,.T.);
#8747=ADVANCED_FACE('',(#428),#207,.T.);
#8748=ADVANCED_FACE('',(#429),#208,.T.);
#8749=ADVANCED_FACE('',(#430),#8333,.T.);
#8750=ADVANCED_FACE('',(#431),#209,.T.);
#8751=ADVANCED_FACE('',(#432),#210,.T.);
#8752=ADVANCED_FACE('',(#433,#96),#8334,.T.);
#8753=ADVANCED_FACE('',(#434),#8335,.T.);
#8754=ADVANCED_FACE('',(#435,#97),#211,.T.);
#8755=ADVANCED_FACE('',(#436),#8336,.F.);
#8756=ADVANCED_FACE('',(#437),#8337,.T.);
#8757=ADVANCED_FACE('',(#438),#8338,.T.);
#8758=ADVANCED_FACE('',(#439),#8339,.T.);
#8759=ADVANCED_FACE('',(#440),#8340,.T.);
#8760=ADVANCED_FACE('',(#441),#8341,.T.);
#8761=ADVANCED_FACE('',(#442),#8342,.F.);
#8762=ADVANCED_FACE('',(#443),#212,.F.);
#8763=ADVANCED_FACE('',(#444),#8343,.F.);
#8764=ADVANCED_FACE('',(#445),#213,.F.);
#8765=ADVANCED_FACE('',(#446),#214,.T.);
#8766=ADVANCED_FACE('',(#447),#215,.T.);
#8767=ADVANCED_FACE('',(#448),#216,.T.);
#8768=ADVANCED_FACE('',(#449),#217,.T.);
#8769=ADVANCED_FACE('',(#450),#218,.T.);
#8770=ADVANCED_FACE('',(#451),#219,.T.);
#8771=ADVANCED_FACE('',(#452),#220,.T.);
#8772=ADVANCED_FACE('',(#453),#221,.T.);
#8773=ADVANCED_FACE('',(#454),#222,.T.);
#8774=ADVANCED_FACE('',(#455),#8344,.T.);
#8775=ADVANCED_FACE('',(#456),#223,.T.);
#8776=ADVANCED_FACE('',(#457),#224,.F.);
#8777=ADVANCED_FACE('',(#458),#225,.F.);
#8778=ADVANCED_FACE('',(#459),#8345,.T.);
#8779=ADVANCED_FACE('',(#460),#8346,.T.);
#8780=ADVANCED_FACE('',(#461),#226,.F.);
#8781=ADVANCED_FACE('',(#462),#227,.F.);
#8782=ADVANCED_FACE('',(#463),#228,.F.);
#8783=ADVANCED_FACE('',(#464),#229,.F.);
#8784=ADVANCED_FACE('',(#465),#230,.F.);
#8785=ADVANCED_FACE('',(#466),#231,.F.);
#8786=ADVANCED_FACE('',(#467),#232,.F.);
#8787=ADVANCED_FACE('',(#468),#233,.F.);
#8788=ADVANCED_FACE('',(#469),#8347,.T.);
#8789=ADVANCED_FACE('',(#470),#8348,.T.);
#8790=ADVANCED_FACE('',(#471),#8349,.F.);
#8791=ADVANCED_FACE('',(#472),#8350,.F.);
#8792=ADVANCED_FACE('',(#473),#8351,.F.);
#8793=ADVANCED_FACE('',(#474),#8352,.T.);
#8794=ADVANCED_FACE('',(#475),#8353,.T.);
#8795=ADVANCED_FACE('',(#476),#8354,.T.);
#8796=ADVANCED_FACE('',(#477),#8355,.F.);
#8797=ADVANCED_FACE('',(#478),#8356,.F.);
#8798=ADVANCED_FACE('',(#479),#8357,.F.);
#8799=ADVANCED_FACE('',(#480),#8358,.T.);
#8800=ADVANCED_FACE('',(#481),#8359,.T.);
#8801=ADVANCED_FACE('',(#482),#8360,.F.);
#8802=ADVANCED_FACE('',(#483),#8361,.F.);
#8803=ADVANCED_FACE('',(#484),#8362,.F.);
#8804=ADVANCED_FACE('',(#485),#8363,.F.);
#8805=ADVANCED_FACE('',(#486),#8364,.F.);
#8806=ADVANCED_FACE('',(#487),#8365,.F.);
#8807=ADVANCED_FACE('',(#488),#8366,.F.);
#8808=ADVANCED_FACE('',(#489),#8367,.F.);
#8809=ADVANCED_FACE('',(#490),#8368,.F.);
#8810=ADVANCED_FACE('',(#491),#8369,.F.);
#8811=ADVANCED_FACE('',(#492),#8370,.F.);
#8812=ADVANCED_FACE('',(#493),#8371,.F.);
#8813=ADVANCED_FACE('',(#494),#8372,.F.);
#8814=ADVANCED_FACE('',(#495),#8373,.F.);
#8815=ADVANCED_FACE('',(#496),#8374,.F.);
#8816=ADVANCED_FACE('',(#497),#8375,.F.);
#8817=ADVANCED_FACE('',(#498),#8376,.T.);
#8818=ADVANCED_FACE('',(#499),#8377,.F.);
#8819=ADVANCED_FACE('',(#500),#8378,.T.);
#8820=ADVANCED_FACE('',(#501),#8379,.F.);
#8821=ADVANCED_FACE('',(#502),#8380,.F.);
#8822=ADVANCED_FACE('',(#503),#8381,.F.);
#8823=ADVANCED_FACE('',(#504),#8382,.F.);
#8824=ADVANCED_FACE('',(#505),#8383,.F.);
#8825=ADVANCED_FACE('',(#506),#8384,.F.);
#8826=ADVANCED_FACE('',(#507),#8385,.F.);
#8827=ADVANCED_FACE('',(#508),#8386,.F.);
#8828=ADVANCED_FACE('',(#509),#8387,.F.);
#8829=ADVANCED_FACE('',(#510),#8388,.F.);
#8830=ADVANCED_FACE('',(#511),#8389,.F.);
#8831=ADVANCED_FACE('',(#512),#8390,.F.);
#8832=ADVANCED_FACE('',(#513),#8391,.F.);
#8833=ADVANCED_FACE('',(#514),#8392,.F.);
#8834=ADVANCED_FACE('',(#515),#8393,.T.);
#8835=ADVANCED_FACE('',(#516),#8394,.T.);
#8836=ADVANCED_FACE('',(#517),#8395,.T.);
#8837=ADVANCED_FACE('',(#518),#8396,.T.);
#8838=ADVANCED_FACE('',(#519),#8397,.T.);
#8839=ADVANCED_FACE('',(#520),#8398,.T.);
#8840=ADVANCED_FACE('',(#521),#8399,.T.);
#8841=ADVANCED_FACE('',(#522),#8400,.T.);
#8842=ADVANCED_FACE('',(#523),#8401,.T.);
#8843=ADVANCED_FACE('',(#524),#8402,.T.);
#8844=ADVANCED_FACE('',(#525),#8403,.T.);
#8845=ADVANCED_FACE('',(#526),#8404,.T.);
#8846=ADVANCED_FACE('',(#527),#8405,.F.);
#8847=ADVANCED_FACE('',(#528),#8406,.F.);
#8848=ADVANCED_FACE('',(#529),#8407,.F.);
#8849=ADVANCED_FACE('',(#530),#8408,.F.);
#8850=ADVANCED_FACE('',(#531),#8409,.F.);
#8851=ADVANCED_FACE('',(#532),#8410,.F.);
#8852=ADVANCED_FACE('',(#533),#8411,.T.);
#8853=ADVANCED_FACE('',(#534),#8412,.T.);
#8854=ADVANCED_FACE('',(#535),#8413,.F.);
#8855=ADVANCED_FACE('',(#536),#8414,.F.);
#8856=ADVANCED_FACE('',(#537),#8415,.T.);
#8857=ADVANCED_FACE('',(#538),#8416,.T.);
#8858=ADVANCED_FACE('',(#539),#8417,.T.);
#8859=ADVANCED_FACE('',(#540),#8418,.T.);
#8860=ADVANCED_FACE('',(#541),#8419,.T.);
#8861=ADVANCED_FACE('',(#542),#8420,.T.);
#8862=ADVANCED_FACE('',(#543),#8421,.T.);
#8863=ADVANCED_FACE('',(#544),#8422,.T.);
#8864=ADVANCED_FACE('',(#545),#8423,.T.);
#8865=ADVANCED_FACE('',(#546),#8424,.F.);
#8866=ADVANCED_FACE('',(#547),#8425,.F.);
#8867=ADVANCED_FACE('',(#548),#8426,.F.);
#8868=ADVANCED_FACE('',(#549),#8427,.F.);
#8869=ADVANCED_FACE('',(#550),#8428,.F.);
#8870=ADVANCED_FACE('',(#551),#8429,.T.);
#8871=ADVANCED_FACE('',(#552),#8430,.T.);
#8872=ADVANCED_FACE('',(#553,#98),#24,.F.);
#8873=ADVANCED_FACE('',(#554,#99),#234,.F.);
#8874=ADVANCED_FACE('',(#555),#8431,.T.);
#8875=ADVANCED_FACE('',(#556),#8432,.T.);
#8876=ADVANCED_FACE('',(#557),#235,.F.);
#8877=ADVANCED_FACE('',(#558),#8433,.T.);
#8878=ADVANCED_FACE('',(#559),#236,.T.);
#8879=ADVANCED_FACE('',(#560),#8434,.T.);
#8880=ADVANCED_FACE('',(#561),#8435,.F.);
#8881=ADVANCED_FACE('',(#562),#237,.F.);
#8882=ADVANCED_FACE('',(#563),#8436,.T.);
#8883=ADVANCED_FACE('',(#564),#238,.T.);
#8884=ADVANCED_FACE('',(#565),#239,.T.);
#8885=ADVANCED_FACE('',(#566),#8437,.F.);
#8886=ADVANCED_FACE('',(#567),#240,.T.);
#8887=ADVANCED_FACE('',(#568),#8438,.T.);
#8888=ADVANCED_FACE('',(#569),#241,.T.);
#8889=ADVANCED_FACE('',(#570),#242,.T.);
#8890=ADVANCED_FACE('',(#571),#243,.T.);
#8891=ADVANCED_FACE('',(#572),#244,.T.);
#8892=ADVANCED_FACE('',(#573),#8439,.T.);
#8893=ADVANCED_FACE('',(#574),#245,.T.);
#8894=ADVANCED_FACE('',(#575),#246,.T.);
#8895=ADVANCED_FACE('',(#576),#247,.T.);
#8896=ADVANCED_FACE('',(#577),#20,.T.);
#8897=ADVANCED_FACE('',(#578),#21,.T.);
#8898=ADVANCED_FACE('',(#579),#248,.T.);
#8899=ADVANCED_FACE('',(#580),#22,.T.);
#8900=ADVANCED_FACE('',(#581),#23,.T.);
#8901=ADVANCED_FACE('',(#582),#249,.T.);
#8902=ADVANCED_FACE('',(#583),#8440,.F.);
#8903=ADVANCED_FACE('',(#584),#8441,.T.);
#8904=ADVANCED_FACE('',(#585),#250,.F.);
#8905=ADVANCED_FACE('',(#586),#8442,.F.);
#8906=ADVANCED_FACE('',(#587),#251,.T.);
#8907=ADVANCED_FACE('',(#588),#252,.T.);
#8908=ADVANCED_FACE('',(#589),#253,.T.);
#8909=ADVANCED_FACE('',(#590),#254,.T.);
#8910=ADVANCED_FACE('',(#591),#255,.T.);
#8911=ADVANCED_FACE('',(#592),#256,.T.);
#8912=ADVANCED_FACE('',(#593),#16,.F.);
#8913=ADVANCED_FACE('',(#594),#17,.F.);
#8914=ADVANCED_FACE('',(#595),#257,.T.);
#8915=ADVANCED_FACE('',(#596),#8443,.F.);
#8916=ADVANCED_FACE('',(#597),#258,.T.);
#8917=ADVANCED_FACE('',(#598),#259,.T.);
#8918=ADVANCED_FACE('',(#599),#8444,.F.);
#8919=ADVANCED_FACE('',(#600,#100),#8445,.T.);
#8920=ADVANCED_FACE('',(#601),#260,.T.);
#8921=ADVANCED_FACE('',(#602),#18,.F.);
#8922=ADVANCED_FACE('',(#603),#261,.T.);
#8923=ADVANCED_FACE('',(#604),#19,.F.);
#8924=ADVANCED_FACE('',(#605),#262,.T.);
#8925=ADVANCED_FACE('',(#606),#263,.T.);
#8926=ADVANCED_FACE('',(#607),#8446,.T.);
#8927=ADVANCED_FACE('',(#608),#264,.F.);
#8928=ADVANCED_FACE('',(#609),#8447,.T.);
#8929=ADVANCED_FACE('',(#610),#265,.T.);
#8930=ADVANCED_FACE('',(#611),#266,.T.);
#8931=ADVANCED_FACE('',(#612),#8448,.T.);
#8932=ADVANCED_FACE('',(#613),#8449,.T.);
#8933=ADVANCED_FACE('',(#614),#8450,.F.);
#8934=ADVANCED_FACE('',(#615),#8451,.F.);
#8935=ADVANCED_FACE('',(#616),#8452,.F.);
#8936=ADVANCED_FACE('',(#617),#8453,.T.);
#8937=ADVANCED_FACE('',(#618),#8454,.F.);
#8938=ADVANCED_FACE('',(#619),#8455,.F.);
#8939=ADVANCED_FACE('',(#620),#8456,.F.);
#8940=ADVANCED_FACE('',(#621),#8457,.T.);
#8941=ADVANCED_FACE('',(#622),#8458,.F.);
#8942=ADVANCED_FACE('',(#623),#8459,.F.);
#8943=ADVANCED_FACE('',(#624),#8460,.F.);
#8944=ADVANCED_FACE('',(#625),#8461,.T.);
#8945=ADVANCED_FACE('',(#626),#8462,.F.);
#8946=ADVANCED_FACE('',(#627),#8463,.F.);
#8947=ADVANCED_FACE('',(#628),#8464,.F.);
#8948=ADVANCED_FACE('',(#629),#8465,.T.);
#8949=ADVANCED_FACE('',(#630),#8466,.F.);
#8950=ADVANCED_FACE('',(#631),#8467,.F.);
#8951=ADVANCED_FACE('',(#632),#8468,.F.);
#8952=ADVANCED_FACE('',(#633),#8469,.T.);
#8953=ADVANCED_FACE('',(#634),#8470,.F.);
#8954=ADVANCED_FACE('',(#635),#8471,.F.);
#8955=ADVANCED_FACE('',(#636),#8472,.F.);
#8956=ADVANCED_FACE('',(#637),#8473,.T.);
#8957=ADVANCED_FACE('',(#638),#8474,.F.);
#8958=ADVANCED_FACE('',(#639),#8475,.T.);
#8959=ADVANCED_FACE('',(#640),#8476,.T.);
#8960=ADVANCED_FACE('',(#641),#8477,.T.);
#8961=ADVANCED_FACE('',(#642),#8478,.T.);
#8962=ADVANCED_FACE('',(#643),#8479,.T.);
#8963=ADVANCED_FACE('',(#644),#8480,.T.);
#8964=ADVANCED_FACE('',(#645),#8481,.T.);
#8965=ADVANCED_FACE('',(#646),#8482,.T.);
#8966=ADVANCED_FACE('',(#647),#8483,.T.);
#8967=ADVANCED_FACE('',(#648),#8484,.T.);
#8968=ADVANCED_FACE('',(#649),#8485,.T.);
#8969=ADVANCED_FACE('',(#650),#8486,.F.);
#8970=ADVANCED_FACE('',(#651),#8487,.T.);
#8971=ADVANCED_FACE('',(#652),#8488,.F.);
#8972=ADVANCED_FACE('',(#653),#8489,.T.);
#8973=ADVANCED_FACE('',(#654),#8490,.T.);
#8974=ADVANCED_FACE('',(#655),#8491,.T.);
#8975=ADVANCED_FACE('',(#656),#8492,.T.);
#8976=ADVANCED_FACE('',(#657),#8493,.T.);
#8977=ADVANCED_FACE('',(#658),#8494,.T.);
#8978=ADVANCED_FACE('',(#659),#8495,.T.);
#8979=ADVANCED_FACE('',(#660),#8496,.T.);
#8980=ADVANCED_FACE('',(#661),#8497,.T.);
#8981=ADVANCED_FACE('',(#662),#8498,.T.);
#8982=ADVANCED_FACE('',(#663),#8499,.T.);
#8983=ADVANCED_FACE('',(#664),#8500,.T.);
#8984=ADVANCED_FACE('',(#665),#8501,.T.);
#8985=ADVANCED_FACE('',(#666),#8502,.T.);
#8986=ADVANCED_FACE('',(#667),#8503,.T.);
#8987=ADVANCED_FACE('',(#668),#8504,.T.);
#8988=ADVANCED_FACE('',(#669),#8505,.T.);
#8989=ADVANCED_FACE('',(#670),#8506,.T.);
#8990=ADVANCED_FACE('',(#671),#8507,.T.);
#8991=ADVANCED_FACE('',(#672),#8508,.T.);
#8992=ADVANCED_FACE('',(#673),#8509,.T.);
#8993=ADVANCED_FACE('',(#674),#8510,.T.);
#8994=ADVANCED_FACE('',(#675),#8511,.T.);
#8995=ADVANCED_FACE('',(#676),#8512,.T.);
#8996=ADVANCED_FACE('',(#677),#8513,.T.);
#8997=ADVANCED_FACE('',(#678),#8514,.F.);
#8998=ADVANCED_FACE('',(#679),#8515,.F.);
#8999=ADVANCED_FACE('',(#680),#8516,.F.);
#9000=ADVANCED_FACE('',(#681),#8517,.F.);
#9001=ADVANCED_FACE('',(#682),#8518,.F.);
#9002=ADVANCED_FACE('',(#683),#8519,.F.);
#9003=ADVANCED_FACE('',(#684),#8520,.F.);
#9004=ADVANCED_FACE('',(#685),#8521,.F.);
#9005=ADVANCED_FACE('',(#686),#8522,.F.);
#9006=ADVANCED_FACE('',(#687),#8523,.F.);
#9007=ADVANCED_FACE('',(#688),#8524,.F.);
#9008=ADVANCED_FACE('',(#689),#8525,.F.);
#9009=ADVANCED_FACE('',(#690),#8526,.T.);
#9010=ADVANCED_FACE('',(#691),#8527,.T.);
#9011=ADVANCED_FACE('',(#692),#8528,.T.);
#9012=ADVANCED_FACE('',(#693),#8529,.T.);
#9013=ADVANCED_FACE('',(#694),#8530,.F.);
#9014=ADVANCED_FACE('',(#695),#8531,.F.);
#9015=ADVANCED_FACE('',(#696),#8532,.F.);
#9016=ADVANCED_FACE('',(#697),#8533,.T.);
#9017=ADVANCED_FACE('',(#698),#8534,.F.);
#9018=ADVANCED_FACE('',(#699),#8535,.T.);
#9019=ADVANCED_FACE('',(#700),#8536,.T.);
#9020=ADVANCED_FACE('',(#701),#8537,.T.);
#9021=ADVANCED_FACE('',(#702),#8538,.F.);
#9022=ADVANCED_FACE('',(#703),#8539,.T.);
#9023=ADVANCED_FACE('',(#704),#8540,.F.);
#9024=ADVANCED_FACE('',(#705),#8541,.F.);
#9025=ADVANCED_FACE('',(#706),#8542,.F.);
#9026=ADVANCED_FACE('',(#707),#8543,.F.);
#9027=ADVANCED_FACE('',(#708),#8544,.F.);
#9028=ADVANCED_FACE('',(#709),#8545,.T.);
#9029=ADVANCED_FACE('',(#710),#8546,.F.);
#9030=ADVANCED_FACE('',(#711),#8547,.T.);
#9031=ADVANCED_FACE('',(#712),#8548,.T.);
#9032=ADVANCED_FACE('',(#713),#8549,.F.);
#9033=ADVANCED_FACE('',(#714),#8550,.T.);
#9034=ADVANCED_FACE('',(#715),#8551,.F.);
#9035=ADVANCED_FACE('',(#716),#8552,.F.);
#9036=ADVANCED_FACE('',(#717),#8553,.T.);
#9037=ADVANCED_FACE('',(#718),#8554,.T.);
#9038=ADVANCED_FACE('',(#719),#8555,.T.);
#9039=ADVANCED_FACE('',(#720),#8556,.T.);
#9040=ADVANCED_FACE('',(#721),#8557,.F.);
#9041=ADVANCED_FACE('',(#722),#8558,.T.);
#9042=ADVANCED_FACE('',(#723),#8559,.T.);
#9043=ADVANCED_FACE('',(#724),#8560,.T.);
#9044=ADVANCED_FACE('',(#725),#8561,.F.);
#9045=ADVANCED_FACE('',(#726),#8562,.T.);
#9046=ADVANCED_FACE('',(#727),#8563,.T.);
#9047=ADVANCED_FACE('',(#728),#8564,.T.);
#9048=ADVANCED_FACE('',(#729),#8565,.F.);
#9049=ADVANCED_FACE('',(#730),#8566,.F.);
#9050=ADVANCED_FACE('',(#731),#8567,.T.);
#9051=ADVANCED_FACE('',(#732),#8568,.T.);
#9052=ADVANCED_FACE('',(#733),#8569,.T.);
#9053=ADVANCED_FACE('',(#734),#8570,.T.);
#9054=ADVANCED_FACE('',(#735),#8571,.T.);
#9055=ADVANCED_FACE('',(#736),#8572,.T.);
#9056=ADVANCED_FACE('',(#737),#8573,.T.);
#9057=ADVANCED_FACE('',(#738),#8574,.T.);
#9058=ADVANCED_FACE('',(#739),#8575,.T.);
#9059=ADVANCED_FACE('',(#740),#8576,.F.);
#9060=ADVANCED_FACE('',(#741),#8577,.F.);
#9061=ADVANCED_FACE('',(#742),#8578,.F.);
#9062=ADVANCED_FACE('',(#743),#8579,.F.);
#9063=ADVANCED_FACE('',(#744),#8580,.T.);
#9064=ADVANCED_FACE('',(#745),#8581,.T.);
#9065=ADVANCED_FACE('',(#746),#8582,.T.);
#9066=ADVANCED_FACE('',(#747),#8583,.T.);
#9067=ADVANCED_FACE('',(#748),#8584,.T.);
#9068=ADVANCED_FACE('',(#749),#8585,.T.);
#9069=CLOSED_SHELL('',(#8586,#8587,#8588,#8589,#8590,#8591,#8592,#8593,
#8594,#8595,#8596,#8597,#8598,#8599,#8600,#8601,#8602));
#9070=CLOSED_SHELL('',(#8603,#8604,#8605,#8606,#8607,#8608,#8609,#8610,
#8611,#8612,#8613,#8614,#8615,#8616,#8617,#8618,#8619));
#9071=CLOSED_SHELL('',(#8620,#8621,#8622));
#9072=CLOSED_SHELL('',(#8623,#8624,#8625,#8626,#8627,#8628,#8629,#8630,
#8631,#8632,#8633,#8634,#8635,#8636,#8637,#8638,#8639));
#9073=CLOSED_SHELL('',(#8640,#8641,#8642,#8643,#8644,#8645));
#9074=CLOSED_SHELL('',(#8646,#8647,#8648,#8649,#8650,#8651,#8652,#8653,
#8654,#8655,#8656,#8657,#8658,#8659,#8660,#8661,#8662,#8663,#8664,#8665,
#8666));
#9075=CLOSED_SHELL('',(#8667,#8668,#8669,#8670,#8671,#8672));
#9076=CLOSED_SHELL('',(#8673,#8674,#8675,#8676,#8677,#8678,#8679,#8680,
#8681,#8682,#8683,#8684,#8685,#8686,#8687,#8688,#8689,#8690,#8691,#8692,
#8693,#8694,#8695,#8696,#8697,#8698,#8699,#8700,#8701,#8702,#8703,#8704,
#8705,#8706,#8707,#8708));
#9077=CLOSED_SHELL('',(#8709,#8710,#8711,#8712,#8713,#8714,#8715,#8716,
#8717,#8718,#8719,#8720,#8721,#8722,#8723,#8724,#8725,#8726,#8727,#8728,
#8729,#8730,#8731,#8732,#8733,#8734,#8735,#8736,#8737,#8738,#8739,#8740,
#8741,#8742,#8743,#8744,#8745,#8746,#8747,#8748,#8749,#8750,#8751,#8752));
#9078=CLOSED_SHELL('',(#8753,#8754,#8755));
#9079=CLOSED_SHELL('',(#8756,#8757,#8758,#8759,#8760,#8761));
#9080=CLOSED_SHELL('',(#8762,#8763,#8764,#8765,#8766,#8767,#8768,#8769,
#8770,#8771,#8772,#8773,#8774,#8775,#8776,#8777,#8778,#8779,#8780,#8781,
#8782,#8783,#8784,#8785,#8786,#8787,#8788));
#9081=CLOSED_SHELL('',(#8789,#8790,#8791,#8792,#8793,#8794,#8795,#8796,
#8797,#8798,#8799,#8800,#8801,#8802,#8803,#8804,#8805,#8806,#8807,#8808,
#8809,#8810,#8811,#8812,#8813,#8814,#8815,#8816,#8817,#8818,#8819,#8820,
#8821,#8822,#8823,#8824,#8825,#8826,#8827,#8828,#8829,#8830,#8831,#8832,
#8833,#8834,#8835,#8836,#8837,#8838,#8839,#8840,#8841,#8842,#8843,#8844,
#8845,#8846,#8847,#8848,#8849,#8850,#8851,#8852,#8853,#8854,#8855,#8856,
#8857,#8858,#8859,#8860,#8861,#8862,#8863,#8864,#8865,#8866,#8867,#8868,
#8869,#8870,#8871,#8872,#8873,#8874,#8875,#8876,#8877,#8878,#8879,#8880,
#8881,#8882,#8883,#8884,#8885,#8886,#8887,#8888,#8889,#8890,#8891,#8892,
#8893,#8894,#8895,#8896,#8897,#8898,#8899,#8900,#8901,#8902,#8903,#8904,
#8905,#8906,#8907,#8908,#8909,#8910,#8911,#8912,#8913,#8914,#8915,#8916,
#8917,#8918,#8919,#8920,#8921,#8922,#8923,#8924,#8925,#8926,#8927,#8928,
#8929,#8930,#8931,#8932));
#9082=CLOSED_SHELL('',(#8933,#8934,#8935,#8936,#8937,#8938,#8939,#8940,
#8941,#8942,#8943,#8944,#8945,#8946,#8947,#8948,#8949,#8950,#8951,#8952,
#8953,#8954,#8955,#8956,#8957,#8958,#8959,#8960,#8961,#8962,#8963,#8964,
#8965,#8966,#8967,#8968,#8969,#8970,#8971,#8972,#8973,#8974,#8975,#8976,
#8977,#8978,#8979,#8980,#8981,#8982,#8983,#8984,#8985,#8986,#8987,#8988,
#8989,#8990,#8991,#8992,#8993,#8994,#8995,#8996,#8997,#8998,#8999,#9000,
#9001,#9002,#9003,#9004,#9005,#9006,#9007,#9008,#9009,#9010,#9011,#9012));
#9083=CLOSED_SHELL('',(#9013,#9014,#9015,#9016,#9017,#9018,#9019,#9020,
#9021,#9022,#9023,#9024));
#9084=CLOSED_SHELL('',(#9025,#9026,#9027,#9028,#9029,#9030,#9031,#9032,
#9033,#9034,#9035,#9036));
#9085=CLOSED_SHELL('',(#9037,#9038,#9039,#9040,#9041,#9042,#9043,#9044,
#9045,#9046,#9047,#9048,#9049,#9050,#9051,#9052,#9053,#9054,#9055,#9056,
#9057,#9058,#9059,#9060,#9061,#9062,#9063,#9064,#9065,#9066,#9067,#9068));
#9086=AXIS2_PLACEMENT_3D('placement',#12457,#9879,#9880);
#9087=AXIS2_PLACEMENT_3D('',#12458,#9881,#9882);
#9088=AXIS2_PLACEMENT_3D('',#12461,#9883,#9884);
#9089=AXIS2_PLACEMENT_3D('',#12473,#9890,#9891);
#9090=AXIS2_PLACEMENT_3D('',#12475,#9892,#9893);
#9091=AXIS2_PLACEMENT_3D('',#12477,#9894,#9895);
#9092=AXIS2_PLACEMENT_3D('',#12485,#9899,#9900);
#9093=AXIS2_PLACEMENT_3D('',#12487,#9901,#9902);
#9094=AXIS2_PLACEMENT_3D('',#12488,#9903,#9904);
#9095=AXIS2_PLACEMENT_3D('',#12489,#9905,#9906);
#9096=AXIS2_PLACEMENT_3D('',#12493,#9908,#9909);
#9097=AXIS2_PLACEMENT_3D('',#12495,#9911,#9912);
#9098=AXIS2_PLACEMENT_3D('',#12498,#9914,#9915);
#9099=AXIS2_PLACEMENT_3D('',#12499,#9916,#9917);
#9100=AXIS2_PLACEMENT_3D('',#12503,#9920,#9921);
#9101=AXIS2_PLACEMENT_3D('',#12507,#9924,#9925);
#9102=AXIS2_PLACEMENT_3D('',#12511,#9928,#9929);
#9103=AXIS2_PLACEMENT_3D('',#12515,#9932,#9933);
#9104=AXIS2_PLACEMENT_3D('',#12519,#9936,#9937);
#9105=AXIS2_PLACEMENT_3D('',#12522,#9939,#9940);
#9106=AXIS2_PLACEMENT_3D('',#12523,#9941,#9942);
#9107=AXIS2_PLACEMENT_3D('',#12526,#9944,#9945);
#9108=AXIS2_PLACEMENT_3D('',#12527,#9946,#9947);
#9109=AXIS2_PLACEMENT_3D('',#12530,#9949,#9950);
#9110=AXIS2_PLACEMENT_3D('',#12531,#9951,#9952);
#9111=AXIS2_PLACEMENT_3D('',#12534,#9954,#9955);
#9112=AXIS2_PLACEMENT_3D('',#12535,#9956,#9957);
#9113=AXIS2_PLACEMENT_3D('',#12539,#9960,#9961);
#9114=AXIS2_PLACEMENT_3D('',#12543,#9964,#9965);
#9115=AXIS2_PLACEMENT_3D('',#12547,#9968,#9969);
#9116=AXIS2_PLACEMENT_3D('',#12548,#9970,#9971);
#9117=AXIS2_PLACEMENT_3D('',#12549,#9972,#9973);
#9118=AXIS2_PLACEMENT_3D('',#12550,#9974,#9975);
#9119=AXIS2_PLACEMENT_3D('',#12553,#9976,#9977);
#9120=AXIS2_PLACEMENT_3D('',#12565,#9983,#9984);
#9121=AXIS2_PLACEMENT_3D('',#12567,#9985,#9986);
#9122=AXIS2_PLACEMENT_3D('',#12569,#9987,#9988);
#9123=AXIS2_PLACEMENT_3D('',#12577,#9992,#9993);
#9124=AXIS2_PLACEMENT_3D('',#12579,#9994,#9995);
#9125=AXIS2_PLACEMENT_3D('',#12580,#9996,#9997);
#9126=AXIS2_PLACEMENT_3D('',#12581,#9998,#9999);
#9127=AXIS2_PLACEMENT_3D('',#12585,#10001,#10002);
#9128=AXIS2_PLACEMENT_3D('',#12587,#10004,#10005);
#9129=AXIS2_PLACEMENT_3D('',#12590,#10007,#10008);
#9130=AXIS2_PLACEMENT_3D('',#12591,#10009,#10010);
#9131=AXIS2_PLACEMENT_3D('',#12595,#10013,#10014);
#9132=AXIS2_PLACEMENT_3D('',#12599,#10017,#10018);
#9133=AXIS2_PLACEMENT_3D('',#12603,#10021,#10022);
#9134=AXIS2_PLACEMENT_3D('',#12607,#10025,#10026);
#9135=AXIS2_PLACEMENT_3D('',#12611,#10029,#10030);
#9136=AXIS2_PLACEMENT_3D('',#12614,#10032,#10033);
#9137=AXIS2_PLACEMENT_3D('',#12615,#10034,#10035);
#9138=AXIS2_PLACEMENT_3D('',#12618,#10037,#10038);
#9139=AXIS2_PLACEMENT_3D('',#12619,#10039,#10040);
#9140=AXIS2_PLACEMENT_3D('',#12622,#10042,#10043);
#9141=AXIS2_PLACEMENT_3D('',#12623,#10044,#10045);
#9142=AXIS2_PLACEMENT_3D('',#12626,#10047,#10048);
#9143=AXIS2_PLACEMENT_3D('',#12627,#10049,#10050);
#9144=AXIS2_PLACEMENT_3D('',#12631,#10053,#10054);
#9145=AXIS2_PLACEMENT_3D('',#12635,#10057,#10058);
#9146=AXIS2_PLACEMENT_3D('',#12639,#10061,#10062);
#9147=AXIS2_PLACEMENT_3D('',#12640,#10063,#10064);
#9148=AXIS2_PLACEMENT_3D('',#12641,#10065,#10066);
#9149=AXIS2_PLACEMENT_3D('',#12642,#10067,#10068);
#9150=AXIS2_PLACEMENT_3D('',#12644,#10069,#10070);
#9151=AXIS2_PLACEMENT_3D('',#12646,#10071,#10072);
#9152=AXIS2_PLACEMENT_3D('',#12647,#10073,#10074);
#9153=AXIS2_PLACEMENT_3D('',#12648,#10075,#10076);
#9154=AXIS2_PLACEMENT_3D('',#12649,#10077,#10078);
#9155=AXIS2_PLACEMENT_3D('',#12652,#10079,#10080);
#9156=AXIS2_PLACEMENT_3D('',#12660,#10084,#10085);
#9157=AXIS2_PLACEMENT_3D('',#12662,#10086,#10087);
#9158=AXIS2_PLACEMENT_3D('',#12664,#10088,#10089);
#9159=AXIS2_PLACEMENT_3D('',#12666,#10090,#10091);
#9160=AXIS2_PLACEMENT_3D('',#12678,#10097,#10098);
#9161=AXIS2_PLACEMENT_3D('',#12679,#10099,#10100);
#9162=AXIS2_PLACEMENT_3D('',#12680,#10101,#10102);
#9163=AXIS2_PLACEMENT_3D('',#12684,#10104,#10105);
#9164=AXIS2_PLACEMENT_3D('',#12686,#10107,#10108);
#9165=AXIS2_PLACEMENT_3D('',#12689,#10110,#10111);
#9166=AXIS2_PLACEMENT_3D('',#12690,#10112,#10113);
#9167=AXIS2_PLACEMENT_3D('',#12693,#10115,#10116);
#9168=AXIS2_PLACEMENT_3D('',#12694,#10117,#10118);
#9169=AXIS2_PLACEMENT_3D('',#12697,#10120,#10121);
#9170=AXIS2_PLACEMENT_3D('',#12698,#10122,#10123);
#9171=AXIS2_PLACEMENT_3D('',#12702,#10126,#10127);
#9172=AXIS2_PLACEMENT_3D('',#12706,#10130,#10131);
#9173=AXIS2_PLACEMENT_3D('',#12710,#10134,#10135);
#9174=AXIS2_PLACEMENT_3D('',#12713,#10137,#10138);
#9175=AXIS2_PLACEMENT_3D('',#12714,#10139,#10140);
#9176=AXIS2_PLACEMENT_3D('',#12717,#10142,#10143);
#9177=AXIS2_PLACEMENT_3D('',#12718,#10144,#10145);
#9178=AXIS2_PLACEMENT_3D('',#12721,#10147,#10148);
#9179=AXIS2_PLACEMENT_3D('',#12722,#10149,#10150);
#9180=AXIS2_PLACEMENT_3D('',#12726,#10153,#10154);
#9181=AXIS2_PLACEMENT_3D('',#12730,#10157,#10158);
#9182=AXIS2_PLACEMENT_3D('',#12734,#10161,#10162);
#9183=AXIS2_PLACEMENT_3D('',#12738,#10165,#10166);
#9184=AXIS2_PLACEMENT_3D('',#12740,#10168,#10169);
#9185=AXIS2_PLACEMENT_3D('',#12741,#10170,#10171);
#9186=AXIS2_PLACEMENT_3D('',#12750,#10176,#10177);
#9187=AXIS2_PLACEMENT_3D('',#12756,#10181,#10182);
#9188=AXIS2_PLACEMENT_3D('',#12760,#10185,#10186);
#9189=AXIS2_PLACEMENT_3D('',#12764,#10189,#10190);
#9190=AXIS2_PLACEMENT_3D('',#12766,#10192,#10193);
#9191=AXIS2_PLACEMENT_3D('',#12767,#10194,#10195);
#9192=AXIS2_PLACEMENT_3D('',#12792,#10207,#10208);
#9193=AXIS2_PLACEMENT_3D('',#12794,#10209,#10210);
#9194=AXIS2_PLACEMENT_3D('',#12796,#10211,#10212);
#9195=AXIS2_PLACEMENT_3D('',#12800,#10214,#10215);
#9196=AXIS2_PLACEMENT_3D('',#12802,#10216,#10217);
#9197=AXIS2_PLACEMENT_3D('',#12804,#10218,#10219);
#9198=AXIS2_PLACEMENT_3D('',#12805,#10220,#10221);
#9199=AXIS2_PLACEMENT_3D('',#12806,#10222,#10223);
#9200=AXIS2_PLACEMENT_3D('',#12812,#10227,#10228);
#9201=AXIS2_PLACEMENT_3D('',#12816,#10231,#10232);
#9202=AXIS2_PLACEMENT_3D('',#12820,#10235,#10236);
#9203=AXIS2_PLACEMENT_3D('',#12824,#10239,#10240);
#9204=AXIS2_PLACEMENT_3D('',#12828,#10243,#10244);
#9205=AXIS2_PLACEMENT_3D('',#12832,#10247,#10248);
#9206=AXIS2_PLACEMENT_3D('',#12836,#10251,#10252);
#9207=AXIS2_PLACEMENT_3D('',#12840,#10255,#10256);
#9208=AXIS2_PLACEMENT_3D('',#12844,#10259,#10260);
#9209=AXIS2_PLACEMENT_3D('',#12848,#10263,#10264);
#9210=AXIS2_PLACEMENT_3D('',#12851,#10266,#10267);
#9211=AXIS2_PLACEMENT_3D('',#12852,#10268,#10269);
#9212=AXIS2_PLACEMENT_3D('',#12855,#10271,#10272);
#9213=AXIS2_PLACEMENT_3D('',#12856,#10273,#10274);
#9214=AXIS2_PLACEMENT_3D('',#12859,#10276,#10277);
#9215=AXIS2_PLACEMENT_3D('',#12860,#10278,#10279);
#9216=AXIS2_PLACEMENT_3D('',#12863,#10281,#10282);
#9217=AXIS2_PLACEMENT_3D('',#12864,#10283,#10284);
#9218=AXIS2_PLACEMENT_3D('',#12868,#10287,#10288);
#9219=AXIS2_PLACEMENT_3D('',#12871,#10290,#10291);
#9220=AXIS2_PLACEMENT_3D('',#12872,#10292,#10293);
#9221=AXIS2_PLACEMENT_3D('',#12875,#10295,#10296);
#9222=AXIS2_PLACEMENT_3D('',#12876,#10297,#10298);
#9223=AXIS2_PLACEMENT_3D('',#12879,#10300,#10301);
#9224=AXIS2_PLACEMENT_3D('',#12880,#10302,#10303);
#9225=AXIS2_PLACEMENT_3D('',#12882,#10305,#10306);
#9226=AXIS2_PLACEMENT_3D('',#12883,#10307,#10308);
#9227=AXIS2_PLACEMENT_3D('',#12892,#10313,#10314);
#9228=AXIS2_PLACEMENT_3D('',#12898,#10318,#10319);
#9229=AXIS2_PLACEMENT_3D('',#12902,#10322,#10323);
#9230=AXIS2_PLACEMENT_3D('',#12906,#10326,#10327);
#9231=AXIS2_PLACEMENT_3D('',#12908,#10329,#10330);
#9232=AXIS2_PLACEMENT_3D('',#12909,#10331,#10332);
#9233=AXIS2_PLACEMENT_3D('',#12912,#10333,#10334);
#9234=AXIS2_PLACEMENT_3D('',#12914,#10335,#10336);
#9235=AXIS2_PLACEMENT_3D('',#12916,#10337,#10338);
#9236=AXIS2_PLACEMENT_3D('',#12918,#10339,#10340);
#9237=AXIS2_PLACEMENT_3D('',#12920,#10341,#10342);
#9238=AXIS2_PLACEMENT_3D('',#12922,#10343,#10344);
#9239=AXIS2_PLACEMENT_3D('',#12924,#10345,#10346);
#9240=AXIS2_PLACEMENT_3D('',#12926,#10347,#10348);
#9241=AXIS2_PLACEMENT_3D('',#12930,#10350,#10351);
#9242=AXIS2_PLACEMENT_3D('',#12938,#10355,#10356);
#9243=AXIS2_PLACEMENT_3D('',#12940,#10357,#10358);
#9244=AXIS2_PLACEMENT_3D('',#12942,#10359,#10360);
#9245=AXIS2_PLACEMENT_3D('',#12944,#10361,#10362);
#9246=AXIS2_PLACEMENT_3D('',#12946,#10363,#10364);
#9247=AXIS2_PLACEMENT_3D('',#12948,#10365,#10366);
#9248=AXIS2_PLACEMENT_3D('',#12954,#10369,#10370);
#9249=AXIS2_PLACEMENT_3D('',#12956,#10371,#10372);
#9250=AXIS2_PLACEMENT_3D('',#12958,#10373,#10374);
#9251=AXIS2_PLACEMENT_3D('',#12960,#10375,#10376);
#9252=AXIS2_PLACEMENT_3D('',#12961,#10377,#10378);
#9253=AXIS2_PLACEMENT_3D('',#12968,#10381,#10382);
#9254=AXIS2_PLACEMENT_3D('',#12970,#10383,#10384);
#9255=AXIS2_PLACEMENT_3D('',#12972,#10385,#10386);
#9256=AXIS2_PLACEMENT_3D('',#12974,#10387,#10388);
#9257=AXIS2_PLACEMENT_3D('',#12976,#10389,#10390);
#9258=AXIS2_PLACEMENT_3D('',#12977,#10391,#10392);
#9259=AXIS2_PLACEMENT_3D('',#12978,#10393,#10394);
#9260=AXIS2_PLACEMENT_3D('',#12982,#10396,#10397);
#9261=AXIS2_PLACEMENT_3D('',#12984,#10399,#10400);
#9262=AXIS2_PLACEMENT_3D('',#12987,#10402,#10403);
#9263=AXIS2_PLACEMENT_3D('',#12988,#10404,#10405);
#9264=AXIS2_PLACEMENT_3D('',#12991,#10407,#10408);
#9265=AXIS2_PLACEMENT_3D('',#12992,#10409,#10410);
#9266=AXIS2_PLACEMENT_3D('',#12996,#10413,#10414);
#9267=AXIS2_PLACEMENT_3D('',#13000,#10416,#10417);
#9268=AXIS2_PLACEMENT_3D('',#13002,#10419,#10420);
#9269=AXIS2_PLACEMENT_3D('',#13006,#10423,#10424);
#9270=AXIS2_PLACEMENT_3D('',#13010,#10427,#10428);
#9271=AXIS2_PLACEMENT_3D('',#13014,#10431,#10432);
#9272=AXIS2_PLACEMENT_3D('',#13017,#10434,#10435);
#9273=AXIS2_PLACEMENT_3D('',#13018,#10436,#10437);
#9274=AXIS2_PLACEMENT_3D('',#13022,#10440,#10441);
#9275=AXIS2_PLACEMENT_3D('',#13025,#10443,#10444);
#9276=AXIS2_PLACEMENT_3D('',#13026,#10445,#10446);
#9277=AXIS2_PLACEMENT_3D('',#13029,#10448,#10449);
#9278=AXIS2_PLACEMENT_3D('',#13030,#10450,#10451);
#9279=AXIS2_PLACEMENT_3D('',#13033,#10453,#10454);
#9280=AXIS2_PLACEMENT_3D('',#13034,#10455,#10456);
#9281=AXIS2_PLACEMENT_3D('',#13037,#10458,#10459);
#9282=AXIS2_PLACEMENT_3D('',#13038,#10460,#10461);
#9283=AXIS2_PLACEMENT_3D('',#13041,#10463,#10464);
#9284=AXIS2_PLACEMENT_3D('',#13042,#10465,#10466);
#9285=AXIS2_PLACEMENT_3D('',#13045,#10468,#10469);
#9286=AXIS2_PLACEMENT_3D('',#13046,#10470,#10471);
#9287=AXIS2_PLACEMENT_3D('',#13049,#10473,#10474);
#9288=AXIS2_PLACEMENT_3D('',#13050,#10475,#10476);
#9289=AXIS2_PLACEMENT_3D('',#13054,#10479,#10480);
#9290=AXIS2_PLACEMENT_3D('',#13057,#10482,#10483);
#9291=AXIS2_PLACEMENT_3D('',#13058,#10484,#10485);
#9292=AXIS2_PLACEMENT_3D('',#13061,#10487,#10488);
#9293=AXIS2_PLACEMENT_3D('',#13062,#10489,#10490);
#9294=AXIS2_PLACEMENT_3D('',#13063,#10491,#10492);
#9295=AXIS2_PLACEMENT_3D('',#13064,#10493,#10494);
#9296=AXIS2_PLACEMENT_3D('',#13067,#10496,#10497);
#9297=AXIS2_PLACEMENT_3D('',#13068,#10498,#10499);
#9298=AXIS2_PLACEMENT_3D('',#13071,#10501,#10502);
#9299=AXIS2_PLACEMENT_3D('',#13072,#10503,#10504);
#9300=AXIS2_PLACEMENT_3D('',#13075,#10506,#10507);
#9301=AXIS2_PLACEMENT_3D('',#13076,#10508,#10509);
#9302=AXIS2_PLACEMENT_3D('',#13079,#10511,#10512);
#9303=AXIS2_PLACEMENT_3D('',#13080,#10513,#10514);
#9304=AXIS2_PLACEMENT_3D('',#13083,#10516,#10517);
#9305=AXIS2_PLACEMENT_3D('',#13084,#10518,#10519);
#9306=AXIS2_PLACEMENT_3D('',#13087,#10521,#10522);
#9307=AXIS2_PLACEMENT_3D('',#13088,#10523,#10524);
#9308=AXIS2_PLACEMENT_3D('',#13092,#10527,#10528);
#9309=AXIS2_PLACEMENT_3D('',#13096,#10531,#10532);
#9310=AXIS2_PLACEMENT_3D('',#13099,#10534,#10535);
#9311=AXIS2_PLACEMENT_3D('',#13100,#10536,#10537);
#9312=AXIS2_PLACEMENT_3D('',#13103,#10539,#10540);
#9313=AXIS2_PLACEMENT_3D('',#13104,#10541,#10542);
#9314=AXIS2_PLACEMENT_3D('',#13107,#10544,#10545);
#9315=AXIS2_PLACEMENT_3D('',#13108,#10546,#10547);
#9316=AXIS2_PLACEMENT_3D('',#13111,#10549,#10550);
#9317=AXIS2_PLACEMENT_3D('',#13112,#10551,#10552);
#9318=AXIS2_PLACEMENT_3D('',#13113,#10553,#10554);
#9319=AXIS2_PLACEMENT_3D('',#13114,#10555,#10556);
#9320=AXIS2_PLACEMENT_3D('',#13115,#10557,#10558);
#9321=AXIS2_PLACEMENT_3D('',#13118,#10559,#10560);
#9322=AXIS2_PLACEMENT_3D('',#13120,#10561,#10562);
#9323=AXIS2_PLACEMENT_3D('',#13124,#10564,#10565);
#9324=AXIS2_PLACEMENT_3D('',#13126,#10566,#10567);
#9325=AXIS2_PLACEMENT_3D('',#13128,#10568,#10569);
#9326=AXIS2_PLACEMENT_3D('',#13130,#10570,#10571);
#9327=AXIS2_PLACEMENT_3D('',#13132,#10572,#10573);
#9328=AXIS2_PLACEMENT_3D('',#13134,#10574,#10575);
#9329=AXIS2_PLACEMENT_3D('',#13136,#10576,#10577);
#9330=AXIS2_PLACEMENT_3D('',#13138,#10578,#10579);
#9331=AXIS2_PLACEMENT_3D('',#13140,#10580,#10581);
#9332=AXIS2_PLACEMENT_3D('',#13142,#10582,#10583);
#9333=AXIS2_PLACEMENT_3D('',#13144,#10584,#10585);
#9334=AXIS2_PLACEMENT_3D('',#13146,#10586,#10587);
#9335=AXIS2_PLACEMENT_3D('',#13148,#10588,#10589);
#9336=AXIS2_PLACEMENT_3D('',#13150,#10590,#10591);
#9337=AXIS2_PLACEMENT_3D('',#13152,#10592,#10593);
#9338=AXIS2_PLACEMENT_3D('',#13154,#10594,#10595);
#9339=AXIS2_PLACEMENT_3D('',#13156,#10596,#10597);
#9340=AXIS2_PLACEMENT_3D('',#13158,#10598,#10599);
#9341=AXIS2_PLACEMENT_3D('',#13162,#10601,#10602);
#9342=AXIS2_PLACEMENT_3D('',#13164,#10603,#10604);
#9343=AXIS2_PLACEMENT_3D('',#13168,#10606,#10607);
#9344=AXIS2_PLACEMENT_3D('',#13170,#10608,#10609);
#9345=AXIS2_PLACEMENT_3D('',#13172,#10610,#10611);
#9346=AXIS2_PLACEMENT_3D('',#13174,#10612,#10613);
#9347=AXIS2_PLACEMENT_3D('',#13176,#10614,#10615);
#9348=AXIS2_PLACEMENT_3D('',#13178,#10616,#10617);
#9349=AXIS2_PLACEMENT_3D('',#13180,#10618,#10619);
#9350=AXIS2_PLACEMENT_3D('',#13182,#10620,#10621);
#9351=AXIS2_PLACEMENT_3D('',#13184,#10622,#10623);
#9352=AXIS2_PLACEMENT_3D('',#13186,#10624,#10625);
#9353=AXIS2_PLACEMENT_3D('',#13188,#10626,#10627);
#9354=AXIS2_PLACEMENT_3D('',#13190,#10628,#10629);
#9355=AXIS2_PLACEMENT_3D('',#13192,#10630,#10631);
#9356=AXIS2_PLACEMENT_3D('',#13194,#10632,#10633);
#9357=AXIS2_PLACEMENT_3D('',#13198,#10635,#10636);
#9358=AXIS2_PLACEMENT_3D('',#13199,#10637,#10638);
#9359=AXIS2_PLACEMENT_3D('',#13200,#10639,#10640);
#9360=AXIS2_PLACEMENT_3D('',#13203,#10641,#10642);
#9361=AXIS2_PLACEMENT_3D('',#13206,#10645,#10646);
#9362=AXIS2_PLACEMENT_3D('',#13208,#10647,#10648);
#9363=AXIS2_PLACEMENT_3D('',#13210,#10650,#10651);
#9364=AXIS2_PLACEMENT_3D('',#13214,#10654,#10655);
#9365=AXIS2_PLACEMENT_3D('',#13216,#10656,#10657);
#9366=AXIS2_PLACEMENT_3D('',#13218,#10659,#10660);
#9367=AXIS2_PLACEMENT_3D('',#13220,#10661,#10662);
#9368=AXIS2_PLACEMENT_3D('',#13222,#10664,#10665);
#9369=AXIS2_PLACEMENT_3D('',#13224,#10666,#10667);
#9370=AXIS2_PLACEMENT_3D('',#13226,#10669,#10670);
#9371=AXIS2_PLACEMENT_3D('',#13228,#10671,#10672);
#9372=AXIS2_PLACEMENT_3D('',#13230,#10674,#10675);
#9373=AXIS2_PLACEMENT_3D('',#13232,#10676,#10677);
#9374=AXIS2_PLACEMENT_3D('',#13234,#10679,#10680);
#9375=AXIS2_PLACEMENT_3D('',#13236,#10681,#10682);
#9376=AXIS2_PLACEMENT_3D('',#13238,#10684,#10685);
#9377=AXIS2_PLACEMENT_3D('',#13240,#10686,#10687);
#9378=AXIS2_PLACEMENT_3D('',#13242,#10689,#10690);
#9379=AXIS2_PLACEMENT_3D('',#13248,#10694,#10695);
#9380=AXIS2_PLACEMENT_3D('',#13250,#10696,#10697);
#9381=AXIS2_PLACEMENT_3D('',#13252,#10699,#10700);
#9382=AXIS2_PLACEMENT_3D('',#13254,#10701,#10702);
#9383=AXIS2_PLACEMENT_3D('',#13256,#10704,#10705);
#9384=AXIS2_PLACEMENT_3D('',#13258,#10706,#10707);
#9385=AXIS2_PLACEMENT_3D('',#13260,#10709,#10710);
#9386=AXIS2_PLACEMENT_3D('',#13262,#10711,#10712);
#9387=AXIS2_PLACEMENT_3D('',#13264,#10714,#10715);
#9388=AXIS2_PLACEMENT_3D('',#13266,#10716,#10717);
#9389=AXIS2_PLACEMENT_3D('',#13268,#10719,#10720);
#9390=AXIS2_PLACEMENT_3D('',#13270,#10721,#10722);
#9391=AXIS2_PLACEMENT_3D('',#13272,#10724,#10725);
#9392=AXIS2_PLACEMENT_3D('',#13274,#10726,#10727);
#9393=AXIS2_PLACEMENT_3D('',#13276,#10729,#10730);
#9394=AXIS2_PLACEMENT_3D('',#13278,#10731,#10732);
#9395=AXIS2_PLACEMENT_3D('',#13280,#10734,#10735);
#9396=AXIS2_PLACEMENT_3D('',#13282,#10736,#10737);
#9397=AXIS2_PLACEMENT_3D('',#13284,#10739,#10740);
#9398=AXIS2_PLACEMENT_3D('',#13286,#10741,#10742);
#9399=AXIS2_PLACEMENT_3D('',#13288,#10744,#10745);
#9400=AXIS2_PLACEMENT_3D('',#13290,#10746,#10747);
#9401=AXIS2_PLACEMENT_3D('',#13292,#10749,#10750);
#9402=AXIS2_PLACEMENT_3D('',#13294,#10751,#10752);
#9403=AXIS2_PLACEMENT_3D('',#13296,#10754,#10755);
#9404=AXIS2_PLACEMENT_3D('',#13298,#10756,#10757);
#9405=AXIS2_PLACEMENT_3D('',#13300,#10759,#10760);
#9406=AXIS2_PLACEMENT_3D('',#13302,#10761,#10762);
#9407=AXIS2_PLACEMENT_3D('',#13304,#10764,#10765);
#9408=AXIS2_PLACEMENT_3D('',#13306,#10766,#10767);
#9409=AXIS2_PLACEMENT_3D('',#13308,#10769,#10770);
#9410=AXIS2_PLACEMENT_3D('',#13310,#10771,#10772);
#9411=AXIS2_PLACEMENT_3D('',#13312,#10774,#10775);
#9412=AXIS2_PLACEMENT_3D('',#13314,#10776,#10777);
#9413=AXIS2_PLACEMENT_3D('',#13316,#10779,#10780);
#9414=AXIS2_PLACEMENT_3D('',#13320,#10783,#10784);
#9415=AXIS2_PLACEMENT_3D('',#13322,#10785,#10786);
#9416=AXIS2_PLACEMENT_3D('',#13324,#10788,#10789);
#9417=AXIS2_PLACEMENT_3D('',#13325,#10790,#10791);
#9418=AXIS2_PLACEMENT_3D('',#13326,#10792,#10793);
#9419=AXIS2_PLACEMENT_3D('',#13328,#10794,#10795);
#9420=AXIS2_PLACEMENT_3D('',#13330,#10797,#10798);
#9421=AXIS2_PLACEMENT_3D('',#13332,#10799,#10800);
#9422=AXIS2_PLACEMENT_3D('',#13334,#10802,#10803);
#9423=AXIS2_PLACEMENT_3D('',#13336,#10804,#10805);
#9424=AXIS2_PLACEMENT_3D('',#13338,#10807,#10808);
#9425=AXIS2_PLACEMENT_3D('',#13340,#10809,#10810);
#9426=AXIS2_PLACEMENT_3D('',#13342,#10812,#10813);
#9427=AXIS2_PLACEMENT_3D('',#13344,#10814,#10815);
#9428=AXIS2_PLACEMENT_3D('',#13346,#10817,#10818);
#9429=AXIS2_PLACEMENT_3D('',#13348,#10819,#10820);
#9430=AXIS2_PLACEMENT_3D('',#13350,#10822,#10823);
#9431=AXIS2_PLACEMENT_3D('',#13352,#10824,#10825);
#9432=AXIS2_PLACEMENT_3D('',#13354,#10827,#10828);
#9433=AXIS2_PLACEMENT_3D('',#13356,#10829,#10830);
#9434=AXIS2_PLACEMENT_3D('',#13358,#10832,#10833);
#9435=AXIS2_PLACEMENT_3D('',#13362,#10836,#10837);
#9436=AXIS2_PLACEMENT_3D('',#13364,#10838,#10839);
#9437=AXIS2_PLACEMENT_3D('',#13366,#10841,#10842);
#9438=AXIS2_PLACEMENT_3D('',#13367,#10843,#10844);
#9439=AXIS2_PLACEMENT_3D('',#13368,#10845,#10846);
#9440=AXIS2_PLACEMENT_3D('',#13369,#10847,#10848);
#9441=AXIS2_PLACEMENT_3D('',#13371,#10849,#10850);
#9442=AXIS2_PLACEMENT_3D('',#13372,#10851,#10852);
#9443=AXIS2_PLACEMENT_3D('',#13374,#10853,#10854);
#9444=AXIS2_PLACEMENT_3D('',#13375,#10855,#10856);
#9445=AXIS2_PLACEMENT_3D('',#13376,#10857,#10858);
#9446=AXIS2_PLACEMENT_3D('',#13385,#10863,#10864);
#9447=AXIS2_PLACEMENT_3D('',#13391,#10868,#10869);
#9448=AXIS2_PLACEMENT_3D('',#13395,#10872,#10873);
#9449=AXIS2_PLACEMENT_3D('',#13399,#10876,#10877);
#9450=AXIS2_PLACEMENT_3D('',#13401,#10879,#10880);
#9451=AXIS2_PLACEMENT_3D('',#13402,#10881,#10882);
#9452=AXIS2_PLACEMENT_3D('',#13405,#10883,#10884);
#9453=AXIS2_PLACEMENT_3D('',#13409,#10886,#10887);
#9454=AXIS2_PLACEMENT_3D('',#13411,#10889,#10890);
#9455=AXIS2_PLACEMENT_3D('',#13413,#10891,#10892);
#9456=AXIS2_PLACEMENT_3D('',#13415,#10893,#10894);
#9457=AXIS2_PLACEMENT_3D('',#13417,#10895,#10896);
#9458=AXIS2_PLACEMENT_3D('',#13419,#10897,#10898);
#9459=AXIS2_PLACEMENT_3D('',#13421,#10899,#10900);
#9460=AXIS2_PLACEMENT_3D('',#13423,#10901,#10902);
#9461=AXIS2_PLACEMENT_3D('',#13425,#10903,#10904);
#9462=AXIS2_PLACEMENT_3D('',#13427,#10905,#10906);
#9463=AXIS2_PLACEMENT_3D('',#13433,#10909,#10910);
#9464=AXIS2_PLACEMENT_3D('',#13435,#10911,#10912);
#9465=AXIS2_PLACEMENT_3D('',#13437,#10913,#10914);
#9466=AXIS2_PLACEMENT_3D('',#13441,#10916,#10917);
#9467=AXIS2_PLACEMENT_3D('',#13443,#10918,#10919);
#9468=AXIS2_PLACEMENT_3D('',#13445,#10920,#10921);
#9469=AXIS2_PLACEMENT_3D('',#13447,#10922,#10923);
#9470=AXIS2_PLACEMENT_3D('',#13449,#10924,#10925);
#9471=AXIS2_PLACEMENT_3D('',#13451,#10926,#10927);
#9472=AXIS2_PLACEMENT_3D('',#13453,#10928,#10929);
#9473=AXIS2_PLACEMENT_3D('',#13455,#10930,#10931);
#9474=AXIS2_PLACEMENT_3D('',#13457,#10932,#10933);
#9475=AXIS2_PLACEMENT_3D('',#13458,#10934,#10935);
#9476=AXIS2_PLACEMENT_3D('',#13459,#10936,#10937);
#9477=AXIS2_PLACEMENT_3D('',#13461,#10938,#10939);
#9478=AXIS2_PLACEMENT_3D('',#13463,#10941,#10942);
#9479=AXIS2_PLACEMENT_3D('',#13465,#10943,#10944);
#9480=AXIS2_PLACEMENT_3D('',#13467,#10946,#10947);
#9481=AXIS2_PLACEMENT_3D('',#13469,#10948,#10949);
#9482=AXIS2_PLACEMENT_3D('',#13471,#10951,#10952);
#9483=AXIS2_PLACEMENT_3D('',#13473,#10953,#10954);
#9484=AXIS2_PLACEMENT_3D('',#13475,#10956,#10957);
#9485=AXIS2_PLACEMENT_3D('',#13477,#10958,#10959);
#9486=AXIS2_PLACEMENT_3D('',#13479,#10961,#10962);
#9487=AXIS2_PLACEMENT_3D('',#13481,#10963,#10964);
#9488=AXIS2_PLACEMENT_3D('',#13483,#10966,#10967);
#9489=AXIS2_PLACEMENT_3D('',#13485,#10968,#10969);
#9490=AXIS2_PLACEMENT_3D('',#13487,#10971,#10972);
#9491=AXIS2_PLACEMENT_3D('',#13489,#10973,#10974);
#9492=AXIS2_PLACEMENT_3D('',#13491,#10976,#10977);
#9493=AXIS2_PLACEMENT_3D('',#13493,#10978,#10979);
#9494=AXIS2_PLACEMENT_3D('',#13495,#10981,#10982);
#9495=AXIS2_PLACEMENT_3D('',#13497,#10983,#10984);
#9496=AXIS2_PLACEMENT_3D('',#13499,#10986,#10987);
#9497=AXIS2_PLACEMENT_3D('',#13503,#10990,#10991);
#9498=AXIS2_PLACEMENT_3D('',#13505,#10992,#10993);
#9499=AXIS2_PLACEMENT_3D('',#13507,#10995,#10996);
#9500=AXIS2_PLACEMENT_3D('',#13509,#10997,#10998);
#9501=AXIS2_PLACEMENT_3D('',#13511,#11000,#11001);
#9502=AXIS2_PLACEMENT_3D('',#13513,#11002,#11003);
#9503=AXIS2_PLACEMENT_3D('',#13515,#11005,#11006);
#9504=AXIS2_PLACEMENT_3D('',#13519,#11009,#11010);
#9505=AXIS2_PLACEMENT_3D('',#13523,#11013,#11014);
#9506=AXIS2_PLACEMENT_3D('',#13525,#11015,#11016);
#9507=AXIS2_PLACEMENT_3D('',#13527,#11018,#11019);
#9508=AXIS2_PLACEMENT_3D('',#13529,#11020,#11021);
#9509=AXIS2_PLACEMENT_3D('',#13531,#11023,#11024);
#9510=AXIS2_PLACEMENT_3D('',#13533,#11025,#11026);
#9511=AXIS2_PLACEMENT_3D('',#13535,#11028,#11029);
#9512=AXIS2_PLACEMENT_3D('',#13537,#11030,#11031);
#9513=AXIS2_PLACEMENT_3D('',#13539,#11033,#11034);
#9514=AXIS2_PLACEMENT_3D('',#13541,#11035,#11036);
#9515=AXIS2_PLACEMENT_3D('',#13543,#11038,#11039);
#9516=AXIS2_PLACEMENT_3D('',#13545,#11040,#11041);
#9517=AXIS2_PLACEMENT_3D('',#13547,#11043,#11044);
#9518=AXIS2_PLACEMENT_3D('',#13549,#11045,#11046);
#9519=AXIS2_PLACEMENT_3D('',#13551,#11048,#11049);
#9520=AXIS2_PLACEMENT_3D('',#13552,#11050,#11051);
#9521=AXIS2_PLACEMENT_3D('',#13553,#11052,#11053);
#9522=AXIS2_PLACEMENT_3D('',#13554,#11054,#11055);
#9523=AXIS2_PLACEMENT_3D('',#13563,#11060,#11061);
#9524=AXIS2_PLACEMENT_3D('',#13573,#11067,#11068);
#9525=AXIS2_PLACEMENT_3D('',#13583,#11074,#11075);
#9526=AXIS2_PLACEMENT_3D('',#13585,#11077,#11078);
#9527=AXIS2_PLACEMENT_3D('',#13588,#11081,#11082);
#9528=AXIS2_PLACEMENT_3D('',#13589,#11083,#11084);
#9529=AXIS2_PLACEMENT_3D('',#13598,#11089,#11090);
#9530=AXIS2_PLACEMENT_3D('',#13608,#11096,#11097);
#9531=AXIS2_PLACEMENT_3D('',#13618,#11103,#11104);
#9532=AXIS2_PLACEMENT_3D('',#13620,#11106,#11107);
#9533=AXIS2_PLACEMENT_3D('',#13623,#11110,#11111);
#9534=AXIS2_PLACEMENT_3D('',#13624,#11112,#11113);
#9535=AXIS2_PLACEMENT_3D('',#13633,#11118,#11119);
#9536=AXIS2_PLACEMENT_3D('',#13639,#11123,#11124);
#9537=AXIS2_PLACEMENT_3D('',#13648,#11129,#11130);
#9538=AXIS2_PLACEMENT_3D('',#13654,#11134,#11135);
#9539=AXIS2_PLACEMENT_3D('',#13660,#11139,#11140);
#9540=AXIS2_PLACEMENT_3D('',#13669,#11145,#11146);
#9541=AXIS2_PLACEMENT_3D('',#13675,#11150,#11151);
#9542=AXIS2_PLACEMENT_3D('',#13681,#11155,#11156);
#9543=AXIS2_PLACEMENT_3D('',#13690,#11161,#11162);
#9544=AXIS2_PLACEMENT_3D('',#13696,#11166,#11167);
#9545=AXIS2_PLACEMENT_3D('',#13702,#11171,#11172);
#9546=AXIS2_PLACEMENT_3D('',#13715,#11179,#11180);
#9547=AXIS2_PLACEMENT_3D('',#13724,#11185,#11186);
#9548=AXIS2_PLACEMENT_3D('',#13733,#11191,#11192);
#9549=AXIS2_PLACEMENT_3D('',#13742,#11197,#11198);
#9550=AXIS2_PLACEMENT_3D('',#13748,#11202,#11203);
#9551=AXIS2_PLACEMENT_3D('',#13757,#11208,#11209);
#9552=AXIS2_PLACEMENT_3D('',#13763,#11213,#11214);
#9553=AXIS2_PLACEMENT_3D('',#13782,#11225,#11226);
#9554=AXIS2_PLACEMENT_3D('',#13790,#11230,#11231);
#9555=AXIS2_PLACEMENT_3D('',#13807,#11243,#11244);
#9556=AXIS2_PLACEMENT_3D('',#13813,#11248,#11249);
#9557=AXIS2_PLACEMENT_3D('',#13817,#11252,#11253);
#9558=AXIS2_PLACEMENT_3D('',#13819,#11255,#11256);
#9559=AXIS2_PLACEMENT_3D('',#13823,#11259,#11260);
#9560=AXIS2_PLACEMENT_3D('',#13829,#11264,#11265);
#9561=AXIS2_PLACEMENT_3D('',#13833,#11268,#11269);
#9562=AXIS2_PLACEMENT_3D('',#13837,#11272,#11273);
#9563=AXIS2_PLACEMENT_3D('',#13843,#11277,#11278);
#9564=AXIS2_PLACEMENT_3D('',#13849,#11282,#11283);
#9565=AXIS2_PLACEMENT_3D('',#13856,#11288,#11289);
#9566=AXIS2_PLACEMENT_3D('',#13862,#11293,#11294);
#9567=AXIS2_PLACEMENT_3D('',#13867,#11298,#11299);
#9568=AXIS2_PLACEMENT_3D('',#13873,#11303,#11304);
#9569=AXIS2_PLACEMENT_3D('',#13875,#11306,#11307);
#9570=AXIS2_PLACEMENT_3D('',#13881,#11311,#11312);
#9571=AXIS2_PLACEMENT_3D('',#13887,#11316,#11317);
#9572=AXIS2_PLACEMENT_3D('',#13893,#11321,#11322);
#9573=AXIS2_PLACEMENT_3D('',#13899,#11326,#11327);
#9574=AXIS2_PLACEMENT_3D('',#13905,#11331,#11332);
#9575=AXIS2_PLACEMENT_3D('',#13911,#11336,#11337);
#9576=AXIS2_PLACEMENT_3D('',#13917,#11341,#11342);
#9577=AXIS2_PLACEMENT_3D('',#13923,#11346,#11347);
#9578=AXIS2_PLACEMENT_3D('',#13929,#11351,#11352);
#9579=AXIS2_PLACEMENT_3D('',#13935,#11356,#11357);
#9580=AXIS2_PLACEMENT_3D('',#13938,#11360,#11361);
#9581=AXIS2_PLACEMENT_3D('',#13945,#11366,#11367);
#9582=AXIS2_PLACEMENT_3D('',#13947,#11369,#11370);
#9583=AXIS2_PLACEMENT_3D('',#13949,#11372,#11373);
#9584=AXIS2_PLACEMENT_3D('',#13950,#11374,#11375);
#9585=AXIS2_PLACEMENT_3D('',#13951,#11376,#11377);
#9586=AXIS2_PLACEMENT_3D('',#13964,#11384,#11385);
#9587=AXIS2_PLACEMENT_3D('',#13970,#11389,#11390);
#9588=AXIS2_PLACEMENT_3D('',#13974,#11393,#11394);
#9589=AXIS2_PLACEMENT_3D('',#13980,#11398,#11399);
#9590=AXIS2_PLACEMENT_3D('',#13982,#11401,#11402);
#9591=AXIS2_PLACEMENT_3D('',#13986,#11405,#11406);
#9592=AXIS2_PLACEMENT_3D('',#13989,#11409,#11410);
#9593=AXIS2_PLACEMENT_3D('',#13992,#11413,#11414);
#9594=AXIS2_PLACEMENT_3D('',#13998,#11418,#11419);
#9595=AXIS2_PLACEMENT_3D('',#14001,#11422,#11423);
#9596=AXIS2_PLACEMENT_3D('',#14004,#11426,#11427);
#9597=AXIS2_PLACEMENT_3D('',#14007,#11430,#11431);
#9598=AXIS2_PLACEMENT_3D('',#14013,#11435,#11436);
#9599=AXIS2_PLACEMENT_3D('',#14016,#11439,#11440);
#9600=AXIS2_PLACEMENT_3D('',#14019,#11443,#11444);
#9601=AXIS2_PLACEMENT_3D('',#14020,#11445,#11446);
#9602=AXIS2_PLACEMENT_3D('',#14021,#11447,#11448);
#9603=AXIS2_PLACEMENT_3D('',#14022,#11449,#11450);
#9604=AXIS2_PLACEMENT_3D('',#14023,#11451,#11452);
#9605=AXIS2_PLACEMENT_3D('',#14024,#11453,#11454);
#9606=AXIS2_PLACEMENT_3D('',#14030,#11458,#11459);
#9607=AXIS2_PLACEMENT_3D('',#14036,#11463,#11464);
#9608=AXIS2_PLACEMENT_3D('',#14038,#11465,#11466);
#9609=AXIS2_PLACEMENT_3D('',#14040,#11467,#11468);
#9610=AXIS2_PLACEMENT_3D('',#14041,#11469,#11470);
#9611=AXIS2_PLACEMENT_3D('',#14043,#11471,#11472);
#9612=AXIS2_PLACEMENT_3D('',#14044,#11473,#11474);
#9613=AXIS2_PLACEMENT_3D('',#14045,#11475,#11476);
#9614=AXIS2_PLACEMENT_3D('',#14047,#11477,#11478);
#9615=AXIS2_PLACEMENT_3D('',#14051,#11480,#11481);
#9616=AXIS2_PLACEMENT_3D('',#14055,#11483,#11484);
#9617=AXIS2_PLACEMENT_3D('',#14059,#11486,#11487);
#9618=AXIS2_PLACEMENT_3D('',#14061,#11489,#11490);
#9619=AXIS2_PLACEMENT_3D('',#14065,#11492,#11493);
#9620=AXIS2_PLACEMENT_3D('',#14067,#11495,#11496);
#9621=AXIS2_PLACEMENT_3D('',#14069,#11497,#11498);
#9622=AXIS2_PLACEMENT_3D('',#14073,#11501,#11502);
#9623=AXIS2_PLACEMENT_3D('',#14075,#11503,#11504);
#9624=AXIS2_PLACEMENT_3D('',#14076,#11505,#11506);
#9625=AXIS2_PLACEMENT_3D('',#14077,#11507,#11508);
#9626=AXIS2_PLACEMENT_3D('',#14087,#11514,#11515);
#9627=AXIS2_PLACEMENT_3D('',#14089,#11516,#11517);
#9628=AXIS2_PLACEMENT_3D('',#14092,#11519,#11520);
#9629=AXIS2_PLACEMENT_3D('',#14093,#11521,#11522);
#9630=AXIS2_PLACEMENT_3D('',#14094,#11523,#11524);
#9631=AXIS2_PLACEMENT_3D('',#14095,#11525,#11526);
#9632=AXIS2_PLACEMENT_3D('',#14097,#11527,#11528);
#9633=AXIS2_PLACEMENT_3D('',#14101,#11530,#11531);
#9634=AXIS2_PLACEMENT_3D('',#14103,#11533,#11534);
#9635=AXIS2_PLACEMENT_3D('',#14107,#11536,#11537);
#9636=AXIS2_PLACEMENT_3D('',#14111,#11540,#11541);
#9637=AXIS2_PLACEMENT_3D('',#14113,#11542,#11543);
#9638=AXIS2_PLACEMENT_3D('',#14115,#11544,#11545);
#9639=AXIS2_PLACEMENT_3D('',#14116,#11546,#11547);
#9640=AXIS2_PLACEMENT_3D('',#14117,#11548,#11549);
#9641=AXIS2_PLACEMENT_3D('',#14122,#11551,#11552);
#9642=AXIS2_PLACEMENT_3D('',#14126,#11554,#11555);
#9643=AXIS2_PLACEMENT_3D('',#14127,#11556,#11557);
#9644=AXIS2_PLACEMENT_3D('',#14128,#11558,#11559);
#9645=AXIS2_PLACEMENT_3D('',#14132,#11561,#11562);
#9646=AXIS2_PLACEMENT_3D('',#14135,#11565,#11566);
#9647=AXIS2_PLACEMENT_3D('',#14137,#11567,#11568);
#9648=AXIS2_PLACEMENT_3D('',#14141,#11570,#11571);
#9649=AXIS2_PLACEMENT_3D('',#14142,#11572,#11573);
#9650=AXIS2_PLACEMENT_3D('',#14143,#11574,#11575);
#9651=AXIS2_PLACEMENT_3D('',#14150,#11579,#11580);
#9652=AXIS2_PLACEMENT_3D('',#14151,#11581,#11582);
#9653=AXIS2_PLACEMENT_3D('',#14154,#11584,#11585);
#9654=AXIS2_PLACEMENT_3D('',#14155,#11586,#11587);
#9655=AXIS2_PLACEMENT_3D('',#14157,#11588,#11589);
#9656=AXIS2_PLACEMENT_3D('',#14158,#11590,#11591);
#9657=AXIS2_PLACEMENT_3D('',#14159,#11592,#11593);
#9658=AXIS2_PLACEMENT_3D('',#14161,#11594,#11595);
#9659=AXIS2_PLACEMENT_3D('',#14163,#11597,#11598);
#9660=AXIS2_PLACEMENT_3D('',#14165,#11599,#11600);
#9661=AXIS2_PLACEMENT_3D('',#14167,#11601,#11602);
#9662=AXIS2_PLACEMENT_3D('',#14168,#11603,#11604);
#9663=AXIS2_PLACEMENT_3D('',#14169,#11605,#11606);
#9664=AXIS2_PLACEMENT_3D('',#14176,#11610,#11611);
#9665=AXIS2_PLACEMENT_3D('',#14177,#11612,#11613);
#9666=AXIS2_PLACEMENT_3D('',#14180,#11615,#11616);
#9667=AXIS2_PLACEMENT_3D('',#14181,#11617,#11618);
#9668=AXIS2_PLACEMENT_3D('',#14182,#11619,#11620);
#9669=AXIS2_PLACEMENT_3D('',#14184,#11622,#11623);
#9670=AXIS2_PLACEMENT_3D('',#14185,#11624,#11625);
#9671=AXIS2_PLACEMENT_3D('',#14186,#11626,#11627);
#9672=AXIS2_PLACEMENT_3D('',#14187,#11628,#11629);
#9673=AXIS2_PLACEMENT_3D('',#14188,#11630,#11631);
#9674=AXIS2_PLACEMENT_3D('',#14190,#11632,#11633);
#9675=AXIS2_PLACEMENT_3D('',#14191,#11634,#11635);
#9676=AXIS2_PLACEMENT_3D('',#14192,#11636,#11637);
#9677=AXIS2_PLACEMENT_3D('',#14194,#11639,#11640);
#9678=AXIS2_PLACEMENT_3D('',#14196,#11641,#11642);
#9679=AXIS2_PLACEMENT_3D('',#14197,#11643,#11644);
#9680=AXIS2_PLACEMENT_3D('',#14198,#11645,#11646);
#9681=AXIS2_PLACEMENT_3D('',#14200,#11647,#11648);
#9682=AXIS2_PLACEMENT_3D('',#14201,#11649,#11650);
#9683=AXIS2_PLACEMENT_3D('',#14202,#11651,#11652);
#9684=AXIS2_PLACEMENT_3D('',#14204,#11654,#11655);
#9685=AXIS2_PLACEMENT_3D('',#14208,#11658,#11659);
#9686=AXIS2_PLACEMENT_3D('',#14215,#11663,#11664);
#9687=AXIS2_PLACEMENT_3D('',#14216,#11665,#11666);
#9688=AXIS2_PLACEMENT_3D('',#14217,#11667,#11668);
#9689=AXIS2_PLACEMENT_3D('',#14218,#11669,#11670);
#9690=AXIS2_PLACEMENT_3D('',#14222,#11673,#11674);
#9691=AXIS2_PLACEMENT_3D('',#14224,#11675,#11676);
#9692=AXIS2_PLACEMENT_3D('',#14226,#11677,#11678);
#9693=AXIS2_PLACEMENT_3D('',#14229,#11680,#11681);
#9694=AXIS2_PLACEMENT_3D('',#14230,#11682,#11683);
#9695=AXIS2_PLACEMENT_3D('',#14231,#11684,#11685);
#9696=AXIS2_PLACEMENT_3D('',#14232,#11686,#11687);
#9697=AXIS2_PLACEMENT_3D('',#14234,#11688,#11689);
#9698=AXIS2_PLACEMENT_3D('',#14235,#11690,#11691);
#9699=AXIS2_PLACEMENT_3D('',#14236,#11692,#11693);
#9700=AXIS2_PLACEMENT_3D('',#14239,#11695,#11696);
#9701=AXIS2_PLACEMENT_3D('',#14240,#11697,#11698);
#9702=AXIS2_PLACEMENT_3D('',#14243,#11700,#11701);
#9703=AXIS2_PLACEMENT_3D('',#14244,#11702,#11703);
#9704=AXIS2_PLACEMENT_3D('',#14246,#11704,#11705);
#9705=AXIS2_PLACEMENT_3D('',#14249,#11707,#11708);
#9706=AXIS2_PLACEMENT_3D('',#14276,#11709,#11710);
#9707=AXIS2_PLACEMENT_3D('',#14277,#11711,#11712);
#9708=AXIS2_PLACEMENT_3D('',#14304,#11713,#11714);
#9709=AXIS2_PLACEMENT_3D('',#14305,#11715,#11716);
#9710=AXIS2_PLACEMENT_3D('',#14306,#11717,#11718);
#9711=AXIS2_PLACEMENT_3D('',#14308,#11720,#11721);
#9712=AXIS2_PLACEMENT_3D('',#14310,#11723,#11724);
#9713=AXIS2_PLACEMENT_3D('',#14312,#11726,#11727);
#9714=AXIS2_PLACEMENT_3D('',#14316,#11729,#11730);
#9715=AXIS2_PLACEMENT_3D('',#14318,#11731,#11732);
#9716=AXIS2_PLACEMENT_3D('',#14320,#11734,#11735);
#9717=AXIS2_PLACEMENT_3D('',#14324,#11737,#11738);
#9718=AXIS2_PLACEMENT_3D('',#14326,#11740,#11741);
#9719=AXIS2_PLACEMENT_3D('',#14330,#11743,#11744);
#9720=AXIS2_PLACEMENT_3D('',#14334,#11746,#11747);
#9721=AXIS2_PLACEMENT_3D('',#14336,#11749,#11750);
#9722=AXIS2_PLACEMENT_3D('',#14337,#11751,#11752);
#9723=AXIS2_PLACEMENT_3D('',#14338,#11753,#11754);
#9724=AXIS2_PLACEMENT_3D('',#14364,#11755,#11756);
#9725=AXIS2_PLACEMENT_3D('',#14365,#11757,#11758);
#9726=AXIS2_PLACEMENT_3D('',#14367,#11759,#11760);
#9727=AXIS2_PLACEMENT_3D('',#14395,#11762,#11763);
#9728=AXIS2_PLACEMENT_3D('',#14396,#11764,#11765);
#9729=AXIS2_PLACEMENT_3D('',#14397,#11766,#11767);
#9730=AXIS2_PLACEMENT_3D('',#14399,#11768,#11769);
#9731=AXIS2_PLACEMENT_3D('',#14401,#11771,#11772);
#9732=AXIS2_PLACEMENT_3D('',#14402,#11773,#11774);
#9733=AXIS2_PLACEMENT_3D('',#14406,#11777,#11778);
#9734=AXIS2_PLACEMENT_3D('',#14408,#11779,#11780);
#9735=AXIS2_PLACEMENT_3D('',#14410,#11782,#11783);
#9736=AXIS2_PLACEMENT_3D('',#14415,#11786,#11787);
#9737=AXIS2_PLACEMENT_3D('',#14416,#11788,#11789);
#9738=AXIS2_PLACEMENT_3D('',#14417,#11790,#11791);
#9739=AXIS2_PLACEMENT_3D('',#14418,#11792,#11793);
#9740=AXIS2_PLACEMENT_3D('',#14419,#11794,#11795);
#9741=AXIS2_PLACEMENT_3D('',#14420,#11796,#11797);
#9742=AXIS2_PLACEMENT_3D('',#14422,#11799,#11800);
#9743=AXIS2_PLACEMENT_3D('',#14423,#11801,#11802);
#9744=AXIS2_PLACEMENT_3D('',#14432,#11807,#11808);
#9745=AXIS2_PLACEMENT_3D('',#14438,#11812,#11813);
#9746=AXIS2_PLACEMENT_3D('',#14442,#11816,#11817);
#9747=AXIS2_PLACEMENT_3D('',#14446,#11820,#11821);
#9748=AXIS2_PLACEMENT_3D('',#14455,#11826,#11827);
#9749=AXIS2_PLACEMENT_3D('',#14461,#11831,#11832);
#9750=AXIS2_PLACEMENT_3D('',#14465,#11835,#11836);
#9751=AXIS2_PLACEMENT_3D('',#14469,#11839,#11840);
#9752=AXIS2_PLACEMENT_3D('',#14478,#11845,#11846);
#9753=AXIS2_PLACEMENT_3D('',#14484,#11850,#11851);
#9754=AXIS2_PLACEMENT_3D('',#14488,#11854,#11855);
#9755=AXIS2_PLACEMENT_3D('',#14492,#11858,#11859);
#9756=AXIS2_PLACEMENT_3D('',#14501,#11864,#11865);
#9757=AXIS2_PLACEMENT_3D('',#14507,#11869,#11870);
#9758=AXIS2_PLACEMENT_3D('',#14511,#11873,#11874);
#9759=AXIS2_PLACEMENT_3D('',#14515,#11877,#11878);
#9760=AXIS2_PLACEMENT_3D('',#14524,#11883,#11884);
#9761=AXIS2_PLACEMENT_3D('',#14530,#11888,#11889);
#9762=AXIS2_PLACEMENT_3D('',#14534,#11892,#11893);
#9763=AXIS2_PLACEMENT_3D('',#14538,#11896,#11897);
#9764=AXIS2_PLACEMENT_3D('',#14547,#11902,#11903);
#9765=AXIS2_PLACEMENT_3D('',#14553,#11907,#11908);
#9766=AXIS2_PLACEMENT_3D('',#14557,#11911,#11912);
#9767=AXIS2_PLACEMENT_3D('',#14561,#11915,#11916);
#9768=AXIS2_PLACEMENT_3D('',#14640,#11959,#11960);
#9769=AXIS2_PLACEMENT_3D('',#14646,#11964,#11965);
#9770=AXIS2_PLACEMENT_3D('',#14652,#11969,#11970);
#9771=AXIS2_PLACEMENT_3D('',#14658,#11974,#11975);
#9772=AXIS2_PLACEMENT_3D('',#14664,#11979,#11980);
#9773=AXIS2_PLACEMENT_3D('',#14670,#11984,#11985);
#9774=AXIS2_PLACEMENT_3D('',#14676,#11989,#11990);
#9775=AXIS2_PLACEMENT_3D('',#14682,#11994,#11995);
#9776=AXIS2_PLACEMENT_3D('',#14688,#11999,#12000);
#9777=AXIS2_PLACEMENT_3D('',#14694,#12004,#12005);
#9778=AXIS2_PLACEMENT_3D('',#14700,#12009,#12010);
#9779=AXIS2_PLACEMENT_3D('',#14710,#12016,#12017);
#9780=AXIS2_PLACEMENT_3D('',#14719,#12022,#12023);
#9781=AXIS2_PLACEMENT_3D('',#14725,#12027,#12028);
#9782=AXIS2_PLACEMENT_3D('',#14772,#12058,#12059);
#9783=AXIS2_PLACEMENT_3D('',#14778,#12063,#12064);
#9784=AXIS2_PLACEMENT_3D('',#14782,#12067,#12068);
#9785=AXIS2_PLACEMENT_3D('',#14784,#12070,#12071);
#9786=AXIS2_PLACEMENT_3D('',#14785,#12072,#12073);
#9787=AXIS2_PLACEMENT_3D('',#14786,#12074,#12075);
#9788=AXIS2_PLACEMENT_3D('',#14787,#12076,#12077);
#9789=AXIS2_PLACEMENT_3D('',#14788,#12078,#12079);
#9790=AXIS2_PLACEMENT_3D('',#14790,#12081,#12082);
#9791=AXIS2_PLACEMENT_3D('',#14794,#12085,#12086);
#9792=AXIS2_PLACEMENT_3D('',#14798,#12089,#12090);
#9793=AXIS2_PLACEMENT_3D('',#14802,#12093,#12094);
#9794=AXIS2_PLACEMENT_3D('',#14806,#12097,#12098);
#9795=AXIS2_PLACEMENT_3D('',#14810,#12101,#12102);
#9796=AXIS2_PLACEMENT_3D('',#14814,#12105,#12106);
#9797=AXIS2_PLACEMENT_3D('',#14818,#12109,#12110);
#9798=AXIS2_PLACEMENT_3D('',#14822,#12113,#12114);
#9799=AXIS2_PLACEMENT_3D('',#14828,#12118,#12119);
#9800=AXIS2_PLACEMENT_3D('',#14830,#12121,#12122);
#9801=AXIS2_PLACEMENT_3D('',#14831,#12123,#12124);
#9802=AXIS2_PLACEMENT_3D('',#14832,#12125,#12126);
#9803=AXIS2_PLACEMENT_3D('',#14833,#12127,#12128);
#9804=AXIS2_PLACEMENT_3D('',#14834,#12129,#12130);
#9805=AXIS2_PLACEMENT_3D('',#14835,#12131,#12132);
#9806=AXIS2_PLACEMENT_3D('',#14837,#12134,#12135);
#9807=AXIS2_PLACEMENT_3D('',#14838,#12136,#12137);
#9808=AXIS2_PLACEMENT_3D('',#14842,#12140,#12141);
#9809=AXIS2_PLACEMENT_3D('',#14846,#12144,#12145);
#9810=AXIS2_PLACEMENT_3D('',#14850,#12148,#12149);
#9811=AXIS2_PLACEMENT_3D('',#14854,#12152,#12153);
#9812=AXIS2_PLACEMENT_3D('',#14858,#12156,#12157);
#9813=AXIS2_PLACEMENT_3D('',#14862,#12160,#12161);
#9814=AXIS2_PLACEMENT_3D('',#14866,#12164,#12165);
#9815=AXIS2_PLACEMENT_3D('',#14870,#12168,#12169);
#9816=AXIS2_PLACEMENT_3D('',#14874,#12172,#12173);
#9817=AXIS2_PLACEMENT_3D('',#14878,#12176,#12177);
#9818=AXIS2_PLACEMENT_3D('',#14880,#12179,#12180);
#9819=AXIS2_PLACEMENT_3D('',#14887,#12185,#12186);
#9820=AXIS2_PLACEMENT_3D('',#14889,#12188,#12189);
#9821=AXIS2_PLACEMENT_3D('',#14891,#12191,#12192);
#9822=AXIS2_PLACEMENT_3D('',#14892,#12193,#12194);
#9823=AXIS2_PLACEMENT_3D('',#14893,#12195,#12196);
#9824=AXIS2_PLACEMENT_3D('',#14902,#12201,#12202);
#9825=AXIS2_PLACEMENT_3D('',#14908,#12206,#12207);
#9826=AXIS2_PLACEMENT_3D('',#14912,#12210,#12211);
#9827=AXIS2_PLACEMENT_3D('',#14916,#12214,#12215);
#9828=AXIS2_PLACEMENT_3D('',#14926,#12221,#12222);
#9829=AXIS2_PLACEMENT_3D('',#14936,#12228,#12229);
#9830=AXIS2_PLACEMENT_3D('',#14940,#12232,#12233);
#9831=AXIS2_PLACEMENT_3D('',#14948,#12238,#12239);
#9832=AXIS2_PLACEMENT_3D('',#14950,#12241,#12242);
#9833=AXIS2_PLACEMENT_3D('',#14952,#12244,#12245);
#9834=AXIS2_PLACEMENT_3D('',#14954,#12247,#12248);
#9835=AXIS2_PLACEMENT_3D('',#14955,#12249,#12250);
#9836=AXIS2_PLACEMENT_3D('',#14964,#12255,#12256);
#9837=AXIS2_PLACEMENT_3D('',#14970,#12260,#12261);
#9838=AXIS2_PLACEMENT_3D('',#14974,#12264,#12265);
#9839=AXIS2_PLACEMENT_3D('',#14978,#12268,#12269);
#9840=AXIS2_PLACEMENT_3D('',#14988,#12275,#12276);
#9841=AXIS2_PLACEMENT_3D('',#14998,#12282,#12283);
#9842=AXIS2_PLACEMENT_3D('',#15008,#12289,#12290);
#9843=AXIS2_PLACEMENT_3D('',#15011,#12293,#12294);
#9844=AXIS2_PLACEMENT_3D('',#15013,#12296,#12297);
#9845=AXIS2_PLACEMENT_3D('',#15015,#12299,#12300);
#9846=AXIS2_PLACEMENT_3D('',#15016,#12301,#12302);
#9847=AXIS2_PLACEMENT_3D('',#15017,#12303,#12304);
#9848=AXIS2_PLACEMENT_3D('',#15026,#12309,#12310);
#9849=AXIS2_PLACEMENT_3D('',#15032,#12314,#12315);
#9850=AXIS2_PLACEMENT_3D('',#15036,#12318,#12319);
#9851=AXIS2_PLACEMENT_3D('',#15040,#12322,#12323);
#9852=AXIS2_PLACEMENT_3D('',#15049,#12328,#12329);
#9853=AXIS2_PLACEMENT_3D('',#15055,#12333,#12334);
#9854=AXIS2_PLACEMENT_3D('',#15059,#12337,#12338);
#9855=AXIS2_PLACEMENT_3D('',#15063,#12341,#12342);
#9856=AXIS2_PLACEMENT_3D('',#15072,#12347,#12348);
#9857=AXIS2_PLACEMENT_3D('',#15078,#12352,#12353);
#9858=AXIS2_PLACEMENT_3D('',#15082,#12356,#12357);
#9859=AXIS2_PLACEMENT_3D('',#15086,#12360,#12361);
#9860=AXIS2_PLACEMENT_3D('',#15122,#12381,#12382);
#9861=AXIS2_PLACEMENT_3D('',#15128,#12386,#12387);
#9862=AXIS2_PLACEMENT_3D('',#15132,#12390,#12391);
#9863=AXIS2_PLACEMENT_3D('',#15138,#12395,#12396);
#9864=AXIS2_PLACEMENT_3D('',#15142,#12399,#12400);
#9865=AXIS2_PLACEMENT_3D('',#15148,#12404,#12405);
#9866=AXIS2_PLACEMENT_3D('',#15152,#12408,#12409);
#9867=AXIS2_PLACEMENT_3D('',#15156,#12412,#12413);
#9868=AXIS2_PLACEMENT_3D('',#15160,#12416,#12417);
#9869=AXIS2_PLACEMENT_3D('',#15166,#12421,#12422);
#9870=AXIS2_PLACEMENT_3D('',#15172,#12426,#12427);
#9871=AXIS2_PLACEMENT_3D('',#15174,#12429,#12430);
#9872=AXIS2_PLACEMENT_3D('',#15187,#12438,#12439);
#9873=AXIS2_PLACEMENT_3D('',#15188,#12440,#12441);
#9874=AXIS2_PLACEMENT_3D('',#15191,#12444,#12445);
#9875=AXIS2_PLACEMENT_3D('',#15193,#12447,#12448);
#9876=AXIS2_PLACEMENT_3D('',#15194,#12449,#12450);
#9877=AXIS2_PLACEMENT_3D('',#15196,#12452,#12453);
#9878=AXIS2_PLACEMENT_3D('',#15198,#12455,#12456);
#9879=DIRECTION('axis',(0.,0.,1.));
#9880=DIRECTION('refdir',(1.,0.,0.));
#9881=DIRECTION('center_axis',(2.20273657295567E-30,1.13610222371239E-32,
1.));
#9882=DIRECTION('ref_axis',(1.,-1.22462253195237E-15,-2.20273657295567E-30));
#9883=DIRECTION('center_axis',(-2.20273657295567E-30,-1.13610222371239E-32,
-1.));
#9884=DIRECTION('ref_axis',(0.843661487721128,0.536875492210412,0.));
#9885=DIRECTION('',(-1.,2.30389158455306E-15,2.20273657295567E-30));
#9886=DIRECTION('',(-2.30389158455306E-15,-1.,1.1361022237129E-32));
#9887=DIRECTION('',(1.,-2.30389158455306E-15,-2.20273657295567E-30));
#9888=DIRECTION('',(2.30389158455306E-15,1.,-1.1361022237129E-32));
#9889=DIRECTION('',(-1.,2.30389158455306E-15,2.20273657295567E-30));
#9890=DIRECTION('center_axis',(2.20273657295567E-30,1.13610222371239E-32,
1.));
#9891=DIRECTION('ref_axis',(0.515110309840078,0.857123893434583,0.));
#9892=DIRECTION('center_axis',(2.20273657295567E-30,1.13610222371239E-32,
1.));
#9893=DIRECTION('ref_axis',(0.98672505326738,-0.162399720610863,0.));
#9894=DIRECTION('center_axis',(2.20273657295567E-30,1.13610222371239E-32,
1.));
#9895=DIRECTION('ref_axis',(0.231620527438525,-0.972806214653823,0.));
#9896=DIRECTION('',(1.,-2.30389158455306E-15,-2.20273657295567E-30));
#9897=DIRECTION('',(2.30389158455306E-15,1.,-1.1361022237129E-32));
#9898=DIRECTION('',(-1.,-1.3814844001254E-11,2.20273657295583E-30));
#9899=DIRECTION('center_axis',(-2.20273657295567E-30,-1.13610222371239E-32,
-1.));
#9900=DIRECTION('ref_axis',(0.236812467816128,-0.971555379320621,0.));
#9901=DIRECTION('center_axis',(-2.20273657295567E-30,-1.13610222371239E-32,
-1.));
#9902=DIRECTION('ref_axis',(0.74453191032713,-0.667586874125484,0.));
#9903=DIRECTION('center_axis',(-2.20273657295567E-30,-1.13610222371239E-32,
-1.));
#9904=DIRECTION('ref_axis',(0.99832995840944,-0.0577693183463847,0.));
#9905=DIRECTION('center_axis',(0.,0.,-1.));
#9906=DIRECTION('ref_axis',(0.98672505326738,-0.162399720610863,0.));
#9907=DIRECTION('',(0.,0.,-1.));
#9908=DIRECTION('center_axis',(0.,0.,-1.));
#9909=DIRECTION('ref_axis',(0.98672505326738,-0.162399720610863,0.));
#9910=DIRECTION('',(0.,0.,-1.));
#9911=DIRECTION('center_axis',(0.,0.,-1.));
#9912=DIRECTION('ref_axis',(0.515110309840078,0.857123893434583,0.));
#9913=DIRECTION('',(0.,0.,-1.));
#9914=DIRECTION('center_axis',(0.,0.,-1.));
#9915=DIRECTION('ref_axis',(0.515110309840078,0.857123893434583,0.));
#9916=DIRECTION('center_axis',(-2.30389158455306E-15,-1.,0.));
#9917=DIRECTION('ref_axis',(0.,0.,-1.));
#9918=DIRECTION('',(0.,0.,-1.));
#9919=DIRECTION('',(1.,-2.30389158455306E-15,0.));
#9920=DIRECTION('center_axis',(-1.,2.30389158455306E-15,0.));
#9921=DIRECTION('ref_axis',(0.,0.,-1.));
#9922=DIRECTION('',(0.,0.,-1.));
#9923=DIRECTION('',(-2.30389158455306E-15,-1.,0.));
#9924=DIRECTION('center_axis',(2.30389158455306E-15,1.,0.));
#9925=DIRECTION('ref_axis',(0.,0.,1.));
#9926=DIRECTION('',(0.,0.,-1.));
#9927=DIRECTION('',(-1.,2.30389158455306E-15,0.));
#9928=DIRECTION('center_axis',(1.,-2.30389158455306E-15,0.));
#9929=DIRECTION('ref_axis',(0.,0.,1.));
#9930=DIRECTION('',(0.,0.,-1.));
#9931=DIRECTION('',(2.30389158455306E-15,1.,0.));
#9932=DIRECTION('center_axis',(-2.30389158455306E-15,-1.,0.));
#9933=DIRECTION('ref_axis',(0.,0.,-1.));
#9934=DIRECTION('',(0.,0.,-1.));
#9935=DIRECTION('',(1.,-2.30389158455306E-15,0.));
#9936=DIRECTION('center_axis',(0.,0.,-1.));
#9937=DIRECTION('ref_axis',(0.843661487721128,0.536875492210412,0.));
#9938=DIRECTION('',(0.,0.,-1.));
#9939=DIRECTION('center_axis',(0.,0.,1.));
#9940=DIRECTION('ref_axis',(0.843661487721128,0.536875492210412,0.));
#9941=DIRECTION('center_axis',(0.,0.,-1.));
#9942=DIRECTION('ref_axis',(0.99832995840944,-0.0577693183463847,0.));
#9943=DIRECTION('',(0.,0.,-1.));
#9944=DIRECTION('center_axis',(0.,0.,1.));
#9945=DIRECTION('ref_axis',(0.99832995840944,-0.0577693183463847,0.));
#9946=DIRECTION('center_axis',(0.,0.,-1.));
#9947=DIRECTION('ref_axis',(0.74453191032713,-0.667586874125484,0.));
#9948=DIRECTION('',(0.,0.,-1.));
#9949=DIRECTION('center_axis',(0.,0.,1.));
#9950=DIRECTION('ref_axis',(0.74453191032713,-0.667586874125484,0.));
#9951=DIRECTION('center_axis',(0.,0.,-1.));
#9952=DIRECTION('ref_axis',(0.236812467816128,-0.971555379320621,0.));
#9953=DIRECTION('',(0.,0.,-1.));
#9954=DIRECTION('center_axis',(0.,0.,1.));
#9955=DIRECTION('ref_axis',(0.236812467816128,-0.971555379320621,0.));
#9956=DIRECTION('center_axis',(1.3814844001254E-11,-1.,0.));
#9957=DIRECTION('ref_axis',(0.,0.,-1.));
#9958=DIRECTION('',(0.,0.,-1.));
#9959=DIRECTION('',(1.,1.38148440012539E-11,0.));
#9960=DIRECTION('center_axis',(-1.,2.30389158455306E-15,0.));
#9961=DIRECTION('ref_axis',(0.,0.,-1.));
#9962=DIRECTION('',(0.,0.,-1.));
#9963=DIRECTION('',(-2.30389158455306E-15,-1.,0.));
#9964=DIRECTION('center_axis',(2.30389158455306E-15,1.,0.));
#9965=DIRECTION('ref_axis',(0.,0.,1.));
#9966=DIRECTION('',(0.,0.,-1.));
#9967=DIRECTION('',(-1.,2.30389158455306E-15,0.));
#9968=DIRECTION('center_axis',(0.,0.,1.));
#9969=DIRECTION('ref_axis',(1.,-2.12020063147971E-15,0.));
#9970=DIRECTION('center_axis',(0.,0.,-1.));
#9971=DIRECTION('ref_axis',(0.231620527438525,-0.972806214653823,0.));
#9972=DIRECTION('center_axis',(0.,0.,-1.));
#9973=DIRECTION('ref_axis',(0.231620527438525,-0.972806214653823,0.));
#9974=DIRECTION('center_axis',(2.20273657295567E-30,1.13610222371239E-32,
1.));
#9975=DIRECTION('ref_axis',(1.,-1.22462253195237E-15,-2.20273657295567E-30));
#9976=DIRECTION('center_axis',(-2.20273657295567E-30,-1.13610222371239E-32,
-1.));
#9977=DIRECTION('ref_axis',(0.843661487734738,0.536875492189026,0.));
#9978=DIRECTION('',(-1.,2.30389158455306E-15,2.20273657295567E-30));
#9979=DIRECTION('',(-2.30389158455306E-15,-1.,1.1361022237129E-32));
#9980=DIRECTION('',(1.,-2.30389158455306E-15,-2.20273657295567E-30));
#9981=DIRECTION('',(2.30389158455306E-15,1.,-1.1361022237129E-32));
#9982=DIRECTION('',(-1.,2.30389158455306E-15,2.20273657295567E-30));
#9983=DIRECTION('center_axis',(2.20273657295567E-30,1.13610222371239E-32,
1.));
#9984=DIRECTION('ref_axis',(0.515110309910561,0.857123893392225,0.));
#9985=DIRECTION('center_axis',(2.20273657295567E-30,1.13610222371239E-32,
1.));
#9986=DIRECTION('ref_axis',(0.986725053275385,-0.162399720562228,0.));
#9987=DIRECTION('center_axis',(2.20273657295567E-30,1.13610222371239E-32,
1.));
#9988=DIRECTION('ref_axis',(0.231620527226606,-0.97280621470428,0.));
#9989=DIRECTION('',(1.,-2.30389158455306E-15,-2.20273657295567E-30));
#9990=DIRECTION('',(2.30389158455306E-15,1.,-1.1361022237129E-32));
#9991=DIRECTION('',(-1.,2.30389158455306E-15,2.20273657295567E-30));
#9992=DIRECTION('center_axis',(-2.20273657295567E-30,-1.13610222371239E-32,
-1.));
#9993=DIRECTION('ref_axis',(0.236812467920884,-0.971555379295087,0.));
#9994=DIRECTION('center_axis',(-2.20273657295567E-30,-1.13610222371239E-32,
-1.));
#9995=DIRECTION('ref_axis',(0.744531910306018,-0.667586874149029,0.));
#9996=DIRECTION('center_axis',(-2.20273657295567E-30,-1.13610222371239E-32,
-1.));
#9997=DIRECTION('ref_axis',(0.998329958411744,-0.0577693183065724,0.));
#9998=DIRECTION('center_axis',(0.,0.,-1.));
#9999=DIRECTION('ref_axis',(0.986725053275385,-0.162399720562228,0.));
#10000=DIRECTION('',(0.,0.,-1.));
#10001=DIRECTION('center_axis',(0.,0.,-1.));
#10002=DIRECTION('ref_axis',(0.986725053275385,-0.162399720562228,0.));
#10003=DIRECTION('',(0.,0.,-1.));
#10004=DIRECTION('center_axis',(0.,0.,-1.));
#10005=DIRECTION('ref_axis',(0.515110309910561,0.857123893392225,0.));
#10006=DIRECTION('',(0.,0.,-1.));
#10007=DIRECTION('center_axis',(0.,0.,-1.));
#10008=DIRECTION('ref_axis',(0.515110309910561,0.857123893392225,0.));
#10009=DIRECTION('center_axis',(-2.30389158455306E-15,-1.,0.));
#10010=DIRECTION('ref_axis',(0.,0.,-1.));
#10011=DIRECTION('',(0.,0.,-1.));
#10012=DIRECTION('',(1.,-2.30389158455306E-15,0.));
#10013=DIRECTION('center_axis',(-1.,2.30389158455306E-15,0.));
#10014=DIRECTION('ref_axis',(0.,0.,-1.));
#10015=DIRECTION('',(0.,0.,-1.));
#10016=DIRECTION('',(-2.30389158455306E-15,-1.,0.));
#10017=DIRECTION('center_axis',(2.30389158455306E-15,1.,0.));
#10018=DIRECTION('ref_axis',(0.,0.,1.));
#10019=DIRECTION('',(0.,0.,-1.));
#10020=DIRECTION('',(-1.,2.30389158455306E-15,0.));
#10021=DIRECTION('center_axis',(1.,-2.30389158455306E-15,0.));
#10022=DIRECTION('ref_axis',(0.,0.,1.));
#10023=DIRECTION('',(0.,0.,-1.));
#10024=DIRECTION('',(2.30389158455306E-15,1.,0.));
#10025=DIRECTION('center_axis',(-2.30389158455306E-15,-1.,0.));
#10026=DIRECTION('ref_axis',(0.,0.,-1.));
#10027=DIRECTION('',(0.,0.,-1.));
#10028=DIRECTION('',(1.,-2.30389158455306E-15,0.));
#10029=DIRECTION('center_axis',(0.,0.,-1.));
#10030=DIRECTION('ref_axis',(0.843661487734738,0.536875492189026,0.));
#10031=DIRECTION('',(0.,0.,-1.));
#10032=DIRECTION('center_axis',(0.,0.,1.));
#10033=DIRECTION('ref_axis',(0.843661487734738,0.536875492189026,0.));
#10034=DIRECTION('center_axis',(0.,0.,-1.));
#10035=DIRECTION('ref_axis',(0.998329958411744,-0.0577693183065724,0.));
#10036=DIRECTION('',(0.,0.,-1.));
#10037=DIRECTION('center_axis',(0.,0.,1.));
#10038=DIRECTION('ref_axis',(0.998329958411744,-0.0577693183065724,0.));
#10039=DIRECTION('center_axis',(0.,0.,-1.));
#10040=DIRECTION('ref_axis',(0.744531910306018,-0.667586874149029,0.));
#10041=DIRECTION('',(0.,0.,-1.));
#10042=DIRECTION('center_axis',(0.,0.,1.));
#10043=DIRECTION('ref_axis',(0.744531910306018,-0.667586874149029,0.));
#10044=DIRECTION('center_axis',(0.,0.,-1.));
#10045=DIRECTION('ref_axis',(0.236812467920884,-0.971555379295087,0.));
#10046=DIRECTION('',(0.,0.,-1.));
#10047=DIRECTION('center_axis',(0.,0.,1.));
#10048=DIRECTION('ref_axis',(0.236812467920884,-0.971555379295087,0.));
#10049=DIRECTION('center_axis',(-2.30389158455306E-15,-1.,0.));
#10050=DIRECTION('ref_axis',(0.,0.,-1.));
#10051=DIRECTION('',(0.,0.,-1.));
#10052=DIRECTION('',(1.,-2.30389158455306E-15,0.));
#10053=DIRECTION('center_axis',(-1.,2.30389158455306E-15,0.));
#10054=DIRECTION('ref_axis',(0.,0.,-1.));
#10055=DIRECTION('',(0.,0.,-1.));
#10056=DIRECTION('',(-2.30389158455306E-15,-1.,0.));
#10057=DIRECTION('center_axis',(2.30389158455306E-15,1.,0.));
#10058=DIRECTION('ref_axis',(0.,0.,1.));
#10059=DIRECTION('',(0.,0.,-1.));
#10060=DIRECTION('',(-1.,2.30389158455306E-15,0.));
#10061=DIRECTION('center_axis',(0.,0.,1.));
#10062=DIRECTION('ref_axis',(1.,-2.12020063147971E-15,0.));
#10063=DIRECTION('center_axis',(0.,0.,-1.));
#10064=DIRECTION('ref_axis',(0.231620527226606,-0.97280621470428,0.));
#10065=DIRECTION('center_axis',(0.,0.,-1.));
#10066=DIRECTION('ref_axis',(0.231620527226606,-0.97280621470428,0.));
#10067=DIRECTION('center_axis',(0.,0.,-1.));
#10068=DIRECTION('ref_axis',(-2.30389158455306E-15,-1.,0.));
#10069=DIRECTION('center_axis',(-2.20273657295567E-30,-1.13610222371239E-32,
-1.));
#10070=DIRECTION('ref_axis',(-2.30389158455306E-15,-1.,0.));
#10071=DIRECTION('center_axis',(0.,0.,1.));
#10072=DIRECTION('ref_axis',(-2.30389158455306E-15,-1.,0.));
#10073=DIRECTION('center_axis',(0.,0.,1.));
#10074=DIRECTION('ref_axis',(1.,-2.12020063147971E-15,0.));
#10075=DIRECTION('center_axis',(2.20273657295567E-30,1.13610222371239E-32,
1.));
#10076=DIRECTION('ref_axis',(1.,-1.22462253195237E-15,-2.20273657295567E-30));
#10077=DIRECTION('center_axis',(2.20273657295567E-30,1.13610222371239E-32,
1.));
#10078=DIRECTION('ref_axis',(1.,-1.22462253195237E-15,-2.20273657295567E-30));
#10079=DIRECTION('center_axis',(2.20273657295567E-30,1.13610222371239E-32,
1.));
#10080=DIRECTION('ref_axis',(0.231620527226606,-0.97280621470428,0.));
#10081=DIRECTION('',(1.,-2.30389158455306E-15,-2.20273657295567E-30));
#10082=DIRECTION('',(2.30389158455306E-15,1.,-1.1361022237129E-32));
#10083=DIRECTION('',(-1.,2.30389158455306E-15,2.20273657295567E-30));
#10084=DIRECTION('center_axis',(-2.20273657295567E-30,-1.13610222371239E-32,
-1.));
#10085=DIRECTION('ref_axis',(0.236812467927452,-0.971555379293486,0.));
#10086=DIRECTION('center_axis',(-2.20273657295567E-30,-1.13610222371239E-32,
-1.));
#10087=DIRECTION('ref_axis',(0.744531910211555,-0.66758687425438,0.));
#10088=DIRECTION('center_axis',(-2.20273657295567E-30,-1.13610222371239E-32,
-1.));
#10089=DIRECTION('ref_axis',(0.998329958414882,-0.0577693182523412,0.));
#10090=DIRECTION('center_axis',(-2.20273657295567E-30,-1.13610222371239E-32,
-1.));
#10091=DIRECTION('ref_axis',(0.843661487717417,0.536875492216245,0.));
#10092=DIRECTION('',(-1.,2.30389158455306E-15,2.20273657295567E-30));
#10093=DIRECTION('',(-2.30389158455306E-15,-1.,1.1361022237129E-32));
#10094=DIRECTION('',(1.,-2.30389158455306E-15,-2.20273657295567E-30));
#10095=DIRECTION('',(2.30389158455306E-15,1.,-1.1361022237129E-32));
#10096=DIRECTION('',(-1.,2.30389158455306E-15,2.20273657295567E-30));
#10097=DIRECTION('center_axis',(2.20273657295567E-30,1.13610222371239E-32,
1.));
#10098=DIRECTION('ref_axis',(0.515110309861257,0.857123893421855,0.));
#10099=DIRECTION('center_axis',(2.20273657295567E-30,1.13610222371239E-32,
1.));
#10100=DIRECTION('ref_axis',(0.986725053283515,-0.162399720512827,0.));
#10101=DIRECTION('center_axis',(0.,0.,-1.));
#10102=DIRECTION('ref_axis',(0.843661487717417,0.536875492216245,0.));
#10103=DIRECTION('',(0.,0.,-1.));
#10104=DIRECTION('center_axis',(0.,0.,1.));
#10105=DIRECTION('ref_axis',(0.843661487717417,0.536875492216245,0.));
#10106=DIRECTION('',(0.,0.,-1.));
#10107=DIRECTION('center_axis',(0.,0.,-1.));
#10108=DIRECTION('ref_axis',(0.998329958414882,-0.0577693182523412,0.));
#10109=DIRECTION('',(0.,0.,-1.));
#10110=DIRECTION('center_axis',(0.,0.,1.));
#10111=DIRECTION('ref_axis',(0.998329958414882,-0.0577693182523412,0.));
#10112=DIRECTION('center_axis',(0.,0.,-1.));
#10113=DIRECTION('ref_axis',(0.744531910211555,-0.66758687425438,0.));
#10114=DIRECTION('',(0.,0.,-1.));
#10115=DIRECTION('center_axis',(0.,0.,1.));
#10116=DIRECTION('ref_axis',(0.744531910211555,-0.66758687425438,0.));
#10117=DIRECTION('center_axis',(0.,0.,-1.));
#10118=DIRECTION('ref_axis',(0.236812467927452,-0.971555379293486,0.));
#10119=DIRECTION('',(0.,0.,-1.));
#10120=DIRECTION('center_axis',(0.,0.,1.));
#10121=DIRECTION('ref_axis',(0.236812467927452,-0.971555379293486,0.));
#10122=DIRECTION('center_axis',(-2.30389158455306E-15,-1.,0.));
#10123=DIRECTION('ref_axis',(0.,0.,-1.));
#10124=DIRECTION('',(0.,0.,-1.));
#10125=DIRECTION('',(1.,-2.30389158455306E-15,0.));
#10126=DIRECTION('center_axis',(-1.,2.30389158455306E-15,0.));
#10127=DIRECTION('ref_axis',(0.,0.,-1.));
#10128=DIRECTION('',(0.,0.,-1.));
#10129=DIRECTION('',(-2.30389158455306E-15,-1.,0.));
#10130=DIRECTION('center_axis',(2.30389158455306E-15,1.,0.));
#10131=DIRECTION('ref_axis',(0.,0.,1.));
#10132=DIRECTION('',(0.,0.,-1.));
#10133=DIRECTION('',(-1.,2.30389158455306E-15,0.));
#10134=DIRECTION('center_axis',(0.,0.,-1.));
#10135=DIRECTION('ref_axis',(0.231620527226606,-0.97280621470428,0.));
#10136=DIRECTION('',(0.,0.,-1.));
#10137=DIRECTION('center_axis',(0.,0.,-1.));
#10138=DIRECTION('ref_axis',(0.231620527226606,-0.97280621470428,0.));
#10139=DIRECTION('center_axis',(0.,0.,-1.));
#10140=DIRECTION('ref_axis',(0.986725053283515,-0.162399720512827,0.));
#10141=DIRECTION('',(0.,0.,-1.));
#10142=DIRECTION('center_axis',(0.,0.,-1.));
#10143=DIRECTION('ref_axis',(0.986725053283515,-0.162399720512827,0.));
#10144=DIRECTION('center_axis',(0.,0.,-1.));
#10145=DIRECTION('ref_axis',(0.515110309861257,0.857123893421855,0.));
#10146=DIRECTION('',(0.,0.,-1.));
#10147=DIRECTION('center_axis',(0.,0.,-1.));
#10148=DIRECTION('ref_axis',(0.515110309861257,0.857123893421855,0.));
#10149=DIRECTION('center_axis',(-2.30389158455306E-15,-1.,0.));
#10150=DIRECTION('ref_axis',(0.,0.,-1.));
#10151=DIRECTION('',(0.,0.,-1.));
#10152=DIRECTION('',(1.,-2.30389158455306E-15,0.));
#10153=DIRECTION('center_axis',(-1.,2.30389158455306E-15,0.));
#10154=DIRECTION('ref_axis',(0.,0.,-1.));
#10155=DIRECTION('',(0.,0.,-1.));
#10156=DIRECTION('',(-2.30389158455306E-15,-1.,0.));
#10157=DIRECTION('center_axis',(2.30389158455306E-15,1.,0.));
#10158=DIRECTION('ref_axis',(0.,0.,1.));
#10159=DIRECTION('',(0.,0.,-1.));
#10160=DIRECTION('',(-1.,2.30389158455306E-15,0.));
#10161=DIRECTION('center_axis',(1.,-2.30389158455306E-15,0.));
#10162=DIRECTION('ref_axis',(0.,0.,1.));
#10163=DIRECTION('',(0.,0.,-1.));
#10164=DIRECTION('',(2.30389158455306E-15,1.,0.));
#10165=DIRECTION('center_axis',(0.,0.,1.));
#10166=DIRECTION('ref_axis',(1.,-2.12020063147971E-15,0.));
#10167=DIRECTION('',(1.,-2.30389158455306E-15,0.));
#10168=DIRECTION('center_axis',(-2.30389158455306E-15,-1.,0.));
#10169=DIRECTION('ref_axis',(0.,0.,-1.));
#10170=DIRECTION('center_axis',(-2.30389158455306E-15,-1.,0.));
#10171=DIRECTION('ref_axis',(0.,0.,-1.));
#10172=DIRECTION('',(-1.,2.30389158455306E-15,2.20273657295567E-30));
#10173=DIRECTION('',(0.,0.,-1.));
#10174=DIRECTION('',(1.,-2.30389158455306E-15,0.));
#10175=DIRECTION('',(0.,0.,-1.));
#10176=DIRECTION('center_axis',(0.,0.,1.));
#10177=DIRECTION('ref_axis',(1.,-2.12020063147971E-15,0.));
#10178=DIRECTION('',(-1.,2.30389158455306E-15,0.));
#10179=DIRECTION('',(2.30389158455306E-15,1.,0.));
#10180=DIRECTION('',(-2.30389158455306E-15,-1.,0.));
#10181=DIRECTION('center_axis',(1.,-2.30389158455306E-15,0.));
#10182=DIRECTION('ref_axis',(0.,0.,1.));
#10183=DIRECTION('',(-2.30389158455306E-15,-1.,1.1361022237129E-32));
#10184=DIRECTION('',(0.,0.,-1.));
#10185=DIRECTION('center_axis',(2.30389158455306E-15,1.,0.));
#10186=DIRECTION('ref_axis',(0.,0.,1.));
#10187=DIRECTION('',(1.,-2.30389158455306E-15,-2.20273657295567E-30));
#10188=DIRECTION('',(0.,0.,-1.));
#10189=DIRECTION('center_axis',(-1.,2.30389158455306E-15,0.));
#10190=DIRECTION('ref_axis',(0.,0.,-1.));
#10191=DIRECTION('',(2.30389158455306E-15,1.,-1.1361022237129E-32));
#10192=DIRECTION('center_axis',(2.20273657295567E-30,1.13610222371239E-32,
1.));
#10193=DIRECTION('ref_axis',(1.,-1.22462253195237E-15,-2.20273657295567E-30));
#10194=DIRECTION('center_axis',(2.20273657295567E-30,1.13610222371239E-32,
1.));
#10195=DIRECTION('ref_axis',(1.,-1.22462253195237E-15,-2.20273657295567E-30));
#10196=DIRECTION('',(1.,-2.30389158455306E-15,-2.20273657295567E-30));
#10197=DIRECTION('',(-2.30389158455306E-15,-1.,1.1361022237129E-32));
#10198=DIRECTION('',(1.,-2.30389158455306E-15,-2.20273657295567E-30));
#10199=DIRECTION('',(2.30389158455306E-15,1.,-1.1361022237129E-32));
#10200=DIRECTION('',(1.,-2.30389158455306E-15,-2.20273657295567E-30));
#10201=DIRECTION('',(2.30389158455306E-15,1.,-1.1361022237129E-32));
#10202=DIRECTION('',(-1.,2.30389158455306E-15,2.20273657295567E-30));
#10203=DIRECTION('',(2.30389158455306E-15,1.,-1.1361022237129E-32));
#10204=DIRECTION('',(-1.,2.30389158455306E-15,2.20273657295567E-30));
#10205=DIRECTION('',(-2.30389158455306E-15,-1.,1.1361022237129E-32));
#10206=DIRECTION('',(-1.,2.30389158455306E-15,2.20273657295567E-30));
#10207=DIRECTION('center_axis',(2.20273657295567E-30,1.13610222371239E-32,
1.));
#10208=DIRECTION('ref_axis',(0.177563345912702,0.984109373082223,0.));
#10209=DIRECTION('center_axis',(2.20273657295567E-30,1.13610222371239E-32,
1.));
#10210=DIRECTION('ref_axis',(0.859522989688276,0.511097084903963,0.));
#10211=DIRECTION('center_axis',(2.20273657295567E-30,1.13610222371239E-32,
1.));
#10212=DIRECTION('ref_axis',(0.974428800283742,-0.224696491244495,0.));
#10213=DIRECTION('',(-1.,2.30389158455306E-15,2.20273657295567E-30));
#10214=DIRECTION('center_axis',(-2.20273657295567E-30,-1.13610222371239E-32,
-1.));
#10215=DIRECTION('ref_axis',(0.971910234092347,-0.235351857580433,0.));
#10216=DIRECTION('center_axis',(-2.20273657295567E-30,-1.13610222371239E-32,
-1.));
#10217=DIRECTION('ref_axis',(0.969172500805283,0.246383164365656,0.));
#10218=DIRECTION('center_axis',(-2.20273657295567E-30,-1.13610222371239E-32,
-1.));
#10219=DIRECTION('ref_axis',(0.766270793304727,0.642517759542991,0.));
#10220=DIRECTION('center_axis',(-2.20273657295567E-30,-1.13610222371239E-32,
-1.));
#10221=DIRECTION('ref_axis',(0.344254649178149,0.938876315879376,0.));
#10222=DIRECTION('center_axis',(1.,-2.30389158455306E-15,0.));
#10223=DIRECTION('ref_axis',(0.,0.,1.));
#10224=DIRECTION('',(0.,0.,-1.));
#10225=DIRECTION('',(2.30389158455306E-15,1.,0.));
#10226=DIRECTION('',(0.,0.,-1.));
#10227=DIRECTION('center_axis',(-2.30389158455306E-15,-1.,0.));
#10228=DIRECTION('ref_axis',(0.,0.,-1.));
#10229=DIRECTION('',(0.,0.,-1.));
#10230=DIRECTION('',(1.,-2.30389158455306E-15,0.));
#10231=DIRECTION('center_axis',(-1.,2.30389158455306E-15,0.));
#10232=DIRECTION('ref_axis',(0.,0.,-1.));
#10233=DIRECTION('',(0.,0.,-1.));
#10234=DIRECTION('',(-2.30389158455306E-15,-1.,0.));
#10235=DIRECTION('center_axis',(-2.30389158455306E-15,-1.,0.));
#10236=DIRECTION('ref_axis',(0.,0.,-1.));
#10237=DIRECTION('',(0.,0.,-1.));
#10238=DIRECTION('',(1.,-2.30389158455306E-15,0.));
#10239=DIRECTION('center_axis',(-1.,2.30389158455306E-15,0.));
#10240=DIRECTION('ref_axis',(0.,0.,-1.));
#10241=DIRECTION('',(0.,0.,-1.));
#10242=DIRECTION('',(-2.30389158455306E-15,-1.,0.));
#10243=DIRECTION('center_axis',(2.30389158455306E-15,1.,0.));
#10244=DIRECTION('ref_axis',(0.,0.,1.));
#10245=DIRECTION('',(0.,0.,-1.));
#10246=DIRECTION('',(-1.,2.30389158455306E-15,0.));
#10247=DIRECTION('center_axis',(-1.,2.30389158455306E-15,0.));
#10248=DIRECTION('ref_axis',(0.,0.,-1.));
#10249=DIRECTION('',(0.,0.,-1.));
#10250=DIRECTION('',(-2.30389158455306E-15,-1.,0.));
#10251=DIRECTION('center_axis',(2.30389158455306E-15,1.,0.));
#10252=DIRECTION('ref_axis',(0.,0.,1.));
#10253=DIRECTION('',(0.,0.,-1.));
#10254=DIRECTION('',(-1.,2.30389158455306E-15,0.));
#10255=DIRECTION('center_axis',(1.,-2.30389158455306E-15,0.));
#10256=DIRECTION('ref_axis',(0.,0.,1.));
#10257=DIRECTION('',(0.,0.,-1.));
#10258=DIRECTION('',(2.30389158455306E-15,1.,0.));
#10259=DIRECTION('center_axis',(2.30389158455306E-15,1.,0.));
#10260=DIRECTION('ref_axis',(0.,0.,1.));
#10261=DIRECTION('',(0.,0.,-1.));
#10262=DIRECTION('',(-1.,2.30389158455306E-15,0.));
#10263=DIRECTION('center_axis',(0.,0.,-1.));
#10264=DIRECTION('ref_axis',(0.344254649178149,0.938876315879376,0.));
#10265=DIRECTION('',(0.,0.,-1.));
#10266=DIRECTION('center_axis',(0.,0.,1.));
#10267=DIRECTION('ref_axis',(0.344254649178149,0.938876315879376,0.));
#10268=DIRECTION('center_axis',(0.,0.,-1.));
#10269=DIRECTION('ref_axis',(0.766270793304727,0.642517759542991,0.));
#10270=DIRECTION('',(0.,0.,-1.));
#10271=DIRECTION('center_axis',(0.,0.,1.));
#10272=DIRECTION('ref_axis',(0.766270793304727,0.642517759542991,0.));
#10273=DIRECTION('center_axis',(0.,0.,-1.));
#10274=DIRECTION('ref_axis',(0.969172500805283,0.246383164365656,0.));
#10275=DIRECTION('',(0.,0.,-1.));
#10276=DIRECTION('center_axis',(0.,0.,1.));
#10277=DIRECTION('ref_axis',(0.969172500805283,0.246383164365656,0.));
#10278=DIRECTION('center_axis',(0.,0.,-1.));
#10279=DIRECTION('ref_axis',(0.971910234092347,-0.235351857580433,0.));
#10280=DIRECTION('',(0.,0.,-1.));
#10281=DIRECTION('center_axis',(0.,0.,1.));
#10282=DIRECTION('ref_axis',(0.971910234092347,-0.235351857580433,0.));
#10283=DIRECTION('center_axis',(-2.30389158455306E-15,-1.,0.));
#10284=DIRECTION('ref_axis',(0.,0.,-1.));
#10285=DIRECTION('',(0.,0.,-1.));
#10286=DIRECTION('',(1.,-2.30389158455306E-15,0.));
#10287=DIRECTION('center_axis',(0.,0.,-1.));
#10288=DIRECTION('ref_axis',(0.974428800283742,-0.224696491244495,0.));
#10289=DIRECTION('',(0.,0.,-1.));
#10290=DIRECTION('center_axis',(0.,0.,-1.));
#10291=DIRECTION('ref_axis',(0.974428800283742,-0.224696491244495,0.));
#10292=DIRECTION('center_axis',(0.,0.,-1.));
#10293=DIRECTION('ref_axis',(0.859522989688276,0.511097084903963,0.));
#10294=DIRECTION('',(0.,0.,-1.));
#10295=DIRECTION('center_axis',(0.,0.,-1.));
#10296=DIRECTION('ref_axis',(0.859522989688276,0.511097084903963,0.));
#10297=DIRECTION('center_axis',(0.,0.,-1.));
#10298=DIRECTION('ref_axis',(0.177563345912702,0.984109373082223,0.));
#10299=DIRECTION('',(0.,0.,-1.));
#10300=DIRECTION('center_axis',(0.,0.,-1.));
#10301=DIRECTION('ref_axis',(0.177563345912702,0.984109373082223,0.));
#10302=DIRECTION('center_axis',(0.,0.,1.));
#10303=DIRECTION('ref_axis',(1.,-2.12020063147971E-15,0.));
#10304=DIRECTION('',(1.,-2.30389158455306E-15,0.));
#10305=DIRECTION('center_axis',(-2.30389158455306E-15,-1.,0.));
#10306=DIRECTION('ref_axis',(0.,0.,-1.));
#10307=DIRECTION('center_axis',(0.,0.,1.));
#10308=DIRECTION('ref_axis',(1.,-2.12020063147971E-15,0.));
#10309=DIRECTION('',(-1.,2.30389158455306E-15,0.));
#10310=DIRECTION('',(2.30389158455306E-15,1.,0.));
#10311=DIRECTION('',(1.,-2.30389158455306E-15,0.));
#10312=DIRECTION('',(-2.30389158455306E-15,-1.,0.));
#10313=DIRECTION('center_axis',(-1.,2.30389158455306E-15,0.));
#10314=DIRECTION('ref_axis',(0.,0.,-1.));
#10315=DIRECTION('',(2.30389158455306E-15,1.,-1.1361022237129E-32));
#10316=DIRECTION('',(0.,0.,-1.));
#10317=DIRECTION('',(0.,0.,-1.));
#10318=DIRECTION('center_axis',(-2.30389158455306E-15,-1.,0.));
#10319=DIRECTION('ref_axis',(0.,0.,-1.));
#10320=DIRECTION('',(-1.,2.30389158455306E-15,2.20273657295567E-30));
#10321=DIRECTION('',(0.,0.,-1.));
#10322=DIRECTION('center_axis',(1.,-2.30389158455306E-15,0.));
#10323=DIRECTION('ref_axis',(0.,0.,1.));
#10324=DIRECTION('',(-2.30389158455306E-15,-1.,1.1361022237129E-32));
#10325=DIRECTION('',(0.,0.,-1.));
#10326=DIRECTION('center_axis',(2.30389158455306E-15,1.,0.));
#10327=DIRECTION('ref_axis',(0.,0.,1.));
#10328=DIRECTION('',(1.,-2.30389158455306E-15,-2.20273657295567E-30));
#10329=DIRECTION('center_axis',(2.20273657295567E-30,1.13610222371239E-32,
1.));
#10330=DIRECTION('ref_axis',(1.,-1.22462253195237E-15,-2.20273657295567E-30));
#10331=DIRECTION('center_axis',(2.20273657295567E-30,1.13610222371239E-32,
1.));
#10332=DIRECTION('ref_axis',(1.,-1.22462253195237E-15,-2.20273657295567E-30));
#10333=DIRECTION('center_axis',(-2.20273657295567E-30,-1.13610222371239E-32,
-1.));
#10334=DIRECTION('ref_axis',(0.28564629411478,0.958335116052048,0.));
#10335=DIRECTION('center_axis',(-2.20273657295567E-30,-1.13610222371239E-32,
-1.));
#10336=DIRECTION('ref_axis',(0.0649394320776906,0.997889207357925,0.));
#10337=DIRECTION('center_axis',(-2.20273657295567E-30,-1.13610222371239E-32,
-1.));
#10338=DIRECTION('ref_axis',(-0.153102994545876,0.988210237278023,0.));
#10339=DIRECTION('center_axis',(-2.20273657295567E-30,-1.13610222371239E-32,
-1.));
#10340=DIRECTION('ref_axis',(-0.530200242265899,0.847872456859628,0.));
#10341=DIRECTION('center_axis',(-2.20273657295567E-30,-1.13610222371239E-32,
-1.));
#10342=DIRECTION('ref_axis',(-0.764720301662721,0.644362367169962,0.));
#10343=DIRECTION('center_axis',(-2.20273657295567E-30,-1.13610222371239E-32,
-1.));
#10344=DIRECTION('ref_axis',(-0.958763303041139,0.284205785904589,0.));
#10345=DIRECTION('center_axis',(-2.20273657295567E-30,-1.13610222371239E-32,
-1.));
#10346=DIRECTION('ref_axis',(-0.989359135354139,-0.145493990567687,0.));
#10347=DIRECTION('center_axis',(-2.20273657295567E-30,-1.13610222371239E-32,
-1.));
#10348=DIRECTION('ref_axis',(-0.838604165583927,-0.544741272041402,0.));
#10349=DIRECTION('',(-0.719311269184996,0.694687914119333,1.57656087513278E-30));
#10350=DIRECTION('center_axis',(-2.20273657295567E-30,-1.13610222371239E-32,
-1.));
#10351=DIRECTION('ref_axis',(-0.358911239884258,-0.933371695459394,0.));
#10352=DIRECTION('',(-1.,2.30389158455306E-15,2.20273657295567E-30));
#10353=DIRECTION('',(-2.30389158455306E-15,-1.,1.1361022237129E-32));
#10354=DIRECTION('',(0.997057160944773,-0.0766617101867024,-2.19538331834624E-30));
#10355=DIRECTION('center_axis',(2.20273657295567E-30,1.13610222371239E-32,
1.));
#10356=DIRECTION('ref_axis',(-0.230506191929479,-0.973070858407634,0.));
#10357=DIRECTION('center_axis',(2.20273657295567E-30,1.13610222371239E-32,
1.));
#10358=DIRECTION('ref_axis',(-0.686698641470337,-0.726942209396863,0.));
#10359=DIRECTION('center_axis',(2.20273657295567E-30,1.13610222371239E-32,
1.));
#10360=DIRECTION('ref_axis',(-0.989646076347274,-0.143529242910449,0.));
#10361=DIRECTION('center_axis',(2.20273657295567E-30,1.13610222371239E-32,
1.));
#10362=DIRECTION('ref_axis',(-0.707106781120308,0.707106781252787,0.));
#10363=DIRECTION('center_axis',(2.20273657295567E-30,1.13610222371239E-32,
1.));
#10364=DIRECTION('ref_axis',(-0.269932160550704,0.962879342752989,0.));
#10365=DIRECTION('center_axis',(2.20273657295567E-30,1.13610222371239E-32,
1.));
#10366=DIRECTION('ref_axis',(-0.0322412940182822,0.999480114339463,0.));
#10367=DIRECTION('',(2.30389158455306E-15,1.,-1.1361022237129E-32));
#10368=DIRECTION('',(-1.,2.30389158455306E-15,2.20273657295567E-30));
#10369=DIRECTION('center_axis',(-2.20273657295567E-30,-1.13610222371239E-32,
-1.));
#10370=DIRECTION('ref_axis',(0.108059180742768,-0.994144463072245,0.));
#10371=DIRECTION('center_axis',(-2.20273657295567E-30,-1.13610222371239E-32,
-1.));
#10372=DIRECTION('ref_axis',(0.434749065798513,-0.900551636380347,0.));
#10373=DIRECTION('center_axis',(-2.20273657295567E-30,-1.13610222371239E-32,
-1.));
#10374=DIRECTION('ref_axis',(0.853784448352773,-0.520626656780991,0.));
#10375=DIRECTION('center_axis',(-2.20273657295567E-30,-1.13610222371239E-32,
-1.));
#10376=DIRECTION('ref_axis',(0.99924024190338,-0.0389735674640577,0.));
#10377=DIRECTION('center_axis',(-2.20273657295567E-30,-1.13610222371239E-32,
-1.));
#10378=DIRECTION('ref_axis',(0.797541611542878,0.603263937143261,0.));
#10379=DIRECTION('',(1.,-2.30389158455306E-15,-2.20273657295567E-30));
#10380=DIRECTION('',(-2.30389158455306E-15,-1.,1.1361022237129E-32));
#10381=DIRECTION('center_axis',(2.20273657295567E-30,1.13610222371239E-32,
1.));
#10382=DIRECTION('ref_axis',(0.0766964989915818,0.997054485493363,0.));
#10383=DIRECTION('center_axis',(2.20273657295567E-30,1.13610222371239E-32,
1.));
#10384=DIRECTION('ref_axis',(0.465746432728847,0.884918222436601,0.));
#10385=DIRECTION('center_axis',(2.20273657295567E-30,1.13610222371239E-32,
1.));
#10386=DIRECTION('ref_axis',(0.915421967363396,0.4024954927307,0.));
#10387=DIRECTION('center_axis',(2.20273657295567E-30,1.13610222371239E-32,
1.));
#10388=DIRECTION('ref_axis',(0.971642155340627,-0.236456173455083,0.));
#10389=DIRECTION('center_axis',(2.20273657295567E-30,1.13610222371239E-32,
1.));
#10390=DIRECTION('ref_axis',(0.628736424015264,-0.777618485580492,0.));
#10391=DIRECTION('center_axis',(2.20273657295567E-30,1.13610222371239E-32,
1.));
#10392=DIRECTION('ref_axis',(0.187419360025661,-0.982279992409278,0.));
#10393=DIRECTION('center_axis',(0.,0.,-1.));
#10394=DIRECTION('ref_axis',(0.915421967363396,0.4024954927307,0.));
#10395=DIRECTION('',(0.,0.,-1.));
#10396=DIRECTION('center_axis',(0.,0.,-1.));
#10397=DIRECTION('ref_axis',(0.915421967363396,0.4024954927307,0.));
#10398=DIRECTION('',(0.,0.,-1.));
#10399=DIRECTION('center_axis',(0.,0.,-1.));
#10400=DIRECTION('ref_axis',(0.465746432728847,0.884918222436601,0.));
#10401=DIRECTION('',(0.,0.,-1.));
#10402=DIRECTION('center_axis',(0.,0.,-1.));
#10403=DIRECTION('ref_axis',(0.465746432728847,0.884918222436601,0.));
#10404=DIRECTION('center_axis',(0.,0.,-1.));
#10405=DIRECTION('ref_axis',(0.0766964989915818,0.997054485493363,0.));
#10406=DIRECTION('',(0.,0.,-1.));
#10407=DIRECTION('center_axis',(0.,0.,-1.));
#10408=DIRECTION('ref_axis',(0.0766964989915818,0.997054485493363,0.));
#10409=DIRECTION('center_axis',(1.,-2.30389158455306E-15,0.));
#10410=DIRECTION('ref_axis',(0.,0.,1.));
#10411=DIRECTION('',(0.,0.,-1.));
#10412=DIRECTION('',(2.30389158455306E-15,1.,0.));
#10413=DIRECTION('center_axis',(0.,0.,-1.));
#10414=DIRECTION('ref_axis',(-0.230506191929479,-0.973070858407634,0.));
#10415=DIRECTION('',(0.,0.,-1.));
#10416=DIRECTION('center_axis',(0.,0.,-1.));
#10417=DIRECTION('ref_axis',(-0.230506191929479,-0.973070858407634,0.));
#10418=DIRECTION('',(0.,0.,-1.));
#10419=DIRECTION('center_axis',(0.0766617101867024,0.997057160944773,0.));
#10420=DIRECTION('ref_axis',(0.,0.,1.));
#10421=DIRECTION('',(0.,0.,-1.));
#10422=DIRECTION('',(-0.997057160944773,0.0766617101867024,0.));
#10423=DIRECTION('center_axis',(1.,-2.30389158455306E-15,0.));
#10424=DIRECTION('ref_axis',(0.,0.,1.));
#10425=DIRECTION('',(0.,0.,-1.));
#10426=DIRECTION('',(2.30389158455306E-15,1.,0.));
#10427=DIRECTION('center_axis',(-2.30389158455306E-15,-1.,0.));
#10428=DIRECTION('ref_axis',(0.,0.,-1.));
#10429=DIRECTION('',(0.,0.,-1.));
#10430=DIRECTION('',(1.,-2.30389158455306E-15,0.));
#10431=DIRECTION('center_axis',(0.,0.,-1.));
#10432=DIRECTION('ref_axis',(-0.358911239884258,-0.933371695459394,0.));
#10433=DIRECTION('',(0.,0.,-1.));
#10434=DIRECTION('center_axis',(0.,0.,1.));
#10435=DIRECTION('ref_axis',(-0.358911239884258,-0.933371695459394,0.));
#10436=DIRECTION('center_axis',(-0.694687914119333,-0.719311269184996,0.));
#10437=DIRECTION('ref_axis',(0.,0.,-1.));
#10438=DIRECTION('',(0.,0.,-1.));
#10439=DIRECTION('',(0.719311269184996,-0.694687914119334,0.));
#10440=DIRECTION('center_axis',(0.,0.,-1.));
#10441=DIRECTION('ref_axis',(-0.838604165583927,-0.544741272041402,0.));
#10442=DIRECTION('',(0.,0.,-1.));
#10443=DIRECTION('center_axis',(0.,0.,1.));
#10444=DIRECTION('ref_axis',(-0.838604165583927,-0.544741272041402,0.));
#10445=DIRECTION('center_axis',(0.,0.,-1.));
#10446=DIRECTION('ref_axis',(-0.989359135354139,-0.145493990567687,0.));
#10447=DIRECTION('',(0.,0.,-1.));
#10448=DIRECTION('center_axis',(0.,0.,1.));
#10449=DIRECTION('ref_axis',(-0.989359135354139,-0.145493990567687,0.));
#10450=DIRECTION('center_axis',(0.,0.,-1.));
#10451=DIRECTION('ref_axis',(-0.958763303041139,0.284205785904589,0.));
#10452=DIRECTION('',(0.,0.,-1.));
#10453=DIRECTION('center_axis',(0.,0.,1.));
#10454=DIRECTION('ref_axis',(-0.958763303041139,0.284205785904589,0.));
#10455=DIRECTION('center_axis',(0.,0.,-1.));
#10456=DIRECTION('ref_axis',(-0.764720301662721,0.644362367169962,0.));
#10457=DIRECTION('',(0.,0.,-1.));
#10458=DIRECTION('center_axis',(0.,0.,1.));
#10459=DIRECTION('ref_axis',(-0.764720301662721,0.644362367169962,0.));
#10460=DIRECTION('center_axis',(0.,0.,-1.));
#10461=DIRECTION('ref_axis',(-0.530200242265899,0.847872456859628,0.));
#10462=DIRECTION('',(0.,0.,-1.));
#10463=DIRECTION('center_axis',(0.,0.,1.));
#10464=DIRECTION('ref_axis',(-0.530200242265899,0.847872456859628,0.));
#10465=DIRECTION('center_axis',(0.,0.,-1.));
#10466=DIRECTION('ref_axis',(-0.153102994545876,0.988210237278023,0.));
#10467=DIRECTION('',(0.,0.,-1.));
#10468=DIRECTION('center_axis',(0.,0.,1.));
#10469=DIRECTION('ref_axis',(-0.153102994545876,0.988210237278023,0.));
#10470=DIRECTION('center_axis',(0.,0.,-1.));
#10471=DIRECTION('ref_axis',(0.0649394320776906,0.997889207357925,0.));
#10472=DIRECTION('',(0.,0.,-1.));
#10473=DIRECTION('center_axis',(0.,0.,1.));
#10474=DIRECTION('ref_axis',(0.0649394320776906,0.997889207357925,0.));
#10475=DIRECTION('center_axis',(2.30389158455306E-15,1.,0.));
#10476=DIRECTION('ref_axis',(0.,0.,1.));
#10477=DIRECTION('',(0.,0.,-1.));
#10478=DIRECTION('',(-1.,2.30389158455306E-15,0.));
#10479=DIRECTION('center_axis',(0.,0.,-1.));
#10480=DIRECTION('ref_axis',(0.187419360025661,-0.982279992409278,0.));
#10481=DIRECTION('',(0.,0.,-1.));
#10482=DIRECTION('center_axis',(0.,0.,-1.));
#10483=DIRECTION('ref_axis',(0.187419360025661,-0.982279992409278,0.));
#10484=DIRECTION('center_axis',(0.,0.,-1.));
#10485=DIRECTION('ref_axis',(0.628736424015264,-0.777618485580492,0.));
#10486=DIRECTION('',(0.,0.,-1.));
#10487=DIRECTION('center_axis',(0.,0.,-1.));
#10488=DIRECTION('ref_axis',(0.628736424015264,-0.777618485580492,0.));
#10489=DIRECTION('center_axis',(0.,0.,-1.));
#10490=DIRECTION('ref_axis',(0.971642155340627,-0.236456173455083,0.));
#10491=DIRECTION('center_axis',(0.,0.,-1.));
#10492=DIRECTION('ref_axis',(0.971642155340627,-0.236456173455083,0.));
#10493=DIRECTION('center_axis',(0.,0.,-1.));
#10494=DIRECTION('ref_axis',(0.28564629411478,0.958335116052048,0.));
#10495=DIRECTION('',(0.,0.,-1.));
#10496=DIRECTION('center_axis',(0.,0.,1.));
#10497=DIRECTION('ref_axis',(0.28564629411478,0.958335116052048,0.));
#10498=DIRECTION('center_axis',(0.,0.,-1.));
#10499=DIRECTION('ref_axis',(0.797541611542878,0.603263937143261,0.));
#10500=DIRECTION('',(0.,0.,-1.));
#10501=DIRECTION('center_axis',(0.,0.,1.));
#10502=DIRECTION('ref_axis',(0.797541611542878,0.603263937143261,0.));
#10503=DIRECTION('center_axis',(0.,0.,-1.));
#10504=DIRECTION('ref_axis',(0.99924024190338,-0.0389735674640577,0.));
#10505=DIRECTION('',(0.,0.,-1.));
#10506=DIRECTION('center_axis',(0.,0.,1.));
#10507=DIRECTION('ref_axis',(0.99924024190338,-0.0389735674640577,0.));
#10508=DIRECTION('center_axis',(0.,0.,-1.));
#10509=DIRECTION('ref_axis',(0.853784448352773,-0.520626656780991,0.));
#10510=DIRECTION('',(0.,0.,-1.));
#10511=DIRECTION('center_axis',(0.,0.,1.));
#10512=DIRECTION('ref_axis',(0.853784448352773,-0.520626656780991,0.));
#10513=DIRECTION('center_axis',(0.,0.,-1.));
#10514=DIRECTION('ref_axis',(0.434749065798513,-0.900551636380347,0.));
#10515=DIRECTION('',(0.,0.,-1.));
#10516=DIRECTION('center_axis',(0.,0.,1.));
#10517=DIRECTION('ref_axis',(0.434749065798513,-0.900551636380347,0.));
#10518=DIRECTION('center_axis',(0.,0.,-1.));
#10519=DIRECTION('ref_axis',(0.108059180742768,-0.994144463072245,0.));
#10520=DIRECTION('',(0.,0.,-1.));
#10521=DIRECTION('center_axis',(0.,0.,1.));
#10522=DIRECTION('ref_axis',(0.108059180742768,-0.994144463072245,0.));
#10523=DIRECTION('center_axis',(-2.30389158455306E-15,-1.,0.));
#10524=DIRECTION('ref_axis',(0.,0.,-1.));
#10525=DIRECTION('',(0.,0.,-1.));
#10526=DIRECTION('',(1.,-2.30389158455306E-15,0.));
#10527=DIRECTION('center_axis',(-1.,2.30389158455306E-15,0.));
#10528=DIRECTION('ref_axis',(0.,0.,-1.));
#10529=DIRECTION('',(0.,0.,-1.));
#10530=DIRECTION('',(-2.30389158455306E-15,-1.,0.));
#10531=DIRECTION('center_axis',(0.,0.,-1.));
#10532=DIRECTION('ref_axis',(-0.0322412940182822,0.999480114339463,0.));
#10533=DIRECTION('',(0.,0.,-1.));
#10534=DIRECTION('center_axis',(0.,0.,-1.));
#10535=DIRECTION('ref_axis',(-0.0322412940182822,0.999480114339463,0.));
#10536=DIRECTION('center_axis',(0.,0.,-1.));
#10537=DIRECTION('ref_axis',(-0.269932160550704,0.962879342752989,0.));
#10538=DIRECTION('',(0.,0.,-1.));
#10539=DIRECTION('center_axis',(0.,0.,-1.));
#10540=DIRECTION('ref_axis',(-0.269932160550704,0.962879342752989,0.));
#10541=DIRECTION('center_axis',(0.,0.,-1.));
#10542=DIRECTION('ref_axis',(-0.707106781120308,0.707106781252787,0.));
#10543=DIRECTION('',(0.,0.,-1.));
#10544=DIRECTION('center_axis',(0.,0.,-1.));
#10545=DIRECTION('ref_axis',(-0.707106781120308,0.707106781252787,0.));
#10546=DIRECTION('center_axis',(0.,0.,-1.));
#10547=DIRECTION('ref_axis',(-0.989646076347274,-0.143529242910449,0.));
#10548=DIRECTION('',(0.,0.,-1.));
#10549=DIRECTION('center_axis',(0.,0.,-1.));
#10550=DIRECTION('ref_axis',(-0.989646076347274,-0.143529242910449,0.));
#10551=DIRECTION('center_axis',(0.,0.,-1.));
#10552=DIRECTION('ref_axis',(-0.686698641470337,-0.726942209396863,0.));
#10553=DIRECTION('center_axis',(0.,0.,-1.));
#10554=DIRECTION('ref_axis',(-0.686698641470337,-0.726942209396863,0.));
#10555=DIRECTION('center_axis',(0.,0.,1.));
#10556=DIRECTION('ref_axis',(1.,-2.12020063147971E-15,0.));
#10557=DIRECTION('center_axis',(0.,0.,1.));
#10558=DIRECTION('ref_axis',(1.,-2.12020063147971E-15,0.));
#10559=DIRECTION('center_axis',(0.,0.,1.));
#10560=DIRECTION('ref_axis',(-0.954975888559196,-0.296683420956708,0.));
#10561=DIRECTION('center_axis',(0.,0.,1.));
#10562=DIRECTION('ref_axis',(-0.954975888570019,0.296683420921867,0.));
#10563=DIRECTION('',(-0.599282430388513,-0.800537674708466,0.));
#10564=DIRECTION('center_axis',(0.,0.,1.));
#10565=DIRECTION('ref_axis',(-0.597526159208533,0.801849417946723,0.));
#10566=DIRECTION('center_axis',(0.,0.,1.));
#10567=DIRECTION('ref_axis',(-0.300202428416165,0.953875517021502,0.));
#10568=DIRECTION('center_axis',(0.,0.,1.));
#10569=DIRECTION('ref_axis',(-0.0986971503465812,0.995117516936299,0.));
#10570=DIRECTION('center_axis',(0.,0.,1.));
#10571=DIRECTION('ref_axis',(0.0474233106885408,0.99887488185625,0.));
#10572=DIRECTION('center_axis',(0.,0.,1.));
#10573=DIRECTION('ref_axis',(0.164497482783769,0.986377502864803,0.));
#10574=DIRECTION('center_axis',(0.,0.,1.));
#10575=DIRECTION('ref_axis',(0.36080135948431,0.932642685595225,0.));
#10576=DIRECTION('center_axis',(0.,0.,1.));
#10577=DIRECTION('ref_axis',(0.602932076880557,0.797792523572701,0.));
#10578=DIRECTION('center_axis',(0.,0.,1.));
#10579=DIRECTION('ref_axis',(0.823316120710938,0.567583091165947,0.));
#10580=DIRECTION('center_axis',(0.,0.,1.));
#10581=DIRECTION('ref_axis',(0.978850032023659,0.204579116254032,0.));
#10582=DIRECTION('center_axis',(0.,0.,1.));
#10583=DIRECTION('ref_axis',(0.978850032016564,-0.20457911628798,0.));
#10584=DIRECTION('center_axis',(0.,0.,1.));
#10585=DIRECTION('ref_axis',(0.823316120809494,-0.567583091022985,0.));
#10586=DIRECTION('center_axis',(0.,0.,1.));
#10587=DIRECTION('ref_axis',(0.602932076812597,-0.797792523624062,0.));
#10588=DIRECTION('center_axis',(0.,0.,1.));
#10589=DIRECTION('ref_axis',(0.36080135940004,-0.932642685627825,0.));
#10590=DIRECTION('center_axis',(0.,0.,1.));
#10591=DIRECTION('ref_axis',(0.164497482783764,-0.986377502864803,0.));
#10592=DIRECTION('center_axis',(0.,0.,1.));
#10593=DIRECTION('ref_axis',(0.0474233106885362,-0.998874881856251,0.));
#10594=DIRECTION('center_axis',(0.,0.,1.));
#10595=DIRECTION('ref_axis',(-0.0986971502293747,-0.995117516947923,0.));
#10596=DIRECTION('center_axis',(0.,0.,1.));
#10597=DIRECTION('ref_axis',(-0.300202428493915,-0.953875516997032,0.));
#10598=DIRECTION('center_axis',(0.,0.,1.));
#10599=DIRECTION('ref_axis',(-0.597526159313932,-0.801849417868181,0.));
#10600=DIRECTION('',(0.599282431094488,-0.800537674179973,0.));
#10601=DIRECTION('center_axis',(0.,0.,-1.));
#10602=DIRECTION('ref_axis',(0.995842759039664,0.0910889634822493,0.));
#10603=DIRECTION('center_axis',(0.,0.,-1.));
#10604=DIRECTION('ref_axis',(0.85644223049264,0.516242874845543,0.));
#10605=DIRECTION('',(0.790180259570133,-0.61287450378171,0.));
#10606=DIRECTION('center_axis',(0.,0.,-1.));
#10607=DIRECTION('ref_axis',(0.437104599803999,0.899410678628059,0.));
#10608=DIRECTION('center_axis',(0.,0.,-1.));
#10609=DIRECTION('ref_axis',(0.188386471544331,0.982094973685884,0.));
#10610=DIRECTION('center_axis',(0.,0.,-1.));
#10611=DIRECTION('ref_axis',(0.028559773973622,0.999592086458559,0.));
#10612=DIRECTION('center_axis',(0.,0.,-1.));
#10613=DIRECTION('ref_axis',(-0.090535746066501,0.995893206465524,0.));
#10614=DIRECTION('center_axis',(0.,0.,-1.));
#10615=DIRECTION('ref_axis',(-0.280276001093175,0.959919456627075,0.));
#10616=DIRECTION('center_axis',(0.,0.,-1.));
#10617=DIRECTION('ref_axis',(-0.670118697948125,0.74225395294354,0.));
#10618=DIRECTION('center_axis',(0.,0.,-1.));
#10619=DIRECTION('ref_axis',(-0.953926110075794,0.300041624638424,0.));
#10620=DIRECTION('center_axis',(0.,0.,-1.));
#10621=DIRECTION('ref_axis',(-0.953926110060003,-0.300041624688626,0.));
#10622=DIRECTION('center_axis',(0.,0.,-1.));
#10623=DIRECTION('ref_axis',(-0.670118697948128,-0.742253952943537,0.));
#10624=DIRECTION('center_axis',(0.,0.,-1.));
#10625=DIRECTION('ref_axis',(-0.280276001093179,-0.959919456627074,0.));
#10626=DIRECTION('center_axis',(0.,0.,-1.));
#10627=DIRECTION('ref_axis',(-0.0905357460665054,-0.995893206465523,0.));
#10628=DIRECTION('center_axis',(0.,0.,-1.));
#10629=DIRECTION('ref_axis',(0.0285597739065406,-0.999592086460476,0.));
#10630=DIRECTION('center_axis',(0.,0.,-1.));
#10631=DIRECTION('ref_axis',(0.188386471544326,-0.982094973685885,0.));
#10632=DIRECTION('center_axis',(0.,0.,-1.));
#10633=DIRECTION('ref_axis',(0.437104600191928,-0.899410678439529,0.));
#10634=DIRECTION('',(-0.790180259811558,-0.612874503470441,0.));
#10635=DIRECTION('center_axis',(0.,0.,-1.));
#10636=DIRECTION('ref_axis',(0.856442230492638,-0.516242874845547,0.));
#10637=DIRECTION('center_axis',(0.,0.,-1.));
#10638=DIRECTION('ref_axis',(0.995842759032929,-0.0910889635558804,0.));
#10639=DIRECTION('center_axis',(0.,0.,-1.));
#10640=DIRECTION('ref_axis',(0.995842759032929,-0.0910889635558804,0.));
#10641=DIRECTION('center_axis',(2.20273657295567E-30,1.13610222371239E-32,
1.));
#10642=DIRECTION('ref_axis',(0.995842759032929,-0.0910889635558804,0.));
#10643=DIRECTION('',(0.,0.,-1.));
#10644=DIRECTION('',(0.,0.,-1.));
#10645=DIRECTION('center_axis',(0.,0.,-1.));
#10646=DIRECTION('ref_axis',(0.856442230492638,-0.516242874845547,0.));
#10647=DIRECTION('center_axis',(2.20273657295567E-30,1.13610222371239E-32,
1.));
#10648=DIRECTION('ref_axis',(0.856442230492638,-0.516242874845547,0.));
#10649=DIRECTION('',(0.,0.,-1.));
#10650=DIRECTION('center_axis',(-0.612874503470441,0.790180259811557,0.));
#10651=DIRECTION('ref_axis',(0.,0.,1.));
#10652=DIRECTION('',(0.790180259811557,0.612874503470441,-1.74752183837703E-30));
#10653=DIRECTION('',(0.,0.,-1.));
#10654=DIRECTION('center_axis',(0.,0.,-1.));
#10655=DIRECTION('ref_axis',(0.437104600191928,-0.899410678439529,0.));
#10656=DIRECTION('center_axis',(2.20273657295567E-30,1.13610222371239E-32,
1.));
#10657=DIRECTION('ref_axis',(0.437104600191928,-0.899410678439529,0.));
#10658=DIRECTION('',(0.,0.,-1.));
#10659=DIRECTION('center_axis',(0.,0.,-1.));
#10660=DIRECTION('ref_axis',(0.188386471544326,-0.982094973685885,0.));
#10661=DIRECTION('center_axis',(2.20273657295567E-30,1.13610222371239E-32,
1.));
#10662=DIRECTION('ref_axis',(0.188386471544326,-0.982094973685885,0.));
#10663=DIRECTION('',(0.,0.,-1.));
#10664=DIRECTION('center_axis',(0.,0.,-1.));
#10665=DIRECTION('ref_axis',(0.0285597739065406,-0.999592086460476,0.));
#10666=DIRECTION('center_axis',(2.20273657295567E-30,1.13610222371239E-32,
1.));
#10667=DIRECTION('ref_axis',(0.0285597739065406,-0.999592086460476,0.));
#10668=DIRECTION('',(0.,0.,-1.));
#10669=DIRECTION('center_axis',(0.,0.,-1.));
#10670=DIRECTION('ref_axis',(-0.0905357460665054,-0.995893206465523,0.));
#10671=DIRECTION('center_axis',(2.20273657295567E-30,1.13610222371239E-32,
1.));
#10672=DIRECTION('ref_axis',(-0.0905357460665054,-0.995893206465523,0.));
#10673=DIRECTION('',(0.,0.,-1.));
#10674=DIRECTION('center_axis',(0.,0.,-1.));
#10675=DIRECTION('ref_axis',(-0.280276001093179,-0.959919456627074,0.));
#10676=DIRECTION('center_axis',(2.20273657295567E-30,1.13610222371239E-32,
1.));
#10677=DIRECTION('ref_axis',(-0.280276001093179,-0.959919456627074,0.));
#10678=DIRECTION('',(0.,0.,-1.));
#10679=DIRECTION('center_axis',(0.,0.,-1.));
#10680=DIRECTION('ref_axis',(-0.670118697948128,-0.742253952943537,0.));
#10681=DIRECTION('center_axis',(2.20273657295567E-30,1.13610222371239E-32,
1.));
#10682=DIRECTION('ref_axis',(-0.670118697948128,-0.742253952943537,0.));
#10683=DIRECTION('',(0.,0.,-1.));
#10684=DIRECTION('center_axis',(0.,0.,-1.));
#10685=DIRECTION('ref_axis',(-0.953926110060003,-0.300041624688626,0.));
#10686=DIRECTION('center_axis',(2.20273657295567E-30,1.13610222371239E-32,
1.));
#10687=DIRECTION('ref_axis',(-0.953926110060003,-0.300041624688626,0.));
#10688=DIRECTION('',(0.,0.,-1.));
#10689=DIRECTION('center_axis',(-0.800537674179972,-0.599282431094489,0.));
#10690=DIRECTION('ref_axis',(0.,0.,-1.));
#10691=DIRECTION('',(-0.599282431094488,0.800537674179972,1.3109664021836E-30));
#10692=DIRECTION('',(0.,0.,-1.));
#10693=DIRECTION('',(0.,0.,-1.));
#10694=DIRECTION('center_axis',(0.,0.,-1.));
#10695=DIRECTION('ref_axis',(-0.597526159313932,-0.801849417868181,0.));
#10696=DIRECTION('center_axis',(-2.20273657295567E-30,-1.13610222371239E-32,
-1.));
#10697=DIRECTION('ref_axis',(-0.597526159313932,-0.801849417868181,0.));
#10698=DIRECTION('',(0.,0.,-1.));
#10699=DIRECTION('center_axis',(0.,0.,-1.));
#10700=DIRECTION('ref_axis',(-0.300202428493915,-0.953875516997032,0.));
#10701=DIRECTION('center_axis',(-2.20273657295567E-30,-1.13610222371239E-32,
-1.));
#10702=DIRECTION('ref_axis',(-0.300202428493915,-0.953875516997032,0.));
#10703=DIRECTION('',(0.,0.,-1.));
#10704=DIRECTION('center_axis',(0.,0.,-1.));
#10705=DIRECTION('ref_axis',(-0.0986971502293747,-0.995117516947923,0.));
#10706=DIRECTION('center_axis',(-2.20273657295567E-30,-1.13610222371239E-32,
-1.));
#10707=DIRECTION('ref_axis',(-0.0986971502293747,-0.995117516947923,0.));
#10708=DIRECTION('',(0.,0.,-1.));
#10709=DIRECTION('center_axis',(0.,0.,-1.));
#10710=DIRECTION('ref_axis',(0.0474233106885362,-0.998874881856251,0.));
#10711=DIRECTION('center_axis',(-2.20273657295567E-30,-1.13610222371239E-32,
-1.));
#10712=DIRECTION('ref_axis',(0.0474233106885362,-0.998874881856251,0.));
#10713=DIRECTION('',(0.,0.,-1.));
#10714=DIRECTION('center_axis',(0.,0.,-1.));
#10715=DIRECTION('ref_axis',(0.164497482783764,-0.986377502864803,0.));
#10716=DIRECTION('center_axis',(-2.20273657295567E-30,-1.13610222371239E-32,
-1.));
#10717=DIRECTION('ref_axis',(0.164497482783764,-0.986377502864803,0.));
#10718=DIRECTION('',(0.,0.,-1.));
#10719=DIRECTION('center_axis',(0.,0.,-1.));
#10720=DIRECTION('ref_axis',(0.36080135940004,-0.932642685627825,0.));
#10721=DIRECTION('center_axis',(-2.20273657295567E-30,-1.13610222371239E-32,
-1.));
#10722=DIRECTION('ref_axis',(0.36080135940004,-0.932642685627825,0.));
#10723=DIRECTION('',(0.,0.,-1.));
#10724=DIRECTION('center_axis',(0.,0.,-1.));
#10725=DIRECTION('ref_axis',(0.602932076812597,-0.797792523624062,0.));
#10726=DIRECTION('center_axis',(-2.20273657295567E-30,-1.13610222371239E-32,
-1.));
#10727=DIRECTION('ref_axis',(0.602932076812597,-0.797792523624062,0.));
#10728=DIRECTION('',(0.,0.,-1.));
#10729=DIRECTION('center_axis',(0.,0.,-1.));
#10730=DIRECTION('ref_axis',(0.823316120809494,-0.567583091022985,0.));
#10731=DIRECTION('center_axis',(-2.20273657295567E-30,-1.13610222371239E-32,
-1.));
#10732=DIRECTION('ref_axis',(0.823316120809494,-0.567583091022985,0.));
#10733=DIRECTION('',(0.,0.,-1.));
#10734=DIRECTION('center_axis',(0.,0.,-1.));
#10735=DIRECTION('ref_axis',(0.978850032016564,-0.20457911628798,0.));
#10736=DIRECTION('center_axis',(-2.20273657295567E-30,-1.13610222371239E-32,
-1.));
#10737=DIRECTION('ref_axis',(0.978850032016564,-0.20457911628798,0.));
#10738=DIRECTION('',(0.,0.,-1.));
#10739=DIRECTION('center_axis',(0.,0.,-1.));
#10740=DIRECTION('ref_axis',(0.978850032023659,0.204579116254032,0.));
#10741=DIRECTION('center_axis',(-2.20273657295567E-30,-1.13610222371239E-32,
-1.));
#10742=DIRECTION('ref_axis',(0.978850032023659,0.204579116254032,0.));
#10743=DIRECTION('',(0.,0.,-1.));
#10744=DIRECTION('center_axis',(0.,0.,-1.));
#10745=DIRECTION('ref_axis',(-0.953926110075794,0.300041624638424,0.));
#10746=DIRECTION('center_axis',(2.20273657295567E-30,1.13610222371239E-32,
1.));
#10747=DIRECTION('ref_axis',(-0.953926110075794,0.300041624638424,0.));
#10748=DIRECTION('',(0.,0.,-1.));
#10749=DIRECTION('center_axis',(0.,0.,-1.));
#10750=DIRECTION('ref_axis',(-0.670118697948125,0.74225395294354,0.));
#10751=DIRECTION('center_axis',(2.20273657295567E-30,1.13610222371239E-32,
1.));
#10752=DIRECTION('ref_axis',(-0.670118697948125,0.74225395294354,0.));
#10753=DIRECTION('',(0.,0.,-1.));
#10754=DIRECTION('center_axis',(0.,0.,-1.));
#10755=DIRECTION('ref_axis',(-0.280276001093175,0.959919456627075,0.));
#10756=DIRECTION('center_axis',(2.20273657295567E-30,1.13610222371239E-32,
1.));
#10757=DIRECTION('ref_axis',(-0.280276001093175,0.959919456627075,0.));
#10758=DIRECTION('',(0.,0.,-1.));
#10759=DIRECTION('center_axis',(0.,0.,-1.));
#10760=DIRECTION('ref_axis',(-0.090535746066501,0.995893206465524,0.));
#10761=DIRECTION('center_axis',(2.20273657295567E-30,1.13610222371239E-32,
1.));
#10762=DIRECTION('ref_axis',(-0.090535746066501,0.995893206465524,0.));
#10763=DIRECTION('',(0.,0.,-1.));
#10764=DIRECTION('center_axis',(0.,0.,-1.));
#10765=DIRECTION('ref_axis',(0.028559773973622,0.999592086458559,0.));
#10766=DIRECTION('center_axis',(2.20273657295567E-30,1.13610222371239E-32,
1.));
#10767=DIRECTION('ref_axis',(0.028559773973622,0.999592086458559,0.));
#10768=DIRECTION('',(0.,0.,-1.));
#10769=DIRECTION('center_axis',(0.,0.,-1.));
#10770=DIRECTION('ref_axis',(0.188386471544331,0.982094973685884,0.));
#10771=DIRECTION('center_axis',(2.20273657295567E-30,1.13610222371239E-32,
1.));
#10772=DIRECTION('ref_axis',(0.188386471544331,0.982094973685884,0.));
#10773=DIRECTION('',(0.,0.,-1.));
#10774=DIRECTION('center_axis',(0.,0.,-1.));
#10775=DIRECTION('ref_axis',(0.437104599803999,0.899410678628059,0.));
#10776=DIRECTION('center_axis',(2.20273657295567E-30,1.13610222371239E-32,
1.));
#10777=DIRECTION('ref_axis',(0.437104599803999,0.899410678628059,0.));
#10778=DIRECTION('',(0.,0.,-1.));
#10779=DIRECTION('center_axis',(-0.612874503781709,-0.790180259570133,0.));
#10780=DIRECTION('ref_axis',(0.,0.,-1.));
#10781=DIRECTION('',(-0.790180259570133,0.612874503781709,1.73359607611671E-30));
#10782=DIRECTION('',(0.,0.,-1.));
#10783=DIRECTION('center_axis',(0.,0.,-1.));
#10784=DIRECTION('ref_axis',(0.85644223049264,0.516242874845543,0.));
#10785=DIRECTION('center_axis',(2.20273657295567E-30,1.13610222371239E-32,
1.));
#10786=DIRECTION('ref_axis',(0.85644223049264,0.516242874845543,0.));
#10787=DIRECTION('',(0.,0.,-1.));
#10788=DIRECTION('center_axis',(0.,0.,-1.));
#10789=DIRECTION('ref_axis',(0.995842759039664,0.0910889634822493,0.));
#10790=DIRECTION('center_axis',(2.20273657295567E-30,1.13610222371239E-32,
1.));
#10791=DIRECTION('ref_axis',(0.995842759039664,0.0910889634822493,0.));
#10792=DIRECTION('center_axis',(0.,0.,-1.));
#10793=DIRECTION('ref_axis',(0.823316120710938,0.567583091165947,0.));
#10794=DIRECTION('center_axis',(-2.20273657295567E-30,-1.13610222371239E-32,
-1.));
#10795=DIRECTION('ref_axis',(0.823316120710938,0.567583091165947,0.));
#10796=DIRECTION('',(0.,0.,-1.));
#10797=DIRECTION('center_axis',(0.,0.,-1.));
#10798=DIRECTION('ref_axis',(0.602932076880557,0.797792523572701,0.));
#10799=DIRECTION('center_axis',(-2.20273657295567E-30,-1.13610222371239E-32,
-1.));
#10800=DIRECTION('ref_axis',(0.602932076880557,0.797792523572701,0.));
#10801=DIRECTION('',(0.,0.,-1.));
#10802=DIRECTION('center_axis',(0.,0.,-1.));
#10803=DIRECTION('ref_axis',(0.36080135948431,0.932642685595225,0.));
#10804=DIRECTION('center_axis',(-2.20273657295567E-30,-1.13610222371239E-32,
-1.));
#10805=DIRECTION('ref_axis',(0.36080135948431,0.932642685595225,0.));
#10806=DIRECTION('',(0.,0.,-1.));
#10807=DIRECTION('center_axis',(0.,0.,-1.));
#10808=DIRECTION('ref_axis',(0.164497482783769,0.986377502864803,0.));
#10809=DIRECTION('center_axis',(-2.20273657295567E-30,-1.13610222371239E-32,
-1.));
#10810=DIRECTION('ref_axis',(0.164497482783769,0.986377502864803,0.));
#10811=DIRECTION('',(0.,0.,-1.));
#10812=DIRECTION('center_axis',(0.,0.,-1.));
#10813=DIRECTION('ref_axis',(0.0474233106885408,0.99887488185625,0.));
#10814=DIRECTION('center_axis',(-2.20273657295567E-30,-1.13610222371239E-32,
-1.));
#10815=DIRECTION('ref_axis',(0.0474233106885408,0.99887488185625,0.));
#10816=DIRECTION('',(0.,0.,-1.));
#10817=DIRECTION('center_axis',(0.,0.,-1.));
#10818=DIRECTION('ref_axis',(-0.0986971503465812,0.995117516936299,0.));
#10819=DIRECTION('center_axis',(-2.20273657295567E-30,-1.13610222371239E-32,
-1.));
#10820=DIRECTION('ref_axis',(-0.0986971503465812,0.995117516936299,0.));
#10821=DIRECTION('',(0.,0.,-1.));
#10822=DIRECTION('center_axis',(0.,0.,-1.));
#10823=DIRECTION('ref_axis',(-0.300202428416165,0.953875517021502,0.));
#10824=DIRECTION('center_axis',(-2.20273657295567E-30,-1.13610222371239E-32,
-1.));
#10825=DIRECTION('ref_axis',(-0.300202428416165,0.953875517021502,0.));
#10826=DIRECTION('',(0.,0.,-1.));
#10827=DIRECTION('center_axis',(0.,0.,-1.));
#10828=DIRECTION('ref_axis',(-0.597526159208533,0.801849417946723,0.));
#10829=DIRECTION('center_axis',(-2.20273657295567E-30,-1.13610222371239E-32,
-1.));
#10830=DIRECTION('ref_axis',(-0.597526159208533,0.801849417946723,0.));
#10831=DIRECTION('',(0.,0.,-1.));
#10832=DIRECTION('center_axis',(-0.800537674708466,0.599282430388513,0.));
#10833=DIRECTION('ref_axis',(0.,0.,1.));
#10834=DIRECTION('',(0.599282430388513,0.800537674708466,-1.32915625327056E-30));
#10835=DIRECTION('',(0.,0.,-1.));
#10836=DIRECTION('center_axis',(0.,0.,-1.));
#10837=DIRECTION('ref_axis',(-0.954975888570019,0.296683420921867,0.));
#10838=DIRECTION('center_axis',(-2.20273657295567E-30,-1.13610222371239E-32,
-1.));
#10839=DIRECTION('ref_axis',(-0.954975888570019,0.296683420921867,0.));
#10840=DIRECTION('',(0.,0.,-1.));
#10841=DIRECTION('center_axis',(0.,0.,-1.));
#10842=DIRECTION('ref_axis',(-0.954975888559196,-0.296683420956708,0.));
#10843=DIRECTION('center_axis',(-2.20273657295567E-30,-1.13610222371239E-32,
-1.));
#10844=DIRECTION('ref_axis',(-0.954975888559196,-0.296683420956708,0.));
#10845=DIRECTION('center_axis',(2.20273657295567E-30,1.13610222371239E-32,
1.));
#10846=DIRECTION('ref_axis',(1.,-1.22462253195237E-15,-2.20273657295567E-30));
#10847=DIRECTION('center_axis',(6.33479711000667E-31,2.03226564705085E-30,
1.));
#10848=DIRECTION('ref_axis',(1.,-1.22462253195237E-15,-6.33479711000665E-31));
#10849=DIRECTION('center_axis',(-6.33479711000667E-31,-2.03226564705085E-30,
-1.));
#10850=DIRECTION('ref_axis',(1.,-2.30389158455306E-15,0.));
#10851=DIRECTION('center_axis',(0.,0.,-1.));
#10852=DIRECTION('ref_axis',(1.,-2.30389158455306E-15,0.));
#10853=DIRECTION('center_axis',(0.,0.,1.));
#10854=DIRECTION('ref_axis',(1.,-2.30389158455306E-15,0.));
#10855=DIRECTION('center_axis',(0.,0.,1.));
#10856=DIRECTION('ref_axis',(1.,-2.12020063147971E-15,0.));
#10857=DIRECTION('center_axis',(6.33479711000667E-31,2.03226564705085E-30,
1.));
#10858=DIRECTION('ref_axis',(1.,-1.22462253195237E-15,-6.33479711000665E-31));
#10859=DIRECTION('',(2.30389158455306E-15,1.,-2.03226564705085E-30));
#10860=DIRECTION('',(-0.974072003077973,-0.226238221394322,1.07683101639324E-30));
#10861=DIRECTION('',(-2.30389158455306E-15,-1.,2.03226564705085E-30));
#10862=DIRECTION('',(0.974072003078181,0.226238221393424,-1.07683101639155E-30));
#10863=DIRECTION('center_axis',(1.,-2.30389158455306E-15,0.));
#10864=DIRECTION('ref_axis',(0.,0.,1.));
#10865=DIRECTION('',(0.,0.,-1.));
#10866=DIRECTION('',(2.30389158455306E-15,1.,0.));
#10867=DIRECTION('',(0.,0.,-1.));
#10868=DIRECTION('center_axis',(0.226238221394322,-0.974072003077973,0.));
#10869=DIRECTION('ref_axis',(0.,0.,-1.));
#10870=DIRECTION('',(0.,0.,-1.));
#10871=DIRECTION('',(0.974072003077972,0.226238221394322,0.));
#10872=DIRECTION('center_axis',(-1.,2.30389158455306E-15,0.));
#10873=DIRECTION('ref_axis',(0.,0.,-1.));
#10874=DIRECTION('',(0.,0.,-1.));
#10875=DIRECTION('',(-2.30389158455306E-15,-1.,0.));
#10876=DIRECTION('center_axis',(-0.226238221393424,0.974072003078181,0.));
#10877=DIRECTION('ref_axis',(0.,0.,1.));
#10878=DIRECTION('',(-0.974072003078181,-0.226238221393424,0.));
#10879=DIRECTION('center_axis',(0.,0.,1.));
#10880=DIRECTION('ref_axis',(1.,-2.12020063147971E-15,0.));
#10881=DIRECTION('center_axis',(0.,0.,-1.));
#10882=DIRECTION('ref_axis',(0.650823793049514,0.759228812941555,0.));
#10883=DIRECTION('center_axis',(6.33479711000667E-31,2.03226564705085E-30,
1.));
#10884=DIRECTION('ref_axis',(0.650823793049514,0.759228812941555,0.));
#10885=DIRECTION('',(0.,0.,-1.));
#10886=DIRECTION('center_axis',(0.,0.,-1.));
#10887=DIRECTION('ref_axis',(0.650823793049514,0.759228812941555,0.));
#10888=DIRECTION('',(0.,0.,-1.));
#10889=DIRECTION('center_axis',(0.,0.,1.));
#10890=DIRECTION('ref_axis',(1.,-2.12020063147971E-15,0.));
#10891=DIRECTION('center_axis',(0.,0.,-1.));
#10892=DIRECTION('ref_axis',(0.297512812210452,0.954717825627357,0.));
#10893=DIRECTION('center_axis',(0.,0.,-1.));
#10894=DIRECTION('ref_axis',(-0.172351240941087,0.985035557604936,0.));
#10895=DIRECTION('center_axis',(0.,0.,-1.));
#10896=DIRECTION('ref_axis',(-0.5837268835874,0.811950075668044,0.));
#10897=DIRECTION('center_axis',(0.,0.,-1.));
#10898=DIRECTION('ref_axis',(-0.836369389810687,0.548166255608369,0.));
#10899=DIRECTION('center_axis',(0.,0.,-1.));
#10900=DIRECTION('ref_axis',(-0.949066817008989,0.315074874993907,0.));
#10901=DIRECTION('center_axis',(0.,0.,-1.));
#10902=DIRECTION('ref_axis',(-0.995510984643872,0.0946460746855808,0.));
#10903=DIRECTION('center_axis',(0.,0.,-1.));
#10904=DIRECTION('ref_axis',(-0.98670141770463,-0.162543262855383,0.));
#10905=DIRECTION('center_axis',(0.,0.,-1.));
#10906=DIRECTION('ref_axis',(-0.934200252113448,-0.356749055991983,0.));
#10907=DIRECTION('',(-0.974072003074813,-0.226238221407927,0.));
#10908=DIRECTION('',(-0.97407200317342,-0.226238220983373,0.));
#10909=DIRECTION('center_axis',(0.,0.,-1.));
#10910=DIRECTION('ref_axis',(0.997104626840112,0.0760418512007717,0.));
#10911=DIRECTION('center_axis',(0.,0.,-1.));
#10912=DIRECTION('ref_axis',(0.198582929856393,-0.980084088213685,0.));
#10913=DIRECTION('center_axis',(0.,0.,1.));
#10914=DIRECTION('ref_axis',(0.986102555786573,-0.166137742464465,0.));
#10915=DIRECTION('',(0.974072003075662,0.226238221404271,0.));
#10916=DIRECTION('center_axis',(0.,0.,1.));
#10917=DIRECTION('ref_axis',(-0.900850400473877,-0.434129653405587,0.));
#10918=DIRECTION('center_axis',(0.,0.,1.));
#10919=DIRECTION('ref_axis',(-0.997164178240052,-0.0752569042337029,0.));
#10920=DIRECTION('center_axis',(0.,0.,1.));
#10921=DIRECTION('ref_axis',(-0.967034231137137,0.254646413304813,0.));
#10922=DIRECTION('center_axis',(0.,0.,1.));
#10923=DIRECTION('ref_axis',(-0.894217339184473,0.447633053182897,0.));
#10924=DIRECTION('center_axis',(0.,0.,1.));
#10925=DIRECTION('ref_axis',(-0.741693568826019,0.670738883591911,0.));
#10926=DIRECTION('center_axis',(0.,0.,1.));
#10927=DIRECTION('ref_axis',(-0.364835761663164,0.931071891430333,0.));
#10928=DIRECTION('center_axis',(0.,0.,1.));
#10929=DIRECTION('ref_axis',(0.178254569248851,0.983984404623318,0.));
#10930=DIRECTION('center_axis',(0.,0.,1.));
#10931=DIRECTION('ref_axis',(0.609521618891402,0.792769447004616,0.));
#10932=DIRECTION('center_axis',(0.,0.,1.));
#10933=DIRECTION('ref_axis',(0.833469928796196,0.552564817729526,0.));
#10934=DIRECTION('center_axis',(0.,0.,-1.));
#10935=DIRECTION('ref_axis',(-0.359106531136481,0.933296576279547,0.));
#10936=DIRECTION('center_axis',(0.,0.,-1.));
#10937=DIRECTION('ref_axis',(-0.359106531136481,0.933296576279547,0.));
#10938=DIRECTION('center_axis',(6.33479711000667E-31,2.03226564705085E-30,
1.));
#10939=DIRECTION('ref_axis',(-0.359106531136481,0.933296576279547,0.));
#10940=DIRECTION('',(0.,0.,-1.));
#10941=DIRECTION('center_axis',(0.,0.,-1.));
#10942=DIRECTION('ref_axis',(0.833469928796196,0.552564817729526,0.));
#10943=DIRECTION('center_axis',(-6.33479711000667E-31,-2.03226564705085E-30,
-1.));
#10944=DIRECTION('ref_axis',(0.833469928796196,0.552564817729526,0.));
#10945=DIRECTION('',(0.,0.,-1.));
#10946=DIRECTION('center_axis',(0.,0.,-1.));
#10947=DIRECTION('ref_axis',(0.609521618891402,0.792769447004616,0.));
#10948=DIRECTION('center_axis',(-6.33479711000667E-31,-2.03226564705085E-30,
-1.));
#10949=DIRECTION('ref_axis',(0.609521618891402,0.792769447004616,0.));
#10950=DIRECTION('',(0.,0.,-1.));
#10951=DIRECTION('center_axis',(0.,0.,-1.));
#10952=DIRECTION('ref_axis',(0.178254569248851,0.983984404623318,0.));
#10953=DIRECTION('center_axis',(-6.33479711000667E-31,-2.03226564705085E-30,
-1.));
#10954=DIRECTION('ref_axis',(0.178254569248851,0.983984404623318,0.));
#10955=DIRECTION('',(0.,0.,-1.));
#10956=DIRECTION('center_axis',(0.,0.,-1.));
#10957=DIRECTION('ref_axis',(-0.364835761663164,0.931071891430333,0.));
#10958=DIRECTION('center_axis',(-6.33479711000667E-31,-2.03226564705085E-30,
-1.));
#10959=DIRECTION('ref_axis',(-0.364835761663164,0.931071891430333,0.));
#10960=DIRECTION('',(0.,0.,-1.));
#10961=DIRECTION('center_axis',(0.,0.,-1.));
#10962=DIRECTION('ref_axis',(-0.741693568826019,0.670738883591911,0.));
#10963=DIRECTION('center_axis',(-6.33479711000667E-31,-2.03226564705085E-30,
-1.));
#10964=DIRECTION('ref_axis',(-0.741693568826019,0.670738883591911,0.));
#10965=DIRECTION('',(0.,0.,-1.));
#10966=DIRECTION('center_axis',(0.,0.,-1.));
#10967=DIRECTION('ref_axis',(-0.894217339184473,0.447633053182897,0.));
#10968=DIRECTION('center_axis',(-6.33479711000667E-31,-2.03226564705085E-30,
-1.));
#10969=DIRECTION('ref_axis',(-0.894217339184473,0.447633053182897,0.));
#10970=DIRECTION('',(0.,0.,-1.));
#10971=DIRECTION('center_axis',(0.,0.,-1.));
#10972=DIRECTION('ref_axis',(-0.967034231137137,0.254646413304813,0.));
#10973=DIRECTION('center_axis',(-6.33479711000667E-31,-2.03226564705085E-30,
-1.));
#10974=DIRECTION('ref_axis',(-0.967034231137137,0.254646413304813,0.));
#10975=DIRECTION('',(0.,0.,-1.));
#10976=DIRECTION('center_axis',(0.,0.,-1.));
#10977=DIRECTION('ref_axis',(-0.997164178240052,-0.0752569042337029,0.));
#10978=DIRECTION('center_axis',(-6.33479711000667E-31,-2.03226564705085E-30,
-1.));
#10979=DIRECTION('ref_axis',(-0.997164178240052,-0.0752569042337029,0.));
#10980=DIRECTION('',(0.,0.,-1.));
#10981=DIRECTION('center_axis',(0.,0.,-1.));
#10982=DIRECTION('ref_axis',(-0.900850400473877,-0.434129653405587,0.));
#10983=DIRECTION('center_axis',(-6.33479711000667E-31,-2.03226564705085E-30,
-1.));
#10984=DIRECTION('ref_axis',(-0.900850400473877,-0.434129653405587,0.));
#10985=DIRECTION('',(0.,0.,-1.));
#10986=DIRECTION('center_axis',(0.226238221404271,-0.974072003075662,0.));
#10987=DIRECTION('ref_axis',(0.,0.,-1.));
#10988=DIRECTION('',(-0.974072003075662,-0.226238221404271,1.076831016412E-30));
#10989=DIRECTION('',(0.,0.,-1.));
#10990=DIRECTION('center_axis',(0.,0.,-1.));
#10991=DIRECTION('ref_axis',(0.986102555786573,-0.166137742464465,0.));
#10992=DIRECTION('center_axis',(-6.33479711000667E-31,-2.03226564705085E-30,
-1.));
#10993=DIRECTION('ref_axis',(0.986102555786573,-0.166137742464465,0.));
#10994=DIRECTION('',(0.,0.,-1.));
#10995=DIRECTION('center_axis',(0.,0.,-1.));
#10996=DIRECTION('ref_axis',(0.198582929856393,-0.980084088213685,0.));
#10997=DIRECTION('center_axis',(6.33479711000667E-31,2.03226564705085E-30,
1.));
#10998=DIRECTION('ref_axis',(0.198582929856393,-0.980084088213685,0.));
#10999=DIRECTION('',(0.,0.,-1.));
#11000=DIRECTION('center_axis',(0.,0.,-1.));
#11001=DIRECTION('ref_axis',(0.997104626840112,0.0760418512007717,0.));
#11002=DIRECTION('center_axis',(6.33479711000667E-31,2.03226564705085E-30,
1.));
#11003=DIRECTION('ref_axis',(0.997104626840112,0.0760418512007717,0.));
#11004=DIRECTION('',(0.,0.,-1.));
#11005=DIRECTION('center_axis',(-0.226238220983373,0.97407200317342,0.));
#11006=DIRECTION('ref_axis',(0.,0.,1.));
#11007=DIRECTION('',(0.97407200317342,0.226238220983373,-1.07683101561855E-30));
#11008=DIRECTION('',(0.,0.,-1.));
#11009=DIRECTION('center_axis',(-0.226238221407927,0.974072003074813,0.));
#11010=DIRECTION('ref_axis',(0.,0.,1.));
#11011=DIRECTION('',(0.974072003074813,0.226238221407927,-1.07683101641889E-30));
#11012=DIRECTION('',(0.,0.,-1.));
#11013=DIRECTION('center_axis',(0.,0.,-1.));
#11014=DIRECTION('ref_axis',(-0.934200252113448,-0.356749055991983,0.));
#11015=DIRECTION('center_axis',(6.33479711000667E-31,2.03226564705085E-30,
1.));
#11016=DIRECTION('ref_axis',(-0.934200252113448,-0.356749055991983,0.));
#11017=DIRECTION('',(0.,0.,-1.));
#11018=DIRECTION('center_axis',(0.,0.,-1.));
#11019=DIRECTION('ref_axis',(-0.98670141770463,-0.162543262855383,0.));
#11020=DIRECTION('center_axis',(6.33479711000667E-31,2.03226564705085E-30,
1.));
#11021=DIRECTION('ref_axis',(-0.98670141770463,-0.162543262855383,0.));
#11022=DIRECTION('',(0.,0.,-1.));
#11023=DIRECTION('center_axis',(0.,0.,-1.));
#11024=DIRECTION('ref_axis',(-0.995510984643872,0.0946460746855808,0.));
#11025=DIRECTION('center_axis',(6.33479711000667E-31,2.03226564705085E-30,
1.));
#11026=DIRECTION('ref_axis',(-0.995510984643872,0.0946460746855808,0.));
#11027=DIRECTION('',(0.,0.,-1.));
#11028=DIRECTION('center_axis',(0.,0.,-1.));
#11029=DIRECTION('ref_axis',(-0.949066817008989,0.315074874993907,0.));
#11030=DIRECTION('center_axis',(6.33479711000667E-31,2.03226564705085E-30,
1.));
#11031=DIRECTION('ref_axis',(-0.949066817008989,0.315074874993907,0.));
#11032=DIRECTION('',(0.,0.,-1.));
#11033=DIRECTION('center_axis',(0.,0.,-1.));
#11034=DIRECTION('ref_axis',(-0.836369389810687,0.548166255608369,0.));
#11035=DIRECTION('center_axis',(6.33479711000667E-31,2.03226564705085E-30,
1.));
#11036=DIRECTION('ref_axis',(-0.836369389810687,0.548166255608369,0.));
#11037=DIRECTION('',(0.,0.,-1.));
#11038=DIRECTION('center_axis',(0.,0.,-1.));
#11039=DIRECTION('ref_axis',(-0.5837268835874,0.811950075668044,0.));
#11040=DIRECTION('center_axis',(6.33479711000667E-31,2.03226564705085E-30,
1.));
#11041=DIRECTION('ref_axis',(-0.5837268835874,0.811950075668044,0.));
#11042=DIRECTION('',(0.,0.,-1.));
#11043=DIRECTION('center_axis',(0.,0.,-1.));
#11044=DIRECTION('ref_axis',(-0.172351240941087,0.985035557604936,0.));
#11045=DIRECTION('center_axis',(6.33479711000667E-31,2.03226564705085E-30,
1.));
#11046=DIRECTION('ref_axis',(-0.172351240941087,0.985035557604936,0.));
#11047=DIRECTION('',(0.,0.,-1.));
#11048=DIRECTION('center_axis',(0.,0.,-1.));
#11049=DIRECTION('ref_axis',(0.297512812210452,0.954717825627357,0.));
#11050=DIRECTION('center_axis',(6.33479711000667E-31,2.03226564705085E-30,
1.));
#11051=DIRECTION('ref_axis',(0.297512812210452,0.954717825627357,0.));
#11052=DIRECTION('center_axis',(6.33479711000667E-31,2.03226564705085E-30,
1.));
#11053=DIRECTION('ref_axis',(1.,-1.22462253195237E-15,-6.33479711000665E-31));
#11054=DIRECTION('center_axis',(0.,0.,-1.));
#11055=DIRECTION('ref_axis',(1.83697019872103E-16,1.,0.));
#11056=DIRECTION('',(-1.40831348502572E-15,-1.,0.));
#11057=DIRECTION('',(1.,-1.40831348502572E-15,0.));
#11058=DIRECTION('',(-6.73549672732298E-16,-1.,0.));
#11059=DIRECTION('',(-1.,1.40831348502572E-15,0.));
#11060=DIRECTION('center_axis',(-1.40831348502572E-15,-1.,0.));
#11061=DIRECTION('ref_axis',(0.,0.,-1.));
#11062=DIRECTION('',(0.,0.,-1.));
#11063=DIRECTION('',(0.,0.,1.));
#11064=DIRECTION('',(1.,1.17679726961777E-12,0.));
#11065=DIRECTION('',(0.,0.,1.));
#11066=DIRECTION('',(1.,-1.40831348502572E-15,0.));
#11067=DIRECTION('center_axis',(1.40831348502572E-15,1.,0.));
#11068=DIRECTION('ref_axis',(0.,0.,1.));
#11069=DIRECTION('',(0.,0.,1.));
#11070=DIRECTION('',(-1.,1.40831348502572E-15,0.));
#11071=DIRECTION('',(0.,0.,-1.));
#11072=DIRECTION('',(-1.,-2.15125587868576E-12,0.));
#11073=DIRECTION('',(0.,0.,1.));
#11074=DIRECTION('center_axis',(1.,-6.73549672732298E-16,0.));
#11075=DIRECTION('ref_axis',(0.,0.,1.));
#11076=DIRECTION('',(6.73549672732298E-16,1.,0.));
#11077=DIRECTION('center_axis',(-1.,6.73549672732298E-16,0.));
#11078=DIRECTION('ref_axis',(0.,0.,-1.));
#11079=DIRECTION('',(6.73549672732298E-16,1.,0.));
#11080=DIRECTION('',(6.73549672732298E-16,1.,0.));
#11081=DIRECTION('center_axis',(0.,0.,1.));
#11082=DIRECTION('ref_axis',(-6.73549672732298E-16,-1.,0.));
#11083=DIRECTION('center_axis',(0.,0.,-1.));
#11084=DIRECTION('ref_axis',(1.83697019872103E-16,1.,0.));
#11085=DIRECTION('',(-1.40831348502572E-15,-1.,0.));
#11086=DIRECTION('',(1.,-1.40831348502572E-15,0.));
#11087=DIRECTION('',(-6.73549672732298E-16,-1.,0.));
#11088=DIRECTION('',(-1.,9.11610801073539E-14,0.));
#11089=DIRECTION('center_axis',(-9.11610801073539E-14,-1.,0.));
#11090=DIRECTION('ref_axis',(0.,0.,-1.));
#11091=DIRECTION('',(0.,0.,-1.));
#11092=DIRECTION('',(0.,0.,1.));
#11093=DIRECTION('',(1.,1.17679726961777E-12,0.));
#11094=DIRECTION('',(0.,0.,1.));
#11095=DIRECTION('',(1.,-9.11610801073539E-14,0.));
#11096=DIRECTION('center_axis',(1.40831348502572E-15,1.,0.));
#11097=DIRECTION('ref_axis',(0.,0.,1.));
#11098=DIRECTION('',(0.,0.,1.));
#11099=DIRECTION('',(-1.,1.40831348502572E-15,0.));
#11100=DIRECTION('',(0.,0.,-1.));
#11101=DIRECTION('',(-1.,-2.15125587868576E-12,0.));
#11102=DIRECTION('',(0.,0.,1.));
#11103=DIRECTION('center_axis',(1.,-6.73549672732298E-16,0.));
#11104=DIRECTION('ref_axis',(0.,0.,1.));
#11105=DIRECTION('',(6.73549672732298E-16,1.,0.));
#11106=DIRECTION('center_axis',(-1.,6.73549672732298E-16,0.));
#11107=DIRECTION('ref_axis',(0.,0.,-1.));
#11108=DIRECTION('',(6.73549672732298E-16,1.,0.));
#11109=DIRECTION('',(6.73549672732298E-16,1.,0.));
#11110=DIRECTION('center_axis',(0.,0.,1.));
#11111=DIRECTION('ref_axis',(-6.73549672732298E-16,-1.,0.));
#11112=DIRECTION('center_axis',(-1.,-1.13619482753671E-12,0.));
#11113=DIRECTION('ref_axis',(0.,0.,-1.));
#11114=DIRECTION('',(1.13619482753671E-12,-1.,0.));
#11115=DIRECTION('',(0.,0.,1.));
#11116=DIRECTION('',(-1.13619482753671E-12,1.,0.));
#11117=DIRECTION('',(0.,0.,1.));
#11118=DIRECTION('center_axis',(1.40831348502572E-15,1.,0.));
#11119=DIRECTION('ref_axis',(0.,0.,1.));
#11120=DIRECTION('',(-1.,1.40831348502572E-15,0.));
#11121=DIRECTION('',(1.,-1.40831348502572E-15,0.));
#11122=DIRECTION('',(0.,0.,1.));
#11123=DIRECTION('center_axis',(-2.85625407789499E-13,-1.,0.));
#11124=DIRECTION('ref_axis',(0.,0.,-1.));
#11125=DIRECTION('',(0.,0.,-1.));
#11126=DIRECTION('',(-1.,2.85625407789499E-13,0.));
#11127=DIRECTION('',(0.,0.,1.));
#11128=DIRECTION('',(1.,-2.85625407789499E-13,0.));
#11129=DIRECTION('center_axis',(-1.,-1.98884611045114E-12,0.));
#11130=DIRECTION('ref_axis',(0.,0.,-1.));
#11131=DIRECTION('',(1.98884611045114E-12,-1.,0.));
#11132=DIRECTION('',(-1.98884611045114E-12,1.,0.));
#11133=DIRECTION('',(0.,0.,1.));
#11134=DIRECTION('center_axis',(1.40831348502572E-15,1.,0.));
#11135=DIRECTION('ref_axis',(0.,0.,1.));
#11136=DIRECTION('',(-1.,1.40831348502572E-15,0.));
#11137=DIRECTION('',(1.,-1.40831348502572E-15,0.));
#11138=DIRECTION('',(0.,0.,1.));
#11139=DIRECTION('center_axis',(-2.85625407789419E-13,-1.,0.));
#11140=DIRECTION('ref_axis',(0.,0.,-1.));
#11141=DIRECTION('',(0.,0.,-1.));
#11142=DIRECTION('',(-1.,2.85625407789419E-13,0.));
#11143=DIRECTION('',(0.,0.,1.));
#11144=DIRECTION('',(1.,-2.85625407789419E-13,0.));
#11145=DIRECTION('center_axis',(-1.,6.73549672732298E-16,0.));
#11146=DIRECTION('ref_axis',(0.,0.,-1.));
#11147=DIRECTION('',(-6.73549672732298E-16,-1.,0.));
#11148=DIRECTION('',(6.73549672732298E-16,1.,0.));
#11149=DIRECTION('',(0.,0.,1.));
#11150=DIRECTION('center_axis',(-2.82808780819367E-13,1.,0.));
#11151=DIRECTION('ref_axis',(0.,0.,1.));
#11152=DIRECTION('',(-1.,-2.82808780819367E-13,0.));
#11153=DIRECTION('',(1.,2.82808780819367E-13,0.));
#11154=DIRECTION('',(0.,0.,1.));
#11155=DIRECTION('center_axis',(2.82808780819313E-13,-1.,0.));
#11156=DIRECTION('ref_axis',(0.,0.,-1.));
#11157=DIRECTION('',(0.,0.,-1.));
#11158=DIRECTION('',(-1.,-2.82808780819313E-13,0.));
#11159=DIRECTION('',(0.,0.,1.));
#11160=DIRECTION('',(1.,2.82808780819313E-13,0.));
#11161=DIRECTION('center_axis',(-1.,-2.27306320475455E-12,0.));
#11162=DIRECTION('ref_axis',(0.,0.,-1.));
#11163=DIRECTION('',(2.27306320475455E-12,-1.,0.));
#11164=DIRECTION('',(-2.27306320475455E-12,1.,0.));
#11165=DIRECTION('',(0.,0.,1.));
#11166=DIRECTION('center_axis',(1.40831348502572E-15,1.,0.));
#11167=DIRECTION('ref_axis',(0.,0.,1.));
#11168=DIRECTION('',(-1.,1.40831348502572E-15,0.));
#11169=DIRECTION('',(1.,-1.40831348502572E-15,0.));
#11170=DIRECTION('',(0.,0.,1.));
#11171=DIRECTION('center_axis',(6.14395390840925E-13,-1.,0.));
#11172=DIRECTION('ref_axis',(0.,0.,-1.));
#11173=DIRECTION('',(0.,0.,-1.));
#11174=DIRECTION('',(-1.,-6.14395390840925E-13,0.));
#11175=DIRECTION('',(0.,0.,1.));
#11176=DIRECTION('',(1.,1.45507254311685E-12,0.));
#11177=DIRECTION('',(0.,0.,1.));
#11178=DIRECTION('',(1.,6.14395390840925E-13,0.));
#11179=DIRECTION('center_axis',(1.40831348502572E-15,1.,0.));
#11180=DIRECTION('ref_axis',(0.,0.,1.));
#11181=DIRECTION('',(0.,0.,1.));
#11182=DIRECTION('',(-1.,1.40831348502572E-15,0.));
#11183=DIRECTION('',(0.,0.,1.));
#11184=DIRECTION('',(1.,-1.40831348502572E-15,0.));
#11185=DIRECTION('center_axis',(1.40831348502572E-15,1.,0.));
#11186=DIRECTION('ref_axis',(0.,0.,1.));
#11187=DIRECTION('',(0.,0.,1.));
#11188=DIRECTION('',(-1.,1.40831348502572E-15,0.));
#11189=DIRECTION('',(0.,0.,1.));
#11190=DIRECTION('',(1.,-1.40831348502572E-15,0.));
#11191=DIRECTION('center_axis',(-1.40831348502572E-15,-1.,0.));
#11192=DIRECTION('ref_axis',(0.,0.,-1.));
#11193=DIRECTION('',(1.,-1.40831348502572E-15,0.));
#11194=DIRECTION('',(0.,0.,-1.));
#11195=DIRECTION('',(-1.,1.40831348502572E-15,0.));
#11196=DIRECTION('',(0.,0.,1.));
#11197=DIRECTION('center_axis',(2.82808780819529E-13,-1.,0.));
#11198=DIRECTION('ref_axis',(0.,0.,-1.));
#11199=DIRECTION('',(1.,2.82808780819529E-13,0.));
#11200=DIRECTION('',(0.,0.,-1.));
#11201=DIRECTION('',(-1.,-2.82808780819529E-13,0.));
#11202=DIRECTION('center_axis',(-1.,1.83697019872103E-16,0.));
#11203=DIRECTION('ref_axis',(0.,0.,-1.));
#11204=DIRECTION('',(0.,0.,1.));
#11205=DIRECTION('',(1.83697019872103E-16,1.,0.));
#11206=DIRECTION('',(0.,0.,-1.));
#11207=DIRECTION('',(-1.83697019872103E-16,-1.,0.));
#11208=DIRECTION('center_axis',(-6.73549672732298E-16,-1.,0.));
#11209=DIRECTION('ref_axis',(0.,0.,-1.));
#11210=DIRECTION('',(1.,-6.73549672732298E-16,0.));
#11211=DIRECTION('',(0.,0.,1.));
#11212=DIRECTION('',(-1.,6.73549672732298E-16,0.));
#11213=DIRECTION('center_axis',(0.,0.,-1.));
#11214=DIRECTION('ref_axis',(1.83697019872103E-16,1.,0.));
#11215=DIRECTION('',(-1.40831348502572E-15,-1.,0.));
#11216=DIRECTION('',(6.73549672732298E-16,1.,0.));
#11217=DIRECTION('',(-1.40831348502572E-15,-1.,0.));
#11218=DIRECTION('',(-6.73549672732298E-16,-1.,0.));
#11219=DIRECTION('',(1.,-6.73549672732298E-16,0.));
#11220=DIRECTION('',(-1.83697019872103E-16,-1.,0.));
#11221=DIRECTION('',(1.,-4.23934901211463E-14,0.));
#11222=DIRECTION('',(6.73549672732298E-16,1.,0.));
#11223=DIRECTION('',(1.,-6.73549672732298E-16,0.));
#11224=DIRECTION('',(8.98201215885824E-13,1.,0.));
#11225=DIRECTION('center_axis',(0.,0.,1.));
#11226=DIRECTION('ref_axis',(-0.707106781186551,-0.707106781186544,0.));
#11227=DIRECTION('',(1.,-1.40831348502572E-15,0.));
#11228=DIRECTION('',(-6.73549672732298E-16,-1.,0.));
#11229=DIRECTION('',(1.,-1.40831348502572E-15,0.));
#11230=DIRECTION('center_axis',(0.,0.,-1.));
#11231=DIRECTION('ref_axis',(-0.707106781186547,0.707106781186548,0.));
#11232=DIRECTION('',(6.73549672732298E-16,1.,0.));
#11233=DIRECTION('',(-1.,-7.572387018278E-13,0.));
#11234=DIRECTION('',(6.73549672732298E-16,1.,0.));
#11235=DIRECTION('',(-1.,-2.6463632689051E-12,0.));
#11236=DIRECTION('',(-6.07787950418466E-14,1.,0.));
#11237=DIRECTION('',(-1.,6.73549672732298E-16,0.));
#11238=DIRECTION('',(3.79629675410505E-13,1.,0.));
#11239=DIRECTION('',(-1.40831348502572E-15,-1.,0.));
#11240=DIRECTION('',(-1.40831348502572E-15,-1.,0.));
#11241=DIRECTION('',(-1.40831348502572E-15,-1.,0.));
#11242=DIRECTION('',(-1.40831348502572E-15,-1.,0.));
#11243=DIRECTION('center_axis',(1.,-1.83697019872103E-16,0.));
#11244=DIRECTION('ref_axis',(0.,0.,1.));
#11245=DIRECTION('',(1.38855939415853E-30,7.55896527404362E-15,1.));
#11246=DIRECTION('',(1.83697019872103E-16,1.,0.));
#11247=DIRECTION('',(0.,0.,1.));
#11248=DIRECTION('center_axis',(4.23934901211463E-14,1.,0.));
#11249=DIRECTION('ref_axis',(0.,0.,1.));
#11250=DIRECTION('',(1.,-1.83697019872103E-16,0.));
#11251=DIRECTION('',(0.,0.,1.));
#11252=DIRECTION('center_axis',(-1.,6.73549672732298E-16,0.));
#11253=DIRECTION('ref_axis',(0.,0.,-1.));
#11254=DIRECTION('',(-6.73549672732298E-16,-1.,0.));
#11255=DIRECTION('center_axis',(1.,-6.73549672732298E-16,0.));
#11256=DIRECTION('ref_axis',(0.,0.,1.));
#11257=DIRECTION('',(6.73549672732298E-16,1.,0.));
#11258=DIRECTION('',(0.,0.,1.));
#11259=DIRECTION('center_axis',(6.73549672732298E-16,1.,0.));
#11260=DIRECTION('ref_axis',(0.,0.,1.));
#11261=DIRECTION('',(-1.,6.73549672732298E-16,0.));
#11262=DIRECTION('',(0.,0.,-1.));
#11263=DIRECTION('',(-1.,6.73549672732298E-16,0.));
#11264=DIRECTION('center_axis',(-1.,6.73549672732298E-16,0.));
#11265=DIRECTION('ref_axis',(0.,0.,-1.));
#11266=DIRECTION('',(-6.73549672732298E-16,-1.,0.));
#11267=DIRECTION('',(0.,0.,1.));
#11268=DIRECTION('center_axis',(6.73549672732298E-16,1.,0.));
#11269=DIRECTION('ref_axis',(0.,0.,1.));
#11270=DIRECTION('',(-1.,6.73549672732298E-16,0.));
#11271=DIRECTION('',(0.,0.,1.));
#11272=DIRECTION('center_axis',(-1.,8.98201215885824E-13,0.));
#11273=DIRECTION('ref_axis',(0.,0.,-1.));
#11274=DIRECTION('',(-8.98201215885824E-13,-1.,0.));
#11275=DIRECTION('',(0.,0.,1.));
#11276=DIRECTION('',(8.98201215885824E-13,1.,0.));
#11277=DIRECTION('center_axis',(3.69387617960055E-13,1.,0.));
#11278=DIRECTION('ref_axis',(0.,0.,1.));
#11279=DIRECTION('',(1.,-3.69387617960055E-13,0.));
#11280=DIRECTION('',(-1.,3.69387617960055E-13,0.));
#11281=DIRECTION('',(0.,0.,1.));
#11282=DIRECTION('center_axis',(1.,-6.73549672732298E-16,0.));
#11283=DIRECTION('ref_axis',(0.,0.,1.));
#11284=DIRECTION('',(-6.73549672732298E-16,-1.,0.));
#11285=DIRECTION('',(6.73549672732298E-16,1.,0.));
#11286=DIRECTION('',(0.,0.,1.));
#11287=DIRECTION('',(-6.73549672732298E-16,-1.,0.));
#11288=DIRECTION('center_axis',(-6.73549672732298E-16,-1.,0.));
#11289=DIRECTION('ref_axis',(0.,0.,-1.));
#11290=DIRECTION('',(-1.,6.73549672732298E-16,0.));
#11291=DIRECTION('',(1.,-6.73549672732298E-16,0.));
#11292=DIRECTION('',(0.,0.,1.));
#11293=DIRECTION('center_axis',(-1.,6.73549672732298E-16,0.));
#11294=DIRECTION('ref_axis',(0.,0.,-1.));
#11295=DIRECTION('',(6.73549672732298E-16,1.,0.));
#11296=DIRECTION('',(-6.73549672732298E-16,-1.,0.));
#11297=DIRECTION('',(0.,0.,1.));
#11298=DIRECTION('center_axis',(-6.73549672732298E-16,-1.,0.));
#11299=DIRECTION('ref_axis',(0.,0.,-1.));
#11300=DIRECTION('',(0.,0.,1.));
#11301=DIRECTION('',(1.,-6.73549672732298E-16,0.));
#11302=DIRECTION('',(0.,0.,1.));
#11303=DIRECTION('center_axis',(-1.,3.79629675410505E-13,0.));
#11304=DIRECTION('ref_axis',(0.,0.,-1.));
#11305=DIRECTION('',(-3.79629675410505E-13,-1.,0.));
#11306=DIRECTION('center_axis',(-1.,2.84890643976778E-13,0.));
#11307=DIRECTION('ref_axis',(0.,0.,-1.));
#11308=DIRECTION('',(2.84890643976778E-13,1.,0.));
#11309=DIRECTION('',(0.,0.,1.));
#11310=DIRECTION('',(2.84890643976778E-13,1.,0.));
#11311=DIRECTION('center_axis',(-1.,6.73549672732298E-16,0.));
#11312=DIRECTION('ref_axis',(0.,0.,-1.));
#11313=DIRECTION('',(6.73549672732298E-16,1.,0.));
#11314=DIRECTION('',(6.73549672732298E-16,1.,0.));
#11315=DIRECTION('',(0.,0.,1.));
#11316=DIRECTION('center_axis',(-1.09699246972118E-12,1.,0.));
#11317=DIRECTION('ref_axis',(0.,0.,1.));
#11318=DIRECTION('',(1.,1.09699246972118E-12,0.));
#11319=DIRECTION('',(1.,1.09699246972118E-12,0.));
#11320=DIRECTION('',(0.,0.,1.));
#11321=DIRECTION('center_axis',(1.,1.10240438348654E-13,0.));
#11322=DIRECTION('ref_axis',(0.,0.,1.));
#11323=DIRECTION('',(1.10240438348654E-13,-1.,0.));
#11324=DIRECTION('',(1.10240438348654E-13,-1.,0.));
#11325=DIRECTION('',(0.,0.,1.));
#11326=DIRECTION('center_axis',(-8.87913227921991E-13,1.,0.));
#11327=DIRECTION('ref_axis',(0.,0.,1.));
#11328=DIRECTION('',(1.,8.87913227921991E-13,0.));
#11329=DIRECTION('',(1.,8.87913227921991E-13,0.));
#11330=DIRECTION('',(0.,0.,1.));
#11331=DIRECTION('center_axis',(1.,-6.73549672732298E-16,0.));
#11332=DIRECTION('ref_axis',(0.,0.,1.));
#11333=DIRECTION('',(-6.73549672732298E-16,-1.,0.));
#11334=DIRECTION('',(-6.73549672732298E-16,-1.,0.));
#11335=DIRECTION('',(0.,0.,1.));
#11336=DIRECTION('center_axis',(3.66562222801042E-13,1.,0.));
#11337=DIRECTION('ref_axis',(0.,0.,1.));
#11338=DIRECTION('',(1.,-3.66562222801042E-13,0.));
#11339=DIRECTION('',(1.,-3.66562222801042E-13,0.));
#11340=DIRECTION('',(0.,0.,1.));
#11341=DIRECTION('center_axis',(-1.,1.54651207986459E-13,0.));
#11342=DIRECTION('ref_axis',(0.,0.,-1.));
#11343=DIRECTION('',(1.54651207986459E-13,1.,0.));
#11344=DIRECTION('',(1.54651207986459E-13,1.,0.));
#11345=DIRECTION('',(0.,0.,1.));
#11346=DIRECTION('center_axis',(-6.73549672732298E-16,-1.,0.));
#11347=DIRECTION('ref_axis',(0.,0.,-1.));
#11348=DIRECTION('',(-1.,6.73549672732298E-16,0.));
#11349=DIRECTION('',(-1.,6.73549672732298E-16,0.));
#11350=DIRECTION('',(0.,0.,1.));
#11351=DIRECTION('center_axis',(1.,-6.73549672732298E-16,0.));
#11352=DIRECTION('ref_axis',(0.,0.,1.));
#11353=DIRECTION('',(-6.73549672732298E-16,-1.,0.));
#11354=DIRECTION('',(-6.73549672732298E-16,-1.,0.));
#11355=DIRECTION('',(0.,0.,1.));
#11356=DIRECTION('center_axis',(-6.33973222090816E-14,-1.,0.));
#11357=DIRECTION('ref_axis',(0.,0.,-1.));
#11358=DIRECTION('',(-1.,6.33973222090816E-14,0.));
#11359=DIRECTION('',(-1.,6.33973222090816E-14,0.));
#11360=DIRECTION('center_axis',(0.,0.,1.));
#11361=DIRECTION('ref_axis',(-6.73549672732298E-16,-1.,0.));
#11362=DIRECTION('',(1.,2.6463632689051E-12,0.));
#11363=DIRECTION('',(-6.73549672732298E-16,-1.,0.));
#11364=DIRECTION('',(1.,7.572387018278E-13,0.));
#11365=DIRECTION('',(6.07787950418466E-14,-1.,0.));
#11366=DIRECTION('center_axis',(7.572387018278E-13,-1.,0.));
#11367=DIRECTION('ref_axis',(0.,0.,-1.));
#11368=DIRECTION('',(0.,0.,1.));
#11369=DIRECTION('center_axis',(-1.,6.73549672732298E-16,0.));
#11370=DIRECTION('ref_axis',(0.,0.,-1.));
#11371=DIRECTION('',(0.,0.,1.));
#11372=DIRECTION('center_axis',(2.6463632689051E-12,-1.,0.));
#11373=DIRECTION('ref_axis',(0.,0.,-1.));
#11374=DIRECTION('center_axis',(-1.,-6.07787950418466E-14,0.));
#11375=DIRECTION('ref_axis',(0.,0.,-1.));
#11376=DIRECTION('center_axis',(-6.73549672732298E-16,-1.,0.));
#11377=DIRECTION('ref_axis',(0.,0.,-1.));
#11378=DIRECTION('',(1.,-6.73549672732298E-16,0.));
#11379=DIRECTION('',(0.,0.,1.));
#11380=DIRECTION('',(1.,-6.73549672732298E-16,0.));
#11381=DIRECTION('',(0.,0.,1.));
#11382=DIRECTION('',(-1.,6.73549672732298E-16,0.));
#11383=DIRECTION('',(0.,0.,1.));
#11384=DIRECTION('center_axis',(-1.,1.83697019872103E-16,0.));
#11385=DIRECTION('ref_axis',(0.,0.,-1.));
#11386=DIRECTION('',(-1.83697019872103E-16,-1.,0.));
#11387=DIRECTION('',(0.,0.,-1.));
#11388=DIRECTION('',(-1.83697019872103E-16,-1.,0.));
#11389=DIRECTION('center_axis',(0.,0.,1.));
#11390=DIRECTION('ref_axis',(-6.73549672732298E-16,-1.,0.));
#11391=DIRECTION('',(-1.,-2.15872807889306E-13,0.));
#11392=DIRECTION('',(-6.73549672732298E-16,-1.,0.));
#11393=DIRECTION('center_axis',(0.,0.,-1.));
#11394=DIRECTION('ref_axis',(1.83697019872103E-16,1.,0.));
#11395=DIRECTION('',(-1.40831348502572E-15,-1.,0.));
#11396=DIRECTION('',(6.73549672732298E-16,1.,0.));
#11397=DIRECTION('',(1.,2.15872807889306E-13,0.));
#11398=DIRECTION('center_axis',(-1.,6.73549672732298E-16,0.));
#11399=DIRECTION('ref_axis',(0.,0.,-1.));
#11400=DIRECTION('',(0.,0.,1.));
#11401=DIRECTION('center_axis',(-2.15872807889306E-13,1.,0.));
#11402=DIRECTION('ref_axis',(0.,0.,1.));
#11403=DIRECTION('',(-1.,-2.15872807889306E-13,0.));
#11404=DIRECTION('',(0.,0.,-1.));
#11405=DIRECTION('center_axis',(-1.,1.40831348502572E-15,0.));
#11406=DIRECTION('ref_axis',(0.,0.,-1.));
#11407=DIRECTION('',(-1.40831348502572E-15,-1.,0.));
#11408=DIRECTION('',(-1.40831348502572E-15,-1.,0.));
#11409=DIRECTION('center_axis',(-1.,1.40831348502572E-15,0.));
#11410=DIRECTION('ref_axis',(0.,0.,-1.));
#11411=DIRECTION('',(-1.40831348502572E-15,-1.,0.));
#11412=DIRECTION('',(-1.40831348502572E-15,-1.,0.));
#11413=DIRECTION('center_axis',(-1.,1.40831348502572E-15,0.));
#11414=DIRECTION('ref_axis',(0.,0.,-1.));
#11415=DIRECTION('',(-1.40831348502572E-15,-1.,0.));
#11416=DIRECTION('',(0.,0.,1.));
#11417=DIRECTION('',(-1.40831348502572E-15,-1.,0.));
#11418=DIRECTION('center_axis',(-1.,1.40831348502572E-15,0.));
#11419=DIRECTION('ref_axis',(0.,0.,-1.));
#11420=DIRECTION('',(-1.40831348502572E-15,-1.,0.));
#11421=DIRECTION('',(-1.40831348502572E-15,-1.,0.));
#11422=DIRECTION('center_axis',(-1.,1.40831348502572E-15,0.));
#11423=DIRECTION('ref_axis',(0.,0.,-1.));
#11424=DIRECTION('',(-1.40831348502572E-15,-1.,0.));
#11425=DIRECTION('',(-1.40831348502572E-15,-1.,0.));
#11426=DIRECTION('center_axis',(-1.,1.40831348502572E-15,0.));
#11427=DIRECTION('ref_axis',(0.,0.,-1.));
#11428=DIRECTION('',(-1.40831348502572E-15,-1.,0.));
#11429=DIRECTION('',(-1.40831348502572E-15,-1.,0.));
#11430=DIRECTION('center_axis',(-1.,1.40831348502572E-15,0.));
#11431=DIRECTION('ref_axis',(0.,0.,-1.));
#11432=DIRECTION('',(-1.40831348502572E-15,-1.,0.));
#11433=DIRECTION('',(0.,0.,-1.));
#11434=DIRECTION('',(-1.40831348502572E-15,-1.,0.));
#11435=DIRECTION('center_axis',(-1.,1.40831348502572E-15,0.));
#11436=DIRECTION('ref_axis',(0.,0.,-1.));
#11437=DIRECTION('',(-1.40831348502572E-15,-1.,0.));
#11438=DIRECTION('',(-1.40831348502572E-15,-1.,0.));
#11439=DIRECTION('center_axis',(-1.,1.40831348502572E-15,0.));
#11440=DIRECTION('ref_axis',(0.,0.,-1.));
#11441=DIRECTION('',(-1.40831348502572E-15,-1.,0.));
#11442=DIRECTION('',(-1.40831348502572E-15,-1.,0.));
#11443=DIRECTION('center_axis',(0.,0.,1.));
#11444=DIRECTION('ref_axis',(-4.28626379701574E-16,-1.,0.));
#11445=DIRECTION('center_axis',(0.,0.,1.));
#11446=DIRECTION('ref_axis',(-4.28626379701574E-16,-1.,0.));
#11447=DIRECTION('center_axis',(0.,0.,1.));
#11448=DIRECTION('ref_axis',(-4.28626379701574E-16,-1.,0.));
#11449=DIRECTION('center_axis',(0.,0.,1.));
#11450=DIRECTION('ref_axis',(-4.28626379701574E-16,-1.,0.));
#11451=DIRECTION('center_axis',(0.,0.,1.));
#11452=DIRECTION('ref_axis',(-4.28626379701574E-16,-1.,0.));
#11453=DIRECTION('center_axis',(1.,-1.40831348502572E-15,0.));
#11454=DIRECTION('ref_axis',(0.,0.,1.));
#11455=DIRECTION('',(-1.40831348502572E-15,-1.,0.));
#11456=DIRECTION('',(0.,0.,-1.));
#11457=DIRECTION('',(-1.40831348502572E-15,-1.,0.));
#11458=DIRECTION('center_axis',(1.,-1.40831348502572E-15,0.));
#11459=DIRECTION('ref_axis',(0.,0.,1.));
#11460=DIRECTION('',(-1.40831348502572E-15,-1.,0.));
#11461=DIRECTION('',(0.,0.,1.));
#11462=DIRECTION('',(-1.40831348502572E-15,-1.,0.));
#11463=DIRECTION('center_axis',(0.,0.,-1.));
#11464=DIRECTION('ref_axis',(4.44089209850063E-16,1.,0.));
#11465=DIRECTION('center_axis',(0.,0.,-1.));
#11466=DIRECTION('ref_axis',(-1.,0.,0.));
#11467=DIRECTION('center_axis',(0.,0.,1.));
#11468=DIRECTION('ref_axis',(-1.,0.,0.));
#11469=DIRECTION('center_axis',(0.,0.,-1.));
#11470=DIRECTION('ref_axis',(-1.,0.,0.));
#11471=DIRECTION('center_axis',(0.,0.,-1.));
#11472=DIRECTION('ref_axis',(-1.,0.,0.));
#11473=DIRECTION('center_axis',(0.,0.,1.));
#11474=DIRECTION('ref_axis',(1.,0.,0.));
#11475=DIRECTION('center_axis',(0.,0.,1.));
#11476=DIRECTION('ref_axis',(-4.28626379701574E-16,-1.,0.));
#11477=DIRECTION('center_axis',(0.,0.,-1.));
#11478=DIRECTION('ref_axis',(-0.707106781186547,0.707106781186548,0.));
#11479=DIRECTION('',(1.40831348502572E-15,1.,0.));
#11480=DIRECTION('center_axis',(0.,0.,1.));
#11481=DIRECTION('ref_axis',(0.707106781186542,-0.707106781186553,0.));
#11482=DIRECTION('',(1.,-4.28626379701574E-16,0.));
#11483=DIRECTION('center_axis',(0.,0.,1.));
#11484=DIRECTION('ref_axis',(-0.707106781186558,-0.707106781186537,0.));
#11485=DIRECTION('',(-1.40831348502572E-15,-1.,0.));
#11486=DIRECTION('center_axis',(0.,0.,-1.));
#11487=DIRECTION('ref_axis',(0.707106781186548,0.707106781186547,0.));
#11488=DIRECTION('',(1.,-1.40831348502572E-15,0.));
#11489=DIRECTION('center_axis',(-0.171087869746082,-0.171087869746082,-0.970287525247798));
#11490=DIRECTION('ref_axis',(0.686096888803432,0.68609688880343,-0.24195478575243));
#11491=DIRECTION('',(-0.171087869746082,-0.171087869746082,-0.970287525247798));
#11492=DIRECTION('center_axis',(0.0801223837474844,0.0801223837474845,-0.993559664662994));
#11493=DIRECTION('ref_axis',(0.702552776396636,0.702552776396635,0.113310161745354));
#11494=DIRECTION('',(-0.171087869746082,-0.171087869746082,-0.970287525247798));
#11495=DIRECTION('center_axis',(-0.9848077530122,1.38691803872496E-15,0.173648177666979));
#11496=DIRECTION('ref_axis',(-0.173648177666979,2.44551070258549E-16,-0.9848077530122));
#11497=DIRECTION('center_axis',(0.9848077530122,-1.38691803872496E-15,-0.173648177666979));
#11498=DIRECTION('ref_axis',(-0.173648177666979,2.44551070258549E-16,-0.9848077530122));
#11499=DIRECTION('',(-0.171087869746082,-0.171087869746082,-0.970287525247798));
#11500=DIRECTION('',(-1.40831348502572E-15,-1.,0.));
#11501=DIRECTION('center_axis',(0.,0.,-1.));
#11502=DIRECTION('ref_axis',(-0.707106781186558,-0.707106781186537,0.));
#11503=DIRECTION('center_axis',(1.38691803872496E-15,0.9848077530122,-0.173648177666979));
#11504=DIRECTION('ref_axis',(-2.56600333072929E-16,-0.173648177666979,-0.9848077530122));
#11505=DIRECTION('center_axis',(-0.0861865342617347,-0.0861865342621774,
-0.992544085985013));
#11506=DIRECTION('ref_axis',(-0.701834653824804,-0.701834653828409,0.121886165647192));
#11507=DIRECTION('center_axis',(-1.40831348502572E-15,-1.,0.));
#11508=DIRECTION('ref_axis',(0.,0.,-1.));
#11509=DIRECTION('',(-1.,1.40831348502572E-15,0.));
#11510=DIRECTION('',(0.,0.,-1.));
#11511=DIRECTION('',(-1.,1.40831348502572E-15,0.));
#11512=DIRECTION('',(-1.,1.40831348502572E-15,0.));
#11513=DIRECTION('',(0.,0.,1.));
#11514=DIRECTION('center_axis',(0.,0.,1.));
#11515=DIRECTION('ref_axis',(-4.28626379701574E-16,-1.,0.));
#11516=DIRECTION('center_axis',(0.,0.,1.));
#11517=DIRECTION('ref_axis',(-0.707106781186547,0.707106781186548,0.));
#11518=DIRECTION('',(1.,-1.40831348502572E-15,0.));
#11519=DIRECTION('center_axis',(0.,0.,1.));
#11520=DIRECTION('ref_axis',(0.707106781186548,0.707106781186547,0.));
#11521=DIRECTION('center_axis',(0.,0.,1.));
#11522=DIRECTION('ref_axis',(0.707106781186547,-0.707106781186548,0.));
#11523=DIRECTION('center_axis',(0.,0.,1.));
#11524=DIRECTION('ref_axis',(-0.707106781186548,-0.707106781186547,0.));
#11525=DIRECTION('center_axis',(-0.171087869746082,-0.171087869746082,0.970287525247798));
#11526=DIRECTION('ref_axis',(-0.686096888803435,-0.686096888803427,-0.241954785752431));
#11527=DIRECTION('center_axis',(0.,0.,1.));
#11528=DIRECTION('ref_axis',(-0.707106781186551,-0.707106781186544,0.));
#11529=DIRECTION('',(0.171087869746082,0.171087869746082,-0.970287525247798));
#11530=DIRECTION('center_axis',(-0.0801223837474832,-0.0801223837474855,
-0.993559664662994));
#11531=DIRECTION('ref_axis',(-0.702552776396638,-0.702552776396633,0.113310161745354));
#11532=DIRECTION('',(0.171087869746082,0.171087869746082,-0.970287525247798));
#11533=DIRECTION('center_axis',(0.9848077530122,-1.38691803872496E-15,0.173648177666979));
#11534=DIRECTION('ref_axis',(-0.173648177666979,2.44551070258549E-16,0.9848077530122));
#11535=DIRECTION('',(-1.40831348502572E-15,-1.,0.));
#11536=DIRECTION('center_axis',(-0.9848077530122,1.38691803872496E-15,-0.173648177666979));
#11537=DIRECTION('ref_axis',(0.173648177666979,-2.44551070258549E-16,-0.9848077530122));
#11538=DIRECTION('',(0.171087869746082,0.171087869746082,-0.970287525247798));
#11539=DIRECTION('',(1.40831348502572E-15,1.,0.));
#11540=DIRECTION('center_axis',(0.,0.,-1.));
#11541=DIRECTION('ref_axis',(0.707106781186556,0.707106781186539,0.));
#11542=DIRECTION('center_axis',(0.,0.,-1.));
#11543=DIRECTION('ref_axis',(0.707106781186556,0.707106781186539,0.));
#11544=DIRECTION('center_axis',(-1.38691803872496E-15,-0.9848077530122,
-0.173648177666979));
#11545=DIRECTION('ref_axis',(2.68649595887309E-16,0.173648177666979,-0.9848077530122));
#11546=DIRECTION('center_axis',(0.0861865342617565,0.0861865342622278,-0.992544085985007));
#11547=DIRECTION('ref_axis',(0.701834653824683,0.701834653828521,0.121886165647243));
#11548=DIRECTION('center_axis',(-1.,1.40831348502572E-15,0.));
#11549=DIRECTION('ref_axis',(9.05246458728983E-16,0.642787609686523,0.766044443118992));
#11550=DIRECTION('',(-1.,1.40831348502572E-15,0.));
#11551=DIRECTION('center_axis',(-1.,1.40831348502572E-15,0.));
#11552=DIRECTION('ref_axis',(9.05246458728983E-16,0.642787609686523,0.766044443118992));
#11553=DIRECTION('',(1.,-1.40831348502572E-15,0.));
#11554=DIRECTION('center_axis',(0.707106781186545,-0.70710678118655,0.));
#11555=DIRECTION('ref_axis',(0.70710678118655,0.707106781186545,-9.81307786677361E-17));
#11556=DIRECTION('center_axis',(0.765208425772377,0.111791679223469,-0.63400211796441));
#11557=DIRECTION('ref_axis',(0.643782622572992,-0.13287704867079,0.753583190370898));
#11558=DIRECTION('center_axis',(-1.38691803872496E-15,-0.9848077530122,
-0.173648177666979));
#11559=DIRECTION('ref_axis',(2.44551070258549E-16,0.173648177666979,-0.9848077530122));
#11560=DIRECTION('',(-1.,4.28626379701574E-16,0.));
#11561=DIRECTION('center_axis',(-1.38691803872496E-15,-0.9848077530122,
-0.173648177666979));
#11562=DIRECTION('ref_axis',(2.32501807444169E-16,0.173648177666979,-0.9848077530122));
#11563=DIRECTION('',(-0.171087869745971,0.171087869746085,-0.970287525247817));
#11564=DIRECTION('',(-0.171087869746082,-0.171087869746082,0.970287525247798));
#11565=DIRECTION('center_axis',(0.,0.,1.));
#11566=DIRECTION('ref_axis',(0.707106781186548,0.707106781186547,0.));
#11567=DIRECTION('center_axis',(-0.984807753012203,1.38691803872497E-15,
-0.173648177666958));
#11568=DIRECTION('ref_axis',(0.173648177666958,-2.32501807444141E-16,-0.984807753012203));
#11569=DIRECTION('',(0.,0.,1.));
#11570=DIRECTION('center_axis',(-1.38691803872496E-15,-0.9848077530122,
-0.173648177666979));
#11571=DIRECTION('ref_axis',(2.56600333072929E-16,0.173648177666979,-0.9848077530122));
#11572=DIRECTION('center_axis',(0.0861865342617046,0.0861865342617153,-0.992544085985056));
#11573=DIRECTION('ref_axis',(0.701834653826638,0.701834653826636,0.121886165646844));
#11574=DIRECTION('center_axis',(0.984807753012203,-1.38691803872497E-15,
0.173648177666958));
#11575=DIRECTION('ref_axis',(-0.173648177666958,2.44551070258519E-16,0.984807753012203));
#11576=DIRECTION('',(0.171087869746061,0.171087869746082,-0.970287525247801));
#11577=DIRECTION('',(1.40831348502572E-15,1.,0.));
#11578=DIRECTION('',(-0.171087869746061,0.171087869746083,0.970287525247801));
#11579=DIRECTION('center_axis',(-0.984807753012203,1.38691803872497E-15,
-0.173648177666958));
#11580=DIRECTION('ref_axis',(0.173648177666958,-2.56600333072898E-16,-0.984807753012203));
#11581=DIRECTION('center_axis',(-0.171087869746061,-0.171087869746082,0.970287525247801));
#11582=DIRECTION('ref_axis',(0.68609688880344,0.686096888803426,0.241954785752421));
#11583=DIRECTION('',(-0.171087869746061,-0.171087869746082,0.970287525247801));
#11584=DIRECTION('center_axis',(-0.171087869746061,-0.171087869746093,0.970287525247799));
#11585=DIRECTION('ref_axis',(0.68609688880344,0.686096888803426,0.241954785752421));
#11586=DIRECTION('center_axis',(0.,0.,-1.));
#11587=DIRECTION('ref_axis',(0.707106781186547,-0.707106781186548,0.));
#11588=DIRECTION('center_axis',(0.0861865342617551,-0.0861865342617661,
-0.992544085985047));
#11589=DIRECTION('ref_axis',(0.70183465382663,-0.701834653826631,0.121886165646915));
#11590=DIRECTION('center_axis',(1.38691803872496E-15,0.9848077530122,-0.173648177666979));
#11591=DIRECTION('ref_axis',(-2.32501807444169E-16,-0.173648177666979,-0.9848077530122));
#11592=DIRECTION('center_axis',(0.171087869746061,-0.171087869746083,-0.970287525247801));
#11593=DIRECTION('ref_axis',(0.686096888803427,-0.686096888803441,0.241954785752415));
#11594=DIRECTION('center_axis',(-0.171087869746061,0.171087869746086,0.970287525247801));
#11595=DIRECTION('ref_axis',(0.686096888803432,-0.686096888803434,0.241954785752419));
#11596=DIRECTION('',(0.171087869746061,-0.171087869746083,-0.970287525247801));
#11597=DIRECTION('center_axis',(0.,0.,1.));
#11598=DIRECTION('ref_axis',(-0.707106781186548,-0.707106781186547,0.));
#11599=DIRECTION('center_axis',(0.984807753012219,-1.38691803872499E-15,
-0.173648177666867));
#11600=DIRECTION('ref_axis',(-0.173648177666867,2.32501807444019E-16,-0.984807753012219));
#11601=DIRECTION('center_axis',(1.38691803872496E-15,0.9848077530122,-0.173648177666979));
#11602=DIRECTION('ref_axis',(-2.56600333072929E-16,-0.173648177666979,-0.9848077530122));
#11603=DIRECTION('center_axis',(-0.0861865342617005,-0.0861865342617577,
-0.992544085985053));
#11604=DIRECTION('ref_axis',(-0.701834653826635,-0.701834653826634,0.121886165646871));
#11605=DIRECTION('center_axis',(-0.984807753012219,1.38691803872499E-15,
0.173648177666867));
#11606=DIRECTION('ref_axis',(-0.173648177666867,2.44551070258392E-16,-0.984807753012219));
#11607=DIRECTION('',(-0.171087869745972,-0.171087869746085,-0.970287525247817));
#11608=DIRECTION('',(-1.40831348502572E-15,-1.,0.));
#11609=DIRECTION('',(0.171087869745971,-0.171087869746085,0.970287525247817));
#11610=DIRECTION('center_axis',(0.984807753012219,-1.38691803872499E-15,
-0.173648177666867));
#11611=DIRECTION('ref_axis',(-0.173648177666867,2.56600333072764E-16,-0.984807753012219));
#11612=DIRECTION('center_axis',(0.171087869745972,0.171087869746085,0.970287525247816));
#11613=DIRECTION('ref_axis',(-0.686096888803451,-0.686096888803437,0.241954785752357));
#11614=DIRECTION('',(0.171087869745972,0.171087869746085,0.970287525247817));
#11615=DIRECTION('center_axis',(0.171087869745971,0.17108786974608,0.970287525247818));
#11616=DIRECTION('ref_axis',(-0.686096888803471,-0.68609688880342,0.241954785752347));
#11617=DIRECTION('center_axis',(0.,0.,-1.));
#11618=DIRECTION('ref_axis',(-0.707106781186547,0.707106781186548,0.));
#11619=DIRECTION('center_axis',(-0.0861865342616881,0.0861865342617456,
-0.992544085985055));
#11620=DIRECTION('ref_axis',(-0.701834653826635,0.701834653826637,0.121886165646853));
#11621=DIRECTION('',(0.,0.,-1.));
#11622=DIRECTION('center_axis',(-0.171087869745971,0.171087869746085,-0.970287525247816));
#11623=DIRECTION('ref_axis',(-0.686096888803449,0.686096888803439,0.241954785752357));
#11624=DIRECTION('center_axis',(0.171087869745974,-0.171087869746091,0.970287525247815));
#11625=DIRECTION('ref_axis',(-0.686096888803449,0.686096888803438,0.241954785752359));
#11626=DIRECTION('center_axis',(-0.861226927107222,-0.299907227579395,-0.410297251844432));
#11627=DIRECTION('ref_axis',(-0.508220601732602,0.508220601732602,0.695286732182561));
#11628=DIRECTION('center_axis',(1.40831348502572E-15,1.,0.));
#11629=DIRECTION('ref_axis',(0.,0.,1.));
#11630=DIRECTION('center_axis',(-0.861226927107215,0.299907227579395,-0.410297251844446));
#11631=DIRECTION('ref_axis',(-0.508220601732613,-0.508220601732586,0.695286732182564));
#11632=DIRECTION('center_axis',(-1.,1.40831348502572E-15,0.));
#11633=DIRECTION('ref_axis',(0.,0.,1.));
#11634=DIRECTION('center_axis',(-2.1012011745109E-14,-1.,-8.88178419700124E-15));
#11635=DIRECTION('ref_axis',(-0.642787609686567,1.2499592291771E-14,0.766044443118955));
#11636=DIRECTION('center_axis',(-1.40831348502572E-15,-1.,0.));
#11637=DIRECTION('ref_axis',(-0.642787609686567,9.05246458729044E-16,0.766044443118955));
#11638=DIRECTION('',(1.40831348502572E-15,1.,0.));
#11639=DIRECTION('center_axis',(-0.86122692710724,-0.29990722757936,0.410297251844419));
#11640=DIRECTION('ref_axis',(0.508220601732567,-0.508220601732585,0.695286732182598));
#11641=DIRECTION('center_axis',(-1.40831348502572E-15,-1.,0.));
#11642=DIRECTION('ref_axis',(0.,0.,1.));
#11643=DIRECTION('center_axis',(1.,-1.94459135543487E-14,1.60206071247541E-28));
#11644=DIRECTION('ref_axis',(-1.24995922917704E-14,-0.642787609686516,0.766044443118997));
#11645=DIRECTION('center_axis',(-0.86122692710725,0.299907227579351,0.410297251844405));
#11646=DIRECTION('ref_axis',(0.508220601732556,0.508220601732592,0.695286732182602));
#11647=DIRECTION('center_axis',(1.,3.46668866536202E-14,0.));
#11648=DIRECTION('ref_axis',(-2.2283445207354E-14,0.642787609686516,0.766044443118997));
#11649=DIRECTION('center_axis',(2.97441167578737E-15,1.,-8.8817841970012E-15));
#11650=DIRECTION('ref_axis',(0.984807753012203,-1.38691803872497E-15,0.173648177666959));
#11651=DIRECTION('center_axis',(-1.40831348502572E-15,-1.,0.));
#11652=DIRECTION('ref_axis',(0.642787609686518,-9.05246458728975E-16,0.766044443118996));
#11653=DIRECTION('',(-1.40831348502572E-15,-1.,0.));
#11654=DIRECTION('center_axis',(1.38691803872496E-15,0.9848077530122,-0.173648177666979));
#11655=DIRECTION('ref_axis',(2.44551070258549E-16,0.173648177666979,0.9848077530122));
#11656=DIRECTION('',(1.,-1.40831348502572E-15,0.));
#11657=DIRECTION('',(0.171087869746081,-0.171087869746082,-0.970287525247798));
#11658=DIRECTION('center_axis',(0.9848077530122,-1.38691803872496E-15,0.173648177666979));
#11659=DIRECTION('ref_axis',(-0.173648177666979,2.44551070258549E-16,0.9848077530122));
#11660=DIRECTION('',(0.171087869746081,-0.171087869746082,-0.970287525247798));
#11661=DIRECTION('',(1.40831348502572E-15,1.,0.));
#11662=DIRECTION('',(-0.171087869746081,0.171087869746082,0.970287525247798));
#11663=DIRECTION('center_axis',(-0.9848077530122,1.38691803872496E-15,-0.173648177666979));
#11664=DIRECTION('ref_axis',(0.173648177666979,-2.56600333072929E-16,-0.9848077530122));
#11665=DIRECTION('center_axis',(0.171087869746081,-0.171087869746082,-0.970287525247798));
#11666=DIRECTION('ref_axis',(-0.68609688880343,0.686096888803432,-0.24195478575243));
#11667=DIRECTION('center_axis',(-0.0801223837474858,0.0801223837474831,
-0.993559664662994));
#11668=DIRECTION('ref_axis',(-0.702552776396635,0.702552776396636,0.113310161745354));
#11669=DIRECTION('center_axis',(1.38691803872496E-15,0.9848077530122,-0.173648177666979));
#11670=DIRECTION('ref_axis',(2.44551070258549E-16,0.173648177666979,0.9848077530122));
#11671=DIRECTION('',(1.,-1.40831348502572E-15,0.));
#11672=DIRECTION('',(0.171087869746082,0.171087869746082,0.970287525247798));
#11673=DIRECTION('center_axis',(-0.171087869746081,0.171087869746082,0.970287525247798));
#11674=DIRECTION('ref_axis',(0.686096888803428,-0.686096888803434,0.24195478575243));
#11675=DIRECTION('center_axis',(-0.11179167922347,0.765208425772371,0.634002117964417));
#11676=DIRECTION('ref_axis',(-0.132877048670792,-0.643782622573,0.753583190370891));
#11677=DIRECTION('center_axis',(0.76520842577238,-0.111791679223467,-0.634002117964407));
#11678=DIRECTION('ref_axis',(0.64378262257299,0.132877048670792,0.753583190370899));
#11679=DIRECTION('',(0.171087869746081,-0.171087869746082,-0.970287525247798));
#11680=DIRECTION('center_axis',(0.0861865342617252,-0.0861865342623614,
-0.992544085984998));
#11681=DIRECTION('ref_axis',(-0.701834653824006,0.701834653829186,-0.121886165647315));
#11682=DIRECTION('center_axis',(0.,0.,1.));
#11683=DIRECTION('ref_axis',(0.707106781186542,-0.707106781186553,0.));
#11684=DIRECTION('center_axis',(1.38691803872496E-15,0.9848077530122,-0.173648177666979));
#11685=DIRECTION('ref_axis',(-2.56600333072929E-16,-0.173648177666979,-0.9848077530122));
#11686=DIRECTION('center_axis',(-0.171087869746082,-0.171087869746082,-0.970287525247798));
#11687=DIRECTION('ref_axis',(-0.686096888803429,-0.686096888803434,0.241954785752429));
#11688=DIRECTION('center_axis',(0.11179167922347,0.765208425772382,0.634002117964404));
#11689=DIRECTION('ref_axis',(0.132877048670792,-0.643782622572987,0.753583190370902));
#11690=DIRECTION('center_axis',(-0.765208425772377,-0.111791679223469,-0.63400211796441));
#11691=DIRECTION('ref_axis',(-0.643782622572992,0.13287704867079,0.753583190370898));
#11692=DIRECTION('center_axis',(1.,-1.40831348502572E-15,0.));
#11693=DIRECTION('ref_axis',(-9.05246458728973E-16,-0.642787609686516,0.766044443118997));
#11694=DIRECTION('',(-1.,1.40831348502572E-15,0.));
#11695=DIRECTION('center_axis',(-0.707106781186545,0.70710678118655,0.));
#11696=DIRECTION('ref_axis',(-0.70710678118655,-0.707106781186545,4.90653893338681E-17));
#11697=DIRECTION('center_axis',(-1.40831348502572E-15,-1.,0.));
#11698=DIRECTION('ref_axis',(-0.642787609686523,9.05246458728983E-16,0.766044443118992));
#11699=DIRECTION('',(1.40831348502572E-15,1.,0.));
#11700=DIRECTION('center_axis',(1.40831348502572E-15,1.,0.));
#11701=DIRECTION('ref_axis',(-0.984807753012199,1.38691803872496E-15,0.173648177666981));
#11702=DIRECTION('center_axis',(1.40831348502572E-15,1.,0.));
#11703=DIRECTION('ref_axis',(0.64278760968652,-9.05246458728978E-16,0.766044443118994));
#11704=DIRECTION('center_axis',(1.40831348502572E-15,1.,0.));
#11705=DIRECTION('ref_axis',(0.,0.,1.));
#11706=DIRECTION('',(-1.40831348502572E-15,-1.,0.));
#11707=DIRECTION('center_axis',(0.707106781186547,0.707106781186548,0.));
#11708=DIRECTION('ref_axis',(0.707106781186548,-0.707106781186547,-9.81307786677361E-17));
#11709=DIRECTION('center_axis',(0.,0.,1.));
#11710=DIRECTION('ref_axis',(0.707106781186548,0.707106781186547,0.));
#11711=DIRECTION('center_axis',(-1.,1.40831348502572E-15,0.));
#11712=DIRECTION('ref_axis',(-1.38691803872496E-15,-0.984807753012199,0.173648177666981));
#11713=DIRECTION('center_axis',(1.,-3.66301349369108E-15,0.));
#11714=DIRECTION('ref_axis',(0.,0.,1.));
#11715=DIRECTION('center_axis',(0.,0.,1.));
#11716=DIRECTION('ref_axis',(-0.707106781186547,0.707106781186548,0.));
#11717=DIRECTION('center_axis',(1.,-1.40831348502572E-15,0.));
#11718=DIRECTION('ref_axis',(-9.05246458728973E-16,-0.642787609686516,0.766044443118997));
#11719=DIRECTION('',(-1.,1.40831348502572E-15,0.));
#11720=DIRECTION('center_axis',(1.38691803872496E-15,0.9848077530122,-0.173648177666979));
#11721=DIRECTION('ref_axis',(2.44551070258549E-16,0.173648177666979,0.9848077530122));
#11722=DIRECTION('',(1.,-1.40831348502572E-15,0.));
#11723=DIRECTION('center_axis',(1.,-1.40831348502572E-15,0.));
#11724=DIRECTION('ref_axis',(-9.05246458728973E-16,-0.642787609686516,0.766044443118997));
#11725=DIRECTION('',(-1.,1.40831348502572E-15,0.));
#11726=DIRECTION('center_axis',(-1.,1.40831348502572E-15,0.));
#11727=DIRECTION('ref_axis',(9.05246458728983E-16,0.642787609686523,0.766044443118992));
#11728=DIRECTION('',(-1.,1.40831348502572E-15,0.));
#11729=DIRECTION('center_axis',(-0.765208425772379,0.11179167922347,-0.634002117964408));
#11730=DIRECTION('ref_axis',(-0.643782622572991,-0.132877048670789,0.753583190370899));
#11731=DIRECTION('center_axis',(-0.707106781186547,-0.707106781186548,0.));
#11732=DIRECTION('ref_axis',(-0.707106781186548,0.707106781186547,4.90653893338681E-17));
#11733=DIRECTION('',(1.,-1.40831348502572E-15,0.));
#11734=DIRECTION('center_axis',(-1.38691803872496E-15,-0.9848077530122,
-0.173648177666979));
#11735=DIRECTION('ref_axis',(2.44551070258549E-16,0.173648177666979,-0.9848077530122));
#11736=DIRECTION('',(1.,-1.40831348502572E-15,0.));
#11737=DIRECTION('center_axis',(-1.38691803872496E-15,-0.9848077530122,
-0.173648177666979));
#11738=DIRECTION('ref_axis',(2.44551070258549E-16,0.173648177666979,-0.9848077530122));
#11739=DIRECTION('',(-0.171087869746081,0.171087869746082,-0.970287525247798));
#11740=DIRECTION('center_axis',(0.,0.,1.));
#11741=DIRECTION('ref_axis',(-1.40831348502572E-15,-1.,0.));
#11742=DIRECTION('',(1.40831348502572E-15,1.,0.));
#11743=DIRECTION('center_axis',(0.,0.,1.));
#11744=DIRECTION('ref_axis',(0.70710678118655,-0.707106781186545,0.));
#11745=DIRECTION('',(1.,-1.40831348502572E-15,0.));
#11746=DIRECTION('center_axis',(0.,0.,1.));
#11747=DIRECTION('ref_axis',(-0.707106781186551,-0.707106781186544,0.));
#11748=DIRECTION('',(-1.40831348502572E-15,-1.,0.));
#11749=DIRECTION('center_axis',(1.40831348502572E-15,1.,0.));
#11750=DIRECTION('ref_axis',(0.64278760968652,-9.05246458728978E-16,0.766044443118994));
#11751=DIRECTION('center_axis',(1.40831348502572E-15,1.,0.));
#11752=DIRECTION('ref_axis',(0.,0.,1.));
#11753=DIRECTION('center_axis',(-0.11179167922347,-0.765208425772379,0.634002117964407));
#11754=DIRECTION('ref_axis',(-0.132877048670792,0.64378262257299,0.753583190370899));
#11755=DIRECTION('center_axis',(-1.,8.17241351102173E-15,-6.0077276717827E-29));
#11756=DIRECTION('ref_axis',(1.25083364557252E-29,8.88178419700124E-15,
1.));
#11757=DIRECTION('center_axis',(-1.,1.40831348502572E-15,0.));
#11758=DIRECTION('ref_axis',(9.05246458728973E-16,0.642787609686516,0.766044443118997));
#11759=DIRECTION('center_axis',(-1.,1.40831348502572E-15,0.));
#11760=DIRECTION('ref_axis',(0.,0.,1.));
#11761=DIRECTION('',(-1.,1.40831348502572E-15,0.));
#11762=DIRECTION('center_axis',(-1.40831348502572E-15,-1.,0.));
#11763=DIRECTION('ref_axis',(0.,0.,1.));
#11764=DIRECTION('center_axis',(0.0801223837474843,-0.0801223837474842,
-0.993559664662994));
#11765=DIRECTION('ref_axis',(0.702552776396637,-0.702552776396634,0.113310161745354));
#11766=DIRECTION('center_axis',(-1.40831348502572E-15,-1.,0.));
#11767=DIRECTION('ref_axis',(-0.642787609686523,9.05246458728983E-16,0.766044443118992));
#11768=DIRECTION('center_axis',(0.111791679223468,-0.765208425772379,0.634002117964408));
#11769=DIRECTION('ref_axis',(0.132877048670793,0.643782622572991,0.753583190370899));
#11770=DIRECTION('',(-1.40831348502572E-15,-1.,0.));
#11771=DIRECTION('center_axis',(0.171087869746082,0.171087869746082,-0.970287525247798));
#11772=DIRECTION('ref_axis',(0.686096888803435,0.686096888803427,0.24195478575243));
#11773=DIRECTION('center_axis',(1.38691803872496E-15,0.9848077530122,0.173648177666979));
#11774=DIRECTION('ref_axis',(-2.44551070258549E-16,-0.173648177666979,0.9848077530122));
#11775=DIRECTION('',(-0.171087869746081,0.171087869746082,-0.970287525247798));
#11776=DIRECTION('',(1.,-1.40831348502572E-15,0.));
#11777=DIRECTION('center_axis',(-0.171087869746081,0.171087869746082,-0.970287525247798));
#11778=DIRECTION('ref_axis',(0.686096888803433,-0.686096888803429,-0.241954785752431));
#11779=DIRECTION('center_axis',(0.,0.,1.));
#11780=DIRECTION('ref_axis',(0.70710678118655,-0.707106781186545,0.));
#11781=DIRECTION('',(-0.171087869746081,0.171087869746082,-0.970287525247798));
#11782=DIRECTION('center_axis',(-0.9848077530122,1.38691803872496E-15,0.173648177666979));
#11783=DIRECTION('ref_axis',(-0.173648177666979,2.44551070258549E-16,-0.9848077530122));
#11784=DIRECTION('',(1.40831348502572E-15,1.,0.));
#11785=DIRECTION('',(0.171087869746081,-0.171087869746082,0.970287525247798));
#11786=DIRECTION('center_axis',(0.9848077530122,-1.38691803872496E-15,-0.173648177666979));
#11787=DIRECTION('ref_axis',(-0.173648177666979,2.32501807444169E-16,-0.9848077530122));
#11788=DIRECTION('center_axis',(0.171087869746081,-0.171087869746082,0.970287525247798));
#11789=DIRECTION('ref_axis',(-0.686096888803427,0.686096888803435,0.241954785752432));
#11790=DIRECTION('center_axis',(-0.0861865342617337,0.0861865342623033,
-0.992544085985002));
#11791=DIRECTION('ref_axis',(0.701834653824279,-0.701834653828918,-0.12188616564728));
#11792=DIRECTION('center_axis',(0.,0.,1.));
#11793=DIRECTION('ref_axis',(-0.70710678118654,0.707106781186555,0.));
#11794=DIRECTION('center_axis',(0.,0.,-1.));
#11795=DIRECTION('ref_axis',(-0.70710678118654,0.707106781186555,0.));
#11796=DIRECTION('center_axis',(4.28626379701574E-16,1.,0.));
#11797=DIRECTION('ref_axis',(-1.,4.28626379701574E-16,0.));
#11798=DIRECTION('',(-1.,4.28626379701574E-16,0.));
#11799=DIRECTION('center_axis',(0.,0.,1.));
#11800=DIRECTION('ref_axis',(-4.28626379701574E-16,-1.,0.));
#11801=DIRECTION('center_axis',(0.865031189261373,4.93038065763132E-32,
0.501718089772588));
#11802=DIRECTION('ref_axis',(0.501718089772588,0.,-0.865031189261373));
#11803=DIRECTION('',(0.501718089772588,0.,-0.865031189261373));
#11804=DIRECTION('',(0.,1.,0.));
#11805=DIRECTION('',(0.501718089772588,0.,-0.865031189261373));
#11806=DIRECTION('',(0.,1.,0.));
#11807=DIRECTION('center_axis',(0.,0.,1.));
#11808=DIRECTION('ref_axis',(1.,0.,0.));
#11809=DIRECTION('',(1.,0.,0.));
#11810=DIRECTION('',(-1.40831348502572E-15,-1.,0.));
#11811=DIRECTION('',(1.,0.,0.));
#11812=DIRECTION('center_axis',(0.,1.,0.));
#11813=DIRECTION('ref_axis',(0.,0.,1.));
#11814=DIRECTION('',(-1.,0.,0.));
#11815=DIRECTION('',(0.,0.,1.));
#11816=DIRECTION('center_axis',(0.,1.,0.));
#11817=DIRECTION('ref_axis',(0.,0.,1.));
#11818=DIRECTION('',(1.,0.,0.));
#11819=DIRECTION('',(0.,0.,-1.));
#11820=DIRECTION('center_axis',(0.865031189261373,4.93038065763132E-32,
0.501718089772588));
#11821=DIRECTION('ref_axis',(0.501718089772588,0.,-0.865031189261373));
#11822=DIRECTION('',(0.501718089772588,0.,-0.865031189261373));
#11823=DIRECTION('',(0.,1.,0.));
#11824=DIRECTION('',(0.501718089772588,0.,-0.865031189261373));
#11825=DIRECTION('',(0.,1.,0.));
#11826=DIRECTION('center_axis',(0.,0.,1.));
#11827=DIRECTION('ref_axis',(1.,0.,0.));
#11828=DIRECTION('',(1.,0.,0.));
#11829=DIRECTION('',(-1.40831348502572E-15,-1.,0.));
#11830=DIRECTION('',(1.,0.,0.));
#11831=DIRECTION('center_axis',(0.,1.,0.));
#11832=DIRECTION('ref_axis',(0.,0.,1.));
#11833=DIRECTION('',(-1.,0.,0.));
#11834=DIRECTION('',(0.,0.,1.));
#11835=DIRECTION('center_axis',(0.,1.,0.));
#11836=DIRECTION('ref_axis',(0.,0.,1.));
#11837=DIRECTION('',(1.,0.,0.));
#11838=DIRECTION('',(0.,0.,-1.));
#11839=DIRECTION('center_axis',(0.865031189261373,4.93038065763132E-32,
0.501718089772588));
#11840=DIRECTION('ref_axis',(0.501718089772588,0.,-0.865031189261373));
#11841=DIRECTION('',(0.501718089772588,0.,-0.865031189261373));
#11842=DIRECTION('',(0.,1.,0.));
#11843=DIRECTION('',(0.501718089772588,0.,-0.865031189261373));
#11844=DIRECTION('',(0.,1.,0.));
#11845=DIRECTION('center_axis',(0.,0.,1.));
#11846=DIRECTION('ref_axis',(1.,0.,0.));
#11847=DIRECTION('',(1.,0.,0.));
#11848=DIRECTION('',(-1.40831348502572E-15,-1.,0.));
#11849=DIRECTION('',(1.,0.,0.));
#11850=DIRECTION('center_axis',(0.,1.,0.));
#11851=DIRECTION('ref_axis',(0.,0.,1.));
#11852=DIRECTION('',(-1.,0.,0.));
#11853=DIRECTION('',(0.,0.,1.));
#11854=DIRECTION('center_axis',(0.,1.,0.));
#11855=DIRECTION('ref_axis',(0.,0.,1.));
#11856=DIRECTION('',(1.,0.,0.));
#11857=DIRECTION('',(0.,0.,-1.));
#11858=DIRECTION('center_axis',(0.865031189261373,4.93038065763132E-32,
0.501718089772588));
#11859=DIRECTION('ref_axis',(0.501718089772588,0.,-0.865031189261373));
#11860=DIRECTION('',(0.501718089772588,0.,-0.865031189261373));
#11861=DIRECTION('',(0.,1.,0.));
#11862=DIRECTION('',(0.501718089772588,0.,-0.865031189261373));
#11863=DIRECTION('',(0.,1.,0.));
#11864=DIRECTION('center_axis',(0.,0.,1.));
#11865=DIRECTION('ref_axis',(1.,0.,0.));
#11866=DIRECTION('',(1.,0.,0.));
#11867=DIRECTION('',(-1.40831348502572E-15,-1.,0.));
#11868=DIRECTION('',(1.,0.,0.));
#11869=DIRECTION('center_axis',(0.,1.,0.));
#11870=DIRECTION('ref_axis',(0.,0.,1.));
#11871=DIRECTION('',(-1.,0.,0.));
#11872=DIRECTION('',(0.,0.,1.));
#11873=DIRECTION('center_axis',(0.,1.,0.));
#11874=DIRECTION('ref_axis',(0.,0.,1.));
#11875=DIRECTION('',(1.,0.,0.));
#11876=DIRECTION('',(0.,0.,-1.));
#11877=DIRECTION('center_axis',(0.865031189261373,4.93038065763132E-32,
0.501718089772588));
#11878=DIRECTION('ref_axis',(0.501718089772588,0.,-0.865031189261373));
#11879=DIRECTION('',(0.501718089772588,0.,-0.865031189261373));
#11880=DIRECTION('',(0.,1.,0.));
#11881=DIRECTION('',(0.501718089772588,0.,-0.865031189261373));
#11882=DIRECTION('',(0.,1.,0.));
#11883=DIRECTION('center_axis',(0.,0.,1.));
#11884=DIRECTION('ref_axis',(1.,0.,0.));
#11885=DIRECTION('',(1.,0.,0.));
#11886=DIRECTION('',(-1.40831348502572E-15,-1.,0.));
#11887=DIRECTION('',(1.,0.,0.));
#11888=DIRECTION('center_axis',(0.,1.,0.));
#11889=DIRECTION('ref_axis',(0.,0.,1.));
#11890=DIRECTION('',(-1.,0.,0.));
#11891=DIRECTION('',(0.,0.,1.));
#11892=DIRECTION('center_axis',(0.,1.,0.));
#11893=DIRECTION('ref_axis',(0.,0.,1.));
#11894=DIRECTION('',(1.,0.,0.));
#11895=DIRECTION('',(0.,0.,-1.));
#11896=DIRECTION('center_axis',(0.865031189261373,4.93038065763132E-32,
0.501718089772588));
#11897=DIRECTION('ref_axis',(0.501718089772588,0.,-0.865031189261373));
#11898=DIRECTION('',(0.501718089772588,0.,-0.865031189261373));
#11899=DIRECTION('',(0.,1.,0.));
#11900=DIRECTION('',(0.501718089772588,0.,-0.865031189261373));
#11901=DIRECTION('',(0.,1.,0.));
#11902=DIRECTION('center_axis',(0.,0.,1.));
#11903=DIRECTION('ref_axis',(1.,0.,0.));
#11904=DIRECTION('',(1.,0.,0.));
#11905=DIRECTION('',(-1.40831348502572E-15,-1.,0.));
#11906=DIRECTION('',(1.,0.,0.));
#11907=DIRECTION('center_axis',(0.,1.,0.));
#11908=DIRECTION('ref_axis',(0.,0.,1.));
#11909=DIRECTION('',(-1.,0.,0.));
#11910=DIRECTION('',(0.,0.,1.));
#11911=DIRECTION('center_axis',(0.,1.,0.));
#11912=DIRECTION('ref_axis',(0.,0.,1.));
#11913=DIRECTION('',(1.,0.,0.));
#11914=DIRECTION('',(0.,0.,-1.));
#11915=DIRECTION('center_axis',(0.,0.,1.));
#11916=DIRECTION('ref_axis',(-1.40831348502572E-15,-1.,0.));
#11917=DIRECTION('',(0.,1.,0.));
#11918=DIRECTION('',(1.,0.,0.));
#11919=DIRECTION('',(6.73549672732298E-16,1.,0.));
#11920=DIRECTION('',(-1.,-2.31366564680813E-12,0.));
#11921=DIRECTION('',(0.,1.,0.));
#11922=DIRECTION('',(0.,1.,0.));
#11923=DIRECTION('',(1.,0.,0.));
#11924=DIRECTION('',(-6.73549672732298E-16,-1.,0.));
#11925=DIRECTION('',(1.,-6.73549672732298E-16,0.));
#11926=DIRECTION('',(-2.84890643976778E-13,-1.,0.));
#11927=DIRECTION('',(1.,-6.33973222090816E-14,0.));
#11928=DIRECTION('',(6.73549672732298E-16,1.,0.));
#11929=DIRECTION('',(1.,-6.73549672732298E-16,0.));
#11930=DIRECTION('',(-1.54651207986459E-13,-1.,0.));
#11931=DIRECTION('',(-1.,3.66562222801042E-13,0.));
#11932=DIRECTION('',(6.73549672732298E-16,1.,0.));
#11933=DIRECTION('',(-1.,-8.87913227921991E-13,0.));
#11934=DIRECTION('',(-1.10240438348654E-13,1.,0.));
#11935=DIRECTION('',(-1.,-1.09699246972118E-12,0.));
#11936=DIRECTION('',(-6.73549672732298E-16,-1.,0.));
#11937=DIRECTION('',(1.,6.14395390840925E-13,0.));
#11938=DIRECTION('',(0.,1.,0.));
#11939=DIRECTION('',(0.,1.,0.));
#11940=DIRECTION('',(1.,0.,0.));
#11941=DIRECTION('',(-2.27306320475455E-12,1.,0.));
#11942=DIRECTION('',(-1.,-3.12571448767963E-12,0.));
#11943=DIRECTION('',(0.,1.,0.));
#11944=DIRECTION('',(0.,1.,0.));
#11945=DIRECTION('',(1.,0.,0.));
#11946=DIRECTION('',(6.73549672732298E-16,1.,0.));
#11947=DIRECTION('',(-1.,-2.31366564680889E-12,0.));
#11948=DIRECTION('',(0.,1.,0.));
#11949=DIRECTION('',(0.,1.,0.));
#11950=DIRECTION('',(1.,0.,0.));
#11951=DIRECTION('',(-1.98884611045114E-12,1.,0.));
#11952=DIRECTION('',(-1.,-3.12571448767963E-12,0.));
#11953=DIRECTION('',(0.,1.,0.));
#11954=DIRECTION('',(0.,1.,0.));
#11955=DIRECTION('',(1.,0.,0.));
#11956=DIRECTION('',(-1.13619482753671E-12,1.,0.));
#11957=DIRECTION('',(-1.,-1.17679726958985E-12,0.));
#11958=DIRECTION('',(0.,1.,0.));
#11959=DIRECTION('center_axis',(1.40831348502572E-15,1.,0.));
#11960=DIRECTION('ref_axis',(0.,0.,1.));
#11961=DIRECTION('',(0.,0.,1.));
#11962=DIRECTION('',(1.,-1.40831348502572E-15,0.));
#11963=DIRECTION('',(0.,0.,1.));
#11964=DIRECTION('center_axis',(1.40831348502572E-15,1.,0.));
#11965=DIRECTION('ref_axis',(0.,0.,1.));
#11966=DIRECTION('',(0.,0.,1.));
#11967=DIRECTION('',(1.,-1.40831348502572E-15,0.));
#11968=DIRECTION('',(0.,0.,1.));
#11969=DIRECTION('center_axis',(1.40831348502572E-15,1.,0.));
#11970=DIRECTION('ref_axis',(0.,0.,1.));
#11971=DIRECTION('',(0.,0.,1.));
#11972=DIRECTION('',(1.,-1.40831348502572E-15,0.));
#11973=DIRECTION('',(0.,0.,1.));
#11974=DIRECTION('center_axis',(1.40831348502572E-15,1.,0.));
#11975=DIRECTION('ref_axis',(0.,0.,1.));
#11976=DIRECTION('',(0.,0.,1.));
#11977=DIRECTION('',(1.,-1.40831348502572E-15,0.));
#11978=DIRECTION('',(0.,0.,1.));
#11979=DIRECTION('center_axis',(-2.82808780819367E-13,1.,0.));
#11980=DIRECTION('ref_axis',(0.,0.,1.));
#11981=DIRECTION('',(0.,0.,1.));
#11982=DIRECTION('',(1.,2.82808780819367E-13,0.));
#11983=DIRECTION('',(0.,0.,1.));
#11984=DIRECTION('center_axis',(1.40831348502572E-15,1.,0.));
#11985=DIRECTION('ref_axis',(0.,0.,1.));
#11986=DIRECTION('',(0.,0.,1.));
#11987=DIRECTION('',(1.,-1.40831348502572E-15,0.));
#11988=DIRECTION('',(0.,0.,1.));
#11989=DIRECTION('center_axis',(-1.40831348502572E-15,-1.,0.));
#11990=DIRECTION('ref_axis',(0.,0.,-1.));
#11991=DIRECTION('',(0.,0.,1.));
#11992=DIRECTION('',(-1.,1.40831348502572E-15,0.));
#11993=DIRECTION('',(0.,0.,1.));
#11994=DIRECTION('center_axis',(2.82808780819529E-13,-1.,0.));
#11995=DIRECTION('ref_axis',(0.,0.,-1.));
#11996=DIRECTION('',(0.,0.,1.));
#11997=DIRECTION('',(-1.,-2.82808780819529E-13,0.));
#11998=DIRECTION('',(0.,0.,1.));
#11999=DIRECTION('center_axis',(-2.85625407789419E-13,-1.,0.));
#12000=DIRECTION('ref_axis',(0.,0.,-1.));
#12001=DIRECTION('',(0.,0.,1.));
#12002=DIRECTION('',(-1.,2.85625407789419E-13,0.));
#12003=DIRECTION('',(0.,0.,1.));
#12004=DIRECTION('center_axis',(2.82808780819313E-13,-1.,0.));
#12005=DIRECTION('ref_axis',(0.,0.,-1.));
#12006=DIRECTION('',(0.,0.,1.));
#12007=DIRECTION('',(-1.,-2.82808780819313E-13,0.));
#12008=DIRECTION('',(0.,0.,1.));
#12009=DIRECTION('center_axis',(6.14395390840925E-13,-1.,0.));
#12010=DIRECTION('ref_axis',(0.,0.,-1.));
#12011=DIRECTION('',(0.,0.,1.));
#12012=DIRECTION('',(1.,1.45507254311685E-12,0.));
#12013=DIRECTION('',(0.,0.,1.));
#12014=DIRECTION('',(-1.,-6.14395390840925E-13,0.));
#12015=DIRECTION('',(0.,0.,1.));
#12016=DIRECTION('center_axis',(-1.,1.83697019872103E-16,0.));
#12017=DIRECTION('ref_axis',(0.,0.,-1.));
#12018=DIRECTION('',(0.,0.,1.));
#12019=DIRECTION('',(-1.83697019872103E-16,-1.,0.));
#12020=DIRECTION('',(0.,0.,-1.));
#12021=DIRECTION('',(1.83697019872103E-16,1.,0.));
#12022=DIRECTION('center_axis',(-6.73549672732298E-16,-1.,0.));
#12023=DIRECTION('ref_axis',(0.,0.,-1.));
#12024=DIRECTION('',(-1.,6.73549672732298E-16,0.));
#12025=DIRECTION('',(0.,0.,1.));
#12026=DIRECTION('',(1.,-6.73549672732298E-16,0.));
#12027=DIRECTION('center_axis',(0.,0.,-1.));
#12028=DIRECTION('ref_axis',(1.83697019872103E-16,1.,0.));
#12029=DIRECTION('',(-1.,-2.6463632689051E-12,0.));
#12030=DIRECTION('',(6.73549672732298E-16,1.,0.));
#12031=DIRECTION('',(-1.,-7.572387018278E-13,0.));
#12032=DIRECTION('',(6.73549672732298E-16,1.,0.));
#12033=DIRECTION('',(-1.,6.73549672732298E-16,0.));
#12034=DIRECTION('',(-6.73549672732298E-16,-1.,0.));
#12035=DIRECTION('',(1.,-3.69387617960055E-13,0.));
#12036=DIRECTION('',(8.98201215885824E-13,1.,0.));
#12037=DIRECTION('',(1.,-6.73549672732298E-16,0.));
#12038=DIRECTION('',(6.73549672732298E-16,1.,0.));
#12039=DIRECTION('',(1.,-4.23934901211463E-14,0.));
#12040=DIRECTION('',(-1.83697019872103E-16,-1.,0.));
#12041=DIRECTION('',(1.,-6.73549672732298E-16,0.));
#12042=DIRECTION('',(-6.73549672732298E-16,-1.,0.));
#12043=DIRECTION('',(1.40831348502572E-15,1.,0.));
#12044=DIRECTION('',(6.73549672732298E-16,1.,0.));
#12045=DIRECTION('',(1.40831348502572E-15,1.,0.));
#12046=DIRECTION('',(-1.13619482753671E-12,1.,0.));
#12047=DIRECTION('',(1.40831348502572E-15,1.,0.));
#12048=DIRECTION('',(-1.,2.85625407789499E-13,0.));
#12049=DIRECTION('',(-1.98884611045114E-12,1.,0.));
#12050=DIRECTION('',(1.40831348502572E-15,1.,0.));
#12051=DIRECTION('',(6.73549672732298E-16,1.,0.));
#12052=DIRECTION('',(1.40831348502572E-15,1.,0.));
#12053=DIRECTION('',(-2.27306320475455E-12,1.,0.));
#12054=DIRECTION('',(1.40831348502572E-15,1.,0.));
#12055=DIRECTION('',(3.79629675410505E-13,1.,0.));
#12056=DIRECTION('',(-1.,6.73549672732298E-16,0.));
#12057=DIRECTION('',(-6.07787950418466E-14,1.,0.));
#12058=DIRECTION('center_axis',(1.,-1.83697019872103E-16,0.));
#12059=DIRECTION('ref_axis',(0.,0.,1.));
#12060=DIRECTION('',(0.,0.,1.));
#12061=DIRECTION('',(1.83697019872103E-16,1.,0.));
#12062=DIRECTION('',(1.38855939415853E-30,7.55896527404362E-15,1.));
#12063=DIRECTION('center_axis',(4.23934901211463E-14,1.,0.));
#12064=DIRECTION('ref_axis',(0.,0.,1.));
#12065=DIRECTION('',(0.,0.,1.));
#12066=DIRECTION('',(1.,-1.83697019872103E-16,0.));
#12067=DIRECTION('center_axis',(-1.,1.40831348502572E-15,0.));
#12068=DIRECTION('ref_axis',(0.,0.,-1.));
#12069=DIRECTION('',(0.,0.,1.));
#12070=DIRECTION('center_axis',(-1.,-1.13619482753671E-12,0.));
#12071=DIRECTION('ref_axis',(0.,0.,-1.));
#12072=DIRECTION('center_axis',(-1.,1.40831348502572E-15,0.));
#12073=DIRECTION('ref_axis',(0.,0.,-1.));
#12074=DIRECTION('center_axis',(-1.,6.73549672732298E-16,0.));
#12075=DIRECTION('ref_axis',(0.,0.,-1.));
#12076=DIRECTION('center_axis',(-1.,1.40831348502572E-15,0.));
#12077=DIRECTION('ref_axis',(0.,0.,-1.));
#12078=DIRECTION('center_axis',(1.,-6.73549672732298E-16,0.));
#12079=DIRECTION('ref_axis',(0.,0.,1.));
#12080=DIRECTION('',(0.,0.,1.));
#12081=DIRECTION('center_axis',(6.73549672732298E-16,1.,0.));
#12082=DIRECTION('ref_axis',(0.,0.,1.));
#12083=DIRECTION('',(-1.,6.73549672732298E-16,0.));
#12084=DIRECTION('',(0.,0.,-1.));
#12085=DIRECTION('center_axis',(-1.,6.73549672732298E-16,0.));
#12086=DIRECTION('ref_axis',(0.,0.,-1.));
#12087=DIRECTION('',(0.,0.,1.));
#12088=DIRECTION('',(-6.73549672732298E-16,-1.,0.));
#12089=DIRECTION('center_axis',(6.73549672732298E-16,1.,0.));
#12090=DIRECTION('ref_axis',(0.,0.,1.));
#12091=DIRECTION('',(0.,0.,1.));
#12092=DIRECTION('',(-1.,6.73549672732298E-16,0.));
#12093=DIRECTION('center_axis',(-1.,8.98201215885824E-13,0.));
#12094=DIRECTION('ref_axis',(0.,0.,-1.));
#12095=DIRECTION('',(0.,0.,1.));
#12096=DIRECTION('',(-8.98201215885824E-13,-1.,0.));
#12097=DIRECTION('center_axis',(3.69387617960055E-13,1.,0.));
#12098=DIRECTION('ref_axis',(0.,0.,1.));
#12099=DIRECTION('',(0.,0.,1.));
#12100=DIRECTION('',(-1.,3.69387617960055E-13,0.));
#12101=DIRECTION('center_axis',(1.,-6.73549672732298E-16,0.));
#12102=DIRECTION('ref_axis',(0.,0.,1.));
#12103=DIRECTION('',(0.,0.,1.));
#12104=DIRECTION('',(6.73549672732298E-16,1.,0.));
#12105=DIRECTION('center_axis',(-6.73549672732298E-16,-1.,0.));
#12106=DIRECTION('ref_axis',(0.,0.,-1.));
#12107=DIRECTION('',(0.,0.,1.));
#12108=DIRECTION('',(1.,-6.73549672732298E-16,0.));
#12109=DIRECTION('center_axis',(-1.,6.73549672732298E-16,0.));
#12110=DIRECTION('ref_axis',(0.,0.,-1.));
#12111=DIRECTION('',(0.,0.,1.));
#12112=DIRECTION('',(-6.73549672732298E-16,-1.,0.));
#12113=DIRECTION('center_axis',(-6.73549672732298E-16,-1.,0.));
#12114=DIRECTION('ref_axis',(0.,0.,-1.));
#12115=DIRECTION('',(0.,0.,1.));
#12116=DIRECTION('',(1.,-6.73549672732298E-16,0.));
#12117=DIRECTION('',(0.,0.,1.));
#12118=DIRECTION('center_axis',(-1.,3.79629675410505E-13,0.));
#12119=DIRECTION('ref_axis',(0.,0.,-1.));
#12120=DIRECTION('',(-3.79629675410505E-13,-1.,0.));
#12121=DIRECTION('center_axis',(-1.,1.40831348502572E-15,0.));
#12122=DIRECTION('ref_axis',(0.,0.,-1.));
#12123=DIRECTION('center_axis',(-1.,-2.27306320475455E-12,0.));
#12124=DIRECTION('ref_axis',(0.,0.,-1.));
#12125=DIRECTION('center_axis',(-1.,1.40831348502572E-15,0.));
#12126=DIRECTION('ref_axis',(0.,0.,-1.));
#12127=DIRECTION('center_axis',(-1.,6.73549672732298E-16,0.));
#12128=DIRECTION('ref_axis',(0.,0.,-1.));
#12129=DIRECTION('center_axis',(-1.,1.40831348502572E-15,0.));
#12130=DIRECTION('ref_axis',(0.,0.,-1.));
#12131=DIRECTION('center_axis',(-1.,-1.98884611045114E-12,0.));
#12132=DIRECTION('ref_axis',(0.,0.,-1.));
#12133=DIRECTION('',(0.,0.,1.));
#12134=DIRECTION('center_axis',(-2.85625407789499E-13,-1.,0.));
#12135=DIRECTION('ref_axis',(0.,0.,-1.));
#12136=DIRECTION('center_axis',(-1.,2.84890643976778E-13,0.));
#12137=DIRECTION('ref_axis',(0.,0.,-1.));
#12138=DIRECTION('',(2.84890643976778E-13,1.,0.));
#12139=DIRECTION('',(0.,0.,1.));
#12140=DIRECTION('center_axis',(-1.,6.73549672732298E-16,0.));
#12141=DIRECTION('ref_axis',(0.,0.,-1.));
#12142=DIRECTION('',(0.,0.,1.));
#12143=DIRECTION('',(6.73549672732298E-16,1.,0.));
#12144=DIRECTION('center_axis',(-1.09699246972118E-12,1.,0.));
#12145=DIRECTION('ref_axis',(0.,0.,1.));
#12146=DIRECTION('',(1.,1.09699246972118E-12,0.));
#12147=DIRECTION('',(0.,0.,1.));
#12148=DIRECTION('center_axis',(1.,1.10240438348654E-13,0.));
#12149=DIRECTION('ref_axis',(0.,0.,1.));
#12150=DIRECTION('',(1.10240438348654E-13,-1.,0.));
#12151=DIRECTION('',(0.,0.,1.));
#12152=DIRECTION('center_axis',(-8.87913227921991E-13,1.,0.));
#12153=DIRECTION('ref_axis',(0.,0.,1.));
#12154=DIRECTION('',(1.,8.87913227921991E-13,0.));
#12155=DIRECTION('',(0.,0.,1.));
#12156=DIRECTION('center_axis',(1.,-6.73549672732298E-16,0.));
#12157=DIRECTION('ref_axis',(0.,0.,1.));
#12158=DIRECTION('',(-6.73549672732298E-16,-1.,0.));
#12159=DIRECTION('',(0.,0.,1.));
#12160=DIRECTION('center_axis',(3.66562222801042E-13,1.,0.));
#12161=DIRECTION('ref_axis',(0.,0.,1.));
#12162=DIRECTION('',(1.,-3.66562222801042E-13,0.));
#12163=DIRECTION('',(0.,0.,1.));
#12164=DIRECTION('center_axis',(-1.,1.54651207986459E-13,0.));
#12165=DIRECTION('ref_axis',(0.,0.,-1.));
#12166=DIRECTION('',(1.54651207986459E-13,1.,0.));
#12167=DIRECTION('',(0.,0.,1.));
#12168=DIRECTION('center_axis',(-6.73549672732298E-16,-1.,0.));
#12169=DIRECTION('ref_axis',(0.,0.,-1.));
#12170=DIRECTION('',(-1.,6.73549672732298E-16,0.));
#12171=DIRECTION('',(0.,0.,1.));
#12172=DIRECTION('center_axis',(1.,-6.73549672732298E-16,0.));
#12173=DIRECTION('ref_axis',(0.,0.,1.));
#12174=DIRECTION('',(-6.73549672732298E-16,-1.,0.));
#12175=DIRECTION('',(0.,0.,1.));
#12176=DIRECTION('center_axis',(-6.33973222090816E-14,-1.,0.));
#12177=DIRECTION('ref_axis',(0.,0.,-1.));
#12178=DIRECTION('',(-1.,6.33973222090816E-14,0.));
#12179=DIRECTION('center_axis',(0.,0.,1.));
#12180=DIRECTION('ref_axis',(-6.73549672732298E-16,-1.,0.));
#12181=DIRECTION('',(6.07787950418466E-14,-1.,0.));
#12182=DIRECTION('',(1.,7.572387018278E-13,0.));
#12183=DIRECTION('',(-6.73549672732298E-16,-1.,0.));
#12184=DIRECTION('',(1.,2.6463632689051E-12,0.));
#12185=DIRECTION('center_axis',(7.572387018278E-13,-1.,0.));
#12186=DIRECTION('ref_axis',(0.,0.,-1.));
#12187=DIRECTION('',(0.,0.,1.));
#12188=DIRECTION('center_axis',(-1.,6.73549672732298E-16,0.));
#12189=DIRECTION('ref_axis',(0.,0.,-1.));
#12190=DIRECTION('',(0.,0.,1.));
#12191=DIRECTION('center_axis',(2.6463632689051E-12,-1.,0.));
#12192=DIRECTION('ref_axis',(0.,0.,-1.));
#12193=DIRECTION('center_axis',(-1.,-6.07787950418466E-14,0.));
#12194=DIRECTION('ref_axis',(0.,0.,-1.));
#12195=DIRECTION('center_axis',(0.865031189261373,4.93038065763132E-32,
0.501718089772588));
#12196=DIRECTION('ref_axis',(0.501718089772588,0.,-0.865031189261373));
#12197=DIRECTION('',(0.501718089772588,0.,-0.865031189261373));
#12198=DIRECTION('',(0.,1.,0.));
#12199=DIRECTION('',(0.501718089772588,0.,-0.865031189261373));
#12200=DIRECTION('',(0.,1.,0.));
#12201=DIRECTION('center_axis',(0.,0.,1.));
#12202=DIRECTION('ref_axis',(1.,0.,0.));
#12203=DIRECTION('',(1.,0.,0.));
#12204=DIRECTION('',(-1.40831348502572E-15,-1.,0.));
#12205=DIRECTION('',(1.,0.,0.));
#12206=DIRECTION('center_axis',(0.,1.,0.));
#12207=DIRECTION('ref_axis',(0.,0.,1.));
#12208=DIRECTION('',(-1.,0.,0.));
#12209=DIRECTION('',(0.,0.,1.));
#12210=DIRECTION('center_axis',(0.,1.,0.));
#12211=DIRECTION('ref_axis',(0.,0.,1.));
#12212=DIRECTION('',(1.,0.,0.));
#12213=DIRECTION('',(0.,0.,-1.));
#12214=DIRECTION('center_axis',(0.,0.,1.));
#12215=DIRECTION('ref_axis',(-1.40831348502572E-15,-1.,0.));
#12216=DIRECTION('',(0.,1.,0.));
#12217=DIRECTION('',(-1.,1.40831348502572E-15,0.));
#12218=DIRECTION('',(-6.73549672732298E-16,-1.,0.));
#12219=DIRECTION('',(1.,-9.11610801073539E-14,0.));
#12220=DIRECTION('',(0.,1.,0.));
#12221=DIRECTION('center_axis',(1.40831348502572E-15,1.,0.));
#12222=DIRECTION('ref_axis',(0.,0.,1.));
#12223=DIRECTION('',(0.,0.,1.));
#12224=DIRECTION('',(1.,-1.40831348502572E-15,0.));
#12225=DIRECTION('',(0.,0.,1.));
#12226=DIRECTION('',(-1.,-2.15125587868576E-12,0.));
#12227=DIRECTION('',(0.,0.,-1.));
#12228=DIRECTION('center_axis',(-1.,1.40831348502572E-15,0.));
#12229=DIRECTION('ref_axis',(0.,0.,-1.));
#12230=DIRECTION('',(0.,0.,1.));
#12231=DIRECTION('',(1.40831348502572E-15,1.,0.));
#12232=DIRECTION('center_axis',(-9.11610801073539E-14,-1.,0.));
#12233=DIRECTION('ref_axis',(0.,0.,-1.));
#12234=DIRECTION('',(0.,0.,1.));
#12235=DIRECTION('',(1.,1.17679726961777E-12,0.));
#12236=DIRECTION('',(0.,0.,1.));
#12237=DIRECTION('',(-1.,9.11610801073539E-14,0.));
#12238=DIRECTION('center_axis',(0.,0.,-1.));
#12239=DIRECTION('ref_axis',(1.83697019872103E-16,1.,0.));
#12240=DIRECTION('',(-6.73549672732298E-16,-1.,0.));
#12241=DIRECTION('center_axis',(1.,-6.73549672732298E-16,0.));
#12242=DIRECTION('ref_axis',(0.,0.,1.));
#12243=DIRECTION('',(6.73549672732298E-16,1.,0.));
#12244=DIRECTION('center_axis',(-1.,6.73549672732298E-16,0.));
#12245=DIRECTION('ref_axis',(0.,0.,-1.));
#12246=DIRECTION('',(6.73549672732298E-16,1.,0.));
#12247=DIRECTION('center_axis',(0.,0.,1.));
#12248=DIRECTION('ref_axis',(-6.73549672732298E-16,-1.,0.));
#12249=DIRECTION('center_axis',(0.865031189261373,4.93038065763132E-32,
0.501718089772588));
#12250=DIRECTION('ref_axis',(0.501718089772588,0.,-0.865031189261373));
#12251=DIRECTION('',(0.501718089772588,0.,-0.865031189261373));
#12252=DIRECTION('',(0.,1.,0.));
#12253=DIRECTION('',(0.501718089772588,0.,-0.865031189261373));
#12254=DIRECTION('',(0.,1.,0.));
#12255=DIRECTION('center_axis',(0.,0.,1.));
#12256=DIRECTION('ref_axis',(1.,0.,0.));
#12257=DIRECTION('',(1.,0.,0.));
#12258=DIRECTION('',(-1.40831348502572E-15,-1.,0.));
#12259=DIRECTION('',(1.,0.,0.));
#12260=DIRECTION('center_axis',(0.,1.,0.));
#12261=DIRECTION('ref_axis',(0.,0.,1.));
#12262=DIRECTION('',(-1.,0.,0.));
#12263=DIRECTION('',(0.,0.,1.));
#12264=DIRECTION('center_axis',(0.,1.,0.));
#12265=DIRECTION('ref_axis',(0.,0.,1.));
#12266=DIRECTION('',(1.,0.,0.));
#12267=DIRECTION('',(0.,0.,-1.));
#12268=DIRECTION('center_axis',(0.,0.,1.));
#12269=DIRECTION('ref_axis',(-1.40831348502572E-15,-1.,0.));
#12270=DIRECTION('',(0.,1.,0.));
#12271=DIRECTION('',(1.,0.,0.));
#12272=DIRECTION('',(-6.73549672732298E-16,-1.,0.));
#12273=DIRECTION('',(1.,-1.40831348502572E-15,0.));
#12274=DIRECTION('',(0.,1.,0.));
#12275=DIRECTION('center_axis',(1.40831348502572E-15,1.,0.));
#12276=DIRECTION('ref_axis',(0.,0.,1.));
#12277=DIRECTION('',(0.,0.,1.));
#12278=DIRECTION('',(1.,-1.40831348502572E-15,0.));
#12279=DIRECTION('',(0.,0.,1.));
#12280=DIRECTION('',(-1.,-2.15125587868576E-12,0.));
#12281=DIRECTION('',(0.,0.,-1.));
#12282=DIRECTION('center_axis',(-1.40831348502572E-15,-1.,0.));
#12283=DIRECTION('ref_axis',(0.,0.,-1.));
#12284=DIRECTION('',(0.,0.,1.));
#12285=DIRECTION('',(1.,1.17679726961777E-12,0.));
#12286=DIRECTION('',(0.,0.,1.));
#12287=DIRECTION('',(-1.,1.40831348502572E-15,0.));
#12288=DIRECTION('',(0.,0.,1.));
#12289=DIRECTION('center_axis',(0.,0.,-1.));
#12290=DIRECTION('ref_axis',(1.83697019872103E-16,1.,0.));
#12291=DIRECTION('',(1.40831348502572E-15,1.,0.));
#12292=DIRECTION('',(-6.73549672732298E-16,-1.,0.));
#12293=DIRECTION('center_axis',(1.,-6.73549672732298E-16,0.));
#12294=DIRECTION('ref_axis',(0.,0.,1.));
#12295=DIRECTION('',(6.73549672732298E-16,1.,0.));
#12296=DIRECTION('center_axis',(-1.,6.73549672732298E-16,0.));
#12297=DIRECTION('ref_axis',(0.,0.,-1.));
#12298=DIRECTION('',(6.73549672732298E-16,1.,0.));
#12299=DIRECTION('center_axis',(0.,0.,1.));
#12300=DIRECTION('ref_axis',(-6.73549672732298E-16,-1.,0.));
#12301=DIRECTION('center_axis',(-1.,1.40831348502572E-15,0.));
#12302=DIRECTION('ref_axis',(0.,0.,-1.));
#12303=DIRECTION('center_axis',(0.865031189261373,4.93038065763132E-32,
-0.501718089772588));
#12304=DIRECTION('ref_axis',(-0.501718089772588,0.,-0.865031189261373));
#12305=DIRECTION('',(-0.501718089772588,0.,-0.865031189261373));
#12306=DIRECTION('',(0.,-1.,0.));
#12307=DIRECTION('',(-0.501718089772588,0.,-0.865031189261373));
#12308=DIRECTION('',(0.,1.,0.));
#12309=DIRECTION('center_axis',(0.,0.,-1.));
#12310=DIRECTION('ref_axis',(-1.,0.,0.));
#12311=DIRECTION('',(-1.,0.,0.));
#12312=DIRECTION('',(-1.,0.,0.));
#12313=DIRECTION('',(6.73549672732298E-16,1.,0.));
#12314=DIRECTION('center_axis',(0.,-1.,0.));
#12315=DIRECTION('ref_axis',(0.,0.,1.));
#12316=DIRECTION('',(-1.,0.,0.));
#12317=DIRECTION('',(0.,0.,-1.));
#12318=DIRECTION('center_axis',(0.,-1.,0.));
#12319=DIRECTION('ref_axis',(0.,0.,1.));
#12320=DIRECTION('',(1.,0.,0.));
#12321=DIRECTION('',(0.,0.,1.));
#12322=DIRECTION('center_axis',(0.865031189261373,4.93038065763132E-32,
-0.501718089772588));
#12323=DIRECTION('ref_axis',(-0.501718089772588,0.,-0.865031189261373));
#12324=DIRECTION('',(-0.501718089772588,0.,-0.865031189261373));
#12325=DIRECTION('',(0.,-1.,0.));
#12326=DIRECTION('',(-0.501718089772588,0.,-0.865031189261373));
#12327=DIRECTION('',(0.,1.,0.));
#12328=DIRECTION('center_axis',(0.,0.,-1.));
#12329=DIRECTION('ref_axis',(-1.,0.,0.));
#12330=DIRECTION('',(-1.,0.,0.));
#12331=DIRECTION('',(-1.,0.,0.));
#12332=DIRECTION('',(4.80430653900885E-14,1.,0.));
#12333=DIRECTION('center_axis',(0.,-1.,0.));
#12334=DIRECTION('ref_axis',(0.,0.,1.));
#12335=DIRECTION('',(-1.,0.,0.));
#12336=DIRECTION('',(0.,0.,-1.));
#12337=DIRECTION('center_axis',(0.,-1.,0.));
#12338=DIRECTION('ref_axis',(0.,0.,1.));
#12339=DIRECTION('',(1.,0.,0.));
#12340=DIRECTION('',(0.,0.,1.));
#12341=DIRECTION('center_axis',(0.865031189261373,4.93038065763132E-32,
-0.501718089772588));
#12342=DIRECTION('ref_axis',(-0.501718089772588,0.,-0.865031189261373));
#12343=DIRECTION('',(-0.501718089772588,0.,-0.865031189261373));
#12344=DIRECTION('',(0.,-1.,0.));
#12345=DIRECTION('',(-0.501718089772588,0.,-0.865031189261373));
#12346=DIRECTION('',(0.,1.,0.));
#12347=DIRECTION('center_axis',(0.,0.,-1.));
#12348=DIRECTION('ref_axis',(-1.,0.,0.));
#12349=DIRECTION('',(-1.,0.,0.));
#12350=DIRECTION('',(-1.,0.,0.));
#12351=DIRECTION('',(6.73549672732298E-16,1.,0.));
#12352=DIRECTION('center_axis',(0.,-1.,0.));
#12353=DIRECTION('ref_axis',(0.,0.,1.));
#12354=DIRECTION('',(-1.,0.,0.));
#12355=DIRECTION('',(0.,0.,-1.));
#12356=DIRECTION('center_axis',(0.,-1.,0.));
#12357=DIRECTION('ref_axis',(0.,0.,1.));
#12358=DIRECTION('',(1.,0.,0.));
#12359=DIRECTION('',(0.,0.,1.));
#12360=DIRECTION('center_axis',(0.,0.,1.));
#12361=DIRECTION('ref_axis',(-6.73549672732298E-16,-1.,0.));
#12362=DIRECTION('',(0.,-1.,0.));
#12363=DIRECTION('',(-1.,1.83697019872103E-16,0.));
#12364=DIRECTION('',(-1.83697019872103E-16,-1.,0.));
#12365=DIRECTION('',(-1.,6.73549672732298E-16,0.));
#12366=DIRECTION('',(0.,-1.,0.));
#12367=DIRECTION('',(0.,-1.,0.));
#12368=DIRECTION('',(1.,5.24034932111605E-13,0.));
#12369=DIRECTION('',(1.74229277591207E-13,-1.,0.));
#12370=DIRECTION('',(1.,-6.73549672732298E-16,0.));
#12371=DIRECTION('',(-6.01663335025106E-16,-1.,0.));
#12372=DIRECTION('',(-1.,1.83697019872103E-16,0.));
#12373=DIRECTION('',(-6.73549672732298E-16,-1.,0.));
#12374=DIRECTION('',(-1.,1.75576376934148E-13,0.));
#12375=DIRECTION('',(0.,-1.,0.));
#12376=DIRECTION('',(0.,-1.,0.));
#12377=DIRECTION('',(-1.,1.83697019872103E-16,0.));
#12378=DIRECTION('',(-1.83697019872103E-16,-1.,0.));
#12379=DIRECTION('',(-1.,6.73549672732298E-16,0.));
#12380=DIRECTION('',(0.,-1.,0.));
#12381=DIRECTION('center_axis',(1.,-6.73549672732298E-16,0.));
#12382=DIRECTION('ref_axis',(0.,0.,1.));
#12383=DIRECTION('',(0.,0.,1.));
#12384=DIRECTION('',(-6.73549672732298E-16,-1.,0.));
#12385=DIRECTION('',(0.,0.,1.));
#12386=DIRECTION('center_axis',(1.75576376934148E-13,1.,0.));
#12387=DIRECTION('ref_axis',(0.,0.,1.));
#12388=DIRECTION('',(0.,0.,1.));
#12389=DIRECTION('',(1.,-1.75576376934148E-13,0.));
#12390=DIRECTION('center_axis',(1.,-6.73549672732298E-16,0.));
#12391=DIRECTION('ref_axis',(0.,0.,1.));
#12392=DIRECTION('',(0.,0.,1.));
#12393=DIRECTION('',(-6.73549672732298E-16,-1.,0.));
#12394=DIRECTION('',(0.,0.,1.));
#12395=DIRECTION('center_axis',(6.73549672732298E-16,1.,0.));
#12396=DIRECTION('ref_axis',(0.,0.,1.));
#12397=DIRECTION('',(1.30524583050902E-30,7.105427357601E-15,1.));
#12398=DIRECTION('',(1.,-6.73549672732298E-16,0.));
#12399=DIRECTION('center_axis',(1.,-4.80430653900885E-14,0.));
#12400=DIRECTION('ref_axis',(0.,0.,1.));
#12401=DIRECTION('',(0.,0.,1.));
#12402=DIRECTION('',(-4.80430653900885E-14,-1.,0.));
#12403=DIRECTION('',(0.,0.,1.));
#12404=DIRECTION('center_axis',(6.73549672732298E-16,1.,0.));
#12405=DIRECTION('ref_axis',(0.,0.,1.));
#12406=DIRECTION('',(-1.30524583050902E-30,-7.105427357601E-15,1.));
#12407=DIRECTION('',(1.,-6.73549672732298E-16,0.));
#12408=DIRECTION('center_axis',(-6.73549672732298E-16,-1.,0.));
#12409=DIRECTION('ref_axis',(0.,0.,-1.));
#12410=DIRECTION('',(1.,-1.83697019872103E-16,0.));
#12411=DIRECTION('',(-1.30524583050902E-30,-7.105427357601E-15,-1.));
#12412=DIRECTION('center_axis',(-6.73549672732298E-16,-1.,0.));
#12413=DIRECTION('ref_axis',(0.,0.,-1.));
#12414=DIRECTION('',(1.,-1.83697019872103E-16,0.));
#12415=DIRECTION('',(-1.30524583050902E-30,-7.105427357601E-15,-1.));
#12416=DIRECTION('center_axis',(-1.,1.83697019872103E-16,0.));
#12417=DIRECTION('ref_axis',(0.,0.,-1.));
#12418=DIRECTION('',(-1.83697019872103E-16,-1.,0.));
#12419=DIRECTION('',(0.,0.,-1.));
#12420=DIRECTION('',(0.,0.,1.));
#12421=DIRECTION('center_axis',(0.,0.,1.));
#12422=DIRECTION('ref_axis',(-6.73549672732298E-16,-1.,0.));
#12423=DIRECTION('',(1.,-6.73549672732298E-16,0.));
#12424=DIRECTION('',(-6.73549672732298E-16,-1.,0.));
#12425=DIRECTION('',(-1.,-2.15872807889306E-13,0.));
#12426=DIRECTION('center_axis',(-1.,1.83697019872103E-16,0.));
#12427=DIRECTION('ref_axis',(0.,0.,-1.));
#12428=DIRECTION('',(1.83697019872103E-16,1.,0.));
#12429=DIRECTION('center_axis',(0.,0.,-1.));
#12430=DIRECTION('ref_axis',(1.83697019872103E-16,1.,0.));
#12431=DIRECTION('',(6.73549672732298E-16,1.,0.));
#12432=DIRECTION('',(1.,2.15872807889306E-13,0.));
#12433=DIRECTION('',(6.73549672732298E-16,1.,0.));
#12434=DIRECTION('',(-1.,6.73549672732298E-16,0.));
#12435=DIRECTION('',(-1.74229277591207E-13,1.,0.));
#12436=DIRECTION('',(-1.,-5.24034932111605E-13,0.));
#12437=DIRECTION('',(1.83697019872103E-16,1.,0.));
#12438=DIRECTION('center_axis',(-1.,1.83697019872103E-16,0.));
#12439=DIRECTION('ref_axis',(0.,0.,-1.));
#12440=DIRECTION('center_axis',(-6.73549672732298E-16,-1.,0.));
#12441=DIRECTION('ref_axis',(0.,0.,-1.));
#12442=DIRECTION('',(0.,0.,1.));
#12443=DIRECTION('',(0.,0.,1.));
#12444=DIRECTION('center_axis',(5.24034932111605E-13,-1.,0.));
#12445=DIRECTION('ref_axis',(0.,0.,-1.));
#12446=DIRECTION('',(0.,0.,1.));
#12447=DIRECTION('center_axis',(-1.,-1.74229277591207E-13,0.));
#12448=DIRECTION('ref_axis',(0.,0.,-1.));
#12449=DIRECTION('center_axis',(-1.,6.73549672732298E-16,0.));
#12450=DIRECTION('ref_axis',(0.,0.,-1.));
#12451=DIRECTION('',(0.,0.,1.));
#12452=DIRECTION('center_axis',(-2.15872807889306E-13,1.,0.));
#12453=DIRECTION('ref_axis',(0.,0.,1.));
#12454=DIRECTION('',(0.,0.,1.));
#12455=DIRECTION('center_axis',(-1.,6.73549672732298E-16,0.));
#12456=DIRECTION('ref_axis',(0.,0.,-1.));
#12457=CARTESIAN_POINT('',(0.,0.,0.));
#12458=CARTESIAN_POINT('Origin',(3.64158573386408,-1.20496289076137,2.30999999999998));
#12459=CARTESIAN_POINT('',(3.20435103781232,-3.08684175792836,2.30999999999998));
#12460=CARTESIAN_POINT('',(3.29884658972197,-3.23533476806517,2.30999999999998));
#12461=CARTESIAN_POINT('Origin',(3.07523736395343,-3.27331827652015,2.30999999999998));
#12462=CARTESIAN_POINT('',(3.28984701334369,-3.08684175792836,2.30999999999998));
#12463=CARTESIAN_POINT('',(3.4229683858382,-3.08684175792836,2.30999999999998));
#12464=CARTESIAN_POINT('',(3.28984701334369,-2.92484938323697,2.30999999999998));
#12465=CARTESIAN_POINT('',(3.28984701334369,-2.14590232434486,2.30999999999998));
#12466=CARTESIAN_POINT('',(2.3988889525465,-2.92484938323697,2.30999999999998));
#12467=CARTESIAN_POINT('',(3.46571637360388,-2.92484938323697,2.30999999999998));
#12468=CARTESIAN_POINT('',(2.3988889525465,-3.09134154612243,2.30999999999998));
#12469=CARTESIAN_POINT('',(2.3988889525465,-2.06490613699917,2.30999999999998));
#12470=CARTESIAN_POINT('',(3.05135823949724,-3.09134154612243,2.30999999999998));
#12471=CARTESIAN_POINT('',(3.02023734320529,-3.09134154612243,2.30999999999998));
#12472=CARTESIAN_POINT('',(3.14585379140095,-3.14813104107396,2.30999999999998));
#12473=CARTESIAN_POINT('Origin',(3.0536081335918,-3.19461105140562,2.30999999999998));
#12474=CARTESIAN_POINT('',(3.12335485047354,-3.2848324381042,2.30999999999998));
#12475=CARTESIAN_POINT('Origin',(3.03658758461955,-3.20034969698934,2.30999999999998));
#12476=CARTESIAN_POINT('',(3.02885929857032,-3.30733137904691,2.30999999999998));
#12477=CARTESIAN_POINT('Origin',(3.03315455090367,-3.11568130948816,2.30999999999998));
#12478=CARTESIAN_POINT('',(2.3988889525465,-3.30733137904691,2.30999999999998));
#12479=CARTESIAN_POINT('',(3.3352225162172,-3.30733137904691,2.30999999999998));
#12480=CARTESIAN_POINT('',(2.3988889525465,-3.46932375373632,2.30999999999998));
#12481=CARTESIAN_POINT('',(2.3988889525465,-2.25614713490414,2.30999999999998));
#12482=CARTESIAN_POINT('',(3.1165458588091,-3.46932375372744,2.30999999999998));
#12483=CARTESIAN_POINT('',(3.02023734322093,-3.46932375372774,2.30999999999998));
#12484=CARTESIAN_POINT('',(3.20885082600195,-3.44682481281435,2.30999999999998));
#12485=CARTESIAN_POINT('Origin',(3.12670003694306,-3.31038633574968,2.30999999999998));
#12486=CARTESIAN_POINT('',(3.29197283623976,-3.35412228753779,2.30999999999998));
#12487=CARTESIAN_POINT('Origin',(3.14380246634588,-3.30488192865417,2.30999999999998));
#12488=CARTESIAN_POINT('Origin',(3.07507661196369,-3.281978742075,2.30999999999998));
#12489=CARTESIAN_POINT('Origin',(3.03658758461955,-3.20034969698934,2.31989933101258));
#12490=CARTESIAN_POINT('',(3.14585379140095,-3.14813104107396,2.29999999999998));
#12491=CARTESIAN_POINT('',(3.14585379140095,-3.14813104107396,2.31989933101258));
#12492=CARTESIAN_POINT('',(3.12335485047354,-3.2848324381042,2.29999999999998));
#12493=CARTESIAN_POINT('Origin',(3.03658758461955,-3.20034969698934,2.29999999999998));
#12494=CARTESIAN_POINT('',(3.12335485047354,-3.2848324381042,2.31989933101258));
#12495=CARTESIAN_POINT('Origin',(3.0536081335918,-3.19461105140562,2.31989933101258));
#12496=CARTESIAN_POINT('',(3.05135823949724,-3.09134154612243,2.29999999999998));
#12497=CARTESIAN_POINT('',(3.05135823949724,-3.09134154612243,2.31989933101258));
#12498=CARTESIAN_POINT('Origin',(3.0536081335918,-3.19461105140562,2.29999999999998));
#12499=CARTESIAN_POINT('Origin',(2.3988889525465,-3.09134154612243,2.31989933101258));
#12500=CARTESIAN_POINT('',(2.3988889525465,-3.09134154612243,2.29999999999998));
#12501=CARTESIAN_POINT('',(2.3988889525465,-3.09134154612243,2.31989933101258));
#12502=CARTESIAN_POINT('',(3.08195658693928,-3.09134154612243,2.29999999999998));
#12503=CARTESIAN_POINT('Origin',(2.3988889525465,-2.92484938323697,2.31989933101258));
#12504=CARTESIAN_POINT('',(2.3988889525465,-2.92484938323697,2.29999999999998));
#12505=CARTESIAN_POINT('',(2.3988889525465,-2.92484938323697,2.31989933101258));
#12506=CARTESIAN_POINT('',(2.3988889525465,-1.53740706061623,2.29999999999998));
#12507=CARTESIAN_POINT('Origin',(3.28984701334369,-2.92484938323697,2.31989933101258));
#12508=CARTESIAN_POINT('',(3.28984701334369,-2.92484938323697,2.29999999999998));
#12509=CARTESIAN_POINT('',(3.28984701334369,-2.92484938323697,2.31989933101258));
#12510=CARTESIAN_POINT('',(2.75572194346343,-2.92484938323697,2.29999999999998));
#12511=CARTESIAN_POINT('Origin',(3.28984701334369,-3.08684175792836,2.31989933101258));
#12512=CARTESIAN_POINT('',(3.28984701334369,-3.08684175792836,2.29999999999998));
#12513=CARTESIAN_POINT('',(3.28984701334369,-3.08684175792836,2.31989933101258));
#12514=CARTESIAN_POINT('',(3.28984701334369,-1.45416097917399,2.29999999999998));
#12515=CARTESIAN_POINT('Origin',(3.20435103781232,-3.08684175792836,2.31989933101258));
#12516=CARTESIAN_POINT('',(3.20435103781232,-3.08684175792836,2.29999999999998));
#12517=CARTESIAN_POINT('',(3.20435103781232,-3.08684175792836,2.31989933101258));
#12518=CARTESIAN_POINT('',(3.20120097386202,-3.08684175792836,2.29999999999998));
#12519=CARTESIAN_POINT('Origin',(3.07523736395343,-3.27331827652015,2.31989933101258));
#12520=CARTESIAN_POINT('',(3.29884658972197,-3.23533476806517,2.29999999999998));
#12521=CARTESIAN_POINT('',(3.29884658972197,-3.23533476806517,2.31989933101258));
#12522=CARTESIAN_POINT('Origin',(3.07523736395343,-3.27331827652015,2.29999999999998));
#12523=CARTESIAN_POINT('Origin',(3.07507661196369,-3.281978742075,2.31989933101258));
#12524=CARTESIAN_POINT('',(3.29197283623976,-3.35412228753779,2.29999999999998));
#12525=CARTESIAN_POINT('',(3.29197283623976,-3.35412228753779,2.31989933101258));
#12526=CARTESIAN_POINT('Origin',(3.07507661196369,-3.281978742075,2.29999999999998));
#12527=CARTESIAN_POINT('Origin',(3.14380246634588,-3.30488192865417,2.31989933101258));
#12528=CARTESIAN_POINT('',(3.20885082600195,-3.44682481281435,2.29999999999998));
#12529=CARTESIAN_POINT('',(3.20885082600195,-3.44682481281435,2.31989933101258));
#12530=CARTESIAN_POINT('Origin',(3.14380246634588,-3.30488192865417,2.29999999999998));
#12531=CARTESIAN_POINT('Origin',(3.12670003694306,-3.31038633574968,2.31989933101258));
#12532=CARTESIAN_POINT('',(3.1165458588091,-3.46932375372744,2.29999999999998));
#12533=CARTESIAN_POINT('',(3.1165458588091,-3.46932375372744,2.31989933101258));
#12534=CARTESIAN_POINT('Origin',(3.12670003694306,-3.31038633574968,2.29999999999998));
#12535=CARTESIAN_POINT('Origin',(2.3988889525465,-3.46932375373632,2.31989933101258));
#12536=CARTESIAN_POINT('',(2.3988889525465,-3.46932375373632,2.29999999999998));
#12537=CARTESIAN_POINT('',(2.3988889525465,-3.46932375373632,2.31989933101258));
#12538=CARTESIAN_POINT('',(3.11455039661893,-3.46932375372744,2.29999999999998));
#12539=CARTESIAN_POINT('Origin',(2.3988889525465,-3.30733137904691,2.31989933101258));
#12540=CARTESIAN_POINT('',(2.3988889525465,-3.30733137904691,2.29999999999998));
#12541=CARTESIAN_POINT('',(2.3988889525465,-3.30733137904691,2.31989933101258));
#12542=CARTESIAN_POINT('',(2.3988889525465,-1.72639816442366,2.29999999999998));
#12543=CARTESIAN_POINT('Origin',(3.02885929857032,-3.30733137904691,2.31989933101258));
#12544=CARTESIAN_POINT('',(3.02885929857032,-3.30733137904691,2.29999999999998));
#12545=CARTESIAN_POINT('',(3.02885929857032,-3.30733137904691,2.31989933101258));
#12546=CARTESIAN_POINT('',(2.75572194346343,-3.30733137904691,2.29999999999998));
#12547=CARTESIAN_POINT('Origin',(3.11255493438084,0.0165274248909704,2.29999999999998));
#12548=CARTESIAN_POINT('Origin',(3.03315455090367,-3.11568130948816,2.29999999999998));
#12549=CARTESIAN_POINT('Origin',(3.03315455090367,-3.11568130948816,2.31989933101258));
#12550=CARTESIAN_POINT('Origin',(3.64158573386408,-1.20496289076137,2.30999999999998));
#12551=CARTESIAN_POINT('',(3.20435103781233,0.579702802129697,2.30999999999998));
#12552=CARTESIAN_POINT('',(3.29884658971703,0.431209791992875,2.30999999999998));
#12553=CARTESIAN_POINT('Origin',(3.07523736395097,0.393226283544812,2.30999999999998));
#12554=CARTESIAN_POINT('',(3.2898470133437,0.579702802129697,2.30999999999998));
#12555=CARTESIAN_POINT('',(3.42296838583821,0.579702802129697,2.30999999999998));
#12556=CARTESIAN_POINT('',(3.2898470133437,0.741695176820091,2.30999999999998));
#12557=CARTESIAN_POINT('',(3.28984701334369,-0.312630044315835,2.30999999999998));
#12558=CARTESIAN_POINT('',(2.39888895254651,0.741695176820092,2.30999999999998));
#12559=CARTESIAN_POINT('',(3.46571637360389,0.741695176820091,2.30999999999998));
#12560=CARTESIAN_POINT('',(2.39888895254651,0.575203013946493,2.30999999999998));
#12561=CARTESIAN_POINT('',(2.39888895254651,-0.231633856970636,2.30999999999998));
#12562=CARTESIAN_POINT('',(3.05135823949724,0.575203013946492,2.30999999999998));
#12563=CARTESIAN_POINT('',(3.0202373432053,0.575203013946491,2.30999999999998));
#12564=CARTESIAN_POINT('',(3.14585379140096,0.518413518983098,2.30999999999998));
#12565=CARTESIAN_POINT('Origin',(3.0536081335844,0.471933508657365,2.30999999999998));
#12566=CARTESIAN_POINT('',(3.12335485047898,0.381712121943978,2.30999999999998));
#12567=CARTESIAN_POINT('Origin',(3.0365875846161,0.466194863059824,2.30999999999998));
#12568=CARTESIAN_POINT('',(3.02885929857032,0.359213181022004,2.30999999999998));
#12569=CARTESIAN_POINT('Origin',(3.03315455094813,0.550863250570882,2.30999999999998));
#12570=CARTESIAN_POINT('',(2.39888895254651,0.359213181022005,2.30999999999998));
#12571=CARTESIAN_POINT('',(3.3352225162172,0.359213181022004,2.30999999999998));
#12572=CARTESIAN_POINT('',(2.39888895254651,0.197220806331604,2.30999999999998));
#12573=CARTESIAN_POINT('',(2.39888895254651,-0.42287485486968,2.30999999999998));
#12574=CARTESIAN_POINT('',(3.11654585880911,0.197220806331603,2.30999999999998));
#12575=CARTESIAN_POINT('',(3.0202373432053,0.197220806331603,2.30999999999998));
#12576=CARTESIAN_POINT('',(3.20885082599701,0.219719747252591,2.30999999999998));
#12577=CARTESIAN_POINT('Origin',(3.12670003692924,0.356158224292548,2.30999999999998));
#12578=CARTESIAN_POINT('',(3.29197283623977,0.312422272529163,2.30999999999998));
#12579=CARTESIAN_POINT('Origin',(3.14380246633947,0.361662631423631,2.30999999999998));
#12580=CARTESIAN_POINT('Origin',(3.0750766119785,0.384565817979108,2.30999999999998));
#12581=CARTESIAN_POINT('Origin',(3.0365875846161,0.466194863059824,2.31989933101258));
#12582=CARTESIAN_POINT('',(3.14585379140096,0.518413518983098,2.29999999999998));
#12583=CARTESIAN_POINT('',(3.14585379140096,0.518413518983098,2.31989933101258));
#12584=CARTESIAN_POINT('',(3.12335485047898,0.381712121943978,2.29999999999998));
#12585=CARTESIAN_POINT('Origin',(3.0365875846161,0.466194863059824,2.29999999999998));
#12586=CARTESIAN_POINT('',(3.12335485047898,0.381712121943978,2.31989933101258));
#12587=CARTESIAN_POINT('Origin',(3.0536081335844,0.471933508657365,2.31989933101258));
#12588=CARTESIAN_POINT('',(3.05135823949724,0.575203013946492,2.29999999999998));
#12589=CARTESIAN_POINT('',(3.05135823949724,0.575203013946492,2.31989933101258));
#12590=CARTESIAN_POINT('Origin',(3.0536081335844,0.471933508657365,2.29999999999998));
#12591=CARTESIAN_POINT('Origin',(2.39888895254651,0.575203013946493,2.31989933101258));
#12592=CARTESIAN_POINT('',(2.39888895254651,0.575203013946493,2.29999999999998));
#12593=CARTESIAN_POINT('',(2.39888895254651,0.575203013946493,2.31989933101258));
#12594=CARTESIAN_POINT('',(3.08195658693929,0.575203013946492,2.29999999999998));
#12595=CARTESIAN_POINT('Origin',(2.39888895254651,0.741695176820092,2.31989933101258));
#12596=CARTESIAN_POINT('',(2.39888895254651,0.741695176820092,2.29999999999998));
#12597=CARTESIAN_POINT('',(2.39888895254651,0.741695176820092,2.31989933101258));
#12598=CARTESIAN_POINT('',(2.39888895254651,0.295865219417738,2.29999999999998));
#12599=CARTESIAN_POINT('Origin',(3.2898470133437,0.741695176820091,2.31989933101258));
#12600=CARTESIAN_POINT('',(3.2898470133437,0.741695176820091,2.29999999999998));
#12601=CARTESIAN_POINT('',(3.2898470133437,0.741695176820091,2.31989933101258));
#12602=CARTESIAN_POINT('',(2.75572194346343,0.741695176820092,2.29999999999998));
#12603=CARTESIAN_POINT('Origin',(3.2898470133437,0.579702802129697,2.31989933101258));
#12604=CARTESIAN_POINT('',(3.2898470133437,0.579702802129697,2.29999999999998));
#12605=CARTESIAN_POINT('',(3.2898470133437,0.579702802129697,2.31989933101258));
#12606=CARTESIAN_POINT('',(3.2898470133437,0.379111300855034,2.29999999999998));
#12607=CARTESIAN_POINT('Origin',(3.20435103781233,0.579702802129697,2.31989933101258));
#12608=CARTESIAN_POINT('',(3.20435103781233,0.579702802129697,2.29999999999998));
#12609=CARTESIAN_POINT('',(3.20435103781233,0.579702802129697,2.31989933101258));
#12610=CARTESIAN_POINT('',(3.20120097386202,0.579702802129697,2.29999999999998));
#12611=CARTESIAN_POINT('Origin',(3.07523736395097,0.393226283544812,2.31989933101258));
#12612=CARTESIAN_POINT('',(3.29884658971703,0.431209791992875,2.29999999999998));
#12613=CARTESIAN_POINT('',(3.29884658971703,0.431209791992875,2.31989933101258));
#12614=CARTESIAN_POINT('Origin',(3.07523736395097,0.393226283544812,2.29999999999998));
#12615=CARTESIAN_POINT('Origin',(3.0750766119785,0.384565817979108,2.31989933101258));
#12616=CARTESIAN_POINT('',(3.29197283623977,0.312422272529163,2.29999999999998));
#12617=CARTESIAN_POINT('',(3.29197283623977,0.312422272529163,2.31989933101258));
#12618=CARTESIAN_POINT('Origin',(3.0750766119785,0.384565817979108,2.29999999999998));
#12619=CARTESIAN_POINT('Origin',(3.14380246633947,0.361662631423631,2.31989933101258));
#12620=CARTESIAN_POINT('',(3.20885082599701,0.219719747252591,2.29999999999998));
#12621=CARTESIAN_POINT('',(3.20885082599701,0.219719747252591,2.31989933101258));
#12622=CARTESIAN_POINT('Origin',(3.14380246633947,0.361662631423631,2.29999999999998));
#12623=CARTESIAN_POINT('Origin',(3.12670003692924,0.356158224292548,2.31989933101258));
#12624=CARTESIAN_POINT('',(3.11654585880911,0.197220806331603,2.29999999999998));
#12625=CARTESIAN_POINT('',(3.11654585880911,0.197220806331603,2.31989933101258));
#12626=CARTESIAN_POINT('Origin',(3.12670003692924,0.356158224292548,2.29999999999998));
#12627=CARTESIAN_POINT('Origin',(2.39888895254651,0.197220806331604,2.31989933101258));
#12628=CARTESIAN_POINT('',(2.39888895254651,0.197220806331604,2.29999999999998));
#12629=CARTESIAN_POINT('',(2.39888895254651,0.197220806331604,2.31989933101258));
#12630=CARTESIAN_POINT('',(3.11455039659522,0.197220806331603,2.29999999999998));
#12631=CARTESIAN_POINT('Origin',(2.39888895254651,0.359213181022005,2.31989933101258));
#12632=CARTESIAN_POINT('',(2.39888895254651,0.359213181022005,2.29999999999998));
#12633=CARTESIAN_POINT('',(2.39888895254651,0.359213181022005,2.31989933101258));
#12634=CARTESIAN_POINT('',(2.39888895254651,0.106874115610304,2.29999999999998));
#12635=CARTESIAN_POINT('Origin',(3.02885929857032,0.359213181022004,2.31989933101258));
#12636=CARTESIAN_POINT('',(3.02885929857032,0.359213181022004,2.29999999999998));
#12637=CARTESIAN_POINT('',(3.02885929857032,0.359213181022004,2.31989933101258));
#12638=CARTESIAN_POINT('',(2.75572194346343,0.359213181022005,2.29999999999998));
#12639=CARTESIAN_POINT('Origin',(3.11255493438084,0.0165274248909704,2.29999999999998));
#12640=CARTESIAN_POINT('Origin',(3.03315455094813,0.550863250570882,2.29999999999998));
#12641=CARTESIAN_POINT('Origin',(3.03315455094813,0.550863250570882,2.31989933101258));
#12642=CARTESIAN_POINT('Origin',(3.56129581167166,-0.495746574295675,2.31989933101258));
#12643=CARTESIAN_POINT('',(3.56129581167166,-0.389244839464503,2.30999999999998));
#12644=CARTESIAN_POINT('Origin',(3.56129581167166,-0.495746574295675,2.30999999999998));
#12645=CARTESIAN_POINT('',(3.56129581167166,-0.389244839464468,2.29999999999998));
#12646=CARTESIAN_POINT('Origin',(3.56129581167166,-0.495746574295675,2.29999999999998));
#12647=CARTESIAN_POINT('Origin',(3.11255493438084,0.0165274248909704,2.29999999999998));
#12648=CARTESIAN_POINT('Origin',(3.64158573386408,-1.20496289076137,2.30999999999998));
#12649=CARTESIAN_POINT('Origin',(3.64158573386408,-1.20496289076137,2.30999999999998));
#12650=CARTESIAN_POINT('',(3.02885929857032,-1.16621501398912,2.30999999999998));
#12651=CARTESIAN_POINT('',(3.12335485047898,-1.14371607306714,2.30999999999998));
#12652=CARTESIAN_POINT('Origin',(3.03315455094813,-0.974564944440241,2.30999999999998));
#12653=CARTESIAN_POINT('',(2.39888895254651,-1.16621501398912,2.30999999999998));
#12654=CARTESIAN_POINT('',(3.3352225162172,-1.16621501398912,2.30999999999998));
#12655=CARTESIAN_POINT('',(2.3988889525465,-1.32820738866963,2.30999999999998));
#12656=CARTESIAN_POINT('',(2.39888895254651,-1.18558895237524,2.30999999999998));
#12657=CARTESIAN_POINT('',(3.11654585880911,-1.32820738866963,2.30999999999998));
#12658=CARTESIAN_POINT('',(3.02023734320529,-1.32820738866963,2.30999999999998));
#12659=CARTESIAN_POINT('',(3.20885082599701,-1.30570844774765,2.30999999999998));
#12660=CARTESIAN_POINT('Origin',(3.12670003692774,-1.16926997070868,2.30999999999998));
#12661=CARTESIAN_POINT('',(3.29197283624669,-1.21300592249184,2.30999999999998));
#12662=CARTESIAN_POINT('Origin',(3.14380246636466,-1.16376556358155,2.30999999999998));
#12663=CARTESIAN_POINT('',(3.29884658971703,-1.09421840300737,2.30999999999998));
#12664=CARTESIAN_POINT('Origin',(3.07507661194344,-1.1408623770409,2.30999999999998));
#12665=CARTESIAN_POINT('',(3.20435103781233,-0.945725392880434,2.30999999999998));
#12666=CARTESIAN_POINT('Origin',(3.07523736396331,-1.13220191146037,2.30999999999998));
#12667=CARTESIAN_POINT('',(3.28984701334369,-0.945725392880434,2.30999999999998));
#12668=CARTESIAN_POINT('',(3.4229683858382,-0.945725392880434,2.30999999999998));
#12669=CARTESIAN_POINT('',(3.28984701334369,-0.78373301817917,2.30999999999998));
#12670=CARTESIAN_POINT('',(3.28984701334369,-1.0753441418209,2.30999999999998));
#12671=CARTESIAN_POINT('',(2.39888895254651,-0.783733018179169,2.30999999999998));
#12672=CARTESIAN_POINT('',(3.46571637360389,-0.783733018179171,2.30999999999998));
#12673=CARTESIAN_POINT('',(2.39888895254651,-0.950225181065618,2.30999999999998));
#12674=CARTESIAN_POINT('',(2.39888895254651,-0.994347954470267,2.30999999999998));
#12675=CARTESIAN_POINT('',(3.05135823949724,-0.95022518106562,2.30999999999998));
#12676=CARTESIAN_POINT('',(3.02023734320529,-0.95022518106562,2.30999999999998));
#12677=CARTESIAN_POINT('',(3.14585379139552,-1.00701467601715,2.30999999999998));
#12678=CARTESIAN_POINT('Origin',(3.05360813358934,-1.05349468634387,2.30999999999998));
#12679=CARTESIAN_POINT('Origin',(3.03658758460424,-1.0592333319503,2.30999999999998));
#12680=CARTESIAN_POINT('Origin',(3.07523736396331,-1.13220191146037,2.31989933101258));
#12681=CARTESIAN_POINT('',(3.29884658971703,-1.09421840300737,2.29999999999998));
#12682=CARTESIAN_POINT('',(3.29884658971703,-1.09421840300737,2.31989933101258));
#12683=CARTESIAN_POINT('',(3.20435103781233,-0.945725392880434,2.29999999999998));
#12684=CARTESIAN_POINT('Origin',(3.07523736396331,-1.13220191146037,2.29999999999998));
#12685=CARTESIAN_POINT('',(3.20435103781233,-0.945725392880434,2.31989933101258));
#12686=CARTESIAN_POINT('Origin',(3.07507661194344,-1.1408623770409,2.31989933101258));
#12687=CARTESIAN_POINT('',(3.29197283624669,-1.21300592249184,2.29999999999998));
#12688=CARTESIAN_POINT('',(3.29197283624669,-1.21300592249184,2.31989933101258));
#12689=CARTESIAN_POINT('Origin',(3.07507661194344,-1.1408623770409,2.29999999999998));
#12690=CARTESIAN_POINT('Origin',(3.14380246636466,-1.16376556358155,2.31989933101258));
#12691=CARTESIAN_POINT('',(3.20885082599701,-1.30570844774765,2.29999999999998));
#12692=CARTESIAN_POINT('',(3.20885082599701,-1.30570844774765,2.31989933101258));
#12693=CARTESIAN_POINT('Origin',(3.14380246636466,-1.16376556358155,2.29999999999998));
#12694=CARTESIAN_POINT('Origin',(3.12670003692774,-1.16926997070868,2.31989933101258));
#12695=CARTESIAN_POINT('',(3.11654585880911,-1.32820738866963,2.29999999999998));
#12696=CARTESIAN_POINT('',(3.11654585880911,-1.32820738866963,2.31989933101258));
#12697=CARTESIAN_POINT('Origin',(3.12670003692774,-1.16926997070868,2.29999999999998));
#12698=CARTESIAN_POINT('Origin',(2.3988889525465,-1.32820738866963,2.31989933101258));
#12699=CARTESIAN_POINT('',(2.3988889525465,-1.32820738866963,2.29999999999998));
#12700=CARTESIAN_POINT('',(2.3988889525465,-1.32820738866963,2.31989933101258));
#12701=CARTESIAN_POINT('',(3.11455039659522,-1.32820738866963,2.29999999999998));
#12702=CARTESIAN_POINT('Origin',(2.39888895254651,-1.16621501398912,2.31989933101258));
#12703=CARTESIAN_POINT('',(2.39888895254651,-1.16621501398912,2.29999999999998));
#12704=CARTESIAN_POINT('',(2.39888895254651,-1.16621501398912,2.31989933101258));
#12705=CARTESIAN_POINT('',(2.39888895254651,-0.655839981889821,2.29999999999998));
#12706=CARTESIAN_POINT('Origin',(3.02885929857032,-1.16621501398912,2.31989933101258));
#12707=CARTESIAN_POINT('',(3.02885929857032,-1.16621501398912,2.29999999999998));
#12708=CARTESIAN_POINT('',(3.02885929857032,-1.16621501398912,2.31989933101258));
#12709=CARTESIAN_POINT('',(2.75572194346343,-1.16621501398912,2.29999999999998));
#12710=CARTESIAN_POINT('Origin',(3.03315455094813,-0.974564944440241,2.31989933101258));
#12711=CARTESIAN_POINT('',(3.12335485047898,-1.14371607306714,2.29999999999998));
#12712=CARTESIAN_POINT('',(3.12335485047898,-1.14371607306714,2.31989933101258));
#12713=CARTESIAN_POINT('Origin',(3.03315455094813,-0.974564944440241,2.29999999999998));
#12714=CARTESIAN_POINT('Origin',(3.03658758460424,-1.0592333319503,2.31989933101258));
#12715=CARTESIAN_POINT('',(3.14585379139552,-1.00701467601715,2.29999999999998));
#12716=CARTESIAN_POINT('',(3.14585379139552,-1.00701467601715,2.31989933101258));
#12717=CARTESIAN_POINT('Origin',(3.03658758460424,-1.0592333319503,2.29999999999998));
#12718=CARTESIAN_POINT('Origin',(3.05360813358934,-1.05349468634387,2.31989933101258));
#12719=CARTESIAN_POINT('',(3.05135823949724,-0.95022518106562,2.29999999999998));
#12720=CARTESIAN_POINT('',(3.05135823949724,-0.95022518106562,2.31989933101258));
#12721=CARTESIAN_POINT('Origin',(3.05360813358934,-1.05349468634387,2.29999999999998));
#12722=CARTESIAN_POINT('Origin',(2.39888895254651,-0.950225181065618,2.31989933101258));
#12723=CARTESIAN_POINT('',(2.39888895254651,-0.950225181065618,2.29999999999998));
#12724=CARTESIAN_POINT('',(2.39888895254651,-0.950225181065618,2.31989933101258));
#12725=CARTESIAN_POINT('',(3.08195658693929,-0.95022518106562,2.29999999999998));
#12726=CARTESIAN_POINT('Origin',(2.39888895254651,-0.783733018179169,2.31989933101258));
#12727=CARTESIAN_POINT('',(2.39888895254651,-0.783733018179169,2.29999999999998));
#12728=CARTESIAN_POINT('',(2.39888895254651,-0.783733018179169,2.31989933101258));
#12729=CARTESIAN_POINT('',(2.39888895254651,-0.466848878087322,2.29999999999998));
#12730=CARTESIAN_POINT('Origin',(3.28984701334369,-0.78373301817917,2.31989933101258));
#12731=CARTESIAN_POINT('',(3.28984701334369,-0.78373301817917,2.29999999999998));
#12732=CARTESIAN_POINT('',(3.28984701334369,-0.78373301817917,2.31989933101258));
#12733=CARTESIAN_POINT('',(2.75572194346343,-0.78373301817917,2.29999999999998));
#12734=CARTESIAN_POINT('Origin',(3.28984701334369,-0.945725392880434,2.31989933101258));
#12735=CARTESIAN_POINT('',(3.28984701334369,-0.945725392880434,2.29999999999998));
#12736=CARTESIAN_POINT('',(3.28984701334369,-0.945725392880434,2.31989933101258));
#12737=CARTESIAN_POINT('',(3.28984701334369,-0.383602796645095,2.29999999999998));
#12738=CARTESIAN_POINT('Origin',(3.11255493438084,0.0165274248909704,2.29999999999998));
#12739=CARTESIAN_POINT('',(3.20120097386202,-0.945725392880434,2.29999999999998));
#12740=CARTESIAN_POINT('Origin',(3.20435103781233,-0.945725392880434,2.31989933101258));
#12741=CARTESIAN_POINT('Origin',(2.39888895254651,0.966684586112965,2.31989933101258));
#12742=CARTESIAN_POINT('',(3.73082625555513,0.966684586112962,2.30999999999998));
#12743=CARTESIAN_POINT('',(2.39888895254651,0.966684586112965,2.30999999999998));
#12744=CARTESIAN_POINT('',(3.0202373432053,0.966684586112963,2.30999999999998));
#12745=CARTESIAN_POINT('',(2.39888895254651,0.966684586112965,2.29999999999998));
#12746=CARTESIAN_POINT('',(2.39888895254651,0.966684586112965,2.31989933101258));
#12747=CARTESIAN_POINT('',(3.73082625555513,0.966684586112962,2.29999999999998));
#12748=CARTESIAN_POINT('',(3.42169059496824,0.966684586112962,2.29999999999998));
#12749=CARTESIAN_POINT('',(3.73082625555513,0.966684586112962,2.31989933101258));
#12750=CARTESIAN_POINT('Origin',(3.11255493438084,0.0165274248909704,2.29999999999998));
#12751=CARTESIAN_POINT('',(3.73082625555513,1.14217632536683,2.29999999999998));
#12752=CARTESIAN_POINT('',(2.39888895254651,1.14217632536683,2.29999999999998));
#12753=CARTESIAN_POINT('',(2.75572194346343,1.14217632536683,2.29999999999998));
#12754=CARTESIAN_POINT('',(3.73082625555513,0.579351875128899,2.29999999999998));
#12755=CARTESIAN_POINT('',(2.39888895254651,0.491606005501473,2.29999999999998));
#12756=CARTESIAN_POINT('Origin',(3.73082625555513,0.966684586112962,2.31989933101258));
#12757=CARTESIAN_POINT('',(3.73082625555513,1.14217632536683,2.30999999999998));
#12758=CARTESIAN_POINT('',(3.73082625555513,-0.119139152324203,2.30999999999998));
#12759=CARTESIAN_POINT('',(3.73082625555513,1.14217632536683,2.31989933101258));
#12760=CARTESIAN_POINT('Origin',(3.73082625555513,1.14217632536683,2.31989933101258));
#12761=CARTESIAN_POINT('',(2.39888895254651,1.14217632536683,2.30999999999998));
#12762=CARTESIAN_POINT('',(3.68620599470961,1.14217632536683,2.30999999999998));
#12763=CARTESIAN_POINT('',(2.39888895254651,1.14217632536683,2.31989933101258));
#12764=CARTESIAN_POINT('Origin',(2.39888895254651,1.14217632536683,2.31989933101258));
#12765=CARTESIAN_POINT('',(2.39888895254651,-0.031393282697267,2.30999999999998));
#12766=CARTESIAN_POINT('Origin',(3.64158573386408,-1.20496289076137,2.30999999999998));
#12767=CARTESIAN_POINT('Origin',(3.64158573386408,-1.20496289076137,2.30999999999998));
#12768=CARTESIAN_POINT('',(3.2898470133437,-0.014269238398802,2.30999999999998));
#12769=CARTESIAN_POINT('',(3.62909191392936,-0.0142692383988033,2.30999999999998));
#12770=CARTESIAN_POINT('',(3.63533882389672,-0.0142692383988034,2.30999999999998));
#12771=CARTESIAN_POINT('',(3.2898470133437,0.0757265253108444,2.30999999999998));
#12772=CARTESIAN_POINT('',(3.28984701334369,-0.609616064580084,2.30999999999998));
#12773=CARTESIAN_POINT('',(3.16385294414368,0.0757265253108443,2.30999999999998));
#12774=CARTESIAN_POINT('',(3.46571637360389,0.075726525310844,2.30999999999998));
#12775=CARTESIAN_POINT('',(3.16385294414368,-0.0142692383988018,2.30999999999998));
#12776=CARTESIAN_POINT('',(3.16385294414368,-0.564618182725261,2.30999999999998));
#12777=CARTESIAN_POINT('',(2.39888895254651,-0.0142692383988011,2.30999999999998));
#12778=CARTESIAN_POINT('',(3.40271933900388,-0.0142692383988023,2.30999999999998));
#12779=CARTESIAN_POINT('',(2.39888895254651,-0.180761401283274,2.30999999999998));
#12780=CARTESIAN_POINT('',(2.39888895254651,-0.609616064580083,2.30999999999998));
#12781=CARTESIAN_POINT('',(3.16385294414368,-0.180761401283275,2.30999999999998));
#12782=CARTESIAN_POINT('',(3.0202373432053,-0.180761401283275,2.30999999999998));
#12783=CARTESIAN_POINT('',(3.16385294414368,-0.306755470487244,2.30999999999998));
#12784=CARTESIAN_POINT('',(3.16385294414368,-0.692862146022321,2.30999999999998));
#12785=CARTESIAN_POINT('',(3.2898470133437,-0.306755470487245,2.30999999999998));
#12786=CARTESIAN_POINT('',(3.40271933900388,-0.306755470487245,2.30999999999998));
#12787=CARTESIAN_POINT('',(3.2898470133437,-0.180761401283275,2.30999999999998));
#12788=CARTESIAN_POINT('',(3.28984701334369,-0.755859180624306,2.30999999999998));
#12789=CARTESIAN_POINT('',(3.60033239816548,-0.180761401283276,2.30999999999998));
#12790=CARTESIAN_POINT('',(3.46571637360389,-0.180761401283276,2.30999999999998));
#12791=CARTESIAN_POINT('',(3.63633070366128,-0.187256593530202,2.30999999999998));
#12792=CARTESIAN_POINT('Origin',(3.60258229225807,-0.271296117292519,2.30999999999998));
#12793=CARTESIAN_POINT('',(3.67389378298449,-0.250427234089828,2.30999999999998));
#12794=CARTESIAN_POINT('Origin',(3.60499927862517,-0.248640523597351,2.30999999999998));
#12795=CARTESIAN_POINT('',(3.65882964458228,-0.315755046856627,2.30999999999998));
#12796=CARTESIAN_POINT('Origin',(3.52976384223108,-0.251592623146793,2.30999999999998));
#12797=CARTESIAN_POINT('',(3.8073226547107,-0.315755046856627,2.30999999999998));
#12798=CARTESIAN_POINT('',(3.65020768922318,-0.315755046856627,2.30999999999998));
#12799=CARTESIAN_POINT('',(3.83218987266892,-0.213063256465281,2.30999999999998));
#12800=CARTESIAN_POINT('Origin',(3.53701799901759,-0.195942977043696,2.30999999999998));
#12801=CARTESIAN_POINT('',(3.80616234301593,-0.110681399050906,2.30999999999998));
#12802=CARTESIAN_POINT('Origin',(3.62435316104969,-0.211400243668245,2.30999999999998));
#12803=CARTESIAN_POINT('',(3.76682456105045,-0.0637669084477003,2.30999999999998));
#12804=CARTESIAN_POINT('Origin',(3.63594775043044,-0.213456665476809,2.30999999999998));
#12805=CARTESIAN_POINT('Origin',(3.63046141471582,-0.226835319446539,2.30999999999998));
#12806=CARTESIAN_POINT('Origin',(3.2898470133437,-0.306755470487245,2.31989933101258));
#12807=CARTESIAN_POINT('',(3.2898470133437,-0.306755470487245,2.29999999999998));
#12808=CARTESIAN_POINT('',(3.2898470133437,-0.306755470487245,2.31989933101258));
#12809=CARTESIAN_POINT('',(3.2898470133437,-0.180761401283275,2.29999999999998));
#12810=CARTESIAN_POINT('',(3.2898470133437,-0.0821169881961548,2.29999999999998));
#12811=CARTESIAN_POINT('',(3.2898470133437,-0.180761401283275,2.31989933101258));
#12812=CARTESIAN_POINT('Origin',(3.16385294414368,-0.306755470487244,2.31989933101258));
#12813=CARTESIAN_POINT('',(3.16385294414368,-0.306755470487244,2.29999999999998));
#12814=CARTESIAN_POINT('',(3.16385294414368,-0.306755470487244,2.31989933101258));
#12815=CARTESIAN_POINT('',(3.20120097386202,-0.306755470487245,2.29999999999998));
#12816=CARTESIAN_POINT('Origin',(3.16385294414368,-0.180761401283275,2.31989933101258));
#12817=CARTESIAN_POINT('',(3.16385294414368,-0.180761401283275,2.29999999999998));
#12818=CARTESIAN_POINT('',(3.16385294414368,-0.180761401283275,2.31989933101258));
#12819=CARTESIAN_POINT('',(3.16385294414368,-0.145114022798627,2.29999999999998));
#12820=CARTESIAN_POINT('Origin',(2.39888895254651,-0.180761401283274,2.31989933101258));
#12821=CARTESIAN_POINT('',(2.39888895254651,-0.180761401283274,2.29999999999998));
#12822=CARTESIAN_POINT('',(2.39888895254651,-0.180761401283274,2.31989933101258));
#12823=CARTESIAN_POINT('',(3.13820393926251,-0.180761401283275,2.29999999999998));
#12824=CARTESIAN_POINT('Origin',(2.39888895254651,-0.0142692383988011,2.31989933101258));
#12825=CARTESIAN_POINT('',(2.39888895254651,-0.0142692383988011,2.29999999999998));
#12826=CARTESIAN_POINT('',(2.39888895254651,-0.0142692383988011,2.31989933101258));
#12827=CARTESIAN_POINT('',(2.39888895254651,-0.0821169881961536,2.29999999999998));
#12828=CARTESIAN_POINT('Origin',(3.16385294414368,-0.0142692383988018,2.31989933101258));
#12829=CARTESIAN_POINT('',(3.16385294414368,-0.0142692383988018,2.29999999999998));
#12830=CARTESIAN_POINT('',(3.16385294414368,-0.0142692383988018,2.31989933101258));
#12831=CARTESIAN_POINT('',(2.75572194346343,-0.0142692383988012,2.29999999999998));
#12832=CARTESIAN_POINT('Origin',(3.16385294414368,0.0757265253108443,2.31989933101258));
#12833=CARTESIAN_POINT('',(3.16385294414368,0.0757265253108443,2.29999999999998));
#12834=CARTESIAN_POINT('',(3.16385294414368,0.0757265253108443,2.31989933101258));
#12835=CARTESIAN_POINT('',(3.16385294414368,0.00112909324608028,2.29999999999998));
#12836=CARTESIAN_POINT('Origin',(3.2898470133437,0.0757265253108444,2.31989933101258));
#12837=CARTESIAN_POINT('',(3.2898470133437,0.0757265253108444,2.29999999999998));
#12838=CARTESIAN_POINT('',(3.2898470133437,0.0757265253108444,2.31989933101258));
#12839=CARTESIAN_POINT('',(3.13820393926251,0.0757265253108443,2.29999999999998));
#12840=CARTESIAN_POINT('Origin',(3.2898470133437,-0.014269238398802,2.31989933101258));
#12841=CARTESIAN_POINT('',(3.2898470133437,-0.014269238398802,2.29999999999998));
#12842=CARTESIAN_POINT('',(3.2898470133437,-0.014269238398802,2.31989933101258));
#12843=CARTESIAN_POINT('',(3.2898470133437,0.0461269751009017,2.29999999999998));
#12844=CARTESIAN_POINT('Origin',(3.62909191392936,-0.0142692383988033,2.31989933101258));
#12845=CARTESIAN_POINT('',(3.62909191392936,-0.0142692383988033,2.29999999999998));
#12846=CARTESIAN_POINT('',(3.62909191392936,-0.0142692383988033,2.31989933101258));
#12847=CARTESIAN_POINT('',(3.36319334855786,-0.0142692383988029,2.29999999999998));
#12848=CARTESIAN_POINT('Origin',(3.63046141471582,-0.226835319446539,2.31989933101258));
#12849=CARTESIAN_POINT('',(3.76682456105045,-0.0637669084477003,2.29999999999998));
#12850=CARTESIAN_POINT('',(3.76682456105045,-0.0637669084477003,2.31989933101258));
#12851=CARTESIAN_POINT('Origin',(3.63046141471582,-0.226835319446539,2.29999999999998));
#12852=CARTESIAN_POINT('Origin',(3.63594775043044,-0.213456665476809,2.31989933101258));
#12853=CARTESIAN_POINT('',(3.80616234301593,-0.110681399050906,2.29999999999998));
#12854=CARTESIAN_POINT('',(3.80616234301593,-0.110681399050906,2.31989933101258));
#12855=CARTESIAN_POINT('Origin',(3.63594775043044,-0.213456665476809,2.29999999999998));
#12856=CARTESIAN_POINT('Origin',(3.62435316104969,-0.211400243668245,2.31989933101258));
#12857=CARTESIAN_POINT('',(3.83218987266892,-0.213063256465281,2.29999999999998));
#12858=CARTESIAN_POINT('',(3.83218987266892,-0.213063256465281,2.31989933101258));
#12859=CARTESIAN_POINT('Origin',(3.62435316104969,-0.211400243668245,2.29999999999998));
#12860=CARTESIAN_POINT('Origin',(3.53701799901759,-0.195942977043696,2.31989933101258));
#12861=CARTESIAN_POINT('',(3.8073226547107,-0.315755046856627,2.29999999999998));
#12862=CARTESIAN_POINT('',(3.8073226547107,-0.315755046856627,2.31989933101258));
#12863=CARTESIAN_POINT('Origin',(3.53701799901759,-0.195942977043696,2.29999999999998));
#12864=CARTESIAN_POINT('Origin',(3.65882964458228,-0.315755046856627,2.31989933101258));
#12865=CARTESIAN_POINT('',(3.65882964458228,-0.315755046856627,2.29999999999998));
#12866=CARTESIAN_POINT('',(3.65882964458228,-0.315755046856627,2.31989933101258));
#12867=CARTESIAN_POINT('',(3.45993879454577,-0.315755046856627,2.29999999999998));
#12868=CARTESIAN_POINT('Origin',(3.52976384223108,-0.251592623146793,2.31989933101258));
#12869=CARTESIAN_POINT('',(3.67389378298449,-0.250427234089828,2.29999999999998));
#12870=CARTESIAN_POINT('',(3.67389378298449,-0.250427234089828,2.31989933101258));
#12871=CARTESIAN_POINT('Origin',(3.52976384223108,-0.251592623146793,2.29999999999998));
#12872=CARTESIAN_POINT('Origin',(3.60499927862517,-0.248640523597351,2.31989933101258));
#12873=CARTESIAN_POINT('',(3.63633070366128,-0.187256593530202,2.29999999999998));
#12874=CARTESIAN_POINT('',(3.63633070366128,-0.187256593530202,2.31989933101258));
#12875=CARTESIAN_POINT('Origin',(3.60499927862517,-0.248640523597351,2.29999999999998));
#12876=CARTESIAN_POINT('Origin',(3.60258229225807,-0.271296117292519,2.31989933101258));
#12877=CARTESIAN_POINT('',(3.60033239816548,-0.180761401283276,2.29999999999998));
#12878=CARTESIAN_POINT('',(3.60033239816548,-0.180761401283276,2.31989933101258));
#12879=CARTESIAN_POINT('Origin',(3.60258229225807,-0.271296117292519,2.29999999999998));
#12880=CARTESIAN_POINT('Origin',(3.11255493438084,0.0165274248909704,2.29999999999998));
#12881=CARTESIAN_POINT('',(3.35419377218847,-0.180761401283275,2.29999999999998));
#12882=CARTESIAN_POINT('Origin',(3.2898470133437,-0.180761401283275,2.31989933101258));
#12883=CARTESIAN_POINT('Origin',(3.11255493438084,0.0165274248909704,2.29999999999998));
#12884=CARTESIAN_POINT('',(3.28984701334369,-0.414750386945535,2.29999999999998));
#12885=CARTESIAN_POINT('',(2.39888895254651,-0.414750386945533,2.29999999999998));
#12886=CARTESIAN_POINT('',(2.75572194346343,-0.414750386945534,2.29999999999998));
#12887=CARTESIAN_POINT('',(3.28984701334369,-0.576742761634942,2.29999999999998));
#12888=CARTESIAN_POINT('',(3.2898470133437,-0.199111481026792,2.29999999999998));
#12889=CARTESIAN_POINT('',(2.39888895254651,-0.57674276163494,2.29999999999998));
#12890=CARTESIAN_POINT('',(3.20120097386202,-0.576742761634941,2.29999999999998));
#12891=CARTESIAN_POINT('',(2.39888895254651,-0.28010766837199,2.29999999999998));
#12892=CARTESIAN_POINT('Origin',(2.39888895254651,-0.414750386945533,2.31989933101258));
#12893=CARTESIAN_POINT('',(2.39888895254651,-0.57674276163494,2.30999999999998));
#12894=CARTESIAN_POINT('',(2.39888895254651,-0.414750386945533,2.30999999999998));
#12895=CARTESIAN_POINT('',(2.39888895254651,-0.809856638853449,2.30999999999998));
#12896=CARTESIAN_POINT('',(2.39888895254651,-0.414750386945533,2.31989933101258));
#12897=CARTESIAN_POINT('',(2.39888895254651,-0.57674276163494,2.31989933101258));
#12898=CARTESIAN_POINT('Origin',(2.39888895254651,-0.57674276163494,2.31989933101258));
#12899=CARTESIAN_POINT('',(3.28984701334369,-0.576742761634942,2.30999999999998));
#12900=CARTESIAN_POINT('',(3.0202373432053,-0.576742761634942,2.30999999999998));
#12901=CARTESIAN_POINT('',(3.28984701334369,-0.576742761634942,2.31989933101258));
#12902=CARTESIAN_POINT('Origin',(3.28984701334369,-0.576742761634942,2.31989933101258));
#12903=CARTESIAN_POINT('',(3.28984701334369,-0.414750386945535,2.30999999999998));
#12904=CARTESIAN_POINT('',(3.28984701334369,-0.890852826198154,2.30999999999998));
#12905=CARTESIAN_POINT('',(3.28984701334369,-0.414750386945535,2.31989933101258));
#12906=CARTESIAN_POINT('Origin',(3.28984701334369,-0.414750386945535,2.31989933101258));
#12907=CARTESIAN_POINT('',(3.46571637360389,-0.414750386945535,2.30999999999998));
#12908=CARTESIAN_POINT('Origin',(3.64158573386408,-1.20496289076137,2.30999999999998));
#12909=CARTESIAN_POINT('Origin',(3.64158573386408,-1.20496289076137,2.30999999999998));
#12910=CARTESIAN_POINT('',(2.98715940437937,-1.49019976334916,2.30999999999998));
#12911=CARTESIAN_POINT('',(3.19324067206697,-1.55162540602294,2.30999999999998));
#12912=CARTESIAN_POINT('Origin',(2.92877677555855,-2.06248299658317,2.30999999999998));
#12913=CARTESIAN_POINT('',(2.84886777113572,-1.48120018699065,2.30999999999998));
#12914=CARTESIAN_POINT('Origin',(2.84211808893006,-2.65194514769373,2.30999999999998));
#12915=CARTESIAN_POINT('',(2.52938280993913,-1.53069785704942,2.30999999999998));
#12916=CARTESIAN_POINT('Origin',(2.81257128694593,-2.3027368168164,2.30999999999998));
#12917=CARTESIAN_POINT('',(2.46933276009029,-1.5682489659659,2.30999999999998));
#12918=CARTESIAN_POINT('Origin',(2.86314166216554,-2.13122027825785,2.30999999999998));
#12919=CARTESIAN_POINT('',(2.41037549595809,-1.63821862762233,2.30999999999998));
#12920=CARTESIAN_POINT('Origin',(2.62405687673551,-1.75844521061801,2.30999999999998));
#12921=CARTESIAN_POINT('',(2.38088979980725,-1.73768811359464,2.30999999999998));
#12922=CARTESIAN_POINT('Origin',(2.69092150808504,-1.77548571807036,2.30999999999998));
#12923=CARTESIAN_POINT('',(2.40338874074453,-1.89068091190578,2.30999999999998));
#12924=CARTESIAN_POINT('Origin',(2.66188973046404,-1.77451532741144,2.30999999999998));
#12925=CARTESIAN_POINT('',(2.43798534686227,-1.94394079783125,2.30999999999998));
#12926=CARTESIAN_POINT('Origin',(2.63758953455242,-1.77641513365862,2.30999999999998));
#12927=CARTESIAN_POINT('',(2.45738619896282,-1.96267752287665,2.30999999999998));
#12928=CARTESIAN_POINT('',(2.56472953941586,-2.06634630226822,2.30999999999998));
#12929=CARTESIAN_POINT('',(2.65631999050716,-2.03917392204259,2.30999999999998));
#12930=CARTESIAN_POINT('Origin',(2.66857146314567,-1.71039494116437,2.30999999999998));
#12931=CARTESIAN_POINT('',(2.69587497280878,-2.03917392204259,2.30999999999998));
#12932=CARTESIAN_POINT('',(3.14895286218562,-2.03917392204259,2.30999999999998));
#12933=CARTESIAN_POINT('',(2.69587497280878,-1.88704596902313,2.30999999999998));
#12934=CARTESIAN_POINT('',(2.69587497280878,-1.62206840640198,2.30999999999998));
#12935=CARTESIAN_POINT('',(2.69491184086179,-1.88697191574987,2.30999999999998));
#12936=CARTESIAN_POINT('',(3.13988348622948,-1.92118488633859,2.30999999999998));
#12937=CARTESIAN_POINT('',(2.56600119135198,-1.85643487658862,2.30999999999998));
#12938=CARTESIAN_POINT('Origin',(2.68667339723405,-1.63438652274622,2.30999999999998));
#12939=CARTESIAN_POINT('',(2.54579418254303,-1.8373465290956,2.30999999999998));
#12940=CARTESIAN_POINT('Origin',(2.60355832416549,-1.7964369421526,2.30999999999998));
#12941=CARTESIAN_POINT('',(2.52938280993913,-1.72418874902131,2.30999999999998));
#12942=CARTESIAN_POINT('Origin',(2.62449196933661,-1.76816395174092,2.30999999999998));
#12943=CARTESIAN_POINT('',(2.58583899468951,-1.6677325642813,2.30999999999998));
#12944=CARTESIAN_POINT('Origin',(2.63386863029611,-1.77221838464815,2.30999999999998));
#12945=CARTESIAN_POINT('',(2.6733760318868,-1.64319256168104,2.30999999999998));
#12946=CARTESIAN_POINT('Origin',(2.70837618275176,-1.93643954819051,2.30999999999998));
#12947=CARTESIAN_POINT('',(2.81286946564978,-1.63869277349685,2.30999999999998));
#12948=CARTESIAN_POINT('Origin',(2.81548812297458,-3.88426926743055,2.30999999999998));
#12949=CARTESIAN_POINT('',(2.81286946564978,-2.04817349840209,2.30999999999998));
#12950=CARTESIAN_POINT('',(2.81286946564978,-1.42182783212911,2.30999999999998));
#12951=CARTESIAN_POINT('',(2.89386565299548,-2.04817349840209,2.30999999999998));
#12952=CARTESIAN_POINT('',(3.22722759975693,-2.04817349840209,2.30999999999998));
#12953=CARTESIAN_POINT('',(3.10085590955009,-2.02567455747913,2.30999999999998));
#12954=CARTESIAN_POINT('Origin',(2.885401765719,-1.00690108461357,2.30999999999998));
#12955=CARTESIAN_POINT('',(3.23134976693924,-1.96267752287665,2.30999999999998));
#12956=CARTESIAN_POINT('Origin',(3.03273677563945,-1.7179177676206,2.30999999999998));
#12957=CARTESIAN_POINT('',(3.29720366298736,-1.85468260641047,2.30999999999998));
#12958=CARTESIAN_POINT('Origin',(3.05683813427335,-1.78218671499943,2.30999999999998));
#12959=CARTESIAN_POINT('',(3.30334637791061,-1.69719001991415,2.30999999999998));
#12960=CARTESIAN_POINT('Origin',(3.00451240522147,-1.76440062459023,2.30999999999998));
#12961=CARTESIAN_POINT('Origin',(3.06198508563751,-1.76533222527192,2.30999999999998));
#12962=CARTESIAN_POINT('',(2.94336332303401,-1.88618112372158,2.30999999999998));
#12963=CARTESIAN_POINT('',(3.01086014583106,-1.88618112372158,2.30999999999998));
#12964=CARTESIAN_POINT('',(3.32622293984757,-1.88618112372158,2.30999999999998));
#12965=CARTESIAN_POINT('',(2.94336332303401,-1.63869277349685,2.30999999999998));
#12966=CARTESIAN_POINT('',(2.94336332303401,-1.54557200724147,2.30999999999998));
#12967=CARTESIAN_POINT('',(3.06035781587007,-1.64769234987512,2.30999999999998));
#12968=CARTESIAN_POINT('Origin',(2.9720494726769,-2.03073681919994,2.30999999999998));
#12969=CARTESIAN_POINT('',(3.14585379140441,-1.69269023172994,2.30999999999998));
#12970=CARTESIAN_POINT('Origin',(3.04060874551449,-1.78893570126678,2.30999999999998));
#12971=CARTESIAN_POINT('',(3.17471635143522,-1.75833425001072,2.30999999999998));
#12972=CARTESIAN_POINT('Origin',(3.07915273075126,-1.7611847532118,2.30999999999998));
#12973=CARTESIAN_POINT('',(3.15673559421775,-1.83222050740376,2.30999999999998));
#12974=CARTESIAN_POINT('Origin',(3.0485081423609,-1.76675156856445,2.30999999999998));
#12975=CARTESIAN_POINT('',(3.11444028696914,-1.86641799720813,2.30999999999998));
#12976=CARTESIAN_POINT('Origin',(3.07766940915449,-1.77768586352413,2.30999999999998));
#12977=CARTESIAN_POINT('Origin',(3.01521798072485,-1.62770338506749,2.30999999999998));
#12978=CARTESIAN_POINT('Origin',(3.07915273075126,-1.7611847532118,2.31989933101258));
#12979=CARTESIAN_POINT('',(3.14585379140441,-1.69269023172994,2.29999999999998));
#12980=CARTESIAN_POINT('',(3.14585379140441,-1.69269023172994,2.31989933101258));
#12981=CARTESIAN_POINT('',(3.17471635143522,-1.75833425001072,2.29999999999998));
#12982=CARTESIAN_POINT('Origin',(3.07915273075126,-1.7611847532118,2.29999999999998));
#12983=CARTESIAN_POINT('',(3.17471635143522,-1.75833425001072,2.31989933101258));
#12984=CARTESIAN_POINT('Origin',(3.04060874551449,-1.78893570126678,2.31989933101258));
#12985=CARTESIAN_POINT('',(3.06035781587007,-1.64769234987512,2.29999999999998));
#12986=CARTESIAN_POINT('',(3.06035781587007,-1.64769234987512,2.31989933101258));
#12987=CARTESIAN_POINT('Origin',(3.04060874551449,-1.78893570126678,2.29999999999998));
#12988=CARTESIAN_POINT('Origin',(2.9720494726769,-2.03073681919994,2.31989933101258));
#12989=CARTESIAN_POINT('',(2.94336332303401,-1.63869277349685,2.29999999999998));
#12990=CARTESIAN_POINT('',(2.94336332303401,-1.63869277349685,2.31989933101258));
#12991=CARTESIAN_POINT('Origin',(2.9720494726769,-2.03073681919994,2.29999999999998));
#12992=CARTESIAN_POINT('Origin',(2.94336332303401,-1.88618112372158,2.31989933101258));
#12993=CARTESIAN_POINT('',(2.94336332303401,-1.88618112372158,2.29999999999998));
#12994=CARTESIAN_POINT('',(2.94336332303401,-1.88618112372158,2.31989933101258));
#12995=CARTESIAN_POINT('',(2.94336332303401,-0.934826849415803,2.29999999999998));
#12996=CARTESIAN_POINT('Origin',(2.68667339723405,-1.63438652274622,2.31989933101258));
#12997=CARTESIAN_POINT('',(2.69491184086179,-1.88697191574987,2.29999999999998));
#12998=CARTESIAN_POINT('',(2.69491184086179,-1.88697191574987,2.31989933101258));
#12999=CARTESIAN_POINT('',(2.56600119135198,-1.85643487658862,2.29999999999998));
#13000=CARTESIAN_POINT('Origin',(2.68667339723405,-1.63438652274622,2.29999999999998));
#13001=CARTESIAN_POINT('',(2.56600119135198,-1.85643487658862,2.31989933101258));
#13002=CARTESIAN_POINT('Origin',(2.69587497280878,-1.88704596902313,2.31989933101258));
#13003=CARTESIAN_POINT('',(2.69587497280878,-1.88704596902313,2.29999999999998));
#13004=CARTESIAN_POINT('',(2.69587497280878,-1.88704596902313,2.31989933101258));
#13005=CARTESIAN_POINT('',(2.8297580999276,-1.89733997210386,2.29999999999998));
#13006=CARTESIAN_POINT('Origin',(2.69587497280878,-2.03917392204259,2.31989933101258));
#13007=CARTESIAN_POINT('',(2.69587497280878,-2.03917392204259,2.29999999999998));
#13008=CARTESIAN_POINT('',(2.69587497280878,-2.03917392204259,2.31989933101258));
#13009=CARTESIAN_POINT('',(2.69587497280878,-0.935341344714325,2.29999999999998));
#13010=CARTESIAN_POINT('Origin',(2.65631999050716,-2.03917392204259,2.31989933101258));
#13011=CARTESIAN_POINT('',(2.65631999050716,-2.03917392204259,2.29999999999998));
#13012=CARTESIAN_POINT('',(2.65631999050716,-2.03917392204259,2.31989933101258));
#13013=CARTESIAN_POINT('',(2.90421495359481,-2.03917392204259,2.29999999999998));
#13014=CARTESIAN_POINT('Origin',(2.66857146314567,-1.71039494116437,2.31989933101258));
#13015=CARTESIAN_POINT('',(2.45738619896282,-1.96267752287665,2.29999999999998));
#13016=CARTESIAN_POINT('',(2.45738619896282,-1.96267752287665,2.31989933101258));
#13017=CARTESIAN_POINT('Origin',(2.66857146314567,-1.71039494116437,2.29999999999998));
#13018=CARTESIAN_POINT('Origin',(2.43798534686227,-1.94394079783125,2.31989933101258));
#13019=CARTESIAN_POINT('',(2.43798534686227,-1.94394079783125,2.29999999999998));
#13020=CARTESIAN_POINT('',(2.43798534686227,-1.94394079783125,2.31989933101258));
#13021=CARTESIAN_POINT('',(2.13237996725217,-1.64879685555753,2.29999999999998));
#13022=CARTESIAN_POINT('Origin',(2.63758953455242,-1.77641513365862,2.31989933101258));
#13023=CARTESIAN_POINT('',(2.40338874074453,-1.89068091190578,2.29999999999998));
#13024=CARTESIAN_POINT('',(2.40338874074453,-1.89068091190578,2.31989933101258));
#13025=CARTESIAN_POINT('Origin',(2.63758953455242,-1.77641513365862,2.29999999999998));
#13026=CARTESIAN_POINT('Origin',(2.66188973046404,-1.77451532741144,2.31989933101258));
#13027=CARTESIAN_POINT('',(2.38088979980725,-1.73768811359464,2.29999999999998));
#13028=CARTESIAN_POINT('',(2.38088979980725,-1.73768811359464,2.31989933101258));
#13029=CARTESIAN_POINT('Origin',(2.66188973046404,-1.77451532741144,2.29999999999998));
#13030=CARTESIAN_POINT('Origin',(2.69092150808504,-1.77548571807036,2.31989933101258));
#13031=CARTESIAN_POINT('',(2.41037549595809,-1.63821862762233,2.29999999999998));
#13032=CARTESIAN_POINT('',(2.41037549595809,-1.63821862762233,2.31989933101258));
#13033=CARTESIAN_POINT('Origin',(2.69092150808504,-1.77548571807036,2.29999999999998));
#13034=CARTESIAN_POINT('Origin',(2.62405687673551,-1.75844521061801,2.31989933101258));
#13035=CARTESIAN_POINT('',(2.46933276009029,-1.5682489659659,2.29999999999998));
#13036=CARTESIAN_POINT('',(2.46933276009029,-1.5682489659659,2.31989933101258));
#13037=CARTESIAN_POINT('Origin',(2.62405687673551,-1.75844521061801,2.29999999999998));
#13038=CARTESIAN_POINT('Origin',(2.86314166216554,-2.13122027825785,2.31989933101258));
#13039=CARTESIAN_POINT('',(2.52938280993913,-1.53069785704942,2.29999999999998));
#13040=CARTESIAN_POINT('',(2.52938280993913,-1.53069785704942,2.31989933101258));
#13041=CARTESIAN_POINT('Origin',(2.86314166216554,-2.13122027825785,2.29999999999998));
#13042=CARTESIAN_POINT('Origin',(2.81257128694593,-2.3027368168164,2.31989933101258));
#13043=CARTESIAN_POINT('',(2.84886777113572,-1.48120018699065,2.29999999999998));
#13044=CARTESIAN_POINT('',(2.84886777113572,-1.48120018699065,2.31989933101258));
#13045=CARTESIAN_POINT('Origin',(2.81257128694593,-2.3027368168164,2.29999999999998));
#13046=CARTESIAN_POINT('Origin',(2.84211808893006,-2.65194514769373,2.31989933101258));
#13047=CARTESIAN_POINT('',(2.98715940437937,-1.49019976334916,2.29999999999998));
#13048=CARTESIAN_POINT('',(2.98715940437937,-1.49019976334916,2.31989933101258));
#13049=CARTESIAN_POINT('Origin',(2.84211808893006,-2.65194514769373,2.29999999999998));
#13050=CARTESIAN_POINT('Origin',(3.01086014583106,-1.88618112372158,2.31989933101258));
#13051=CARTESIAN_POINT('',(3.01086014583106,-1.88618112372158,2.29999999999998));
#13052=CARTESIAN_POINT('',(3.01086014583106,-1.88618112372158,2.31989933101258));
#13053=CARTESIAN_POINT('',(3.06170754010595,-1.88618112372158,2.29999999999998));
#13054=CARTESIAN_POINT('Origin',(3.01521798072485,-1.62770338506749,2.31989933101258));
#13055=CARTESIAN_POINT('',(3.11444028696914,-1.86641799720813,2.29999999999998));
#13056=CARTESIAN_POINT('',(3.11444028696914,-1.86641799720813,2.31989933101258));
#13057=CARTESIAN_POINT('Origin',(3.01521798072485,-1.62770338506749,2.29999999999998));
#13058=CARTESIAN_POINT('Origin',(3.07766940915449,-1.77768586352413,2.31989933101258));
#13059=CARTESIAN_POINT('',(3.15673559421775,-1.83222050740376,2.29999999999998));
#13060=CARTESIAN_POINT('',(3.15673559421775,-1.83222050740376,2.31989933101258));
#13061=CARTESIAN_POINT('Origin',(3.07766940915449,-1.77768586352413,2.29999999999998));
#13062=CARTESIAN_POINT('Origin',(3.0485081423609,-1.76675156856445,2.31989933101258));
#13063=CARTESIAN_POINT('Origin',(3.0485081423609,-1.76675156856445,2.29999999999998));
#13064=CARTESIAN_POINT('Origin',(2.92877677555855,-2.06248299658317,2.31989933101258));
#13065=CARTESIAN_POINT('',(3.19324067206697,-1.55162540602294,2.29999999999998));
#13066=CARTESIAN_POINT('',(3.19324067206697,-1.55162540602294,2.31989933101258));
#13067=CARTESIAN_POINT('Origin',(2.92877677555855,-2.06248299658317,2.29999999999998));
#13068=CARTESIAN_POINT('Origin',(3.06198508563751,-1.76533222527192,2.31989933101258));
#13069=CARTESIAN_POINT('',(3.30334637791061,-1.69719001991415,2.29999999999998));
#13070=CARTESIAN_POINT('',(3.30334637791061,-1.69719001991415,2.31989933101258));
#13071=CARTESIAN_POINT('Origin',(3.06198508563751,-1.76533222527192,2.29999999999998));
#13072=CARTESIAN_POINT('Origin',(3.00451240522147,-1.76440062459023,2.31989933101258));
#13073=CARTESIAN_POINT('',(3.29720366298736,-1.85468260641047,2.29999999999998));
#13074=CARTESIAN_POINT('',(3.29720366298736,-1.85468260641047,2.31989933101258));
#13075=CARTESIAN_POINT('Origin',(3.00451240522147,-1.76440062459023,2.29999999999998));
#13076=CARTESIAN_POINT('Origin',(3.05683813427335,-1.78218671499943,2.31989933101258));
#13077=CARTESIAN_POINT('',(3.23134976693924,-1.96267752287665,2.29999999999998));
#13078=CARTESIAN_POINT('',(3.23134976693924,-1.96267752287665,2.31989933101258));
#13079=CARTESIAN_POINT('Origin',(3.05683813427335,-1.78218671499943,2.29999999999998));
#13080=CARTESIAN_POINT('Origin',(3.03273677563945,-1.7179177676206,2.31989933101258));
#13081=CARTESIAN_POINT('',(3.10085590955009,-2.02567455747913,2.29999999999998));
#13082=CARTESIAN_POINT('',(3.10085590955009,-2.02567455747913,2.31989933101258));
#13083=CARTESIAN_POINT('Origin',(3.03273677563945,-1.7179177676206,2.29999999999998));
#13084=CARTESIAN_POINT('Origin',(2.885401765719,-1.00690108461357,2.31989933101258));
#13085=CARTESIAN_POINT('',(2.89386565299548,-2.04817349840209,2.29999999999998));
#13086=CARTESIAN_POINT('',(2.89386565299548,-2.04817349840209,2.31989933101258));
#13087=CARTESIAN_POINT('Origin',(2.885401765719,-1.00690108461357,2.29999999999998));
#13088=CARTESIAN_POINT('Origin',(2.81286946564978,-2.04817349840209,2.31989933101258));
#13089=CARTESIAN_POINT('',(2.81286946564978,-2.04817349840209,2.29999999999998));
#13090=CARTESIAN_POINT('',(2.81286946564978,-2.04817349840209,2.31989933101258));
#13091=CARTESIAN_POINT('',(3.00321029368816,-2.04817349840209,2.29999999999998));
#13092=CARTESIAN_POINT('Origin',(2.81286946564978,-1.63869277349685,2.31989933101258));
#13093=CARTESIAN_POINT('',(2.81286946564978,-1.63869277349685,2.29999999999998));
#13094=CARTESIAN_POINT('',(2.81286946564978,-1.63869277349685,2.31989933101258));
#13095=CARTESIAN_POINT('',(2.81286946564979,-1.01582303675606,2.29999999999998));
#13096=CARTESIAN_POINT('Origin',(2.81548812297458,-3.88426926743055,2.31989933101258));
#13097=CARTESIAN_POINT('',(2.6733760318868,-1.64319256168104,2.29999999999998));
#13098=CARTESIAN_POINT('',(2.6733760318868,-1.64319256168104,2.31989933101258));
#13099=CARTESIAN_POINT('Origin',(2.81548812297458,-3.88426926743055,2.29999999999998));
#13100=CARTESIAN_POINT('Origin',(2.70837618275176,-1.93643954819051,2.31989933101258));
#13101=CARTESIAN_POINT('',(2.58583899468951,-1.6677325642813,2.29999999999998));
#13102=CARTESIAN_POINT('',(2.58583899468951,-1.6677325642813,2.31989933101258));
#13103=CARTESIAN_POINT('Origin',(2.70837618275176,-1.93643954819051,2.29999999999998));
#13104=CARTESIAN_POINT('Origin',(2.63386863029611,-1.77221838464815,2.31989933101258));
#13105=CARTESIAN_POINT('',(2.52938280993913,-1.72418874902131,2.29999999999998));
#13106=CARTESIAN_POINT('',(2.52938280993913,-1.72418874902131,2.31989933101258));
#13107=CARTESIAN_POINT('Origin',(2.63386863029611,-1.77221838464815,2.29999999999998));
#13108=CARTESIAN_POINT('Origin',(2.62449196933661,-1.76816395174092,2.31989933101258));
#13109=CARTESIAN_POINT('',(2.54579418254303,-1.8373465290956,2.29999999999998));
#13110=CARTESIAN_POINT('',(2.54579418254303,-1.8373465290956,2.31989933101258));
#13111=CARTESIAN_POINT('Origin',(2.62449196933661,-1.76816395174092,2.29999999999998));
#13112=CARTESIAN_POINT('Origin',(2.60355832416549,-1.7964369421526,2.31989933101258));
#13113=CARTESIAN_POINT('Origin',(2.60355832416549,-1.7964369421526,2.29999999999998));
#13114=CARTESIAN_POINT('Origin',(3.11255493438084,0.0165274248909704,2.29999999999998));
#13115=CARTESIAN_POINT('Origin',(3.11255493438084,0.0165274248909704,2.29999999999998));
#13116=CARTESIAN_POINT('',(2.37954891598335,-2.47693286870609,2.29999999999998));
#13117=CARTESIAN_POINT('',(2.43057984098279,-2.64119315257956,2.29999999999998));
#13118=CARTESIAN_POINT('Origin',(2.6770236069494,-2.47457313479445,2.29999999999998));
#13119=CARTESIAN_POINT('',(2.43057984098279,-2.31267258482372,2.29999999999998));
#13120=CARTESIAN_POINT('Origin',(2.67702360698497,-2.47929260260785,2.29999999999998));
#13121=CARTESIAN_POINT('',(2.4348872580354,-2.30691862065155,2.29999999999998));
#13122=CARTESIAN_POINT('',(3.11175662793806,-1.40273821424493,2.29999999999998));
#13123=CARTESIAN_POINT('',(2.53836649024216,-2.22980744890697,2.29999999999998));
#13124=CARTESIAN_POINT('Origin',(2.68435777024361,-2.5337077423031,2.29999999999998));
#13125=CARTESIAN_POINT('',(2.65644346820181,-2.19264642014589,2.29999999999998));
#13126=CARTESIAN_POINT('Origin',(2.81722344794571,-2.9096871588907,2.29999999999998));
#13127=CARTESIAN_POINT('',(2.8342914315103,-2.17500720983005,2.29999999999998));
#13128=CARTESIAN_POINT('Origin',(2.82978445620987,-3.03496427390204,2.29999999999998));
#13129=CARTESIAN_POINT('',(2.9564847695157,-2.18080854965653,2.29999999999998));
#13130=CARTESIAN_POINT('Origin',(2.852023647464,-3.09129124097471,2.29999999999998));
#13131=CARTESIAN_POINT('',(3.06391831084046,-2.1987251658226,2.29999999999998));
#13132=CARTESIAN_POINT('Origin',(2.81498674565144,-3.36033480981976,2.29999999999998));
#13133=CARTESIAN_POINT('',(3.16574341643869,-2.23811713993684,2.29999999999998));
#13134=CARTESIAN_POINT('Origin',(2.91847788822092,-2.72597790539295,2.29999999999998));
#13135=CARTESIAN_POINT('',(3.24477657121323,-2.29784648401937,2.29999999999998));
#13136=CARTESIAN_POINT('Origin',(3.03538928086093,-2.49275271067782,2.29999999999998));
#13137=CARTESIAN_POINT('',(3.28402197358267,-2.35477448793074,2.29999999999998));
#13138=CARTESIAN_POINT('Origin',(3.09518138802267,-2.442967025884,2.29999999999998));
#13139=CARTESIAN_POINT('',(3.30955300771691,-2.47693286870609,2.29999999999998));
#13140=CARTESIAN_POINT('Origin',(2.97626552905087,-2.48284259132941,2.29999999999998));
#13141=CARTESIAN_POINT('',(3.28402197358267,-2.59909124946267,2.29999999999998));
#13142=CARTESIAN_POINT('Origin',(2.97626552910619,-2.47102314607288,2.29999999999998));
#13143=CARTESIAN_POINT('',(3.24477657121323,-2.65601925339379,2.29999999999998));
#13144=CARTESIAN_POINT('Origin',(3.09518138796142,-2.51089871151927,2.29999999999998));
#13145=CARTESIAN_POINT('',(3.16574341643869,-2.71574859747632,2.29999999999998));
#13146=CARTESIAN_POINT('Origin',(3.03538928089155,-2.46111302673435,2.29999999999998));
#13147=CARTESIAN_POINT('',(3.06391831084046,-2.75514057157969,2.29999999999998));
#13148=CARTESIAN_POINT('Origin',(2.9184778882718,-2.22788783200936,2.29999999999998));
#13149=CARTESIAN_POINT('',(2.9564847695157,-2.77305718774675,2.29999999999998));
#13150=CARTESIAN_POINT('Origin',(2.81498674565144,-1.59353092757265,2.29999999999998));
#13151=CARTESIAN_POINT('',(2.8342914315103,-2.77885852757322,2.29999999999998));
#13152=CARTESIAN_POINT('Origin',(2.85202364746401,-1.8625744964177,2.29999999999998));
#13153=CARTESIAN_POINT('',(2.65644346820181,-2.76121931726627,2.29999999999998));
#13154=CARTESIAN_POINT('Origin',(2.8297844561086,-1.91890146350025,2.29999999999998));
#13155=CARTESIAN_POINT('',(2.53836649024216,-2.72405828849631,2.29999999999998));
#13156=CARTESIAN_POINT('Origin',(2.81722344801191,-2.04417857852146,2.29999999999998));
#13157=CARTESIAN_POINT('',(2.4348872580354,-2.64694711672999,2.29999999999998));
#13158=CARTESIAN_POINT('Origin',(2.68435777029499,-2.42015799509918,2.29999999999998));
#13159=CARTESIAN_POINT('',(1.91767734027096,-1.9560441248403,2.29999999999998));
#13160=CARTESIAN_POINT('',(3.16163767760693,-2.45097868811082,2.29999999999998));
#13161=CARTESIAN_POINT('',(3.16401168633911,-2.47693286870609,2.29999999999998));
#13162=CARTESIAN_POINT('Origin',(3.08486731700924,-2.47108647801981,2.29999999999998));
#13163=CARTESIAN_POINT('',(3.13336034890767,-2.40406685718757,2.29999999999998));
#13164=CARTESIAN_POINT('Origin',(3.07990938117669,-2.46826418488869,2.29999999999998));
#13165=CARTESIAN_POINT('',(3.11659505014722,-2.39106346455623,2.29999999999998));
#13166=CARTESIAN_POINT('',(2.53235809220953,-1.93792137279947,2.29999999999998));
#13167=CARTESIAN_POINT('',(3.05708329537708,-2.36214134659265,2.29999999999998));
#13168=CARTESIAN_POINT('Origin',(2.98189764096098,-2.59253592440873,2.29999999999998));
#13169=CARTESIAN_POINT('',(2.95686268759253,-2.34291692615775,2.29999999999998));
#13170=CARTESIAN_POINT('Origin',(2.86823971605139,-3.07577243175366,2.29999999999998));
#13171=CARTESIAN_POINT('',(2.79937010109176,-2.33841713796366,2.29999999999998));
#13172=CARTESIAN_POINT('Origin',(2.84886777105965,-3.36436884432926,2.29999999999998));
#13173=CARTESIAN_POINT('',(2.70037476100335,-2.34741671433205,2.29999999999998));
#13174=CARTESIAN_POINT('Origin',(2.83461844190354,-3.27512304530414,2.29999999999998));
#13175=CARTESIAN_POINT('',(2.59211724531948,-2.37902559919809,2.29999999999998));
#13176=CARTESIAN_POINT('Origin',(2.78418331597132,-2.83564373252597,2.29999999999998));
#13177=CARTESIAN_POINT('',(2.54738196268184,-2.41941332530392,2.29999999999998));
#13178=CARTESIAN_POINT('Origin',(2.67638659493341,-2.51733544423058,2.29999999999998));
#13179=CARTESIAN_POINT('',(2.52929014501442,-2.47693286870609,2.29999999999998));
#13180=CARTESIAN_POINT('Origin',(2.66165544508495,-2.48696116466466,2.29999999999998));
#13181=CARTESIAN_POINT('',(2.54738196268184,-2.53445241209836,2.29999999999998));
#13182=CARTESIAN_POINT('Origin',(2.6616554450647,-2.46690457274849,2.29999999999998));
#13183=CARTESIAN_POINT('',(2.59211724531948,-2.57484013820419,2.29999999999998));
#13184=CARTESIAN_POINT('Origin',(2.67638659493341,-2.4365302931816,2.29999999999998));
#13185=CARTESIAN_POINT('',(2.70037476100335,-2.60644902307023,2.29999999999998));
#13186=CARTESIAN_POINT('Origin',(2.78418331597132,-2.11822200487632,2.29999999999998));
#13187=CARTESIAN_POINT('',(2.79937010109176,-2.61544859944949,2.29999999999998));
#13188=CARTESIAN_POINT('Origin',(2.83461844190354,-1.67874269209814,2.29999999999998));
#13189=CARTESIAN_POINT('',(2.95686268759253,-2.61094881125444,2.29999999999998));
#13190=CARTESIAN_POINT('Origin',(2.84886777112535,-1.58949689308291,2.29999999999998));
#13191=CARTESIAN_POINT('',(3.05708329537708,-2.59172439083039,2.29999999999998));
#13192=CARTESIAN_POINT('Origin',(2.86823971605139,-1.87809330565851,2.29999999999998));
#13193=CARTESIAN_POINT('',(3.11659505014722,-2.5628022728263,2.29999999999998));
#13194=CARTESIAN_POINT('Origin',(2.98189764084391,-2.36132981299356,2.29999999999998));
#13195=CARTESIAN_POINT('',(3.13336034890767,-2.54979888021472,2.29999999999998));
#13196=CARTESIAN_POINT('',(3.74827701991689,-2.07286118816113,2.29999999999998));
#13197=CARTESIAN_POINT('',(3.16163767760693,-2.5028870492816,2.29999999999998));
#13198=CARTESIAN_POINT('Origin',(3.07990938117669,-2.48560155250371,2.29999999999998));
#13199=CARTESIAN_POINT('Origin',(3.08486731707494,-2.48277925939236,2.29999999999998));
#13200=CARTESIAN_POINT('Origin',(3.08486731707494,-2.48277925939236,2.31989933101258));
#13201=CARTESIAN_POINT('',(3.16163767760693,-2.5028870492816,2.30999999999998));
#13202=CARTESIAN_POINT('',(3.16401168633911,-2.47693286870609,2.30999999999998));
#13203=CARTESIAN_POINT('Origin',(3.08486731707494,-2.48277925939236,2.30999999999998));
#13204=CARTESIAN_POINT('',(3.16401168633911,-2.47693286870609,2.31989933101258));
#13205=CARTESIAN_POINT('',(3.16163767760693,-2.5028870492816,2.31989933101258));
#13206=CARTESIAN_POINT('Origin',(3.07990938117669,-2.48560155250371,2.31989933101258));
#13207=CARTESIAN_POINT('',(3.13336034890767,-2.54979888021472,2.30999999999998));
#13208=CARTESIAN_POINT('Origin',(3.07990938117669,-2.48560155250371,2.30999999999998));
#13209=CARTESIAN_POINT('',(3.13336034890767,-2.54979888021472,2.31989933101258));
#13210=CARTESIAN_POINT('Origin',(3.13336034890767,-2.54979888021472,2.31989933101258));
#13211=CARTESIAN_POINT('',(3.11659505014722,-2.5628022728263,2.30999999999998));
#13212=CARTESIAN_POINT('',(3.61766394625408,-2.17416645575575,2.30999999999998));
#13213=CARTESIAN_POINT('',(3.11659505014722,-2.5628022728263,2.31989933101258));
#13214=CARTESIAN_POINT('Origin',(2.98189764084391,-2.36132981299356,2.31989933101258));
#13215=CARTESIAN_POINT('',(3.05708329537708,-2.59172439083039,2.30999999999998));
#13216=CARTESIAN_POINT('Origin',(2.98189764084391,-2.36132981299356,2.30999999999998));
#13217=CARTESIAN_POINT('',(3.05708329537708,-2.59172439083039,2.31989933101258));
#13218=CARTESIAN_POINT('Origin',(2.86823971605139,-1.87809330565851,2.31989933101258));
#13219=CARTESIAN_POINT('',(2.95686268759253,-2.61094881125444,2.30999999999998));
#13220=CARTESIAN_POINT('Origin',(2.86823971605139,-1.87809330565851,2.30999999999998));
#13221=CARTESIAN_POINT('',(2.95686268759253,-2.61094881125444,2.31989933101258));
#13222=CARTESIAN_POINT('Origin',(2.84886777112535,-1.58949689308291,2.31989933101258));
#13223=CARTESIAN_POINT('',(2.79937010109176,-2.61544859944949,2.30999999999998));
#13224=CARTESIAN_POINT('Origin',(2.84886777112535,-1.58949689308291,2.30999999999998));
#13225=CARTESIAN_POINT('',(2.79937010109176,-2.61544859944949,2.31989933101258));
#13226=CARTESIAN_POINT('Origin',(2.83461844190354,-1.67874269209814,2.31989933101258));
#13227=CARTESIAN_POINT('',(2.70037476100335,-2.60644902307023,2.30999999999998));
#13228=CARTESIAN_POINT('Origin',(2.83461844190354,-1.67874269209814,2.30999999999998));
#13229=CARTESIAN_POINT('',(2.70037476100335,-2.60644902307023,2.31989933101258));
#13230=CARTESIAN_POINT('Origin',(2.78418331597132,-2.11822200487632,2.31989933101258));
#13231=CARTESIAN_POINT('',(2.59211724531948,-2.57484013820419,2.30999999999998));
#13232=CARTESIAN_POINT('Origin',(2.78418331597132,-2.11822200487632,2.30999999999998));
#13233=CARTESIAN_POINT('',(2.59211724531948,-2.57484013820419,2.31989933101258));
#13234=CARTESIAN_POINT('Origin',(2.67638659493341,-2.4365302931816,2.31989933101258));
#13235=CARTESIAN_POINT('',(2.54738196268184,-2.53445241209836,2.30999999999998));
#13236=CARTESIAN_POINT('Origin',(2.67638659493341,-2.4365302931816,2.30999999999998));
#13237=CARTESIAN_POINT('',(2.54738196268184,-2.53445241209836,2.31989933101258));
#13238=CARTESIAN_POINT('Origin',(2.6616554450647,-2.46690457274849,2.31989933101258));
#13239=CARTESIAN_POINT('',(2.52929014501442,-2.47693286870609,2.30999999999998));
#13240=CARTESIAN_POINT('Origin',(2.6616554450647,-2.46690457274849,2.30999999999998));
#13241=CARTESIAN_POINT('',(2.52929014501442,-2.47693286870609,2.31989933101258));
#13242=CARTESIAN_POINT('Origin',(2.43057984098279,-2.64119315257956,2.31989933101258));
#13243=CARTESIAN_POINT('',(2.4348872580354,-2.64694711672999,2.30999999999998));
#13244=CARTESIAN_POINT('',(2.43057984098279,-2.64119315257956,2.30999999999998));
#13245=CARTESIAN_POINT('',(2.30352541009203,-2.47147040864096,2.30999999999998));
#13246=CARTESIAN_POINT('',(2.43057984098279,-2.64119315257956,2.31989933101258));
#13247=CARTESIAN_POINT('',(2.4348872580354,-2.64694711672999,2.31989933101258));
#13248=CARTESIAN_POINT('Origin',(2.68435777029499,-2.42015799509918,2.31989933101258));
#13249=CARTESIAN_POINT('',(2.53836649024216,-2.72405828849631,2.30999999999998));
#13250=CARTESIAN_POINT('Origin',(2.68435777029499,-2.42015799509918,2.30999999999998));
#13251=CARTESIAN_POINT('',(2.53836649024216,-2.72405828849631,2.31989933101258));
#13252=CARTESIAN_POINT('Origin',(2.81722344801191,-2.04417857852146,2.31989933101258));
#13253=CARTESIAN_POINT('',(2.65644346820181,-2.76121931726627,2.30999999999998));
#13254=CARTESIAN_POINT('Origin',(2.81722344801191,-2.04417857852146,2.30999999999998));
#13255=CARTESIAN_POINT('',(2.65644346820181,-2.76121931726627,2.31989933101258));
#13256=CARTESIAN_POINT('Origin',(2.8297844561086,-1.91890146350025,2.31989933101258));
#13257=CARTESIAN_POINT('',(2.8342914315103,-2.77885852757322,2.30999999999998));
#13258=CARTESIAN_POINT('Origin',(2.8297844561086,-1.91890146350025,2.30999999999998));
#13259=CARTESIAN_POINT('',(2.8342914315103,-2.77885852757322,2.31989933101258));
#13260=CARTESIAN_POINT('Origin',(2.85202364746401,-1.8625744964177,2.31989933101258));
#13261=CARTESIAN_POINT('',(2.9564847695157,-2.77305718774675,2.30999999999998));
#13262=CARTESIAN_POINT('Origin',(2.85202364746401,-1.8625744964177,2.30999999999998));
#13263=CARTESIAN_POINT('',(2.9564847695157,-2.77305718774675,2.31989933101258));
#13264=CARTESIAN_POINT('Origin',(2.81498674565144,-1.59353092757265,2.31989933101258));
#13265=CARTESIAN_POINT('',(3.06391831084046,-2.75514057157969,2.30999999999998));
#13266=CARTESIAN_POINT('Origin',(2.81498674565144,-1.59353092757265,2.30999999999998));
#13267=CARTESIAN_POINT('',(3.06391831084046,-2.75514057157969,2.31989933101258));
#13268=CARTESIAN_POINT('Origin',(2.9184778882718,-2.22788783200936,2.31989933101258));
#13269=CARTESIAN_POINT('',(3.16574341643869,-2.71574859747632,2.30999999999998));
#13270=CARTESIAN_POINT('Origin',(2.9184778882718,-2.22788783200936,2.30999999999998));
#13271=CARTESIAN_POINT('',(3.16574341643869,-2.71574859747632,2.31989933101258));
#13272=CARTESIAN_POINT('Origin',(3.03538928089155,-2.46111302673435,2.31989933101258));
#13273=CARTESIAN_POINT('',(3.24477657121323,-2.65601925339379,2.30999999999998));
#13274=CARTESIAN_POINT('Origin',(3.03538928089155,-2.46111302673435,2.30999999999998));
#13275=CARTESIAN_POINT('',(3.24477657121323,-2.65601925339379,2.31989933101258));
#13276=CARTESIAN_POINT('Origin',(3.09518138796142,-2.51089871151927,2.31989933101258));
#13277=CARTESIAN_POINT('',(3.28402197358267,-2.59909124946267,2.30999999999998));
#13278=CARTESIAN_POINT('Origin',(3.09518138796142,-2.51089871151927,2.30999999999998));
#13279=CARTESIAN_POINT('',(3.28402197358267,-2.59909124946267,2.31989933101258));
#13280=CARTESIAN_POINT('Origin',(2.97626552910619,-2.47102314607288,2.31989933101258));
#13281=CARTESIAN_POINT('',(3.30955300771691,-2.47693286870609,2.30999999999998));
#13282=CARTESIAN_POINT('Origin',(2.97626552910619,-2.47102314607288,2.30999999999998));
#13283=CARTESIAN_POINT('',(3.30955300771691,-2.47693286870609,2.31989933101258));
#13284=CARTESIAN_POINT('Origin',(2.97626552905087,-2.48284259132941,2.31989933101258));
#13285=CARTESIAN_POINT('',(3.28402197358267,-2.35477448793074,2.30999999999998));
#13286=CARTESIAN_POINT('Origin',(2.97626552905087,-2.48284259132941,2.30999999999998));
#13287=CARTESIAN_POINT('',(3.28402197358267,-2.35477448793074,2.31989933101258));
#13288=CARTESIAN_POINT('Origin',(2.66165544508495,-2.48696116466466,2.31989933101258));
#13289=CARTESIAN_POINT('',(2.54738196268184,-2.41941332530392,2.30999999999998));
#13290=CARTESIAN_POINT('Origin',(2.66165544508495,-2.48696116466466,2.30999999999998));
#13291=CARTESIAN_POINT('',(2.54738196268184,-2.41941332530392,2.31989933101258));
#13292=CARTESIAN_POINT('Origin',(2.67638659493341,-2.51733544423058,2.31989933101258));
#13293=CARTESIAN_POINT('',(2.59211724531948,-2.37902559919809,2.30999999999998));
#13294=CARTESIAN_POINT('Origin',(2.67638659493341,-2.51733544423058,2.30999999999998));
#13295=CARTESIAN_POINT('',(2.59211724531948,-2.37902559919809,2.31989933101258));
#13296=CARTESIAN_POINT('Origin',(2.78418331597132,-2.83564373252597,2.31989933101258));
#13297=CARTESIAN_POINT('',(2.70037476100335,-2.34741671433205,2.30999999999998));
#13298=CARTESIAN_POINT('Origin',(2.78418331597132,-2.83564373252597,2.30999999999998));
#13299=CARTESIAN_POINT('',(2.70037476100335,-2.34741671433205,2.31989933101258));
#13300=CARTESIAN_POINT('Origin',(2.83461844190354,-3.27512304530414,2.31989933101258));
#13301=CARTESIAN_POINT('',(2.79937010109176,-2.33841713796366,2.30999999999998));
#13302=CARTESIAN_POINT('Origin',(2.83461844190354,-3.27512304530414,2.30999999999998));
#13303=CARTESIAN_POINT('',(2.79937010109176,-2.33841713796366,2.31989933101258));
#13304=CARTESIAN_POINT('Origin',(2.84886777105965,-3.36436884432926,2.31989933101258));
#13305=CARTESIAN_POINT('',(2.95686268759253,-2.34291692615775,2.30999999999998));
#13306=CARTESIAN_POINT('Origin',(2.84886777105965,-3.36436884432926,2.30999999999998));
#13307=CARTESIAN_POINT('',(2.95686268759253,-2.34291692615775,2.31989933101258));
#13308=CARTESIAN_POINT('Origin',(2.86823971605139,-3.07577243175366,2.31989933101258));
#13309=CARTESIAN_POINT('',(3.05708329537708,-2.36214134659265,2.30999999999998));
#13310=CARTESIAN_POINT('Origin',(2.86823971605139,-3.07577243175366,2.30999999999998));
#13311=CARTESIAN_POINT('',(3.05708329537708,-2.36214134659265,2.31989933101258));
#13312=CARTESIAN_POINT('Origin',(2.98189764096098,-2.59253592440873,2.31989933101258));
#13313=CARTESIAN_POINT('',(3.11659505014722,-2.39106346455623,2.30999999999998));
#13314=CARTESIAN_POINT('Origin',(2.98189764096098,-2.59253592440873,2.30999999999998));
#13315=CARTESIAN_POINT('',(3.11659505014722,-2.39106346455623,2.31989933101258));
#13316=CARTESIAN_POINT('Origin',(3.11659505014722,-2.39106346455623,2.31989933101258));
#13317=CARTESIAN_POINT('',(3.13336034890767,-2.40406685718757,2.30999999999998));
#13318=CARTESIAN_POINT('',(2.99328997850678,-2.29542638215618,2.30999999999998));
#13319=CARTESIAN_POINT('',(3.13336034890767,-2.40406685718757,2.31989933101258));
#13320=CARTESIAN_POINT('Origin',(3.07990938117669,-2.46826418488869,2.31989933101258));
#13321=CARTESIAN_POINT('',(3.16163767760693,-2.45097868811082,2.30999999999998));
#13322=CARTESIAN_POINT('Origin',(3.07990938117669,-2.46826418488869,2.30999999999998));
#13323=CARTESIAN_POINT('',(3.16163767760693,-2.45097868811082,2.31989933101258));
#13324=CARTESIAN_POINT('Origin',(3.08486731700924,-2.47108647801981,2.31989933101258));
#13325=CARTESIAN_POINT('Origin',(3.08486731700924,-2.47108647801981,2.30999999999998));
#13326=CARTESIAN_POINT('Origin',(3.09518138802267,-2.442967025884,2.31989933101258));
#13327=CARTESIAN_POINT('',(3.24477657121323,-2.29784648401937,2.30999999999998));
#13328=CARTESIAN_POINT('Origin',(3.09518138802267,-2.442967025884,2.30999999999998));
#13329=CARTESIAN_POINT('',(3.24477657121323,-2.29784648401937,2.31989933101258));
#13330=CARTESIAN_POINT('Origin',(3.03538928086093,-2.49275271067782,2.31989933101258));
#13331=CARTESIAN_POINT('',(3.16574341643869,-2.23811713993684,2.30999999999998));
#13332=CARTESIAN_POINT('Origin',(3.03538928086093,-2.49275271067782,2.30999999999998));
#13333=CARTESIAN_POINT('',(3.16574341643869,-2.23811713993684,2.31989933101258));
#13334=CARTESIAN_POINT('Origin',(2.91847788822092,-2.72597790539295,2.31989933101258));
#13335=CARTESIAN_POINT('',(3.06391831084046,-2.1987251658226,2.30999999999998));
#13336=CARTESIAN_POINT('Origin',(2.91847788822092,-2.72597790539295,2.30999999999998));
#13337=CARTESIAN_POINT('',(3.06391831084046,-2.1987251658226,2.31989933101258));
#13338=CARTESIAN_POINT('Origin',(2.81498674565144,-3.36033480981976,2.31989933101258));
#13339=CARTESIAN_POINT('',(2.9564847695157,-2.18080854965653,2.30999999999998));
#13340=CARTESIAN_POINT('Origin',(2.81498674565144,-3.36033480981976,2.30999999999998));
#13341=CARTESIAN_POINT('',(2.9564847695157,-2.18080854965653,2.31989933101258));
#13342=CARTESIAN_POINT('Origin',(2.852023647464,-3.09129124097471,2.31989933101258));
#13343=CARTESIAN_POINT('',(2.8342914315103,-2.17500720983005,2.30999999999998));
#13344=CARTESIAN_POINT('Origin',(2.852023647464,-3.09129124097471,2.30999999999998));
#13345=CARTESIAN_POINT('',(2.8342914315103,-2.17500720983005,2.31989933101258));
#13346=CARTESIAN_POINT('Origin',(2.82978445620987,-3.03496427390204,2.31989933101258));
#13347=CARTESIAN_POINT('',(2.65644346820181,-2.19264642014589,2.30999999999998));
#13348=CARTESIAN_POINT('Origin',(2.82978445620987,-3.03496427390204,2.30999999999998));
#13349=CARTESIAN_POINT('',(2.65644346820181,-2.19264642014589,2.31989933101258));
#13350=CARTESIAN_POINT('Origin',(2.81722344794571,-2.9096871588907,2.31989933101258));
#13351=CARTESIAN_POINT('',(2.53836649024216,-2.22980744890697,2.30999999999998));
#13352=CARTESIAN_POINT('Origin',(2.81722344794571,-2.9096871588907,2.30999999999998));
#13353=CARTESIAN_POINT('',(2.53836649024216,-2.22980744890697,2.31989933101258));
#13354=CARTESIAN_POINT('Origin',(2.68435777024361,-2.5337077423031,2.31989933101258));
#13355=CARTESIAN_POINT('',(2.4348872580354,-2.30691862065155,2.30999999999998));
#13356=CARTESIAN_POINT('Origin',(2.68435777024361,-2.5337077423031,2.30999999999998));
#13357=CARTESIAN_POINT('',(2.4348872580354,-2.30691862065155,2.31989933101258));
#13358=CARTESIAN_POINT('Origin',(2.4348872580354,-2.30691862065155,2.31989933101258));
#13359=CARTESIAN_POINT('',(2.43057984098279,-2.31267258482372,2.30999999999998));
#13360=CARTESIAN_POINT('',(2.91590437899455,-1.66436294409357,2.30999999999998));
#13361=CARTESIAN_POINT('',(2.43057984098279,-2.31267258482372,2.31989933101258));
#13362=CARTESIAN_POINT('Origin',(2.67702360698497,-2.47929260260785,2.31989933101258));
#13363=CARTESIAN_POINT('',(2.37954891598335,-2.47693286870609,2.30999999999998));
#13364=CARTESIAN_POINT('Origin',(2.67702360698497,-2.47929260260785,2.30999999999998));
#13365=CARTESIAN_POINT('',(2.37954891598335,-2.47693286870609,2.31989933101258));
#13366=CARTESIAN_POINT('Origin',(2.6770236069494,-2.47457313479445,2.31989933101258));
#13367=CARTESIAN_POINT('Origin',(2.6770236069494,-2.47457313479445,2.30999999999998));
#13368=CARTESIAN_POINT('Origin',(3.64158573386408,-1.20496289076137,2.30999999999998));
#13369=CARTESIAN_POINT('Origin',(3.07112431157894,2.81703773115553,2.30999999999998));
#13370=CARTESIAN_POINT('',(3.4071608514798,2.81502270917499,2.30999999999998));
#13371=CARTESIAN_POINT('Origin',(3.62689194575252,2.81502270917499,2.30999999999998));
#13372=CARTESIAN_POINT('Origin',(3.62689194575252,2.81502270917499,2.31989933101258));
#13373=CARTESIAN_POINT('',(3.40716085147973,2.81502270917499,2.29999999999998));
#13374=CARTESIAN_POINT('Origin',(3.62689194575252,2.81502270917499,2.29999999999998));
#13375=CARTESIAN_POINT('Origin',(3.11255493438084,0.0165274248909704,2.29999999999998));
#13376=CARTESIAN_POINT('Origin',(3.07112431157894,2.81703773115553,2.30999999999998));
#13377=CARTESIAN_POINT('',(2.61099732170192,2.36814067541851,2.30999999999998));
#13378=CARTESIAN_POINT('',(2.61099732170192,2.79006616633337,2.30999999999998));
#13379=CARTESIAN_POINT('',(2.61099732170192,2.80355194874445,2.30999999999998));
#13380=CARTESIAN_POINT('',(3.29139423187064,2.52616984196048,2.30999999999998));
#13381=CARTESIAN_POINT('',(2.87874755042673,2.43032841444931,2.30999999999998));
#13382=CARTESIAN_POINT('',(3.29139423187064,2.94809533287436,2.30999999999998));
#13383=CARTESIAN_POINT('',(3.29139423187064,2.67160378655801,2.30999999999998));
#13384=CARTESIAN_POINT('',(3.17245565639152,2.92047062783569,2.30999999999998));
#13385=CARTESIAN_POINT('Origin',(3.29139423187064,2.52616984196048,2.31989933101258));
#13386=CARTESIAN_POINT('',(3.29139423187064,2.52616984196048,2.29999999999998));
#13387=CARTESIAN_POINT('',(3.29139423187064,2.52616984196048,2.31989933101258));
#13388=CARTESIAN_POINT('',(3.29139423187064,2.94809533287436,2.29999999999998));
#13389=CARTESIAN_POINT('',(3.29139423187064,1.48231137888316,2.29999999999998));
#13390=CARTESIAN_POINT('',(3.29139423187064,2.94809533287436,2.31989933101258));
#13391=CARTESIAN_POINT('Origin',(2.61099732170192,2.36814067541851,2.31989933101258));
#13392=CARTESIAN_POINT('',(2.61099732170192,2.36814067541851,2.29999999999998));
#13393=CARTESIAN_POINT('',(2.61099732170192,2.36814067541851,2.31989933101258));
#13394=CARTESIAN_POINT('',(2.93002355677992,2.44223779326301,2.29999999999998));
#13395=CARTESIAN_POINT('Origin',(2.61099732170192,2.79006616633337,2.31989933101258));
#13396=CARTESIAN_POINT('',(2.61099732170192,2.79006616633337,2.29999999999998));
#13397=CARTESIAN_POINT('',(2.61099732170192,2.79006616633337,2.31989933101258));
#13398=CARTESIAN_POINT('',(2.61099732170192,1.19233405015375,2.29999999999998));
#13399=CARTESIAN_POINT('Origin',(3.29139423187064,2.94809533287436,2.31989933101258));
#13400=CARTESIAN_POINT('',(2.54333475257732,2.77435084010891,2.29999999999998));
#13401=CARTESIAN_POINT('Origin',(3.11255493438084,0.0165274248909704,2.29999999999998));
#13402=CARTESIAN_POINT('Origin',(2.93801399538916,2.62688719472223,2.31989933101258));
#13403=CARTESIAN_POINT('',(3.45866905664881,3.08217145590947,2.30999999999998));
#13404=CARTESIAN_POINT('',(3.3083622594745,3.21101698731041,2.30999999999998));
#13405=CARTESIAN_POINT('Origin',(2.93801399538916,2.62688719472223,2.30999999999998));
#13406=CARTESIAN_POINT('',(3.3083622594745,3.21101698731041,2.29999999999998));
#13407=CARTESIAN_POINT('',(3.3083622594745,3.21101698731041,2.31989933101258));
#13408=CARTESIAN_POINT('',(3.45866905664881,3.08217145590947,2.29999999999998));
#13409=CARTESIAN_POINT('Origin',(2.93801399538916,2.62688719472223,2.29999999999998));
#13410=CARTESIAN_POINT('',(3.45866905664881,3.08217145590947,2.31989933101258));
#13411=CARTESIAN_POINT('Origin',(3.11255493438084,0.0165274248909704,2.29999999999998));
#13412=CARTESIAN_POINT('',(3.09166099144065,3.27854626342855,2.29999999999998));
#13413=CARTESIAN_POINT('Origin',(3.0661943979826,2.81536249717374,2.29999999999998));
#13414=CARTESIAN_POINT('',(2.89214336488104,3.24363675152084,2.29999999999998));
#13415=CARTESIAN_POINT('Origin',(3.06497766686711,2.84344464649432,2.29999999999998));
#13416=CARTESIAN_POINT('',(2.69440762100992,3.10148063502768,2.29999999999998));
#13417=CARTESIAN_POINT('Origin',(3.12490857138385,2.71126504601575,2.29999999999998));
#13418=CARTESIAN_POINT('',(2.5606353611256,2.89737645636351,2.29999999999998));
#13419=CARTESIAN_POINT('Origin',(3.24617894405652,2.5939532334224,2.29999999999998));
#13420=CARTESIAN_POINT('',(2.4865742910756,2.6742901057992,2.29999999999998));
#13421=CARTESIAN_POINT('Origin',(3.42661373088142,2.48604889004272,2.29999999999998));
#13422=CARTESIAN_POINT('',(2.46161800551327,2.41179367902796,2.29999999999998));
#13423=CARTESIAN_POINT('Origin',(3.65151798157454,2.4311010334096,2.29999999999998));
#13424=CARTESIAN_POINT('',(2.51010471298247,2.11746032950148,2.29999999999998));
#13425=CARTESIAN_POINT('Origin',(3.43593190835576,2.42113591792882,2.29999999999998));
#13426=CARTESIAN_POINT('',(2.54564446846198,2.02439421490237,2.29999999999998));
#13427=CARTESIAN_POINT('Origin',(3.25648081511619,2.34916481512149,2.29999999999998));
#13428=CARTESIAN_POINT('',(3.65235915305115,2.28144006064748,2.29999999999998));
#13429=CARTESIAN_POINT('',(2.59335227563749,2.03547484283121,2.29999999999998));
#13430=CARTESIAN_POINT('',(3.66611533374205,2.28463507481174,2.29999999999998));
#13431=CARTESIAN_POINT('',(3.14670961832355,2.1639977660273,2.29999999999998));
#13432=CARTESIAN_POINT('',(3.64967998891591,2.50014479888693,2.29999999999998));
#13433=CARTESIAN_POINT('Origin',(1.55176809534199,2.23177089371578,2.29999999999998));
#13434=CARTESIAN_POINT('',(3.72846930058506,2.51610895190241,2.29999999999998));
#13435=CARTESIAN_POINT('Origin',(3.62689194577277,2.81502270916214,2.29999999999998));
#13436=CARTESIAN_POINT('',(3.6716600149192,2.1789201773529,2.29999999999998));
#13437=CARTESIAN_POINT('Origin',(2.5720459364611,2.53756222520125,2.29999999999998));
#13438=CARTESIAN_POINT('',(2.5621764894906,1.92123123990522,2.29999999999998));
#13439=CARTESIAN_POINT('',(3.16815026608368,2.06197486974074,2.29999999999998));
#13440=CARTESIAN_POINT('',(2.45335585046696,2.14704192912239,2.29999999999998));
#13441=CARTESIAN_POINT('Origin',(3.39480815109388,2.46161180971719,2.29999999999998));
#13442=CARTESIAN_POINT('',(2.40795337065649,2.74863093854093,2.29999999999998));
#13443=CARTESIAN_POINT('Origin',(3.74884768869467,2.54732168651864,2.29999999999998));
#13444=CARTESIAN_POINT('',(2.46498826058336,2.96522417546436,2.29999999999998));
#13445=CARTESIAN_POINT('Origin',(3.58939539459836,2.55333115948692,2.29999999999998));
#13446=CARTESIAN_POINT('',(2.58147368210796,3.19792210281568,2.29999999999998));
#13447=CARTESIAN_POINT('Origin',(3.54383444783599,2.57067290241804,2.29999999999998));
#13448=CARTESIAN_POINT('',(2.7691547132136,3.40545713197046,2.29999999999998));
#13449=CARTESIAN_POINT('Origin',(3.25150132846957,2.78062387123791,2.29999999999998));
#13450=CARTESIAN_POINT('',(3.01185430256249,3.500557725545,2.29999999999998));
#13451=CARTESIAN_POINT('Origin',(3.0666887975228,3.00337979619622,2.29999999999998));
#13452=CARTESIAN_POINT('',(3.26192223777283,3.45525644651574,2.29999999999998));
#13453=CARTESIAN_POINT('Origin',(3.05660742361927,3.03474817388202,2.29999999999998));
#13454=CARTESIAN_POINT('',(3.45052527033994,3.3102488075707,2.29999999999998));
#13455=CARTESIAN_POINT('Origin',(2.9883098858522,2.90422837982805,2.29999999999998));
#13456=CARTESIAN_POINT('',(3.57265627588253,3.1260305634356,2.29999999999998));
#13457=CARTESIAN_POINT('Origin',(2.8220933637826,2.76102420101235,2.29999999999998));
#13458=CARTESIAN_POINT('Origin',(3.62689194574264,2.81502270917499,2.29999999999998));
#13459=CARTESIAN_POINT('Origin',(3.62689194574264,2.81502270917499,2.31989933101258));
#13460=CARTESIAN_POINT('',(3.57265627588253,3.1260305634356,2.30999999999998));
#13461=CARTESIAN_POINT('Origin',(3.62689194574264,2.81502270917499,2.30999999999998));
#13462=CARTESIAN_POINT('',(3.57265627588253,3.1260305634356,2.31989933101258));
#13463=CARTESIAN_POINT('Origin',(2.8220933637826,2.76102420101235,2.31989933101258));
#13464=CARTESIAN_POINT('',(3.45052527033994,3.3102488075707,2.30999999999998));
#13465=CARTESIAN_POINT('Origin',(2.8220933637826,2.76102420101235,2.30999999999998));
#13466=CARTESIAN_POINT('',(3.45052527033994,3.3102488075707,2.31989933101258));
#13467=CARTESIAN_POINT('Origin',(2.9883098858522,2.90422837982805,2.31989933101258));
#13468=CARTESIAN_POINT('',(3.26192223777283,3.45525644651574,2.30999999999998));
#13469=CARTESIAN_POINT('Origin',(2.9883098858522,2.90422837982805,2.30999999999998));
#13470=CARTESIAN_POINT('',(3.26192223777283,3.45525644651574,2.31989933101258));
#13471=CARTESIAN_POINT('Origin',(3.05660742361927,3.03474817388202,2.31989933101258));
#13472=CARTESIAN_POINT('',(3.01185430256249,3.500557725545,2.30999999999998));
#13473=CARTESIAN_POINT('Origin',(3.05660742361927,3.03474817388202,2.30999999999998));
#13474=CARTESIAN_POINT('',(3.01185430256249,3.500557725545,2.31989933101258));
#13475=CARTESIAN_POINT('Origin',(3.0666887975228,3.00337979619622,2.31989933101258));
#13476=CARTESIAN_POINT('',(2.7691547132136,3.40545713197046,2.30999999999998));
#13477=CARTESIAN_POINT('Origin',(3.0666887975228,3.00337979619622,2.30999999999998));
#13478=CARTESIAN_POINT('',(2.7691547132136,3.40545713197046,2.31989933101258));
#13479=CARTESIAN_POINT('Origin',(3.25150132846957,2.78062387123791,2.31989933101258));
#13480=CARTESIAN_POINT('',(2.58147368210796,3.19792210281568,2.30999999999998));
#13481=CARTESIAN_POINT('Origin',(3.25150132846957,2.78062387123791,2.30999999999998));
#13482=CARTESIAN_POINT('',(2.58147368210796,3.19792210281568,2.31989933101258));
#13483=CARTESIAN_POINT('Origin',(3.54383444783599,2.57067290241804,2.31989933101258));
#13484=CARTESIAN_POINT('',(2.46498826058336,2.96522417546436,2.30999999999998));
#13485=CARTESIAN_POINT('Origin',(3.54383444783599,2.57067290241804,2.30999999999998));
#13486=CARTESIAN_POINT('',(2.46498826058336,2.96522417546436,2.31989933101258));
#13487=CARTESIAN_POINT('Origin',(3.58939539459836,2.55333115948692,2.31989933101258));
#13488=CARTESIAN_POINT('',(2.40795337065649,2.74863093854093,2.30999999999998));
#13489=CARTESIAN_POINT('Origin',(3.58939539459836,2.55333115948692,2.30999999999998));
#13490=CARTESIAN_POINT('',(2.40795337065649,2.74863093854093,2.31989933101258));
#13491=CARTESIAN_POINT('Origin',(3.74884768869467,2.54732168651864,2.31989933101258));
#13492=CARTESIAN_POINT('',(2.45335585046696,2.14704192912239,2.30999999999998));
#13493=CARTESIAN_POINT('Origin',(3.74884768869467,2.54732168651864,2.30999999999998));
#13494=CARTESIAN_POINT('',(2.45335585046696,2.14704192912239,2.31989933101258));
#13495=CARTESIAN_POINT('Origin',(3.39480815109388,2.46161180971719,2.31989933101258));
#13496=CARTESIAN_POINT('',(2.5621764894906,1.92123123990522,2.30999999999998));
#13497=CARTESIAN_POINT('Origin',(3.39480815109388,2.46161180971719,2.30999999999998));
#13498=CARTESIAN_POINT('',(2.5621764894906,1.92123123990522,2.31989933101258));
#13499=CARTESIAN_POINT('Origin',(2.5621764894906,1.92123123990522,2.31989933101258));
#13500=CARTESIAN_POINT('',(3.6716600149192,2.1789201773529,2.30999999999998));
#13501=CARTESIAN_POINT('',(2.90233095211335,2.00023560547933,2.30999999999998));
#13502=CARTESIAN_POINT('',(3.6716600149192,2.1789201773529,2.31989933101258));
#13503=CARTESIAN_POINT('Origin',(2.5720459364611,2.53756222520125,2.31989933101258));
#13504=CARTESIAN_POINT('',(3.72846930058506,2.51610895190241,2.30999999999998));
#13505=CARTESIAN_POINT('Origin',(2.5720459364611,2.53756222520125,2.30999999999998));
#13506=CARTESIAN_POINT('',(3.72846930058506,2.51610895190241,2.31989933101258));
#13507=CARTESIAN_POINT('Origin',(3.62689194577277,2.81502270916214,2.31989933101258));
#13508=CARTESIAN_POINT('',(3.64967998891591,2.50014479888693,2.30999999999998));
#13509=CARTESIAN_POINT('Origin',(3.62689194577277,2.81502270916214,2.30999999999998));
#13510=CARTESIAN_POINT('',(3.64967998891591,2.50014479888693,2.31989933101258));
#13511=CARTESIAN_POINT('Origin',(1.55176809534199,2.23177089371578,2.31989933101258));
#13512=CARTESIAN_POINT('',(3.66611533374205,2.28463507481174,2.30999999999998));
#13513=CARTESIAN_POINT('Origin',(1.55176809534199,2.23177089371578,2.30999999999998));
#13514=CARTESIAN_POINT('',(3.66611533374205,2.28463507481174,2.31989933101258));
#13515=CARTESIAN_POINT('Origin',(3.66611533374205,2.28463507481174,2.31989933101258));
#13516=CARTESIAN_POINT('',(3.65235915305115,2.28144006064748,2.30999999999998));
#13517=CARTESIAN_POINT('',(3.4425101568658,2.23270047731347,2.30999999999998));
#13518=CARTESIAN_POINT('',(3.65235915305115,2.28144006064748,2.31989933101258));
#13519=CARTESIAN_POINT('Origin',(3.65235915305115,2.28144006064748,2.31989933101258));
#13520=CARTESIAN_POINT('',(2.54564446846198,2.02439421490237,2.30999999999998));
#13521=CARTESIAN_POINT('',(3.43563206668097,2.23110297016902,2.30999999999998));
#13522=CARTESIAN_POINT('',(2.54564446846198,2.02439421490237,2.31989933101258));
#13523=CARTESIAN_POINT('Origin',(3.25648081511619,2.34916481512149,2.31989933101258));
#13524=CARTESIAN_POINT('',(2.51010471298247,2.11746032950148,2.30999999999998));
#13525=CARTESIAN_POINT('Origin',(3.25648081511619,2.34916481512149,2.30999999999998));
#13526=CARTESIAN_POINT('',(2.51010471298247,2.11746032950148,2.31989933101258));
#13527=CARTESIAN_POINT('Origin',(3.43593190835576,2.42113591792882,2.31989933101258));
#13528=CARTESIAN_POINT('',(2.46161800551327,2.41179367902796,2.30999999999998));
#13529=CARTESIAN_POINT('Origin',(3.43593190835576,2.42113591792882,2.30999999999998));
#13530=CARTESIAN_POINT('',(2.46161800551327,2.41179367902796,2.31989933101258));
#13531=CARTESIAN_POINT('Origin',(3.65151798157454,2.4311010334096,2.31989933101258));
#13532=CARTESIAN_POINT('',(2.4865742910756,2.6742901057992,2.30999999999998));
#13533=CARTESIAN_POINT('Origin',(3.65151798157454,2.4311010334096,2.30999999999998));
#13534=CARTESIAN_POINT('',(2.4865742910756,2.6742901057992,2.31989933101258));
#13535=CARTESIAN_POINT('Origin',(3.42661373088142,2.48604889004272,2.31989933101258));
#13536=CARTESIAN_POINT('',(2.5606353611256,2.89737645636351,2.30999999999998));
#13537=CARTESIAN_POINT('Origin',(3.42661373088142,2.48604889004272,2.30999999999998));
#13538=CARTESIAN_POINT('',(2.5606353611256,2.89737645636351,2.31989933101258));
#13539=CARTESIAN_POINT('Origin',(3.24617894405652,2.5939532334224,2.31989933101258));
#13540=CARTESIAN_POINT('',(2.69440762100992,3.10148063502768,2.30999999999998));
#13541=CARTESIAN_POINT('Origin',(3.24617894405652,2.5939532334224,2.30999999999998));
#13542=CARTESIAN_POINT('',(2.69440762100992,3.10148063502768,2.31989933101258));
#13543=CARTESIAN_POINT('Origin',(3.12490857138385,2.71126504601575,2.31989933101258));
#13544=CARTESIAN_POINT('',(2.89214336488104,3.24363675152084,2.30999999999998));
#13545=CARTESIAN_POINT('Origin',(3.12490857138385,2.71126504601575,2.30999999999998));
#13546=CARTESIAN_POINT('',(2.89214336488104,3.24363675152084,2.31989933101258));
#13547=CARTESIAN_POINT('Origin',(3.06497766686711,2.84344464649432,2.31989933101258));
#13548=CARTESIAN_POINT('',(3.09166099144065,3.27854626342855,2.30999999999998));
#13549=CARTESIAN_POINT('Origin',(3.06497766686711,2.84344464649432,2.30999999999998));
#13550=CARTESIAN_POINT('',(3.09166099144065,3.27854626342855,2.31989933101258));
#13551=CARTESIAN_POINT('Origin',(3.0661943979826,2.81536249717374,2.31989933101258));
#13552=CARTESIAN_POINT('Origin',(3.0661943979826,2.81536249717374,2.30999999999998));
#13553=CARTESIAN_POINT('Origin',(3.07112431157894,2.81703773115553,2.30999999999998));
#13554=CARTESIAN_POINT('Origin',(-5.23749999944971,-3.00000000000214,0.500000002209108));
#13555=CARTESIAN_POINT('',(-5.23749999944063,-2.60000000000009,0.500000002209108));
#13556=CARTESIAN_POINT('',(-5.23749999944063,-3.39999999999936,0.500000002209108));
#13557=CARTESIAN_POINT('',(-5.23749999944062,4.95000000000001,0.500000000000036));
#13558=CARTESIAN_POINT('',(-4.637499999459,-2.60000000000406,0.500000002209108));
#13559=CARTESIAN_POINT('',(-5.53749999944533,-2.60000000000009,0.500000002209108));
#13560=CARTESIAN_POINT('',(-4.637499999459,-3.40000000000503,0.500000002209108));
#13561=CARTESIAN_POINT('',(-4.637499999459,-2.8000000000031,0.500000002209108));
#13562=CARTESIAN_POINT('',(-4.93749999944568,-3.39999999999936,0.500000002209108));
#13563=CARTESIAN_POINT('Origin',(-4.63749999944164,-3.39999999999936,2.20910800763363E-9));
#13564=CARTESIAN_POINT('',(-5.23749999944063,-3.39999999999936,0.0199999999999614));
#13565=CARTESIAN_POINT('',(-5.23749999944063,-3.39999999999936,0.0100000011045347));
#13566=CARTESIAN_POINT('',(-4.637499999459,-3.40000000000504,0.030000002209108));
#13567=CARTESIAN_POINT('',(-4.637499999459,-3.40000000000504,2.20910800763363E-9));
#13568=CARTESIAN_POINT('',(-4.93749999944088,-3.40000000000539,0.030000002209108));
#13569=CARTESIAN_POINT('',(-4.65660305975131,-3.40000000000506,0.030000002209108));
#13570=CARTESIAN_POINT('',(-4.93749999944088,-3.40000000000539,0.0200000000000383));
#13571=CARTESIAN_POINT('',(-4.93749999944088,-3.40000000000539,2.20910800763363E-9));
#13572=CARTESIAN_POINT('',(-2.08955979117701,-3.39999999999937,0.0200000000000383));
#13573=CARTESIAN_POINT('Origin',(-5.83749999944094,-2.60000000000009,2.20910800763363E-9));
#13574=CARTESIAN_POINT('',(-5.23749999944063,-2.60000000000009,0.0199999999999614));
#13575=CARTESIAN_POINT('',(-5.23749999944063,-2.60000000000009,0.0100000011045347));
#13576=CARTESIAN_POINT('',(-4.93749999944088,-2.60000000000471,0.0200000000000383));
#13577=CARTESIAN_POINT('',(-2.68955979117667,-2.60000000000009,0.0200000000000383));
#13578=CARTESIAN_POINT('',(-4.93749999944088,-2.60000000000471,0.030000002209108));
#13579=CARTESIAN_POINT('',(-4.93749999944088,-2.60000000000471,2.20910800763363E-9));
#13580=CARTESIAN_POINT('',(-4.637499999459,-2.60000000000406,0.030000002209108));
#13581=CARTESIAN_POINT('',(-5.00660305974282,-2.60000000000486,0.030000002209108));
#13582=CARTESIAN_POINT('',(-4.637499999459,-2.60000000000406,2.20910800763363E-9));
#13583=CARTESIAN_POINT('Origin',(-4.637499999459,-2.60000000000406,2.20910800763363E-9));
#13584=CARTESIAN_POINT('',(-4.637499999459,-2.82512741549652,0.030000002209108));
#13585=CARTESIAN_POINT('Origin',(-4.93749999944088,-3.60000000000523,2.20910800763363E-9));
#13586=CARTESIAN_POINT('',(-4.93749999944087,0.442575538640479,0.0200000000000383));
#13587=CARTESIAN_POINT('',(-4.93749999944088,-3.60000000000523,0.030000002209108));
#13588=CARTESIAN_POINT('Origin',(-4.67570612004404,-3.05025483098898,0.030000002209108));
#13589=CARTESIAN_POINT('Origin',(-5.23749999944979,-4.20000000000217,0.500000002209108));
#13590=CARTESIAN_POINT('',(-5.23749999944063,-3.79999999999991,0.500000002209108));
#13591=CARTESIAN_POINT('',(-5.23749999944063,-4.59999999999975,0.500000002209108));
#13592=CARTESIAN_POINT('',(-5.23749999944062,4.95000000000001,0.500000000000036));
#13593=CARTESIAN_POINT('',(-4.637499999459,-3.80000000000406,0.500000002209108));
#13594=CARTESIAN_POINT('',(-5.53749999944537,-3.79999999999991,0.500000002209108));
#13595=CARTESIAN_POINT('',(-4.637499999459,-4.60000000000504,0.500000002209108));
#13596=CARTESIAN_POINT('',(-4.637499999459,-4.00000000000312,0.500000002209108));
#13597=CARTESIAN_POINT('',(-4.58749999944538,-4.59999999999981,0.500000002209108));
#13598=CARTESIAN_POINT('Origin',(-3.93749999944094,-4.59999999999986,2.20910800763363E-9));
#13599=CARTESIAN_POINT('',(-5.23749999944063,-4.59999999999975,0.0199999999999614));
#13600=CARTESIAN_POINT('',(-5.23749999944063,-4.59999999999975,0.0100000011045347));
#13601=CARTESIAN_POINT('',(-4.637499999459,-4.60000000000504,0.030000002209108));
#13602=CARTESIAN_POINT('',(-4.637499999459,-4.60000000000504,2.20910800763363E-9));
#13603=CARTESIAN_POINT('',(-4.93749999944088,-4.60000000000539,0.030000002209108));
#13604=CARTESIAN_POINT('',(-4.65660305975131,-4.60000000000506,0.030000002209108));
#13605=CARTESIAN_POINT('',(-4.93749999944088,-4.60000000000539,0.0200000000000383));
#13606=CARTESIAN_POINT('',(-4.93749999944088,-4.60000000000539,2.20910800763363E-9));
#13607=CARTESIAN_POINT('',(-1.73955979117707,-4.60000000000007,0.0200000000000383));
#13608=CARTESIAN_POINT('Origin',(-5.83749999944094,-3.79999999999991,2.20910800763363E-9));
#13609=CARTESIAN_POINT('',(-5.23749999944063,-3.79999999999991,0.0199999999999614));
#13610=CARTESIAN_POINT('',(-5.23749999944063,-3.79999999999991,0.0100000011045347));
#13611=CARTESIAN_POINT('',(-4.93749999944088,-3.80000000000471,0.0200000000000383));
#13612=CARTESIAN_POINT('',(-2.68955979117667,-3.79999999999991,0.0200000000000383));
#13613=CARTESIAN_POINT('',(-4.93749999944088,-3.80000000000471,0.030000002209108));
#13614=CARTESIAN_POINT('',(-4.93749999944088,-3.80000000000471,2.20910800763363E-9));
#13615=CARTESIAN_POINT('',(-4.637499999459,-3.80000000000406,0.030000002209108));
#13616=CARTESIAN_POINT('',(-5.00660305974282,-3.80000000000486,0.030000002209108));
#13617=CARTESIAN_POINT('',(-4.637499999459,-3.80000000000406,2.20910800763363E-9));
#13618=CARTESIAN_POINT('Origin',(-4.637499999459,-3.80000000000406,2.20910800763363E-9));
#13619=CARTESIAN_POINT('',(-4.637499999459,-4.02512741549652,0.030000002209108));
#13620=CARTESIAN_POINT('Origin',(-4.93749999944088,-4.80000000000523,2.20910800763363E-9));
#13621=CARTESIAN_POINT('',(-4.93749999944087,-0.157424461359522,0.0200000000000383));
#13622=CARTESIAN_POINT('',(-4.93749999944088,-4.80000000000523,0.030000002209108));
#13623=CARTESIAN_POINT('Origin',(-4.67570612004404,-4.25025483098898,0.030000002209108));
#13624=CARTESIAN_POINT('Origin',(-4.63749999944194,2.19999999999464,2.20910800763363E-9));
#13625=CARTESIAN_POINT('',(-4.6374999994424,2.59999999999701,0.0200000000000383));
#13626=CARTESIAN_POINT('',(-4.63749999944194,2.19999999999464,0.0200000000000383));
#13627=CARTESIAN_POINT('',(-4.63749999944324,3.34257553863752,0.0200000000000383));
#13628=CARTESIAN_POINT('',(-4.6374999994424,2.59999999999701,0.500000002209108));
#13629=CARTESIAN_POINT('',(-4.6374999994424,2.59999999999701,2.20910800763363E-9));
#13630=CARTESIAN_POINT('',(-4.63749999944194,2.19999999999464,0.500000002209108));
#13631=CARTESIAN_POINT('',(-4.63749999944096,1.33979157804746,0.500000002209108));
#13632=CARTESIAN_POINT('',(-4.63749999944194,2.19999999999464,2.20910800763363E-9));
#13633=CARTESIAN_POINT('Origin',(-5.83749999944094,2.20000000000191,2.20910800763363E-9));
#13634=CARTESIAN_POINT('',(-5.23749999944062,2.20000000000191,0.0199999999999614));
#13635=CARTESIAN_POINT('',(-2.68955979117666,2.20000000000191,0.0200000000000383));
#13636=CARTESIAN_POINT('',(-5.23749999944062,2.20000000000191,0.500000002209108));
#13637=CARTESIAN_POINT('',(-4.23913228358028,2.20000000000191,0.500000002209108));
#13638=CARTESIAN_POINT('',(-5.23749999944062,2.20000000000191,0.0100000011045347));
#13639=CARTESIAN_POINT('Origin',(-4.63749999944277,1.40000000000173,2.20910800763363E-9));
#13640=CARTESIAN_POINT('',(-5.23749999944062,1.4000000000019,0.500000002209108));
#13641=CARTESIAN_POINT('',(-5.23749999944062,1.4000000000019,0.0199999999999614));
#13642=CARTESIAN_POINT('',(-5.23749999944062,1.4000000000019,0.0100000011045347));
#13643=CARTESIAN_POINT('',(-4.6374999994424,1.39999999999674,0.500000002209108));
#13644=CARTESIAN_POINT('',(-3.63913228358106,1.40000000000144,0.500000002209108));
#13645=CARTESIAN_POINT('',(-4.6374999994424,1.39999999999673,0.0200000000000383));
#13646=CARTESIAN_POINT('',(-4.6374999994424,1.39999999999673,2.20910800763363E-9));
#13647=CARTESIAN_POINT('',(-2.08955979117801,1.400000000001,0.0200000000000383));
#13648=CARTESIAN_POINT('Origin',(-4.6374999994416,0.999999999995847,2.20910800763363E-9));
#13649=CARTESIAN_POINT('',(-4.6374999994416,0.999999999995847,0.0200000000000383));
#13650=CARTESIAN_POINT('',(-4.63749999944507,2.74257553863595,0.0200000000000383));
#13651=CARTESIAN_POINT('',(-4.6374999994416,0.999999999995849,0.500000002209108));
#13652=CARTESIAN_POINT('',(-4.63749999944108,0.739791578047215,0.500000002209108));
#13653=CARTESIAN_POINT('',(-4.6374999994416,0.999999999995847,2.20910800763363E-9));
#13654=CARTESIAN_POINT('Origin',(-5.83749999944094,1.00000000000118,2.20910800763363E-9));
#13655=CARTESIAN_POINT('',(-5.23749999944062,1.00000000000118,0.0199999999999614));
#13656=CARTESIAN_POINT('',(-2.68955979117666,1.00000000000118,0.0200000000000383));
#13657=CARTESIAN_POINT('',(-5.23749999944062,1.00000000000118,0.500000002209108));
#13658=CARTESIAN_POINT('',(-4.23913228358028,1.00000000000118,0.500000002209108));
#13659=CARTESIAN_POINT('',(-5.23749999944062,1.00000000000118,0.0100000011045347));
#13660=CARTESIAN_POINT('Origin',(-4.63749999944243,0.200000000001455,2.20910800763363E-9));
#13661=CARTESIAN_POINT('',(-5.23749999944062,0.200000000001626,0.500000002209108));
#13662=CARTESIAN_POINT('',(-5.23749999944062,0.200000000001626,0.0199999999999614));
#13663=CARTESIAN_POINT('',(-5.23749999944062,0.200000000001626,0.0100000011045347));
#13664=CARTESIAN_POINT('',(-4.6374999994424,0.199999999998055,0.500000002209108));
#13665=CARTESIAN_POINT('',(-3.63913228358106,0.200000000001169,0.500000002209108));
#13666=CARTESIAN_POINT('',(-4.6374999994424,0.199999999998052,0.0200000000000383));
#13667=CARTESIAN_POINT('',(-4.6374999994424,0.199999999998052,2.20910800763363E-9));
#13668=CARTESIAN_POINT('',(-2.08955979117802,0.200000000000727,0.0200000000000383));
#13669=CARTESIAN_POINT('Origin',(-4.6374999994424,-0.200000000001925,2.20910800763363E-9));
#13670=CARTESIAN_POINT('',(-4.6374999994424,-0.200000000001925,0.0200000000000383));
#13671=CARTESIAN_POINT('',(-4.6374999994424,2.14257553864213,0.0200000000000383));
#13672=CARTESIAN_POINT('',(-4.6374999994424,-0.200000000001923,0.500000002209108));
#13673=CARTESIAN_POINT('',(-4.6374999994424,0.139791578050315,0.500000002209108));
#13674=CARTESIAN_POINT('',(-4.6374999994424,-0.200000000001925,2.20910800763363E-9));
#13675=CARTESIAN_POINT('Origin',(-5.83749999944094,-0.199999999998975,2.20910800763363E-9));
#13676=CARTESIAN_POINT('',(-5.23749999944062,-0.199999999998806,0.0199999999999614));
#13677=CARTESIAN_POINT('',(-2.689559791176,-0.199999999998085,0.0200000000000383));
#13678=CARTESIAN_POINT('',(-5.23749999944062,-0.199999999998806,0.500000002209108));
#13679=CARTESIAN_POINT('',(-4.23913228358018,-0.199999999998523,0.500000002209108));
#13680=CARTESIAN_POINT('',(-5.23749999944062,-0.199999999998806,0.0100000011045347));
#13681=CARTESIAN_POINT('Origin',(-4.6374999994422,-0.999999999998818,2.20910800763363E-9));
#13682=CARTESIAN_POINT('',(-5.23749999944062,-0.999999999998988,0.500000002209108));
#13683=CARTESIAN_POINT('',(-5.23749999944062,-0.999999999998987,0.0199999999999614));
#13684=CARTESIAN_POINT('',(-5.23749999944062,-0.999999999998987,0.0100000011045347));
#13685=CARTESIAN_POINT('',(-4.6374999994424,-1.00000000000108,0.500000002209108));
#13686=CARTESIAN_POINT('',(-3.6391322835807,-0.999999999998536,0.500000002209108));
#13687=CARTESIAN_POINT('',(-4.6374999994424,-1.00000000000108,0.0200000000000383));
#13688=CARTESIAN_POINT('',(-4.6374999994424,-1.00000000000108,2.20910800763363E-9));
#13689=CARTESIAN_POINT('',(-2.08955979117651,-0.999999999998098,0.0200000000000383));
#13690=CARTESIAN_POINT('Origin',(-4.63749999944149,-1.40000000000197,2.20910800763363E-9));
#13691=CARTESIAN_POINT('',(-4.63749999944149,-1.40000000000197,0.0200000000000383));
#13692=CARTESIAN_POINT('',(-4.63749999944818,1.54257553863631,0.0200000000000383));
#13693=CARTESIAN_POINT('',(-4.63749999944149,-1.40000000000197,0.500000002209108));
#13694=CARTESIAN_POINT('',(-4.63749999944363,-0.460208421951978,0.500000002209108));
#13695=CARTESIAN_POINT('',(-4.63749999944149,-1.40000000000197,2.20910800763363E-9));
#13696=CARTESIAN_POINT('Origin',(-5.83749999944094,-1.39999999999936,2.20910800763363E-9));
#13697=CARTESIAN_POINT('',(-5.23749999944063,-1.39999999999936,0.0199999999999614));
#13698=CARTESIAN_POINT('',(-2.68955979117666,-1.39999999999937,0.0200000000000383));
#13699=CARTESIAN_POINT('',(-5.23749999944063,-1.39999999999936,0.500000002209108));
#13700=CARTESIAN_POINT('',(-4.23913228358028,-1.39999999999936,0.500000002209108));
#13701=CARTESIAN_POINT('',(-5.23749999944063,-1.39999999999936,0.0100000011045347));
#13702=CARTESIAN_POINT('Origin',(-4.63749999944197,-2.19999999999909,2.20910800763363E-9));
#13703=CARTESIAN_POINT('',(-5.23749999944063,-2.19999999999946,0.500000002209108));
#13704=CARTESIAN_POINT('',(-5.23749999944063,-2.19999999999946,0.0199999999999614));
#13705=CARTESIAN_POINT('',(-5.23749999944063,-2.19999999999946,0.0100000011045347));
#13706=CARTESIAN_POINT('',(-3.28749999945863,-2.20000000000113,0.500000002209108));
#13707=CARTESIAN_POINT('',(-3.63913228357997,-2.19999999999848,0.500000002209108));
#13708=CARTESIAN_POINT('',(-3.28749999945863,-2.20000000000113,0.030000002209108));
#13709=CARTESIAN_POINT('',(-3.28749999945863,-2.20000000000113,2.20910800763363E-9));
#13710=CARTESIAN_POINT('',(-4.33749999944188,-2.20000000000266,0.030000002209108));
#13711=CARTESIAN_POINT('',(-1.80128044012113,-2.19999999999897,0.030000002209108));
#13712=CARTESIAN_POINT('',(-4.33749999944188,-2.20000000000266,0.0200000000000383));
#13713=CARTESIAN_POINT('',(-4.33749999944188,-2.20000000000266,2.20910800763363E-9));
#13714=CARTESIAN_POINT('',(-2.08955979117512,-2.19999999999752,0.0200000000000383));
#13715=CARTESIAN_POINT('Origin',(-5.83749999944094,4.59999999999982,2.20910800763363E-9));
#13716=CARTESIAN_POINT('',(-5.23749999944062,4.59999999999982,0.0199999999999614));
#13717=CARTESIAN_POINT('',(-5.23749999944062,4.59999999999982,0.500000002209108));
#13718=CARTESIAN_POINT('',(-5.23749999944062,4.59999999999982,0.0100000011045347));
#13719=CARTESIAN_POINT('',(-4.43749999944144,4.59999999999587,0.0200000000000383));
#13720=CARTESIAN_POINT('',(-2.68955979117666,4.59999999999981,0.0200000000000383));
#13721=CARTESIAN_POINT('',(-4.43749999944144,4.59999999999587,0.500000002209108));
#13722=CARTESIAN_POINT('',(-4.43749999944144,4.59999999999587,2.20910800763363E-9));
#13723=CARTESIAN_POINT('',(-4.23913228358028,4.59999999999982,0.500000002209108));
#13724=CARTESIAN_POINT('Origin',(-5.83749999944093,3.39999999999991,2.20910800763363E-9));
#13725=CARTESIAN_POINT('',(-5.23749999944062,3.39999999999991,0.0199999999999614));
#13726=CARTESIAN_POINT('',(-5.23749999944062,3.39999999999991,0.500000002209108));
#13727=CARTESIAN_POINT('',(-5.23749999944062,3.39999999999991,0.0100000011045347));
#13728=CARTESIAN_POINT('',(-4.63749999944217,3.39999999999537,0.0200000000000383));
#13729=CARTESIAN_POINT('',(-2.68955979117666,3.3999999999999,0.0200000000000383));
#13730=CARTESIAN_POINT('',(-4.63749999944217,3.39999999999537,0.500000002209108));
#13731=CARTESIAN_POINT('',(-4.63749999944217,3.39999999999537,2.20910800763363E-9));
#13732=CARTESIAN_POINT('',(-4.23913228358027,3.39999999999991,0.500000002209108));
#13733=CARTESIAN_POINT('Origin',(-3.93749999944093,3.79999999999964,2.20910800763363E-9));
#13734=CARTESIAN_POINT('',(-5.23749999944062,3.79999999999964,0.0199999999999614));
#13735=CARTESIAN_POINT('',(-4.63749999944217,3.79999999999614,0.0200000000000383));
#13736=CARTESIAN_POINT('',(-1.73955979117666,3.79999999999963,0.0200000000000383));
#13737=CARTESIAN_POINT('',(-5.23749999944062,3.79999999999964,0.500000002209108));
#13738=CARTESIAN_POINT('',(-5.23749999944062,3.79999999999964,0.0100000011045347));
#13739=CARTESIAN_POINT('',(-4.63749999944217,3.79999999999615,0.500000002209108));
#13740=CARTESIAN_POINT('',(-3.28913228358027,3.79999999999963,0.500000002209108));
#13741=CARTESIAN_POINT('',(-4.63749999944217,3.79999999999614,2.20910800763363E-9));
#13742=CARTESIAN_POINT('Origin',(-4.63749999944311,2.60000000000246,2.20910800763363E-9));
#13743=CARTESIAN_POINT('',(-5.23749999944062,2.60000000000229,0.0199999999999614));
#13744=CARTESIAN_POINT('',(-2.08955979117748,2.60000000000318,0.0200000000000383));
#13745=CARTESIAN_POINT('',(-5.23749999944062,2.60000000000229,0.500000002209108));
#13746=CARTESIAN_POINT('',(-5.23749999944062,2.60000000000229,0.0100000011045347));
#13747=CARTESIAN_POINT('',(-3.63913228358166,2.60000000000274,0.500000002209108));
#13748=CARTESIAN_POINT('Origin',(-2.9924999994588,-4.29999999999838,0.265000002209108));
#13749=CARTESIAN_POINT('',(-2.9924999994588,-4.34999999999611,0.030000002209108));
#13750=CARTESIAN_POINT('',(-2.9924999994588,-4.34999999999611,0.500000002209108));
#13751=CARTESIAN_POINT('',(-2.9924999994588,-4.34999999999611,0.132500002209108));
#13752=CARTESIAN_POINT('',(-2.9924999994588,-4.25000000000063,0.500000002209108));
#13753=CARTESIAN_POINT('',(-2.99249999945879,-1.91020842194791,0.500000002209108));
#13754=CARTESIAN_POINT('',(-2.9924999994588,-4.25000000000063,0.030000002209108));
#13755=CARTESIAN_POINT('',(-2.9924999994588,-4.25000000000063,0.030000002209108));
#13756=CARTESIAN_POINT('',(-2.99249999945879,-2.22428971781921,0.030000002209108));
#13757=CARTESIAN_POINT('Origin',(-2.9874999994588,-4.34999999999611,2.20910800763363E-9));
#13758=CARTESIAN_POINT('',(-3.18749999945861,-4.3499999999961,0.030000002209108));
#13759=CARTESIAN_POINT('',(-1.6512804401227,-4.34999999999611,0.030000002209108));
#13760=CARTESIAN_POINT('',(-3.18749999945861,-4.34999999999611,0.500000002209108));
#13761=CARTESIAN_POINT('',(-3.18749999945861,-4.3499999999961,2.20910800763363E-9));
#13762=CARTESIAN_POINT('',(-2.81413228358921,-4.34999999999611,0.500000002209108));
#13763=CARTESIAN_POINT('Origin',(-2.64076456771962,0.479583156102554,0.500000002209108));
#13764=CARTESIAN_POINT('',(-5.23749999944062,4.95000000000001,0.500000000000036));
#13765=CARTESIAN_POINT('',(-4.63749999944217,1.93979157804896,0.500000002209108));
#13766=CARTESIAN_POINT('',(-5.23749999944062,4.95000000000001,0.500000000000036));
#13767=CARTESIAN_POINT('',(-4.43749999944144,4.34999999999553,0.500000002209108));
#13768=CARTESIAN_POINT('',(-4.43749999944144,2.53979157804921,0.500000002209108));
#13769=CARTESIAN_POINT('',(-4.03749999944181,4.34999999999553,0.500000002209108));
#13770=CARTESIAN_POINT('',(-3.53913228358053,4.34999999999553,0.500000002209108));
#13771=CARTESIAN_POINT('',(-4.03749999944181,4.24999999999585,0.500000002209108));
#13772=CARTESIAN_POINT('',(-4.03749999944181,4.34999999999553,0.500000002209108));
#13773=CARTESIAN_POINT('',(-1.31249999944929,4.24999999999573,0.500000002209108));
#13774=CARTESIAN_POINT('',(-3.33913228358063,4.24999999999582,0.500000002209108));
#13775=CARTESIAN_POINT('',(-1.31249999944929,4.34999999999553,0.500000002209108));
#13776=CARTESIAN_POINT('',(-1.31249999944929,2.36479157804914,0.500000002209108));
#13777=CARTESIAN_POINT('',(-1.01249999945877,4.34999999999553,0.500000002209108));
#13778=CARTESIAN_POINT('',(-1.97663228358445,4.34999999999553,0.500000002209108));
#13779=CARTESIAN_POINT('',(-1.01249999945853,4.60971875607811,0.500000002209108));
#13780=CARTESIAN_POINT('',(-1.0124999994605,2.41479157804831,0.500000002209108));
#13781=CARTESIAN_POINT('',(-0.870527080044834,4.54999999527528,0.500000000000038));
#13782=CARTESIAN_POINT('Origin',(-0.864403308270122,4.75308531765243,0.500000000000038));
#13783=CARTESIAN_POINT('',(1.76250000053405,4.54999999488576,0.500000002209108));
#13784=CARTESIAN_POINT('',(-0.563248389417485,4.54999999527528,0.500000000000038));
#13785=CARTESIAN_POINT('',(1.76250000053404,-4.54999999488395,0.500000002209108));
#13786=CARTESIAN_POINT('',(1.76250000053405,2.60479157805068,0.500000002209108));
#13787=CARTESIAN_POINT('',(-0.870527080044846,-4.54999999527346,0.500000000000038));
#13788=CARTESIAN_POINT('',(-0.563248389417494,-4.54999999527346,0.500000000000038));
#13789=CARTESIAN_POINT('',(-1.01249999945843,-4.60971875607617,0.500000002209108));
#13790=CARTESIAN_POINT('Origin',(-0.864403308270136,-4.75308531765061,0.500000000000038));
#13791=CARTESIAN_POINT('',(-1.01249999945843,-4.34999999999429,0.500000002209108));
#13792=CARTESIAN_POINT('',(-1.01249999945843,-2.12520842195019,0.500000002209108));
#13793=CARTESIAN_POINT('',(-1.31249999944929,-4.34999999999452,0.500000002209108));
#13794=CARTESIAN_POINT('',(-1.8266322835872,-4.3499999999949,0.500000002209108));
#13795=CARTESIAN_POINT('',(-1.31249999944929,-4.2499999999962,0.500000002209108));
#13796=CARTESIAN_POINT('',(-1.31249999944929,-1.93520842194598,0.500000002209108));
#13797=CARTESIAN_POINT('',(-1.9766322835782,-4.24999999999796,0.500000002209108));
#13798=CARTESIAN_POINT('',(-3.18749999945873,-2.50000000000188,0.500000002209108));
#13799=CARTESIAN_POINT('',(-3.18749999945876,-1.93520842194679,0.500000002209108));
#13800=CARTESIAN_POINT('',(-3.28749999945875,-2.50000000000188,0.500000002209108));
#13801=CARTESIAN_POINT('',(-2.91413228358917,-2.50000000000188,0.500000002209108));
#13802=CARTESIAN_POINT('',(-3.28749999945818,-1.01020842194954,0.500000002209108));
#13803=CARTESIAN_POINT('',(-5.23749999944062,4.95000000000001,0.500000000000036));
#13804=CARTESIAN_POINT('',(-5.23749999944062,4.95000000000001,0.500000000000036));
#13805=CARTESIAN_POINT('',(-5.23749999944062,4.95000000000001,0.500000000000036));
#13806=CARTESIAN_POINT('',(-5.23749999944062,4.95000000000001,0.500000000000036));
#13807=CARTESIAN_POINT('Origin',(-4.03749999944181,4.29999999999569,0.265000002209108));
#13808=CARTESIAN_POINT('',(-4.03749999944181,4.34999999999553,0.030000002209108));
#13809=CARTESIAN_POINT('',(-4.03749999944181,4.34999999999553,0.030000002209108));
#13810=CARTESIAN_POINT('',(-4.03749999944181,4.24999999999585,0.030000002209108));
#13811=CARTESIAN_POINT('',(-4.03749999944181,4.24999999999585,0.030000002209108));
#13812=CARTESIAN_POINT('',(-4.03749999944181,4.24999999999585,0.132500002209108));
#13813=CARTESIAN_POINT('Origin',(-4.0374999994418,4.24999999999585,2.20910800763363E-9));
#13814=CARTESIAN_POINT('',(-1.31249999944929,4.24999999999573,0.030000002209108));
#13815=CARTESIAN_POINT('',(-2.1762804401142,4.24999999999584,0.030000002209108));
#13816=CARTESIAN_POINT('',(-1.31249999944929,4.24999999999573,2.20910800763363E-9));
#13817=CARTESIAN_POINT('Origin',(-4.63749999944217,3.39999999999537,2.20910800763363E-9));
#13818=CARTESIAN_POINT('',(-4.63749999944217,3.94257553864078,0.0200000000000383));
#13819=CARTESIAN_POINT('Origin',(-4.43749999944144,4.59999999999587,2.20910800763363E-9));
#13820=CARTESIAN_POINT('',(-4.43749999944144,4.34999999999553,0.0200000000000383));
#13821=CARTESIAN_POINT('',(-4.43749999944144,4.54257553864103,0.0200000000000383));
#13822=CARTESIAN_POINT('',(-4.43749999944144,4.34999999999553,2.20910800763363E-9));
#13823=CARTESIAN_POINT('Origin',(-4.43749999944144,4.34999999999553,2.20910800763363E-9));
#13824=CARTESIAN_POINT('',(-4.33749999944176,4.34999999999553,0.0200000000000383));
#13825=CARTESIAN_POINT('',(-1.98955979117691,4.34999999999553,0.0200000000000383));
#13826=CARTESIAN_POINT('',(-4.33749999944176,4.34999999999553,0.030000002209108));
#13827=CARTESIAN_POINT('',(-4.33749999944176,4.34999999999553,2.20910800763363E-9));
#13828=CARTESIAN_POINT('',(-2.37628044011402,4.34999999999553,0.030000002209108));
#13829=CARTESIAN_POINT('Origin',(-1.31249999944929,4.24999999999573,2.20910800763363E-9));
#13830=CARTESIAN_POINT('',(-1.31249999944929,4.34999999999553,0.030000002209108));
#13831=CARTESIAN_POINT('',(-1.31249999944929,2.05071028217784,0.030000002209108));
#13832=CARTESIAN_POINT('',(-1.31249999944929,4.34999999999553,2.20910800763363E-9));
#13833=CARTESIAN_POINT('Origin',(-1.31249999944929,4.34999999999553,2.20910800763363E-9));
#13834=CARTESIAN_POINT('',(-1.01249999945877,4.34999999999553,0.030000002209108));
#13835=CARTESIAN_POINT('',(-0.813780440117943,4.34999999999553,0.030000002209108));
#13836=CARTESIAN_POINT('',(-1.01249999945877,4.34999999999553,2.20910800763363E-9));
#13837=CARTESIAN_POINT('Origin',(-1.01249999945877,4.34999999999553,2.20910800763363E-9));
#13838=CARTESIAN_POINT('',(-1.01249999945843,4.72999999999984,0.030000002209108));
#13839=CARTESIAN_POINT('',(-1.01249999946079,2.10071028217805,0.030000002209108));
#13840=CARTESIAN_POINT('',(-1.01249999945842,4.72999999999984,0.500000002209108));
#13841=CARTESIAN_POINT('',(-1.01249999945843,4.72999999999984,2.20910800763363E-9));
#13842=CARTESIAN_POINT('',(-1.01249999945871,4.41757553864151,0.500000000000038));
#13843=CARTESIAN_POINT('Origin',(-1.01249999945843,4.72999999999984,2.20910800763363E-9));
#13844=CARTESIAN_POINT('',(1.76250000053405,4.72999999999882,0.500000002209108));
#13845=CARTESIAN_POINT('',(-0.277059791185357,4.72999999999957,0.500000000000038));
#13846=CARTESIAN_POINT('',(1.76250000053405,4.72999999999882,0.030000002209108));
#13847=CARTESIAN_POINT('',(-0.663780440121613,4.72999999999971,0.030000002209108));
#13848=CARTESIAN_POINT('',(1.76250000053405,4.72999999999882,2.20910800763363E-9));
#13849=CARTESIAN_POINT('Origin',(1.76250000053405,4.72999999999882,2.20910800763363E-9));
#13850=CARTESIAN_POINT('',(1.76250000053405,4.6075755386425,0.500000000000038));
#13851=CARTESIAN_POINT('',(1.76250000053404,-4.73000000000293,0.030000002209108));
#13852=CARTESIAN_POINT('',(1.76250000053405,2.29071028217938,0.030000002209108));
#13853=CARTESIAN_POINT('',(1.76250000053404,-4.73000000000293,0.500000002209108));
#13854=CARTESIAN_POINT('',(1.76250000053404,-4.73000000000293,2.20910800763363E-9));
#13855=CARTESIAN_POINT('',(1.76250000053405,0.122424461356314,0.500000000000038));
#13856=CARTESIAN_POINT('Origin',(1.76250000053404,-4.73000000000293,2.20910800763363E-9));
#13857=CARTESIAN_POINT('',(-1.01249999945843,-4.73000000000292,0.500000002209108));
#13858=CARTESIAN_POINT('',(1.11044020881083,-4.73000000000293,0.500000000000038));
#13859=CARTESIAN_POINT('',(-1.01249999945843,-4.73000000000292,0.030000002209108));
#13860=CARTESIAN_POINT('',(0.723719559873718,-4.73000000000292,0.030000002209108));
#13861=CARTESIAN_POINT('',(-1.01249999945843,-4.73000000000292,2.20910800763363E-9));
#13862=CARTESIAN_POINT('Origin',(-1.01249999945843,-4.73000000000292,2.20910800763363E-9));
#13863=CARTESIAN_POINT('',(-1.01249999945843,-4.60757553864456,0.500000000000038));
#13864=CARTESIAN_POINT('',(-1.01249999945843,-4.34999999999429,0.030000002209108));
#13865=CARTESIAN_POINT('',(-1.01249999945843,-2.43928971782149,0.030000002209108));
#13866=CARTESIAN_POINT('',(-1.01249999945843,-4.34999999999429,2.20910800763363E-9));
#13867=CARTESIAN_POINT('Origin',(-3.18749999945873,-2.50000000000188,2.20910800763363E-9));
#13868=CARTESIAN_POINT('',(-3.18749999945873,-2.50000000000188,0.030000002209108));
#13869=CARTESIAN_POINT('',(-3.18749999945873,-2.50000000000188,2.20910800763363E-9));
#13870=CARTESIAN_POINT('',(-3.28749999945875,-2.50000000000188,0.030000002209108));
#13871=CARTESIAN_POINT('',(-1.75128044012267,-2.50000000000188,0.030000002209108));
#13872=CARTESIAN_POINT('',(-3.28749999945875,-2.50000000000188,2.20910800763363E-9));
#13873=CARTESIAN_POINT('Origin',(-3.28749999945875,-2.50000000000188,2.20910800763363E-9));
#13874=CARTESIAN_POINT('',(-3.2874999994583,-1.3242897178204,0.030000002209108));
#13875=CARTESIAN_POINT('Origin',(-4.33749999944187,3.94999999999578,2.20910800763363E-9));
#13876=CARTESIAN_POINT('',(-4.33749999944187,3.94999999999578,0.0200000000000383));
#13877=CARTESIAN_POINT('',(-4.3374999994418,4.21757553864166,0.0200000000000383));
#13878=CARTESIAN_POINT('',(-4.33749999944187,3.94999999999578,0.030000002209108));
#13879=CARTESIAN_POINT('',(-4.33749999944187,3.94999999999578,2.20910800763363E-9));
#13880=CARTESIAN_POINT('',(-4.33749999944187,3.94999999999578,0.030000002209108));
#13881=CARTESIAN_POINT('Origin',(-4.33749999944188,-2.70000000000301,2.20910800763363E-9));
#13882=CARTESIAN_POINT('',(-4.33749999944188,-1.90000000000299,0.0200000000000383));
#13883=CARTESIAN_POINT('',(-4.33749999944188,0.89257553864159,0.0200000000000383));
#13884=CARTESIAN_POINT('',(-4.33749999944188,-1.90000000000299,0.030000002209108));
#13885=CARTESIAN_POINT('',(-4.33749999944188,-2.70000000000301,0.030000002209108));
#13886=CARTESIAN_POINT('',(-4.33749999944188,-1.90000000000299,2.20910800763363E-9));
#13887=CARTESIAN_POINT('Origin',(-4.33749999944188,-1.90000000000299,2.20910800763363E-9));
#13888=CARTESIAN_POINT('',(-2.88749999945877,-1.9000000000014,0.0200000000000383));
#13889=CARTESIAN_POINT('',(-1.93955979117363,-1.90000000000036,0.0200000000000383));
#13890=CARTESIAN_POINT('',(-2.88749999945877,-1.9000000000014,0.030000002209108));
#13891=CARTESIAN_POINT('',(-4.33749999944188,-1.90000000000299,0.030000002209108));
#13892=CARTESIAN_POINT('',(-2.88749999945877,-1.9000000000014,2.20910800763363E-9));
#13893=CARTESIAN_POINT('Origin',(-2.88749999945877,-1.9000000000014,2.20910800763363E-9));
#13894=CARTESIAN_POINT('',(-2.88749999945855,-3.9499999999959,0.0200000000000383));
#13895=CARTESIAN_POINT('',(-2.88749999945912,1.2925755386422,0.0200000000000383));
#13896=CARTESIAN_POINT('',(-2.88749999945855,-3.9499999999959,0.030000002209108));
#13897=CARTESIAN_POINT('',(-2.88749999945877,-1.9000000000014,0.030000002209108));
#13898=CARTESIAN_POINT('',(-2.88749999945855,-3.9499999999959,2.20910800763363E-9));
#13899=CARTESIAN_POINT('Origin',(-2.88749999945855,-3.9499999999959,2.20910800763363E-9));
#13900=CARTESIAN_POINT('',(-0.712499999459727,-3.94999999999397,0.0200000000000383));
#13901=CARTESIAN_POINT('',(-1.21455979118172,-3.94999999999442,0.0200000000000383));
#13902=CARTESIAN_POINT('',(-0.712499999459727,-3.94999999999397,0.030000002209108));
#13903=CARTESIAN_POINT('',(-2.88749999945855,-3.9499999999959,0.030000002209108));
#13904=CARTESIAN_POINT('',(-0.712499999459727,-3.94999999999397,2.20910800763363E-9));
#13905=CARTESIAN_POINT('Origin',(-0.712499999459727,-3.94999999999397,2.20910800763363E-9));
#13906=CARTESIAN_POINT('',(-0.712499999459727,-4.42999999999785,0.0200000000000383));
#13907=CARTESIAN_POINT('',(-0.712499999459724,0.267575538646106,0.0200000000000383));
#13908=CARTESIAN_POINT('',(-0.712499999459727,-4.42999999999785,0.030000002209108));
#13909=CARTESIAN_POINT('',(-0.712499999459727,-3.94999999999397,0.030000002209108));
#13910=CARTESIAN_POINT('',(-0.712499999459727,-4.42999999999785,2.20910800763363E-9));
#13911=CARTESIAN_POINT('Origin',(-0.712499999459727,-4.42999999999785,2.20910800763363E-9));
#13912=CARTESIAN_POINT('',(1.46250000053272,-4.42999999999865,0.0200000000000383));
#13913=CARTESIAN_POINT('',(-0.127059791187687,-4.42999999999807,0.0200000000000383));
#13914=CARTESIAN_POINT('',(1.46250000053272,-4.42999999999865,0.030000002209108));
#13915=CARTESIAN_POINT('',(-0.712499999459727,-4.42999999999785,0.030000002209108));
#13916=CARTESIAN_POINT('',(1.46250000053272,-4.42999999999865,2.20910800763363E-9));
#13917=CARTESIAN_POINT('Origin',(1.46250000053272,-4.42999999999865,2.20910800763363E-9));
#13918=CARTESIAN_POINT('',(1.46250000053409,4.42999999999989,0.0200000000000383));
#13919=CARTESIAN_POINT('',(1.46250000053341,0.0275755386436877,0.0200000000000383));
#13920=CARTESIAN_POINT('',(1.46250000053409,4.42999999999989,0.030000002209108));
#13921=CARTESIAN_POINT('',(1.46250000053272,-4.42999999999865,0.030000002209108));
#13922=CARTESIAN_POINT('',(1.46250000053409,4.42999999999989,2.20910800763363E-9));
#13923=CARTESIAN_POINT('Origin',(1.46250000053409,4.42999999999989,2.20910800763363E-9));
#13924=CARTESIAN_POINT('',(-0.712499999458357,4.42999999999989,0.0200000000000383));
#13925=CARTESIAN_POINT('',(0.960440208810857,4.42999999999989,0.0200000000000383));
#13926=CARTESIAN_POINT('',(-0.712499999458357,4.42999999999989,0.030000002209108));
#13927=CARTESIAN_POINT('',(1.46250000053409,4.42999999999989,0.030000002209108));
#13928=CARTESIAN_POINT('',(-0.712499999458357,4.42999999999989,2.20910800763363E-9));
#13929=CARTESIAN_POINT('Origin',(-0.712499999458357,4.42999999999989,2.20910800763363E-9));
#13930=CARTESIAN_POINT('',(-0.712499999458358,3.94999999999555,0.0200000000000383));
#13931=CARTESIAN_POINT('',(-0.712499999458357,4.45757553864303,0.0200000000000383));
#13932=CARTESIAN_POINT('',(-0.712499999458358,3.94999999999555,0.030000002209108));
#13933=CARTESIAN_POINT('',(-0.712499999458357,4.42999999999989,0.030000002209108));
#13934=CARTESIAN_POINT('',(-0.712499999458358,3.94999999999555,2.20910800763363E-9));
#13935=CARTESIAN_POINT('Origin',(-0.712499999458358,3.94999999999555,2.20910800763363E-9));
#13936=CARTESIAN_POINT('',(-0.127059791185385,3.94999999999551,0.0200000000000383));
#13937=CARTESIAN_POINT('',(-0.712499999458358,3.94999999999555,0.030000002209108));
#13938=CARTESIAN_POINT('Origin',(-0.315060880786603,-0.148579435640047,
0.030000002209108));
#13939=CARTESIAN_POINT('',(-1.31249999944929,-4.2499999999962,0.030000002209108));
#13940=CARTESIAN_POINT('',(-0.81378044011252,-4.24999999999488,0.030000002209108));
#13941=CARTESIAN_POINT('',(-1.31249999944929,-4.34999999999452,0.030000002209108));
#13942=CARTESIAN_POINT('',(-1.31249999944929,-2.24928971781728,0.030000002209108));
#13943=CARTESIAN_POINT('',(-0.663780440120926,-4.34999999999402,0.030000002209108));
#13944=CARTESIAN_POINT('',(-3.18749999945874,-2.24928971781816,0.030000002209108));
#13945=CARTESIAN_POINT('Origin',(-1.01249999945843,-4.34999999999429,2.20910800763363E-9));
#13946=CARTESIAN_POINT('',(-1.31249999944929,-4.34999999999452,2.20910800763363E-9));
#13947=CARTESIAN_POINT('Origin',(-1.31249999944929,-4.34999999999452,2.20910800763363E-9));
#13948=CARTESIAN_POINT('',(-1.31249999944929,-4.2499999999962,2.20910800763363E-9));
#13949=CARTESIAN_POINT('Origin',(-1.31249999944929,-4.2499999999962,2.20910800763363E-9));
#13950=CARTESIAN_POINT('Origin',(-3.18749999945861,-4.3499999999961,2.20910800763363E-9));
#13951=CARTESIAN_POINT('Origin',(5.18750000054969,-4.25000000000109,2.20910800763363E-9));
#13952=CARTESIAN_POINT('',(4.85750000054248,-4.25000000000109,0.0200000000000383));
#13953=CARTESIAN_POINT('',(5.13750000055937,-4.25000000000109,0.0199999999999614));
#13954=CARTESIAN_POINT('',(2.82294020881865,-4.25000000000109,0.0200000000000383));
#13955=CARTESIAN_POINT('',(4.85750000054248,-4.25000000000109,0.030000002209108));
#13956=CARTESIAN_POINT('',(4.85750000054248,-4.25000000000109,2.20910800763363E-9));
#13957=CARTESIAN_POINT('',(4.66250000054255,-4.25000000000109,0.030000002209108));
#13958=CARTESIAN_POINT('',(4.75120917670691,-4.25000000000109,0.030000002209108));
#13959=CARTESIAN_POINT('',(4.66250000054255,-4.25000000000109,0.500000002209108));
#13960=CARTESIAN_POINT('',(4.66250000054255,-4.25000000000109,2.20910800763363E-9));
#13961=CARTESIAN_POINT('',(5.13750000055937,-4.25000000000109,0.500000002209108));
#13962=CARTESIAN_POINT('',(5.20940520298873,-4.25000000000109,0.500000002209108));
#13963=CARTESIAN_POINT('',(5.13750000055937,-4.25000000000109,0.250000001104572));
#13964=CARTESIAN_POINT('Origin',(4.85750000054248,-1.1250370112318E-12,
0.015000002209108));
#13965=CARTESIAN_POINT('',(4.85750000054248,4.24999999999884,0.0200000000000383));
#13966=CARTESIAN_POINT('',(4.85750000054248,2.24257553864253,0.0200000000000383));
#13967=CARTESIAN_POINT('',(4.85750000054248,4.24999999999884,0.030000002209108));
#13968=CARTESIAN_POINT('',(4.85750000054248,4.24999999999884,0.030000002209108));
#13969=CARTESIAN_POINT('',(4.85750000054248,-0.0311282342547932,0.030000002209108));
#13970=CARTESIAN_POINT('Origin',(4.31491835286413,-0.0622564685084612,0.030000002209108));
#13971=CARTESIAN_POINT('',(4.66250000054255,4.2499999999988,0.030000002209108));
#13972=CARTESIAN_POINT('',(4.48870917670288,4.24999999999876,0.030000002209108));
#13973=CARTESIAN_POINT('',(4.66250000054255,-2.15612823425478,0.030000002209108));
#13974=CARTESIAN_POINT('Origin',(5.23131040542778,-1.37746279671296E-12,
0.500000002209108));
#13975=CARTESIAN_POINT('',(5.13750000055938,4.2499999999989,0.500000002209108));
#13976=CARTESIAN_POINT('',(5.13750000055938,4.94999999999999,0.500000000000036));
#13977=CARTESIAN_POINT('',(4.66250000054255,4.24999999999879,0.500000002209108));
#13978=CARTESIAN_POINT('',(4.66250000054255,-2.12500000000123,0.500000002209108));
#13979=CARTESIAN_POINT('',(4.94690520298471,4.24999999999886,0.500000002209108));
#13980=CARTESIAN_POINT('Origin',(4.66250000054255,-4.25000000000109,2.20910800763363E-9));
#13981=CARTESIAN_POINT('',(4.66250000054255,4.2499999999988,2.20910800763363E-9));
#13982=CARTESIAN_POINT('Origin',(4.66250000054255,4.2499999999988,2.20910800763363E-9));
#13983=CARTESIAN_POINT('',(5.13750000055938,4.2499999999989,0.0199999999999614));
#13984=CARTESIAN_POINT('',(2.56044020881511,4.24999999999834,0.0200000000000383));
#13985=CARTESIAN_POINT('',(5.13750000055938,4.2499999999989,0.250000001104572));
#13986=CARTESIAN_POINT('Origin',(-5.23749999944062,4.95000000000001,0.0199999999999614));
#13987=CARTESIAN_POINT('',(-5.23749999944062,4.95000000000001,0.0199999999999614));
#13988=CARTESIAN_POINT('',(-5.23749999944062,4.95000000000001,0.500000000000036));
#13989=CARTESIAN_POINT('Origin',(-5.23749999944062,4.95000000000001,0.0199999999999614));
#13990=CARTESIAN_POINT('',(-5.23749999944062,4.95000000000001,0.0199999999999614));
#13991=CARTESIAN_POINT('',(-5.23749999944062,4.95000000000001,0.500000000000036));
#13992=CARTESIAN_POINT('Origin',(-5.23749999944062,4.95000000000001,0.0199999999999614));
#13993=CARTESIAN_POINT('',(-5.23749999944062,4.85000000000001,0.500000000000036));
#13994=CARTESIAN_POINT('',(-5.23749999944062,4.95000000000001,0.500000000000036));
#13995=CARTESIAN_POINT('',(-5.23749999944062,4.85000000000001,0.0199999999999614));
#13996=CARTESIAN_POINT('',(-5.23749999944062,4.85000000000001,0.575638990182758));
#13997=CARTESIAN_POINT('',(-5.23749999944062,4.95000000000001,0.0199999999999614));
#13998=CARTESIAN_POINT('Origin',(-5.23749999944062,4.95000000000001,0.0199999999999614));
#13999=CARTESIAN_POINT('',(-5.23749999944062,4.95000000000001,0.0199999999999614));
#14000=CARTESIAN_POINT('',(-5.23749999944062,4.95000000000001,0.500000000000036));
#14001=CARTESIAN_POINT('Origin',(-5.23749999944062,4.95000000000001,0.0199999999999614));
#14002=CARTESIAN_POINT('',(-5.23749999944062,4.95000000000001,0.500000000000036));
#14003=CARTESIAN_POINT('',(-5.23749999944062,4.95000000000001,0.0199999999999614));
#14004=CARTESIAN_POINT('Origin',(-5.23749999944062,4.95000000000001,0.0199999999999614));
#14005=CARTESIAN_POINT('',(-5.23749999944062,4.95000000000001,0.0199999999999614));
#14006=CARTESIAN_POINT('',(-5.23749999944062,4.95000000000001,0.500000000000036));
#14007=CARTESIAN_POINT('Origin',(-5.23749999944062,4.95000000000001,0.0199999999999614));
#14008=CARTESIAN_POINT('',(-5.23749999944063,-4.84999999999999,0.0199999999999614));
#14009=CARTESIAN_POINT('',(-5.23749999944062,4.95000000000001,0.0199999999999614));
#14010=CARTESIAN_POINT('',(-5.23749999944063,-4.84999999999999,0.500000000000036));
#14011=CARTESIAN_POINT('',(-5.23749999944063,-4.84999999999999,0.575638990182758));
#14012=CARTESIAN_POINT('',(-5.23749999944062,4.95000000000001,0.500000000000036));
#14013=CARTESIAN_POINT('Origin',(-5.23749999944062,4.95000000000001,0.0199999999999614));
#14014=CARTESIAN_POINT('',(-5.23749999944062,4.95000000000001,0.0199999999999614));
#14015=CARTESIAN_POINT('',(-5.23749999944062,4.95000000000001,0.500000000000036));
#14016=CARTESIAN_POINT('Origin',(-5.23749999944062,4.95000000000001,0.0199999999999614));
#14017=CARTESIAN_POINT('',(-5.23749999944062,4.95000000000001,0.500000000000036));
#14018=CARTESIAN_POINT('',(-5.23749999944062,4.95000000000001,0.0199999999999614));
#14019=CARTESIAN_POINT('Origin',(0.458380417087621,4.48515107728618,0.0200000000000383));
#14020=CARTESIAN_POINT('Origin',(0.458380417087621,4.48515107728618,0.0200000000000383));
#14021=CARTESIAN_POINT('Origin',(0.458380417087621,4.48515107728618,0.0200000000000383));
#14022=CARTESIAN_POINT('Origin',(0.458380417087621,4.48515107728618,0.0200000000000383));
#14023=CARTESIAN_POINT('Origin',(0.458380417087621,4.48515107728618,0.0200000000000383));
#14024=CARTESIAN_POINT('Origin',(5.13750000055938,4.94999999999999,0.500000000000036));
#14025=CARTESIAN_POINT('',(5.13750000055938,4.85,0.0199999999999614));
#14026=CARTESIAN_POINT('',(5.13750000055938,4.94999999999999,0.0199999999999614));
#14027=CARTESIAN_POINT('',(5.13750000055938,4.85,0.500000000000036));
#14028=CARTESIAN_POINT('',(5.13750000055938,4.85,0.815638990182796));
#14029=CARTESIAN_POINT('',(5.13750000055938,4.94999999999999,0.500000000000036));
#14030=CARTESIAN_POINT('Origin',(5.13750000055938,4.94999999999999,0.500000000000036));
#14031=CARTESIAN_POINT('',(5.13750000055937,-4.85000000000001,0.500000000000036));
#14032=CARTESIAN_POINT('',(5.13750000055938,4.94999999999999,0.500000000000036));
#14033=CARTESIAN_POINT('',(5.13750000055937,-4.85000000000001,0.0199999999999614));
#14034=CARTESIAN_POINT('',(5.13750000055937,-4.85000000000001,0.815638990182796));
#14035=CARTESIAN_POINT('',(5.13750000055938,4.94999999999999,0.0199999999999614));
#14036=CARTESIAN_POINT('Origin',(0.582500000559377,2.84494650060196E-16,
2.25));
#14037=CARTESIAN_POINT('',(2.03250000055938,1.0692086418383E-16,2.2));
#14038=CARTESIAN_POINT('Origin',(0.582500000559377,2.84494650060196E-16,
2.2));
#14039=CARTESIAN_POINT('',(2.08250000055938,4.68191669932299E-16,2.25));
#14040=CARTESIAN_POINT('Origin',(0.582500000559377,2.84494650060196E-16,
2.25));
#14041=CARTESIAN_POINT('Origin',(0.582500000559377,2.84494650060196E-16,
2.3));
#14042=CARTESIAN_POINT('',(2.08250000055938,4.68191669932299E-16,2.3));
#14043=CARTESIAN_POINT('Origin',(0.582500000559377,2.84494650060196E-16,
2.29999999999999));
#14044=CARTESIAN_POINT('Origin',(0.582500000559377,2.20117134396168E-16,
2.2));
#14045=CARTESIAN_POINT('Origin',(0.458380417087617,-4.48515107728619,0.500000000000038));
#14046=CARTESIAN_POINT('',(-1.06748863064729,-4.7469615458759,0.500000000000038));
#14047=CARTESIAN_POINT('Origin',(-0.864403308270136,-4.75308531765061,0.500000000000038));
#14048=CARTESIAN_POINT('',(-1.06748863064728,-4.85,0.49999999999998));
#14049=CARTESIAN_POINT('',(-1.06748863064729,-4.81757553864307,0.500000000000038));
#14050=CARTESIAN_POINT('',(-1.16748863064728,-4.95,0.500000000000038));
#14051=CARTESIAN_POINT('Origin',(-1.16748863064728,-4.85,0.500000000000038));
#14052=CARTESIAN_POINT('',(2.33251136935253,-4.95,0.500000000000038));
#14053=CARTESIAN_POINT('',(-1.80487293144947,-4.95,0.500000000000038));
#14054=CARTESIAN_POINT('',(2.23251136935253,-4.85,0.49999999999998));
#14055=CARTESIAN_POINT('Origin',(2.33251136935253,-4.85,0.500000000000038));
#14056=CARTESIAN_POINT('',(2.23251136935254,-4.74696154587591,0.500000000000038));
#14057=CARTESIAN_POINT('',(2.23251136935253,-4.87065285749996,0.49999999999998));
#14058=CARTESIAN_POINT('',(2.0355498187501,-4.54999999527346,0.500000000000038));
#14059=CARTESIAN_POINT('Origin',(2.02942604697539,-4.75308531765061,0.500000000000038));
#14060=CARTESIAN_POINT('',(-0.563248389417494,-4.54999999527346,0.500000000000038));
#14061=CARTESIAN_POINT('Origin',(2.28476253663865,-4.49774882798734,1.94808519171192));
#14062=CARTESIAN_POINT('',(2.53532912244436,-4.44414379278408,2.21736481776669));
#14063=CARTESIAN_POINT('',(2.48172408724109,-4.49774882798735,1.91335555617853));
#14064=CARTESIAN_POINT('',(2.33836757184192,-4.24718224218164,2.21736481776669));
#14065=CARTESIAN_POINT('Origin',(2.32918191417985,-4.45332945044615,2.19999999999999));
#14066=CARTESIAN_POINT('',(2.28476253663865,-4.3007872773849,1.91335555617853));
#14067=CARTESIAN_POINT('Origin',(2.54989993462785,-5.14999999999996,2.29999999999998));
#14068=CARTESIAN_POINT('',(2.23252273814593,-4.85150785590539,0.500064475631329));
#14069=CARTESIAN_POINT('Origin',(2.33251136935253,-4.85,1.06712818196159));
#14070=CARTESIAN_POINT('',(2.53532912244436,-4.54870147160696,2.21736481776669));
#14071=CARTESIAN_POINT('',(2.42531578093819,-4.65871481311313,1.59344815416753));
#14072=CARTESIAN_POINT('',(2.53532912244437,-0.0999999999999837,2.21736481776669));
#14073=CARTESIAN_POINT('Origin',(2.33251136935253,-4.85,0.815638990182767));
#14074=CARTESIAN_POINT('',(2.33100351344716,-4.9499886312066,0.500064475631371));
#14075=CARTESIAN_POINT('Origin',(2.33251136935253,-4.85,1.06712818196164));
#14076=CARTESIAN_POINT('Origin',(2.33251136935253,-4.85,0.491251133647389));
#14077=CARTESIAN_POINT('Origin',(-0.00999999944066244,-4.95,1.13127798036555));
#14078=CARTESIAN_POINT('',(5.03750000055937,-4.95000000000001,0.0199999999999614));
#14079=CARTESIAN_POINT('',(-5.13749999944063,-4.94999999999999,0.0199999999999614));
#14080=CARTESIAN_POINT('',(-5.23749999944063,-4.94999999999999,0.0199999999999614));
#14081=CARTESIAN_POINT('',(5.03750000055937,-4.95000000000001,0.500000000000038));
#14082=CARTESIAN_POINT('',(5.03750000055937,-4.95000000000001,0.815638990182796));
#14083=CARTESIAN_POINT('',(2.63375000055935,-4.95,0.500000000000038));
#14084=CARTESIAN_POINT('',(-5.13749999944063,-4.94999999999999,0.500000000000038));
#14085=CARTESIAN_POINT('',(2.59375000055935,-4.95,0.500000000000038));
#14086=CARTESIAN_POINT('',(-5.13749999944063,-4.94999999999999,0.575638990182758));
#14087=CARTESIAN_POINT('Origin',(0.458380417087621,4.48515107728618,0.0200000000000383));
#14088=CARTESIAN_POINT('',(-5.13749999944062,4.95000000000001,0.0199999999999614));
#14089=CARTESIAN_POINT('Origin',(-5.13749999944062,4.85000000000001,0.0199999999999614));
#14090=CARTESIAN_POINT('',(5.03750000055938,4.94999999999999,0.0199999999999614));
#14091=CARTESIAN_POINT('',(-5.23749999944062,4.95000000000001,0.0199999999999614));
#14092=CARTESIAN_POINT('Origin',(5.03750000055938,4.85,0.0199999999999614));
#14093=CARTESIAN_POINT('Origin',(5.03750000055937,-4.85000000000001,0.0199999999999614));
#14094=CARTESIAN_POINT('Origin',(-5.13749999944063,-4.85,0.0199999999999614));
#14095=CARTESIAN_POINT('Origin',(-0.918998494530053,4.6984901313925,0.80962468727454));
#14096=CARTESIAN_POINT('',(-1.06748863064727,4.74696154587772,0.500000000000038));
#14097=CARTESIAN_POINT('Origin',(-0.864403308270122,4.75308531765243,0.500000000000038));
#14098=CARTESIAN_POINT('',(-1.3703063837391,4.4441437927859,2.21736481776669));
#14099=CARTESIAN_POINT('',(-1.11596004513249,4.6984901313925,0.774895051741144));
#14100=CARTESIAN_POINT('',(-1.17334483313666,4.24718224218346,2.21736481776669));
#14101=CARTESIAN_POINT('Origin',(-1.16415917547459,4.45332945044796,2.19999999999999));
#14102=CARTESIAN_POINT('',(-0.918998494530054,4.50152858079006,0.774895051741144));
#14103=CARTESIAN_POINT('Origin',(-0.806885494986908,4.03261142999996,-0.977953825405539));
#14104=CARTESIAN_POINT('',(-1.06748863064726,4.85,0.49999999999998));
#14105=CARTESIAN_POINT('',(-1.06748863064727,4.25888125364307,0.500000000000038));
#14106=CARTESIAN_POINT('',(-1.06749999944067,4.85150785590539,0.500064475631326));
#14107=CARTESIAN_POINT('Origin',(-1.16748863064726,4.85,1.06712818196159));
#14108=CARTESIAN_POINT('',(-1.3703063837391,4.54870147160696,2.21736481776669));
#14109=CARTESIAN_POINT('',(-1.13921932566298,4.77978852968307,0.906804986551066));
#14110=CARTESIAN_POINT('',(-1.3703063837391,4.49130571499998,2.21736481776669));
#14111=CARTESIAN_POINT('Origin',(-1.16748863064726,4.85,0.815638990182767));
#14112=CARTESIAN_POINT('',(-1.16748863064726,4.95,0.500000000000038));
#14113=CARTESIAN_POINT('Origin',(-1.16748863064726,4.85,0.500000000000038));
#14114=CARTESIAN_POINT('',(-1.1659807747419,4.9499886312066,0.500064475631371));
#14115=CARTESIAN_POINT('Origin',(-1.16748863064726,4.85,1.06712818196164));
#14116=CARTESIAN_POINT('Origin',(-1.16748863064726,4.85,0.491251133647384));
#14117=CARTESIAN_POINT('Origin',(0.158694283196939,4.54870147160696,2.19999999999999));
#14118=CARTESIAN_POINT('',(-1.46878715904032,4.64718224690818,2.21736481776669));
#14119=CARTESIAN_POINT('',(-4.83620147104777,4.64718224690818,2.21736481776669));
#14120=CARTESIAN_POINT('',(0.158694283196939,4.64718224690818,2.21736481776669));
#14121=CARTESIAN_POINT('',(-4.83620147104777,4.54870147160696,2.29999999999999));
#14122=CARTESIAN_POINT('Origin',(-4.83620147104777,4.54870147160696,2.19999999999999));
#14123=CARTESIAN_POINT('',(-1.46878715904032,4.54870147160696,2.29999999999999));
#14124=CARTESIAN_POINT('',(0.198694283196939,4.54870147160696,2.29999999999999));
#14125=CARTESIAN_POINT('',(-1.41020087302984,4.60728775761743,2.2810410210418));
#14126=CARTESIAN_POINT('Origin',(-1.46878715904032,4.54870147160696,2.19999999999999));
#14127=CARTESIAN_POINT('Origin',(-1.46878715904032,4.54870147160696,2.19999999999999));
#14128=CARTESIAN_POINT('Origin',(5.23750000055938,4.37200829906431,3.77795382540556));
#14129=CARTESIAN_POINT('',(-5.13749999944062,4.95000000000001,0.500000000000038));
#14130=CARTESIAN_POINT('',(-1.80487293144946,4.95,0.500000000000038));
#14131=CARTESIAN_POINT('',(-5.13900785534599,4.9499886312066,0.500064475631378));
#14132=CARTESIAN_POINT('Origin',(-5.13749999944062,4.85000000000001,1.06712818196164));
#14133=CARTESIAN_POINT('',(-4.7080580524883,4.51903882834863,2.94410225774695));
#14134=CARTESIAN_POINT('',(-1.2377001009642,4.87826930498429,0.906804986551066));
#14135=CARTESIAN_POINT('Origin',(5.03750000055938,4.85,0.815638990182796));
#14136=CARTESIAN_POINT('',(5.13748863176598,4.85150785590537,0.500064475631378));
#14137=CARTESIAN_POINT('Origin',(5.03750000055938,4.85,1.06712818196171));
#14138=CARTESIAN_POINT('',(5.03750000055938,4.94999999999999,0.500000000000038));
#14139=CARTESIAN_POINT('',(5.03750000055938,4.94999999999999,0.815638990182796));
#14140=CARTESIAN_POINT('',(5.03900785646476,4.94998863120659,0.500064475631378));
#14141=CARTESIAN_POINT('Origin',(5.03750000055938,4.85,1.06712818196164));
#14142=CARTESIAN_POINT('Origin',(5.03750000055938,4.85,0.491251133647434));
#14143=CARTESIAN_POINT('Origin',(4.8201114352841,4.94999999999999,2.29999999999999));
#14144=CARTESIAN_POINT('',(4.8346822474676,4.54870147160695,2.21736481776669));
#14145=CARTESIAN_POINT('',(4.70726042139187,4.42127964553121,2.94000990341231));
#14146=CARTESIAN_POINT('',(4.83468224746759,-4.54870147160696,2.21736481776669));
#14147=CARTESIAN_POINT('',(4.8346822474676,4.94999999999999,2.21736481776669));
#14148=CARTESIAN_POINT('',(5.13748863176597,-4.85150785590538,0.50006447563138));
#14149=CARTESIAN_POINT('',(4.84290531430698,-4.55692453844636,2.17072948829893));
#14150=CARTESIAN_POINT('Origin',(5.03750000055937,-4.85000000000001,1.06712818196171));
#14151=CARTESIAN_POINT('Origin',(4.60877964609065,4.42127964553121,2.92264508564562));
#14152=CARTESIAN_POINT('',(4.73620147216638,4.64718224690817,2.21736481776669));
#14153=CARTESIAN_POINT('',(4.60877964609065,4.51976042083243,2.94000990341231));
#14154=CARTESIAN_POINT('Origin',(4.73620147216638,4.54870147160695,2.19999999999999));
#14155=CARTESIAN_POINT('Origin',(5.03750000055937,-4.85000000000001,0.815638990182796));
#14156=CARTESIAN_POINT('',(5.03900785646475,-4.9499886312066,0.50006447563138));
#14157=CARTESIAN_POINT('Origin',(5.03750000055937,-4.85000000000001,0.491251133647438));
#14158=CARTESIAN_POINT('Origin',(5.03750000055937,-4.85000000000001,1.06712818196164));
#14159=CARTESIAN_POINT('Origin',(4.74442453900576,-4.55692453844636,2.15336467053223));
#14160=CARTESIAN_POINT('',(4.73620147216637,-4.64718224690818,2.21736481776669));
#14161=CARTESIAN_POINT('Origin',(4.73620147216637,-4.54870147160696,2.19999999999999));
#14162=CARTESIAN_POINT('',(4.74442453900576,-4.65540531374758,2.17072948829893));
#14163=CARTESIAN_POINT('Origin',(-5.13749999944063,-4.85,0.575638990182758));
#14164=CARTESIAN_POINT('',(-5.23748863064722,-4.85150785590537,0.500064475631379));
#14165=CARTESIAN_POINT('Origin',(-5.13749999944063,-4.85,1.06712818196202));
#14166=CARTESIAN_POINT('',(-5.139007855346,-4.94998863120659,0.500064475631378));
#14167=CARTESIAN_POINT('Origin',(-5.13749999944063,-4.85,1.06712818196164));
#14168=CARTESIAN_POINT('Origin',(-5.13749999944063,-4.85,0.491251133647445));
#14169=CARTESIAN_POINT('Origin',(-5.23749999944062,4.95000000000001,0.500000000000036));
#14170=CARTESIAN_POINT('',(-4.93468224634901,-4.54870147160695,2.21736481776668));
#14171=CARTESIAN_POINT('',(-4.94218372070459,-4.55620294596254,2.17482184263353));
#14172=CARTESIAN_POINT('',(-4.93468224634899,4.54870147160696,2.21736481776668));
#14173=CARTESIAN_POINT('',(-4.93468224634899,4.95000000000001,2.21736481776668));
#14174=CARTESIAN_POINT('',(-5.23748863064721,4.85150785590538,0.500064475631377));
#14175=CARTESIAN_POINT('',(-4.80653882778952,4.42055805304741,2.94410225774694));
#14176=CARTESIAN_POINT('Origin',(-5.13749999944062,4.85000000000001,1.06712818196202));
#14177=CARTESIAN_POINT('Origin',(-4.84370294540336,-4.55620294596254,2.15745702486684));
#14178=CARTESIAN_POINT('',(-4.83620147104778,-4.64718224690817,2.21736481776669));
#14179=CARTESIAN_POINT('',(-4.84370294540336,-4.65468372126376,2.17482184263354));
#14180=CARTESIAN_POINT('Origin',(-4.83620147104778,-4.54870147160695,2.19999999999999));
#14181=CARTESIAN_POINT('Origin',(-5.13749999944062,4.85000000000001,0.575638990182758));
#14182=CARTESIAN_POINT('Origin',(-5.13749999944062,4.85000000000001,0.491251133647441));
#14183=CARTESIAN_POINT('',(-5.13749999944062,4.95000000000001,0.575638990182758));
#14184=CARTESIAN_POINT('Origin',(-4.7080580524883,4.42055805304741,2.92673743998025));
#14185=CARTESIAN_POINT('Origin',(-4.83620147104777,4.54870147160696,2.19999999999999));
#14186=CARTESIAN_POINT('Origin',(-4.83620147104777,4.54870147160696,2.19999999999999));
#14187=CARTESIAN_POINT('Origin',(-4.83620147104777,4.54870147160696,2.19999999999999));
#14188=CARTESIAN_POINT('Origin',(-4.83620147104778,-4.54870147160695,2.19999999999999));
#14189=CARTESIAN_POINT('',(-4.83620147104778,-4.54870147160695,2.29999999999999));
#14190=CARTESIAN_POINT('Origin',(-4.83620147104778,-4.54870147160695,2.19999999999999));
#14191=CARTESIAN_POINT('Origin',(-4.83620147104778,-4.54870147160695,2.19999999999999));
#14192=CARTESIAN_POINT('Origin',(-4.83620147104777,4.95000000000001,2.19999999999999));
#14193=CARTESIAN_POINT('',(-4.83620147104777,4.95000000000001,2.29999999999999));
#14194=CARTESIAN_POINT('Origin',(4.73620147216637,-4.54870147160696,2.19999999999999));
#14195=CARTESIAN_POINT('',(4.73620147216637,-4.54870147160696,2.29999999999999));
#14196=CARTESIAN_POINT('Origin',(4.73620147216637,-4.54870147160696,2.19999999999999));
#14197=CARTESIAN_POINT('Origin',(4.73620147216637,-4.54870147160696,2.19999999999999));
#14198=CARTESIAN_POINT('Origin',(4.73620147216638,4.54870147160695,2.19999999999999));
#14199=CARTESIAN_POINT('',(4.73620147216638,4.54870147160695,2.29999999999999));
#14200=CARTESIAN_POINT('Origin',(4.73620147216638,4.54870147160695,2.19999999999999));
#14201=CARTESIAN_POINT('Origin',(4.73620147216638,4.54870147160695,2.19999999999999));
#14202=CARTESIAN_POINT('Origin',(4.73620147216638,4.94999999999999,2.19999999999999));
#14203=CARTESIAN_POINT('',(4.73620147216638,4.94999999999999,2.29999999999999));
#14204=CARTESIAN_POINT('Origin',(-1.5848771959226,-4.23261142999814,2.29999999999998));
#14205=CARTESIAN_POINT('',(-1.17334483313667,-4.24718224218164,2.21736481776669));
#14206=CARTESIAN_POINT('',(-3.23249431504406,-4.24718224218163,2.21736481776669));
#14207=CARTESIAN_POINT('',(-0.902644921053488,-4.51788215426482,0.682149327797671));
#14208=CARTESIAN_POINT('Origin',(-0.806885494986921,-5.14999999999996,-0.977953825405539));
#14209=CARTESIAN_POINT('',(-1.37030638373911,-4.44414379278408,2.21736481776669));
#14210=CARTESIAN_POINT('',(-1.09960647165593,-4.71484370486726,0.682149327797671));
#14211=CARTESIAN_POINT('',(-1.37030638373911,-4.54870147160695,2.21736481776669));
#14212=CARTESIAN_POINT('',(-1.3703063837391,-0.0999999999999782,2.21736481776669));
#14213=CARTESIAN_POINT('',(-1.06749999944068,-4.85150785590538,0.500064475631324));
#14214=CARTESIAN_POINT('',(-0.842329116358762,-5.0766787389873,-0.776943059898059));
#14215=CARTESIAN_POINT('Origin',(-1.16748863064728,-4.85,1.06712818196159));
#14216=CARTESIAN_POINT('Origin',(-0.902644921053489,-4.71484370486726,0.716878963331066));
#14217=CARTESIAN_POINT('Origin',(-1.1641591754746,-4.45332945044614,2.19999999999999));
#14218=CARTESIAN_POINT('Origin',(5.27750000055937,-4.95000000000001,0.500000000000036));
#14219=CARTESIAN_POINT('',(2.63380989774558,-4.64718224690818,2.21736481776669));
#14220=CARTESIAN_POINT('',(0.198694283196926,-4.64718224690818,2.21736481776669));
#14221=CARTESIAN_POINT('',(2.52379655623941,-4.75719558841435,1.59344815416753));
#14222=CARTESIAN_POINT('Origin',(-0.940809891659982,-5.0766787389873,-0.794307877664757));
#14223=CARTESIAN_POINT('',(-1.41020087302985,-4.60728775761743,2.2810410210418));
#14224=CARTESIAN_POINT('Origin',(-1.46878715904033,-4.54870147160695,2.19999999999999));
#14225=CARTESIAN_POINT('',(-1.46878715904033,-4.64718224690818,2.21736481776669));
#14226=CARTESIAN_POINT('Origin',(-1.46878715904033,-4.54870147160695,2.19999999999999));
#14227=CARTESIAN_POINT('',(-1.16598077474191,-4.94998863120659,0.500064475631385));
#14228=CARTESIAN_POINT('',(-0.940809891659983,-5.17515951428852,-0.776943059898059));
#14229=CARTESIAN_POINT('Origin',(-1.16748863064728,-4.85,0.491251133647384));
#14230=CARTESIAN_POINT('Origin',(-1.16748863064728,-4.85,0.815638990182767));
#14231=CARTESIAN_POINT('Origin',(-1.16748863064728,-4.85,1.06712818196165));
#14232=CARTESIAN_POINT('Origin',(2.52379655623941,-4.65871481311313,1.57608333640083));
#14233=CARTESIAN_POINT('',(2.5752236117351,-4.60728775761744,2.2810410210418));
#14234=CARTESIAN_POINT('Origin',(2.63380989774558,-4.54870147160696,2.19999999999999));
#14235=CARTESIAN_POINT('Origin',(2.63380989774558,-4.54870147160696,2.19999999999999));
#14236=CARTESIAN_POINT('Origin',(0.198694283196927,-4.54870147160696,2.19999999999999));
#14237=CARTESIAN_POINT('',(2.63380989774558,-4.54870147160696,2.29999999999999));
#14238=CARTESIAN_POINT('',(0.198694283196927,-4.54870147160696,2.29999999999999));
#14239=CARTESIAN_POINT('Origin',(2.63380989774558,-4.54870147160696,2.19999999999999));
#14240=CARTESIAN_POINT('Origin',(2.63380989774559,-0.0999999999999838,2.19999999999999));
#14241=CARTESIAN_POINT('',(2.63380989774558,-4.44414379278408,2.29999999999999));
#14242=CARTESIAN_POINT('',(2.63380989774559,-0.0999999999999838,2.29999999999999));
#14243=CARTESIAN_POINT('Origin',(2.63380989774558,-4.44414379278408,2.19999999999999));
#14244=CARTESIAN_POINT('Origin',(-1.46878715904032,-0.099999999999978,2.19999999999999));
#14245=CARTESIAN_POINT('',(-1.46878715904033,-4.44414379278408,2.29999999999999));
#14246=CARTESIAN_POINT('Origin',(-1.46878715904033,-4.44414379278408,2.19999999999999));
#14247=CARTESIAN_POINT('',(-1.46878715904033,-4.54870147160696,2.29999999999999));
#14248=CARTESIAN_POINT('',(-1.46878715904032,-0.099999999999978,2.29999999999999));
#14249=CARTESIAN_POINT('Origin',(-1.46878715904033,-4.54870147160696,2.19999999999999));
#14250=CARTESIAN_POINT('Ctrl Pts',(2.63380989774558,-4.44414379278408,2.29999999999999));
#14251=CARTESIAN_POINT('Ctrl Pts',(2.63380989774558,-4.37712835638842,2.29999999999999));
#14252=CARTESIAN_POINT('Ctrl Pts',(2.58032361150517,-4.22212844949122,2.29999999999999));
#14253=CARTESIAN_POINT('Ctrl Pts',(2.42772148703614,-4.14870146688042,2.29999999999999));
#14254=CARTESIAN_POINT('Ctrl Pts',(2.33836757184192,-4.14870146688042,2.29999999999999));
#14255=CARTESIAN_POINT('Ctrl Pts',(2.60721440438186,-4.44414379278408,2.29999999999999));
#14256=CARTESIAN_POINT('Ctrl Pts',(2.60794134562105,-4.38300028619929,2.29997875069626));
#14257=CARTESIAN_POINT('Ctrl Pts',(2.56009467364157,-4.24076701993122,2.29996933770643));
#14258=CARTESIAN_POINT('Ctrl Pts',(2.41989224728831,-4.17432770525855,2.29997166759502));
#14259=CARTESIAN_POINT('Ctrl Pts',(2.33836757184192,-4.17529696024414,2.29999999999999));
#14260=CARTESIAN_POINT('Ctrl Pts',(2.56099187745042,-4.44414379278408,2.28040409867923));
#14261=CARTESIAN_POINT('Ctrl Pts',(2.56291840451674,-4.3931573772495,2.28151907225033));
#14262=CARTESIAN_POINT('Ctrl Pts',(2.52485246464737,-4.27318474741092,2.28311146305996));
#14263=CARTESIAN_POINT('Ctrl Pts',(2.40634945922136,-4.21895078442049,2.28189073010736));
#14264=CARTESIAN_POINT('Ctrl Pts',(2.33836757184192,-4.22151948717558,2.28040409867923));
#14265=CARTESIAN_POINT('Ctrl Pts',(2.53879281666193,-4.44414379278408,2.23700840381152));
#14266=CARTESIAN_POINT('Ctrl Pts',(2.54009872289361,-4.3980611795111,2.24006056592964));
#14267=CARTESIAN_POINT('Ctrl Pts',(2.50547693566839,-4.29080728746416,2.24459628212608));
#14268=CARTESIAN_POINT('Ctrl Pts',(2.39981105620589,-4.24197733965517,2.24107795330234));
#14269=CARTESIAN_POINT('Ctrl Pts',(2.33836757184192,-4.24371854796407,2.23700840381152));
#14270=CARTESIAN_POINT('Ctrl Pts',(2.53532912244436,-4.44414379278408,2.21736481776669));
#14271=CARTESIAN_POINT('Ctrl Pts',(2.53598299337914,-4.3988129642522,2.22107310411146));
#14272=CARTESIAN_POINT('Ctrl Pts',(2.50131593961794,-4.29448922258832,2.22669034087862));
#14273=CARTESIAN_POINT('Ctrl Pts',(2.3988086765511,-4.24631041426861,2.22230919955971));
#14274=CARTESIAN_POINT('Ctrl Pts',(2.33836757184192,-4.24718224218164,2.21736481776669));
#14275=CARTESIAN_POINT('',(2.33836757184192,-4.14870146688042,2.29999999999999));
#14276=CARTESIAN_POINT('Origin',(2.32918191417985,-4.45332945044615,2.29999999999999));
#14277=CARTESIAN_POINT('Origin',(2.33836757184192,-4.14870146688042,2.19999999999999));
#14278=CARTESIAN_POINT('Ctrl Pts',(-1.17334483313667,-4.14870146688042,
2.29999999999999));
#14279=CARTESIAN_POINT('Ctrl Pts',(-1.24036026953233,-4.14870146688042,
2.29999999999999));
#14280=CARTESIAN_POINT('Ctrl Pts',(-1.39536661312082,-4.20218010131585,
2.29999999999999));
#14281=CARTESIAN_POINT('Ctrl Pts',(-1.46878715904033,-4.35478987758986,
2.29999999999999));
#14282=CARTESIAN_POINT('Ctrl Pts',(-1.46878715904033,-4.44414379278408,
2.29999999999999));
#14283=CARTESIAN_POINT('Ctrl Pts',(-1.17334483313667,-4.17529696024414,
2.29999999999999));
#14284=CARTESIAN_POINT('Ctrl Pts',(-1.23448833972146,-4.17457001900494,
2.29997875069626));
#14285=CARTESIAN_POINT('Ctrl Pts',(-1.37672822032114,-4.22240924471401,
2.29997126726138));
#14286=CARTESIAN_POINT('Ctrl Pts',(-1.4431609206622,-4.36261911733769,2.29997166759502));
#14287=CARTESIAN_POINT('Ctrl Pts',(-1.44219166567661,-4.44414379278408,
2.29999999999999));
#14288=CARTESIAN_POINT('Ctrl Pts',(-1.17334483313667,-4.22152036174501,
2.28040498690704));
#14289=CARTESIAN_POINT('Ctrl Pts',(-1.22433124867125,-4.21959383467869,
2.28151996047815));
#14290=CARTESIAN_POINT('Ctrl Pts',(-1.34430920656107,-4.25765236443461,
2.28311194520954));
#14291=CARTESIAN_POINT('Ctrl Pts',(-1.39853696693082,-4.37616190540464,
2.28189161833518));
#14292=CARTESIAN_POINT('Ctrl Pts',(-1.39596826417573,-4.44414379278408,
2.28040498690704));
#14293=CARTESIAN_POINT('Ctrl Pts',(-1.17334483313667,-4.24371854796406,
2.23700840381152));
#14294=CARTESIAN_POINT('Ctrl Pts',(-1.21942744640965,-4.24241264173239,
2.24006056592964));
#14295=CARTESIAN_POINT('Ctrl Pts',(-1.32668654887028,-4.27702848720955,
2.24459649785855));
#14296=CARTESIAN_POINT('Ctrl Pts',(-1.37551128626558,-4.3827003084201,2.24107795330234));
#14297=CARTESIAN_POINT('Ctrl Pts',(-1.37377007795668,-4.44414379278408,
2.23700840381152));
#14298=CARTESIAN_POINT('Ctrl Pts',(-1.17334483313667,-4.24718224218164,
2.21736481776669));
#14299=CARTESIAN_POINT('Ctrl Pts',(-1.21867566166855,-4.24652837124686,
2.22107310411146));
#14300=CARTESIAN_POINT('Ctrl Pts',(-1.32300383192169,-4.281190186343,2.22669112046286));
#14301=CARTESIAN_POINT('Ctrl Pts',(-1.37117821165214,-4.3837026880749,2.22230919955971));
#14302=CARTESIAN_POINT('Ctrl Pts',(-1.37030638373911,-4.44414379278408,
2.21736481776669));
#14303=CARTESIAN_POINT('',(-1.17334483313667,-4.14870146688042,2.29999999999999));
#14304=CARTESIAN_POINT('Origin',(-1.17334483313667,-4.14870146688042,2.19999999999999));
#14305=CARTESIAN_POINT('Origin',(-1.1641591754746,-4.45332945044614,2.29999999999999));
#14306=CARTESIAN_POINT('Origin',(-3.23249431504406,-4.14870146688041,2.19999999999999));
#14307=CARTESIAN_POINT('',(-3.23249431504406,-4.14870146688041,2.29999999999999));
#14308=CARTESIAN_POINT('Origin',(5.27750000055937,-4.95000000000001,0.500000000000036));
#14309=CARTESIAN_POINT('',(0.198694283196926,-4.64718224690818,2.21736481776669));
#14310=CARTESIAN_POINT('Origin',(0.198694283196927,-4.54870147160696,2.19999999999999));
#14311=CARTESIAN_POINT('',(0.158694283196927,-4.54870147160696,2.29999999999999));
#14312=CARTESIAN_POINT('Origin',(0.198694283196939,4.54870147160696,2.19999999999999));
#14313=CARTESIAN_POINT('',(2.63380989774559,4.64718224690817,2.21736481776669));
#14314=CARTESIAN_POINT('',(0.19869428319694,4.64718224690818,2.21736481776669));
#14315=CARTESIAN_POINT('',(2.57522361173512,4.60728775761743,2.2810410210418));
#14316=CARTESIAN_POINT('Origin',(2.63380989774559,4.54870147160695,2.19999999999999));
#14317=CARTESIAN_POINT('',(2.63380989774559,4.54870147160695,2.29999999999999));
#14318=CARTESIAN_POINT('Origin',(2.63380989774559,4.54870147160695,2.19999999999999));
#14319=CARTESIAN_POINT('',(0.158694283196939,4.54870147160696,2.29999999999999));
#14320=CARTESIAN_POINT('Origin',(5.27750000055938,4.37200829906431,3.77795382540556));
#14321=CARTESIAN_POINT('',(2.33251136935254,4.95,0.500000000000038));
#14322=CARTESIAN_POINT('',(2.59375000055937,4.95,0.500000000000038));
#14323=CARTESIAN_POINT('',(2.33100351344717,4.94998863120659,0.500064475631381));
#14324=CARTESIAN_POINT('Origin',(2.33251136935254,4.85,1.06712818196165));
#14325=CARTESIAN_POINT('',(2.82068676554366,4.46030537911011,3.27719620061666));
#14326=CARTESIAN_POINT('Origin',(-4.88011143416551,4.95000000000001,2.29999999999999));
#14327=CARTESIAN_POINT('',(2.63380989774559,4.44414379278589,2.29999999999999));
#14328=CARTESIAN_POINT('',(2.63380989774559,4.49130571499998,2.29999999999999));
#14329=CARTESIAN_POINT('',(2.33836757184193,4.14870146688224,2.29999999999999));
#14330=CARTESIAN_POINT('Origin',(2.32918191417987,4.45332945044796,2.29999999999999));
#14331=CARTESIAN_POINT('',(-1.17334483313666,4.14870146688224,2.29999999999999));
#14332=CARTESIAN_POINT('',(-3.23249431504405,4.14870146688224,2.29999999999999));
#14333=CARTESIAN_POINT('',(-1.46878715904032,4.4441437927859,2.29999999999999));
#14334=CARTESIAN_POINT('Origin',(-1.16415917547459,4.45332945044796,2.29999999999999));
#14335=CARTESIAN_POINT('',(-1.46878715904032,4.49130571499998,2.29999999999999));
#14336=CARTESIAN_POINT('Origin',(-1.46878715904032,4.49130571499998,2.19999999999999));
#14337=CARTESIAN_POINT('Origin',(-1.46878715904032,4.4441437927859,2.19999999999999));
#14338=CARTESIAN_POINT('Origin',(-1.46878715904032,4.54870147160696,2.19999999999999));
#14339=CARTESIAN_POINT('Ctrl Pts',(-1.46878715904032,4.4441437927859,2.29999999999999));
#14340=CARTESIAN_POINT('Ctrl Pts',(-1.46878715904032,4.37712835639024,2.29999999999999));
#14341=CARTESIAN_POINT('Ctrl Pts',(-1.41530852460488,4.22212201280175,2.29999999999999));
#14342=CARTESIAN_POINT('Ctrl Pts',(-1.26269874833087,4.14870146688224,2.29999999999999));
#14343=CARTESIAN_POINT('Ctrl Pts',(-1.17334483313666,4.14870146688224,2.29999999999999));
#14344=CARTESIAN_POINT('Ctrl Pts',(-1.44219166567659,4.4441437927859,2.29999999999999));
#14345=CARTESIAN_POINT('Ctrl Pts',(-1.44291860691579,4.38300028620111,2.29997875069626));
#14346=CARTESIAN_POINT('Ctrl Pts',(-1.39507938120673,4.24076040560142,2.29997126726138));
#14347=CARTESIAN_POINT('Ctrl Pts',(-1.25486950858305,4.17432770526037,2.29997166759502));
#14348=CARTESIAN_POINT('Ctrl Pts',(-1.17334483313666,4.17529696024596,2.29999999999999));
#14349=CARTESIAN_POINT('Ctrl Pts',(-1.39596826417572,4.4441437927859,2.28040498690704));
#14350=CARTESIAN_POINT('Ctrl Pts',(-1.39789479124204,4.39315737725132,2.28151996047815));
#14351=CARTESIAN_POINT('Ctrl Pts',(-1.35983626148612,4.27317941936149,2.28311194520954));
#14352=CARTESIAN_POINT('Ctrl Pts',(-1.2413267205161,4.21895165899174,2.28189161833518));
#14353=CARTESIAN_POINT('Ctrl Pts',(-1.17334483313666,4.22152036174683,2.28040498690704));
#14354=CARTESIAN_POINT('Ctrl Pts',(-1.37377007795667,4.4441437927859,2.23700840381152));
#14355=CARTESIAN_POINT('Ctrl Pts',(-1.37507598418834,4.39806117951292,2.24006056592964));
#14356=CARTESIAN_POINT('Ctrl Pts',(-1.34046013871118,4.29080207705228,2.24459649785855));
#14357=CARTESIAN_POINT('Ctrl Pts',(-1.23478831750063,4.24197733965699,2.24107795330234));
#14358=CARTESIAN_POINT('Ctrl Pts',(-1.17334483313666,4.24371854796588,2.23700840381152));
#14359=CARTESIAN_POINT('Ctrl Pts',(-1.3703063837391,4.4441437927859,2.21736481776669));
#14360=CARTESIAN_POINT('Ctrl Pts',(-1.37096025467387,4.39881296425401,2.22107310411146));
#14361=CARTESIAN_POINT('Ctrl Pts',(-1.33629843957773,4.29448479400087,2.22669112046286));
#14362=CARTESIAN_POINT('Ctrl Pts',(-1.23378593784583,4.24631041427042,2.22230919955971));
#14363=CARTESIAN_POINT('Ctrl Pts',(-1.17334483313666,4.24718224218346,2.21736481776669));
#14364=CARTESIAN_POINT('Origin',(-1.17334483313666,4.14870146688224,2.19999999999999));
#14365=CARTESIAN_POINT('Origin',(-3.23249431504405,4.14870146688224,2.19999999999999));
#14366=CARTESIAN_POINT('',(2.33836757184193,4.24718224218346,2.21736481776669));
#14367=CARTESIAN_POINT('Origin',(2.33836757184193,4.14870146688224,2.19999999999999));
#14368=CARTESIAN_POINT('',(-3.23249431504405,4.24718224218346,2.21736481776669));
#14369=CARTESIAN_POINT('Ctrl Pts',(2.33836757184194,4.14870146688224,2.29999999999999));
#14370=CARTESIAN_POINT('Ctrl Pts',(2.4053830082376,4.14870146688224,2.29999999999999));
#14371=CARTESIAN_POINT('Ctrl Pts',(2.5603829151348,4.20218775312265,2.29999999999999));
#14372=CARTESIAN_POINT('Ctrl Pts',(2.63380989774559,4.35478987759168,2.29999999999999));
#14373=CARTESIAN_POINT('Ctrl Pts',(2.63380989774559,4.4441437927859,2.29999999999999));
#14374=CARTESIAN_POINT('Ctrl Pts',(2.33836757184194,4.17529696024596,2.29999999999999));
#14375=CARTESIAN_POINT('Ctrl Pts',(2.39951107842673,4.17457001900676,2.29997875069626));
#14376=CARTESIAN_POINT('Ctrl Pts',(2.5417443446948,4.22241669098625,2.29996933770644));
#14377=CARTESIAN_POINT('Ctrl Pts',(2.60818365936747,4.36261911733951,2.29997166759502));
#14378=CARTESIAN_POINT('Ctrl Pts',(2.60721440438187,4.4441437927859,2.29999999999999));
#14379=CARTESIAN_POINT('Ctrl Pts',(2.33836757184194,4.2215194871774,2.28040409867923));
#14380=CARTESIAN_POINT('Ctrl Pts',(2.38935398737652,4.21959296011108,2.28151907225033));
#14381=CARTESIAN_POINT('Ctrl Pts',(2.5093266172151,4.25765889998045,2.28311146305996));
#14382=CARTESIAN_POINT('Ctrl Pts',(2.56356058020552,4.37616190540646,2.28189073010737));
#14383=CARTESIAN_POINT('Ctrl Pts',(2.56099187745043,4.4441437927859,2.28040409867923));
#14384=CARTESIAN_POINT('Ctrl Pts',(2.33836757184193,4.24371854796588,2.23700840381152));
#14385=CARTESIAN_POINT('Ctrl Pts',(2.38445018511491,4.24241264173421,2.24006056592964));
#14386=CARTESIAN_POINT('Ctrl Pts',(2.49170407716186,4.27703442895943,2.24459628212608));
#14387=CARTESIAN_POINT('Ctrl Pts',(2.54053402497084,4.38270030842192,2.24107795330234));
#14388=CARTESIAN_POINT('Ctrl Pts',(2.53879281666195,4.4441437927859,2.23700840381152));
#14389=CARTESIAN_POINT('Ctrl Pts',(2.33836757184193,4.24718224218346,2.21736481776669));
#14390=CARTESIAN_POINT('Ctrl Pts',(2.38369840037382,4.24652837124868,2.22107310411146));
#14391=CARTESIAN_POINT('Ctrl Pts',(2.4880221420377,4.28119542500988,2.22669034087862));
#14392=CARTESIAN_POINT('Ctrl Pts',(2.53620095035741,4.38370268807672,2.22230919955971));
#14393=CARTESIAN_POINT('Ctrl Pts',(2.53532912244437,4.4441437927859,2.21736481776669));
#14394=CARTESIAN_POINT('',(2.53532912244437,4.44414379278589,2.21736481776669));
#14395=CARTESIAN_POINT('Origin',(2.63380989774559,4.44414379278589,2.19999999999999));
#14396=CARTESIAN_POINT('Origin',(2.32918191417987,4.45332945044796,2.19999999999999));
#14397=CARTESIAN_POINT('Origin',(2.63380989774559,4.49130571499998,2.19999999999999));
#14398=CARTESIAN_POINT('',(2.53532912244437,4.54870147160695,2.21736481776669));
#14399=CARTESIAN_POINT('Origin',(2.63380989774559,4.54870147160695,2.19999999999999));
#14400=CARTESIAN_POINT('',(2.53532912244437,4.49130571499998,2.21736481776669));
#14401=CARTESIAN_POINT('Origin',(-1.2377001009642,4.77978852968307,0.889440168784368));
#14402=CARTESIAN_POINT('Origin',(-1.58487719592259,4.23261142999996,2.29999999999998));
#14403=CARTESIAN_POINT('',(2.03554981875011,4.54999999527528,0.500000000000038));
#14404=CARTESIAN_POINT('',(2.30111611011525,4.28443370391014,2.006101280122));
#14405=CARTESIAN_POINT('',(-0.563248389417485,4.54999999527528,0.500000000000038));
#14406=CARTESIAN_POINT('Origin',(2.30111611011525,4.48139525451258,2.0408309156554));
#14407=CARTESIAN_POINT('',(2.23251136935255,4.74696154587772,0.500000000000038));
#14408=CARTESIAN_POINT('Origin',(2.0294260469754,4.75308531765243,0.500000000000038));
#14409=CARTESIAN_POINT('',(2.49807766071769,4.48139525451258,2.006101280122));
#14410=CARTESIAN_POINT('Origin',(2.54989993462787,4.03261142999996,2.29999999999998));
#14411=CARTESIAN_POINT('',(2.23251136935254,4.85,0.49999999999998));
#14412=CARTESIAN_POINT('',(2.23251136935255,4.25888125364307,0.500000000000038));
#14413=CARTESIAN_POINT('',(2.23252273814595,4.85150785590538,0.500064475631326));
#14414=CARTESIAN_POINT('',(2.72220599024244,4.36182460380889,3.27719620061666));
#14415=CARTESIAN_POINT('Origin',(2.33251136935254,4.85,1.06712818196159));
#14416=CARTESIAN_POINT('Origin',(2.82068676554366,4.36182460380889,3.25983138284996));
#14417=CARTESIAN_POINT('Origin',(2.33251136935254,4.85,0.491251133647386));
#14418=CARTESIAN_POINT('Origin',(2.33251136935254,4.85,0.815638990182767));
#14419=CARTESIAN_POINT('Origin',(2.33251136935254,4.85,0.500000000000038));
#14420=CARTESIAN_POINT('Origin',(2.72163376562471,4.95,0.0200000000000383));
#14421=CARTESIAN_POINT('',(-1.80487293144946,4.95,0.500000000000038));
#14422=CARTESIAN_POINT('Origin',(0.458380417087621,4.48515107728618,0.500000000000038));
#14423=CARTESIAN_POINT('Origin',(-5.66549999944088,2.77500000000031,0.100000002209291));
#14424=CARTESIAN_POINT('',(-5.66549999944088,2.77500000000031,0.100000002209291));
#14425=CARTESIAN_POINT('',(-5.60749999944066,2.77500000000031,2.20910889581205E-9));
#14426=CARTESIAN_POINT('',(-5.66549999944088,2.77500000000031,0.100000002209291));
#14427=CARTESIAN_POINT('',(-5.66549999944088,3.22500000000031,0.100000002209291));
#14428=CARTESIAN_POINT('',(-5.66549999944088,2.77500000000031,0.100000002209291));
#14429=CARTESIAN_POINT('',(-5.60749999944066,3.22500000000031,2.20910889581205E-9));
#14430=CARTESIAN_POINT('',(-5.66549999944088,3.22500000000031,0.100000002209291));
#14431=CARTESIAN_POINT('',(-5.60749999944066,1.0875000000002,2.20910800763363E-9));
#14432=CARTESIAN_POINT('Origin',(-5.83749999944094,2.77500000000031,0.100000002209291));
#14433=CARTESIAN_POINT('',(-5.83749999944094,2.77500000000031,0.100000002209291));
#14434=CARTESIAN_POINT('',(-5.83749999944094,2.77500000000031,0.100000002209291));
#14435=CARTESIAN_POINT('',(-5.83749999944094,3.22500000000031,0.100000002209291));
#14436=CARTESIAN_POINT('',(-5.83749999944093,2.68750000000121,0.100000002209291));
#14437=CARTESIAN_POINT('',(-5.83749999944094,3.22500000000031,0.100000002209291));
#14438=CARTESIAN_POINT('Origin',(-5.7330993074076,3.22500000000031,0.0453044274002015));
#14439=CARTESIAN_POINT('',(-5.83749999944094,3.22500000000031,2.20910800763363E-9));
#14440=CARTESIAN_POINT('',(-5.34187860079276,3.22500000000031,2.20910800763363E-9));
#14441=CARTESIAN_POINT('',(-5.83749999944093,3.22500000000031,0.0226522148046548));
#14442=CARTESIAN_POINT('Origin',(-5.7330993074076,2.77500000000031,0.0453044274002015));
#14443=CARTESIAN_POINT('',(-5.83749999944094,2.77500000000031,2.20910800763363E-9));
#14444=CARTESIAN_POINT('',(-5.34187860079276,2.77500000000031,2.20910800763363E-9));
#14445=CARTESIAN_POINT('',(-5.83749999944093,2.77500000000031,0.0226522148046548));
#14446=CARTESIAN_POINT('Origin',(-5.66549999944088,0.375000000000307,0.100000002209291));
#14447=CARTESIAN_POINT('',(-5.66549999944088,0.375000000000307,0.100000002209291));
#14448=CARTESIAN_POINT('',(-5.60749999944066,0.375000000000307,2.20910889581205E-9));
#14449=CARTESIAN_POINT('',(-5.66549999944088,0.375000000000307,0.100000002209291));
#14450=CARTESIAN_POINT('',(-5.66549999944088,0.825000000000308,0.100000002209291));
#14451=CARTESIAN_POINT('',(-5.66549999944088,0.375000000000307,0.100000002209291));
#14452=CARTESIAN_POINT('',(-5.60749999944066,0.825000000000308,2.20910889581205E-9));
#14453=CARTESIAN_POINT('',(-5.66549999944088,0.825000000000308,0.100000002209291));
#14454=CARTESIAN_POINT('',(-5.60749999944066,-0.112499999999801,2.20910800763363E-9));
#14455=CARTESIAN_POINT('Origin',(-5.83749999944094,0.375000000000307,0.100000002209291));
#14456=CARTESIAN_POINT('',(-5.83749999944094,0.375000000000307,0.100000002209291));
#14457=CARTESIAN_POINT('',(-5.83749999944094,0.375000000000307,0.100000002209291));
#14458=CARTESIAN_POINT('',(-5.83749999944094,0.825000000000308,0.100000002209291));
#14459=CARTESIAN_POINT('',(-5.83749999944094,0.287500000001052,0.100000002209291));
#14460=CARTESIAN_POINT('',(-5.83749999944094,0.825000000000308,0.100000002209291));
#14461=CARTESIAN_POINT('Origin',(-5.7330993074076,0.825000000000308,0.0453044274002015));
#14462=CARTESIAN_POINT('',(-5.83749999944094,0.825000000000308,2.20910800763363E-9));
#14463=CARTESIAN_POINT('',(-5.34187860079276,0.825000000000308,2.20910800763363E-9));
#14464=CARTESIAN_POINT('',(-5.83749999944094,0.825000000000308,0.0226522148046548));
#14465=CARTESIAN_POINT('Origin',(-5.7330993074076,0.375000000000307,0.0453044274002015));
#14466=CARTESIAN_POINT('',(-5.83749999944094,0.375000000000307,2.20910800763363E-9));
#14467=CARTESIAN_POINT('',(-5.34187860079276,0.375000000000307,2.20910800763363E-9));
#14468=CARTESIAN_POINT('',(-5.83749999944094,0.375000000000307,0.0226522148046548));
#14469=CARTESIAN_POINT('Origin',(-5.66549999944088,-2.02499999999969,0.100000002209291));
#14470=CARTESIAN_POINT('',(-5.66549999944088,-2.02499999999969,0.100000002209291));
#14471=CARTESIAN_POINT('',(-5.60749999944066,-2.02499999999969,2.20910889581205E-9));
#14472=CARTESIAN_POINT('',(-5.66549999944088,-2.02499999999969,0.100000002209291));
#14473=CARTESIAN_POINT('',(-5.66549999944088,-1.57499999999969,0.100000002209291));
#14474=CARTESIAN_POINT('',(-5.66549999944088,-2.02499999999969,0.100000002209291));
#14475=CARTESIAN_POINT('',(-5.60749999944066,-1.57499999999969,2.20910889581205E-9));
#14476=CARTESIAN_POINT('',(-5.66549999944088,-1.57499999999969,0.100000002209291));
#14477=CARTESIAN_POINT('',(-5.60749999944066,-1.3124999999998,2.20910802151142E-9));
#14478=CARTESIAN_POINT('Origin',(-5.83749999944094,-2.02499999999969,0.100000002209291));
#14479=CARTESIAN_POINT('',(-5.83749999944094,-2.02499999999969,0.100000002209291));
#14480=CARTESIAN_POINT('',(-5.83749999944094,-2.02499999999969,0.100000002209291));
#14481=CARTESIAN_POINT('',(-5.83749999944094,-1.57499999999969,0.100000002209291));
#14482=CARTESIAN_POINT('',(-5.83749999944094,-2.11249999999976,0.100000002209291));
#14483=CARTESIAN_POINT('',(-5.83749999944094,-1.57499999999969,0.100000002209291));
#14484=CARTESIAN_POINT('Origin',(-5.7330993074076,-1.57499999999969,0.0453044274002015));
#14485=CARTESIAN_POINT('',(-5.83749999944094,-1.57499999999969,2.20910800763363E-9));
#14486=CARTESIAN_POINT('',(-5.34187860079276,-1.57499999999969,2.20910800763363E-9));
#14487=CARTESIAN_POINT('',(-5.83749999944094,-1.57499999999969,0.0226522148046548));
#14488=CARTESIAN_POINT('Origin',(-5.7330993074076,-2.02499999999969,0.0453044274002015));
#14489=CARTESIAN_POINT('',(-5.83749999944094,-2.02499999999969,2.20910800763363E-9));
#14490=CARTESIAN_POINT('',(-5.34187860079276,-2.02499999999969,2.20910800763363E-9));
#14491=CARTESIAN_POINT('',(-5.83749999944094,-2.02499999999969,0.0226522148046548));
#14492=CARTESIAN_POINT('Origin',(-5.66549999944088,-0.824999999999693,0.100000002209291));
#14493=CARTESIAN_POINT('',(-5.66549999944088,-0.824999999999693,0.100000002209291));
#14494=CARTESIAN_POINT('',(-5.60749999944066,-0.824999999999693,2.20910889581205E-9));
#14495=CARTESIAN_POINT('',(-5.66549999944088,-0.824999999999693,0.100000002209291));
#14496=CARTESIAN_POINT('',(-5.66549999944088,-0.374999999999693,0.100000002209291));
#14497=CARTESIAN_POINT('',(-5.66549999944088,-0.824999999999693,0.100000002209291));
#14498=CARTESIAN_POINT('',(-5.60749999944066,-0.374999999999694,2.20910889581205E-9));
#14499=CARTESIAN_POINT('',(-5.66549999944088,-0.374999999999693,0.100000002209291));
#14500=CARTESIAN_POINT('',(-5.60749999944066,-0.7124999999998,2.20910800763363E-9));
#14501=CARTESIAN_POINT('Origin',(-5.83749999944094,-0.824999999999693,0.100000002209291));
#14502=CARTESIAN_POINT('',(-5.83749999944094,-0.824999999999693,0.100000002209291));
#14503=CARTESIAN_POINT('',(-5.83749999944094,-0.824999999999693,0.100000002209291));
#14504=CARTESIAN_POINT('',(-5.83749999944094,-0.374999999999693,0.100000002209291));
#14505=CARTESIAN_POINT('',(-5.83749999944094,-0.912499999999425,0.100000002209291));
#14506=CARTESIAN_POINT('',(-5.83749999944094,-0.374999999999693,0.100000002209291));
#14507=CARTESIAN_POINT('Origin',(-5.7330993074076,-0.374999999999693,0.0453044274002015));
#14508=CARTESIAN_POINT('',(-5.83749999944094,-0.374999999999693,2.20910800763363E-9));
#14509=CARTESIAN_POINT('',(-5.34187860079276,-0.374999999999693,2.20910800763363E-9));
#14510=CARTESIAN_POINT('',(-5.83749999944094,-0.374999999999693,0.0226522148046548));
#14511=CARTESIAN_POINT('Origin',(-5.7330993074076,-0.824999999999693,0.0453044274002015));
#14512=CARTESIAN_POINT('',(-5.83749999944094,-0.824999999999693,2.20910800763363E-9));
#14513=CARTESIAN_POINT('',(-5.34187860079276,-0.824999999999693,2.20910800763363E-9));
#14514=CARTESIAN_POINT('',(-5.83749999944094,-0.824999999999693,0.0226522148046548));
#14515=CARTESIAN_POINT('Origin',(-5.66549999944088,1.57500000000031,0.100000002209291));
#14516=CARTESIAN_POINT('',(-5.66549999944088,1.57500000000031,0.100000002209291));
#14517=CARTESIAN_POINT('',(-5.60749999944066,1.57500000000031,2.20910889581205E-9));
#14518=CARTESIAN_POINT('',(-5.66549999944088,1.57500000000031,0.100000002209291));
#14519=CARTESIAN_POINT('',(-5.66549999944088,2.02500000000031,0.100000002209291));
#14520=CARTESIAN_POINT('',(-5.66549999944088,1.57500000000031,0.100000002209291));
#14521=CARTESIAN_POINT('',(-5.60749999944066,2.02500000000031,2.20910889581205E-9));
#14522=CARTESIAN_POINT('',(-5.66549999944088,2.02500000000031,0.100000002209291));
#14523=CARTESIAN_POINT('',(-5.60749999944066,0.4875000000002,2.20910802151142E-9));
#14524=CARTESIAN_POINT('Origin',(-5.83749999944094,1.57500000000031,0.100000002209291));
#14525=CARTESIAN_POINT('',(-5.83749999944094,1.57500000000031,0.100000002209291));
#14526=CARTESIAN_POINT('',(-5.83749999944094,1.57500000000031,0.100000002209291));
#14527=CARTESIAN_POINT('',(-5.83749999944094,2.02500000000031,0.100000002209291));
#14528=CARTESIAN_POINT('',(-5.83749999944093,1.48750000000119,0.100000002209291));
#14529=CARTESIAN_POINT('',(-5.83749999944094,2.02500000000031,0.100000002209291));
#14530=CARTESIAN_POINT('Origin',(-5.7330993074076,2.02500000000031,0.0453044274002015));
#14531=CARTESIAN_POINT('',(-5.83749999944094,2.02500000000031,2.20910800763363E-9));
#14532=CARTESIAN_POINT('',(-5.34187860079276,2.02500000000031,2.20910800763363E-9));
#14533=CARTESIAN_POINT('',(-5.83749999944093,2.02500000000031,0.0226522148046548));
#14534=CARTESIAN_POINT('Origin',(-5.7330993074076,1.57500000000031,0.0453044274002015));
#14535=CARTESIAN_POINT('',(-5.83749999944094,1.57500000000031,2.20910800763363E-9));
#14536=CARTESIAN_POINT('',(-5.34187860079276,1.57500000000031,2.20910800763363E-9));
#14537=CARTESIAN_POINT('',(-5.83749999944093,1.57500000000031,0.0226522148046548));
#14538=CARTESIAN_POINT('Origin',(-5.66549999944088,3.97500000000031,0.100000002209291));
#14539=CARTESIAN_POINT('',(-5.66549999944088,3.97500000000031,0.100000002209291));
#14540=CARTESIAN_POINT('',(-5.60749999944066,3.97500000000031,2.20910889581205E-9));
#14541=CARTESIAN_POINT('',(-5.66549999944088,3.97500000000031,0.100000002209291));
#14542=CARTESIAN_POINT('',(-5.66549999944088,4.42500000000031,0.100000002209291));
#14543=CARTESIAN_POINT('',(-5.66549999944088,3.97500000000031,0.100000002209291));
#14544=CARTESIAN_POINT('',(-5.60749999944066,4.42500000000031,2.20910889581205E-9));
#14545=CARTESIAN_POINT('',(-5.66549999944088,4.42500000000031,0.100000002209291));
#14546=CARTESIAN_POINT('',(-5.60749999944066,1.6875000000002,2.20910800763363E-9));
#14547=CARTESIAN_POINT('Origin',(-5.83749999944094,3.97500000000031,0.100000002209291));
#14548=CARTESIAN_POINT('',(-5.83749999944094,3.97500000000031,0.100000002209291));
#14549=CARTESIAN_POINT('',(-5.83749999944094,3.97500000000031,0.100000002209291));
#14550=CARTESIAN_POINT('',(-5.83749999944094,4.42500000000031,0.100000002209291));
#14551=CARTESIAN_POINT('',(-5.83749999944094,3.88749999999997,0.100000002209291));
#14552=CARTESIAN_POINT('',(-5.83749999944094,4.42500000000031,0.100000002209291));
#14553=CARTESIAN_POINT('Origin',(-5.7330993074076,4.42500000000031,0.0453044274002015));
#14554=CARTESIAN_POINT('',(-5.83749999944094,4.42500000000031,2.20910800763363E-9));
#14555=CARTESIAN_POINT('',(-5.34187860079276,4.42500000000031,2.20910800763363E-9));
#14556=CARTESIAN_POINT('',(-5.83749999944093,4.42500000000031,0.0226522148046548));
#14557=CARTESIAN_POINT('Origin',(-5.7330993074076,3.97500000000031,0.0453044274002015));
#14558=CARTESIAN_POINT('',(-5.83749999944094,3.97500000000031,2.20910800763363E-9));
#14559=CARTESIAN_POINT('',(-5.34187860079276,3.97500000000031,2.20910800763363E-9));
#14560=CARTESIAN_POINT('',(-5.83749999944094,3.97500000000031,0.0226522148046548));
#14561=CARTESIAN_POINT('Origin',(-4.95065789417792,-0.599999999999908,2.20910800763363E-9));
#14562=CARTESIAN_POINT('',(-5.83749999944094,3.40000000000031,2.20910800763363E-9));
#14563=CARTESIAN_POINT('',(-5.83749999944094,2.60000000000031,2.20910800763363E-9));
#14564=CARTESIAN_POINT('',(-4.63749999944217,3.39999999999537,2.20910800763363E-9));
#14565=CARTESIAN_POINT('',(-5.83749999944094,3.40000000000031,2.20910800763363E-9));
#14566=CARTESIAN_POINT('',(-4.63749999944217,3.79999999999614,2.20910800763363E-9));
#14567=CARTESIAN_POINT('',(-4.63749999944217,3.39999999999537,2.20910800763363E-9));
#14568=CARTESIAN_POINT('',(-5.83749999944094,3.80000000000031,2.20910800763363E-9));
#14569=CARTESIAN_POINT('',(-4.63749999944217,3.79999999999614,2.20910800763363E-9));
#14570=CARTESIAN_POINT('',(-5.83749999944094,3.80000000000031,2.20910800763363E-9));
#14571=CARTESIAN_POINT('',(-5.83749999944094,4.60000000000031,2.20910800763363E-9));
#14572=CARTESIAN_POINT('',(-5.83749999944094,3.80000000000031,2.20910800763363E-9));
#14573=CARTESIAN_POINT('',(-4.43749999944144,4.59999999999587,2.20910800763363E-9));
#14574=CARTESIAN_POINT('',(-5.83749999944094,4.60000000000031,2.20910800763363E-9));
#14575=CARTESIAN_POINT('',(-4.43749999944144,4.34999999999553,2.20910800763363E-9));
#14576=CARTESIAN_POINT('',(-4.43749999944144,4.59999999999587,2.20910800763363E-9));
#14577=CARTESIAN_POINT('',(-4.33749999944176,4.34999999999553,2.20910800763363E-9));
#14578=CARTESIAN_POINT('',(-4.43749999944144,4.34999999999553,2.20910800763363E-9));
#14579=CARTESIAN_POINT('',(-4.33749999944187,3.94999999999578,2.20910800763363E-9));
#14580=CARTESIAN_POINT('',(-4.33749999944238,2.16210385177648,2.20910800763363E-9));
#14581=CARTESIAN_POINT('',(-0.712499999458358,3.94999999999555,2.20910800763363E-9));
#14582=CARTESIAN_POINT('',(-1.43186860013723,3.94999999999559,2.20910800763363E-9));
#14583=CARTESIAN_POINT('',(-0.712499999458357,4.42999999999989,2.20910800763363E-9));
#14584=CARTESIAN_POINT('',(-0.712499999458359,2.40210385177822,2.20910800763363E-9));
#14585=CARTESIAN_POINT('',(1.46250000053409,4.42999999999989,2.20910800763363E-9));
#14586=CARTESIAN_POINT('',(-0.34436860014112,4.42999999999989,2.20910800763363E-9));
#14587=CARTESIAN_POINT('',(1.46250000053272,-4.42999999999865,2.20910800763363E-9));
#14588=CARTESIAN_POINT('',(1.4625000005331,-2.02789614822133,2.20910800763363E-9));
#14589=CARTESIAN_POINT('',(-0.712499999459728,-4.42999999999785,2.20910800763363E-9));
#14590=CARTESIAN_POINT('',(-1.43186860013891,-4.42999999999759,2.20910800763363E-9));
#14591=CARTESIAN_POINT('',(-0.712499999459727,-3.94999999999397,2.20910800763363E-9));
#14592=CARTESIAN_POINT('',(-0.712499999459726,-1.78789614821871,2.20910800763363E-9));
#14593=CARTESIAN_POINT('',(-2.88749999945854,-3.9499999999959,2.20910800763363E-9));
#14594=CARTESIAN_POINT('',(-2.51936860013552,-3.94999999999557,2.20910800763363E-9));
#14595=CARTESIAN_POINT('',(-2.88749999945877,-1.9000000000014,2.20910800763363E-9));
#14596=CARTESIAN_POINT('',(-2.8874999994589,-0.762896148222463,2.20910800763363E-9));
#14597=CARTESIAN_POINT('',(-4.33749999944188,-1.90000000000299,2.20910800763363E-9));
#14598=CARTESIAN_POINT('',(-3.24436860012786,-1.9000000000018,2.20910800763363E-9));
#14599=CARTESIAN_POINT('',(-4.33749999944188,-2.20000000000266,2.20910800763363E-9));
#14600=CARTESIAN_POINT('',(-4.33749999944188,-1.16289614822322,2.20910800763363E-9));
#14601=CARTESIAN_POINT('',(-5.83749999944094,-2.19999999999969,2.20910800763363E-9));
#14602=CARTESIAN_POINT('',(-5.83749999944094,-2.19999999999983,2.20910800763363E-9));
#14603=CARTESIAN_POINT('',(-5.83749999944094,-2.19999999999969,2.20910800763363E-9));
#14604=CARTESIAN_POINT('',(-5.83749999944094,-1.39999999999969,2.20910800763363E-9));
#14605=CARTESIAN_POINT('',(-5.83749999944094,-2.19999999999969,2.20910800763363E-9));
#14606=CARTESIAN_POINT('',(-4.63749999944149,-1.40000000000197,2.20910800763363E-9));
#14607=CARTESIAN_POINT('',(-5.83749999944094,-1.39999999999969,2.20910800763363E-9));
#14608=CARTESIAN_POINT('',(-4.6374999994424,-1.00000000000108,2.20910800763363E-9));
#14609=CARTESIAN_POINT('',(-4.63749999944149,-1.40000000000197,2.20910800763363E-9));
#14610=CARTESIAN_POINT('',(-5.83749999944094,-0.999999999999693,2.20910800763363E-9));
#14611=CARTESIAN_POINT('',(-4.6374999994424,-1.00000000000108,2.20910800763363E-9));
#14612=CARTESIAN_POINT('',(-5.83749999944094,-0.999999999999693,2.20910800763363E-9));
#14613=CARTESIAN_POINT('',(-5.83749999944094,-0.199999999999693,2.20910800763363E-9));
#14614=CARTESIAN_POINT('',(-5.83749999944094,-0.999999999999693,2.20910800763363E-9));
#14615=CARTESIAN_POINT('',(-4.6374999994424,-0.200000000001925,2.20910800763363E-9));
#14616=CARTESIAN_POINT('',(-5.83749999944094,-0.199999999999693,2.20910800763363E-9));
#14617=CARTESIAN_POINT('',(-4.6374999994424,0.199999999998052,2.20910800763363E-9));
#14618=CARTESIAN_POINT('',(-4.6374999994424,-0.200000000001925,2.20910800763363E-9));
#14619=CARTESIAN_POINT('',(-5.83749999944094,0.200000000000308,2.20910800763363E-9));
#14620=CARTESIAN_POINT('',(-4.6374999994424,0.199999999998052,2.20910800763363E-9));
#14621=CARTESIAN_POINT('',(-5.83749999944094,0.200000000000308,2.20910800763363E-9));
#14622=CARTESIAN_POINT('',(-5.83749999944094,1.00000000000031,2.20910800763363E-9));
#14623=CARTESIAN_POINT('',(-5.83749999944094,0.200000000000308,2.20910800763363E-9));
#14624=CARTESIAN_POINT('',(-4.6374999994416,0.999999999995847,2.20910800763363E-9));
#14625=CARTESIAN_POINT('',(-5.83749999944094,1.00000000000031,2.20910800763363E-9));
#14626=CARTESIAN_POINT('',(-4.6374999994424,1.39999999999673,2.20910800763363E-9));
#14627=CARTESIAN_POINT('',(-4.6374999994416,0.999999999995847,2.20910800763363E-9));
#14628=CARTESIAN_POINT('',(-5.83749999944094,1.40000000000031,2.20910800763363E-9));
#14629=CARTESIAN_POINT('',(-4.6374999994424,1.39999999999673,2.20910800763363E-9));
#14630=CARTESIAN_POINT('',(-5.83749999944094,1.40000000000031,2.20910800763363E-9));
#14631=CARTESIAN_POINT('',(-5.83749999944094,2.20000000000031,2.20910800763363E-9));
#14632=CARTESIAN_POINT('',(-5.83749999944094,1.40000000000031,2.20910800763363E-9));
#14633=CARTESIAN_POINT('',(-4.63749999944194,2.19999999999464,2.20910800763363E-9));
#14634=CARTESIAN_POINT('',(-5.83749999944094,2.20000000000031,2.20910800763363E-9));
#14635=CARTESIAN_POINT('',(-4.6374999994424,2.59999999999701,2.20910800763363E-9));
#14636=CARTESIAN_POINT('',(-4.63749999944194,2.19999999999464,2.20910800763363E-9));
#14637=CARTESIAN_POINT('',(-5.83749999944094,2.60000000000031,2.20910800763363E-9));
#14638=CARTESIAN_POINT('',(-4.6374999994424,2.59999999999701,2.20910800763363E-9));
#14639=CARTESIAN_POINT('',(-5.83749999944094,2.60000000000031,2.20910800763363E-9));
#14640=CARTESIAN_POINT('Origin',(-5.83749999944093,4.59999999999982,2.20910800763363E-9));
#14641=CARTESIAN_POINT('',(-5.83749999944093,4.59999999999982,0.500000002209108));
#14642=CARTESIAN_POINT('',(-5.83749999944093,4.59999999999982,2.20910800763363E-9));
#14643=CARTESIAN_POINT('',(-4.43749999944144,4.59999999999587,0.500000002209108));
#14644=CARTESIAN_POINT('',(-4.23913228358028,4.59999999999982,0.500000002209108));
#14645=CARTESIAN_POINT('',(-4.43749999944144,4.59999999999587,2.20910800763363E-9));
#14646=CARTESIAN_POINT('Origin',(-5.83749999944093,3.39999999999991,2.20910800763363E-9));
#14647=CARTESIAN_POINT('',(-5.83749999944093,3.39999999999991,0.500000002209108));
#14648=CARTESIAN_POINT('',(-5.83749999944093,3.39999999999991,2.20910800763363E-9));
#14649=CARTESIAN_POINT('',(-4.63749999944217,3.39999999999537,0.500000002209108));
#14650=CARTESIAN_POINT('',(-4.23913228358027,3.39999999999991,0.500000002209108));
#14651=CARTESIAN_POINT('',(-4.63749999944217,3.39999999999537,2.20910800763363E-9));
#14652=CARTESIAN_POINT('Origin',(-5.83749999944093,2.20000000000191,2.20910800763363E-9));
#14653=CARTESIAN_POINT('',(-5.83749999944093,2.20000000000192,0.500000002209108));
#14654=CARTESIAN_POINT('',(-5.83749999944093,2.20000000000191,2.20910800763363E-9));
#14655=CARTESIAN_POINT('',(-4.63749999944194,2.19999999999464,0.500000002209108));
#14656=CARTESIAN_POINT('',(-4.23913228358028,2.20000000000191,0.500000002209108));
#14657=CARTESIAN_POINT('',(-4.63749999944194,2.19999999999464,2.20910800763363E-9));
#14658=CARTESIAN_POINT('Origin',(-5.83749999944094,1.00000000000118,2.20910800763363E-9));
#14659=CARTESIAN_POINT('',(-5.83749999944094,1.00000000000119,0.500000002209108));
#14660=CARTESIAN_POINT('',(-5.83749999944094,1.00000000000118,2.20910800763363E-9));
#14661=CARTESIAN_POINT('',(-4.6374999994416,0.999999999995849,0.500000002209108));
#14662=CARTESIAN_POINT('',(-4.23913228358028,1.00000000000118,0.500000002209108));
#14663=CARTESIAN_POINT('',(-4.6374999994416,0.999999999995847,2.20910800763363E-9));
#14664=CARTESIAN_POINT('Origin',(-5.83749999944094,-0.199999999998975,2.20910800763363E-9));
#14665=CARTESIAN_POINT('',(-5.83749999944094,-0.19999999999897,0.500000002209108));
#14666=CARTESIAN_POINT('',(-5.83749999944094,-0.199999999998975,2.20910800763363E-9));
#14667=CARTESIAN_POINT('',(-4.6374999994424,-0.200000000001923,0.500000002209108));
#14668=CARTESIAN_POINT('',(-4.23913228358018,-0.199999999998523,0.500000002209108));
#14669=CARTESIAN_POINT('',(-4.6374999994424,-0.200000000001925,2.20910800763363E-9));
#14670=CARTESIAN_POINT('Origin',(-5.83749999944094,-1.39999999999936,2.20910800763363E-9));
#14671=CARTESIAN_POINT('',(-5.83749999944094,-1.39999999999936,0.500000002209108));
#14672=CARTESIAN_POINT('',(-5.83749999944094,-1.39999999999936,2.20910800763363E-9));
#14673=CARTESIAN_POINT('',(-4.63749999944149,-1.40000000000197,0.500000002209108));
#14674=CARTESIAN_POINT('',(-4.23913228358028,-1.39999999999936,0.500000002209108));
#14675=CARTESIAN_POINT('',(-4.63749999944149,-1.40000000000197,2.20910800763363E-9));
#14676=CARTESIAN_POINT('Origin',(-3.93749999944093,3.79999999999964,2.20910800763363E-9));
#14677=CARTESIAN_POINT('',(-4.63749999944217,3.79999999999615,0.500000002209108));
#14678=CARTESIAN_POINT('',(-4.63749999944217,3.79999999999614,2.20910800763363E-9));
#14679=CARTESIAN_POINT('',(-5.83749999944094,3.79999999999964,0.500000002209108));
#14680=CARTESIAN_POINT('',(-3.28913228358027,3.79999999999964,0.500000002209108));
#14681=CARTESIAN_POINT('',(-5.83749999944094,3.79999999999964,2.20910800763363E-9));
#14682=CARTESIAN_POINT('Origin',(-4.6374999994431,2.60000000000246,2.20910800763363E-9));
#14683=CARTESIAN_POINT('',(-4.6374999994424,2.59999999999701,0.500000002209108));
#14684=CARTESIAN_POINT('',(-4.6374999994424,2.59999999999701,2.20910800763363E-9));
#14685=CARTESIAN_POINT('',(-5.83749999944093,2.60000000000212,0.500000002209108));
#14686=CARTESIAN_POINT('',(-3.63913228358166,2.60000000000274,0.500000002209108));
#14687=CARTESIAN_POINT('',(-5.83749999944093,2.60000000000211,2.20910800763363E-9));
#14688=CARTESIAN_POINT('Origin',(-4.63749999944243,0.200000000001455,2.20910800763363E-9));
#14689=CARTESIAN_POINT('',(-4.6374999994424,0.199999999998055,0.500000002209108));
#14690=CARTESIAN_POINT('',(-4.6374999994424,0.199999999998052,2.20910800763363E-9));
#14691=CARTESIAN_POINT('',(-5.83749999944094,0.200000000001803,0.500000002209108));
#14692=CARTESIAN_POINT('',(-3.63913228358106,0.200000000001169,0.500000002209108));
#14693=CARTESIAN_POINT('',(-5.83749999944094,0.200000000001798,2.20910800763363E-9));
#14694=CARTESIAN_POINT('Origin',(-4.6374999994422,-0.999999999998818,2.20910800763363E-9));
#14695=CARTESIAN_POINT('',(-4.6374999994424,-1.00000000000108,0.500000002209108));
#14696=CARTESIAN_POINT('',(-4.6374999994424,-1.00000000000108,2.20910800763363E-9));
#14697=CARTESIAN_POINT('',(-5.83749999944094,-0.999999999999152,0.500000002209108));
#14698=CARTESIAN_POINT('',(-3.6391322835807,-0.999999999998536,0.500000002209108));
#14699=CARTESIAN_POINT('',(-5.83749999944094,-0.999999999999158,2.20910800763363E-9));
#14700=CARTESIAN_POINT('Origin',(-4.63749999944197,-2.19999999999909,2.20910800763363E-9));
#14701=CARTESIAN_POINT('',(-4.33749999944188,-2.20000000000266,0.030000002209108));
#14702=CARTESIAN_POINT('',(-4.33749999944188,-2.20000000000266,2.20910800763363E-9));
#14703=CARTESIAN_POINT('',(-3.28749999945863,-2.20000000000113,0.030000002209108));
#14704=CARTESIAN_POINT('',(-1.80128044012113,-2.19999999999897,0.030000002209108));
#14705=CARTESIAN_POINT('',(-3.28749999945863,-2.20000000000113,0.500000002209108));
#14706=CARTESIAN_POINT('',(-3.28749999945863,-2.20000000000113,2.20910800763363E-9));
#14707=CARTESIAN_POINT('',(-5.83749999944094,-2.19999999999983,0.500000002209108));
#14708=CARTESIAN_POINT('',(-3.63913228357997,-2.19999999999848,0.500000002209108));
#14709=CARTESIAN_POINT('',(-5.83749999944094,-2.19999999999983,2.20910800763363E-9));
#14710=CARTESIAN_POINT('Origin',(-2.9924999994588,-4.29999999999838,0.265000002209108));
#14711=CARTESIAN_POINT('',(-2.9924999994588,-4.34999999999611,0.030000002209108));
#14712=CARTESIAN_POINT('',(-2.9924999994588,-4.34999999999611,0.500000002209108));
#14713=CARTESIAN_POINT('',(-2.9924999994588,-4.3499999999961,0.132500002209108));
#14714=CARTESIAN_POINT('',(-2.9924999994588,-4.25000000000063,0.030000002209108));
#14715=CARTESIAN_POINT('',(-2.99249999945879,-2.22428971781921,0.030000002209108));
#14716=CARTESIAN_POINT('',(-2.9924999994588,-4.25000000000063,0.500000002209108));
#14717=CARTESIAN_POINT('',(-2.9924999994588,-4.25000000000063,0.030000002209108));
#14718=CARTESIAN_POINT('',(-2.99249999945879,-1.91020842194791,0.500000002209108));
#14719=CARTESIAN_POINT('Origin',(-2.9874999994588,-4.3499999999961,2.20910800763363E-9));
#14720=CARTESIAN_POINT('',(-3.18749999945861,-4.34999999999611,0.500000002209108));
#14721=CARTESIAN_POINT('',(-2.81413228358921,-4.3499999999961,0.500000002209108));
#14722=CARTESIAN_POINT('',(-3.18749999945861,-4.3499999999961,0.030000002209108));
#14723=CARTESIAN_POINT('',(-3.18749999945861,-4.3499999999961,2.20910800763363E-9));
#14724=CARTESIAN_POINT('',(-1.6512804401227,-4.34999999999611,0.030000002209108));
#14725=CARTESIAN_POINT('Origin',(-2.64076456771962,0.479583156102554,0.500000002209108));
#14726=CARTESIAN_POINT('',(-1.31249999944929,-4.2499999999962,0.500000002209108));
#14727=CARTESIAN_POINT('',(-1.9766322835782,-4.24999999999796,0.500000002209108));
#14728=CARTESIAN_POINT('',(-1.31249999944929,-4.34999999999452,0.500000002209108));
#14729=CARTESIAN_POINT('',(-1.31249999944929,-1.93520842194598,0.500000002209108));
#14730=CARTESIAN_POINT('',(-1.01249999945843,-4.34999999999429,0.500000002209108));
#14731=CARTESIAN_POINT('',(-1.8266322835872,-4.3499999999949,0.500000002209108));
#14732=CARTESIAN_POINT('',(-1.01249999945843,-4.73000000000292,0.500000002209108));
#14733=CARTESIAN_POINT('',(-1.01249999945843,-2.12520842195019,0.500000002209108));
#14734=CARTESIAN_POINT('',(1.76250000053404,-4.73000000000293,0.500000002209108));
#14735=CARTESIAN_POINT('',(-0.439132283592791,-4.73000000000292,0.500000002209108));
#14736=CARTESIAN_POINT('',(1.76250000053405,4.72999999999882,0.500000002209108));
#14737=CARTESIAN_POINT('',(1.76250000053405,2.60479157805068,0.500000002209108));
#14738=CARTESIAN_POINT('',(-1.01249999945842,4.72999999999984,0.500000002209108));
#14739=CARTESIAN_POINT('',(-1.82663228358824,4.73000000000014,0.500000002209108));
#14740=CARTESIAN_POINT('',(-1.01249999945877,4.34999999999553,0.500000002209108));
#14741=CARTESIAN_POINT('',(-1.0124999994605,2.41479157804831,0.500000002209108));
#14742=CARTESIAN_POINT('',(-1.31249999944928,4.34999999999553,0.500000002209108));
#14743=CARTESIAN_POINT('',(-1.97663228358445,4.34999999999553,0.500000002209108));
#14744=CARTESIAN_POINT('',(-1.31249999944929,4.24999999999573,0.500000002209108));
#14745=CARTESIAN_POINT('',(-1.31249999944929,2.36479157804914,0.500000002209108));
#14746=CARTESIAN_POINT('',(-4.03749999944181,4.24999999999585,0.500000002209108));
#14747=CARTESIAN_POINT('',(-3.33913228358063,4.24999999999582,0.500000002209108));
#14748=CARTESIAN_POINT('',(-4.03749999944181,4.34999999999553,0.500000002209108));
#14749=CARTESIAN_POINT('',(-4.03749999944181,4.34999999999553,0.500000002209108));
#14750=CARTESIAN_POINT('',(-4.43749999944144,4.34999999999553,0.500000002209108));
#14751=CARTESIAN_POINT('',(-3.53913228358053,4.34999999999553,0.500000002209108));
#14752=CARTESIAN_POINT('',(-4.43749999944144,2.53979157804921,0.500000002209108));
#14753=CARTESIAN_POINT('',(-5.83749999944094,2.1397915780511,0.500000002209108));
#14754=CARTESIAN_POINT('',(-4.63749999944217,1.93979157804896,0.500000002209108));
#14755=CARTESIAN_POINT('',(-5.83749999944093,1.53979157805234,0.500000002209108));
#14756=CARTESIAN_POINT('',(-4.63749999944097,1.33979157804746,0.500000002209108));
#14757=CARTESIAN_POINT('',(-5.83749999944093,1.40000000000208,0.500000002209108));
#14758=CARTESIAN_POINT('',(-5.83749999944093,0.939791578052315,0.500000002209108));
#14759=CARTESIAN_POINT('',(-4.6374999994424,1.39999999999674,0.500000002209108));
#14760=CARTESIAN_POINT('',(-3.63913228358106,1.40000000000144,0.500000002209108));
#14761=CARTESIAN_POINT('',(-4.63749999944108,0.739791578047215,0.500000002209108));
#14762=CARTESIAN_POINT('',(-5.83749999944094,0.339791578052178,0.500000002209108));
#14763=CARTESIAN_POINT('',(-4.6374999994424,0.139791578050315,0.500000002209108));
#14764=CARTESIAN_POINT('',(-5.83749999944094,-0.260208421948299,0.500000002209108));
#14765=CARTESIAN_POINT('',(-4.63749999944363,-0.460208421951978,0.500000002209108));
#14766=CARTESIAN_POINT('',(-5.83749999944094,-0.860208421948635,0.500000002209108));
#14767=CARTESIAN_POINT('',(-3.28749999945875,-2.50000000000188,0.500000002209108));
#14768=CARTESIAN_POINT('',(-3.28749999945818,-1.01020842194954,0.500000002209108));
#14769=CARTESIAN_POINT('',(-3.18749999945873,-2.50000000000188,0.500000002209108));
#14770=CARTESIAN_POINT('',(-2.91413228358917,-2.50000000000188,0.500000002209108));
#14771=CARTESIAN_POINT('',(-3.18749999945876,-1.93520842194679,0.500000002209108));
#14772=CARTESIAN_POINT('Origin',(-4.03749999944181,4.29999999999569,0.265000002209108));
#14773=CARTESIAN_POINT('',(-4.03749999944181,4.24999999999585,0.030000002209108));
#14774=CARTESIAN_POINT('',(-4.03749999944181,4.24999999999585,0.132500002209108));
#14775=CARTESIAN_POINT('',(-4.03749999944181,4.34999999999553,0.030000002209108));
#14776=CARTESIAN_POINT('',(-4.03749999944181,4.24999999999585,0.030000002209108));
#14777=CARTESIAN_POINT('',(-4.03749999944181,4.34999999999553,0.030000002209108));
#14778=CARTESIAN_POINT('Origin',(-4.0374999994418,4.24999999999585,2.20910800763363E-9));
#14779=CARTESIAN_POINT('',(-1.31249999944929,4.24999999999573,0.030000002209108));
#14780=CARTESIAN_POINT('',(-1.31249999944929,4.24999999999573,2.20910800763363E-9));
#14781=CARTESIAN_POINT('',(-2.1762804401142,4.24999999999584,0.030000002209108));
#14782=CARTESIAN_POINT('Origin',(-5.83749999944093,1.40000000000207,2.20910800763363E-9));
#14783=CARTESIAN_POINT('',(-5.83749999944093,1.40000000000207,2.20910800763363E-9));
#14784=CARTESIAN_POINT('Origin',(-4.63749999944194,2.19999999999464,2.20910800763363E-9));
#14785=CARTESIAN_POINT('Origin',(-5.83749999944093,2.60000000000211,2.20910800763363E-9));
#14786=CARTESIAN_POINT('Origin',(-4.63749999944217,3.39999999999537,2.20910800763363E-9));
#14787=CARTESIAN_POINT('Origin',(-5.83749999944094,3.79999999999964,2.20910800763363E-9));
#14788=CARTESIAN_POINT('Origin',(-4.43749999944144,4.59999999999587,2.20910800763363E-9));
#14789=CARTESIAN_POINT('',(-4.43749999944144,4.34999999999553,2.20910800763363E-9));
#14790=CARTESIAN_POINT('Origin',(-4.43749999944144,4.34999999999553,2.20910800763363E-9));
#14791=CARTESIAN_POINT('',(-4.33749999944176,4.34999999999553,0.030000002209108));
#14792=CARTESIAN_POINT('',(-2.37628044011402,4.34999999999553,0.030000002209108));
#14793=CARTESIAN_POINT('',(-4.33749999944176,4.34999999999553,2.20910800763363E-9));
#14794=CARTESIAN_POINT('Origin',(-1.31249999944929,4.24999999999573,2.20910800763363E-9));
#14795=CARTESIAN_POINT('',(-1.31249999944928,4.34999999999553,0.030000002209108));
#14796=CARTESIAN_POINT('',(-1.31249999944928,4.34999999999553,2.20910800763363E-9));
#14797=CARTESIAN_POINT('',(-1.31249999944929,2.05071028217784,0.030000002209108));
#14798=CARTESIAN_POINT('Origin',(-1.31249999944928,4.34999999999553,2.20910800763363E-9));
#14799=CARTESIAN_POINT('',(-1.01249999945877,4.34999999999553,0.030000002209108));
#14800=CARTESIAN_POINT('',(-1.01249999945877,4.34999999999553,2.20910800763363E-9));
#14801=CARTESIAN_POINT('',(-0.813780440117943,4.34999999999553,0.030000002209108));
#14802=CARTESIAN_POINT('Origin',(-1.01249999945877,4.34999999999553,2.20910800763363E-9));
#14803=CARTESIAN_POINT('',(-1.01249999945843,4.72999999999984,0.030000002209108));
#14804=CARTESIAN_POINT('',(-1.01249999945843,4.72999999999984,2.20910800763363E-9));
#14805=CARTESIAN_POINT('',(-1.01249999946079,2.10071028217805,0.030000002209108));
#14806=CARTESIAN_POINT('Origin',(-1.01249999945843,4.72999999999984,2.20910800763363E-9));
#14807=CARTESIAN_POINT('',(1.76250000053405,4.72999999999882,0.030000002209108));
#14808=CARTESIAN_POINT('',(1.76250000053405,4.72999999999882,2.20910800763363E-9));
#14809=CARTESIAN_POINT('',(-0.663780440121613,4.72999999999971,0.030000002209108));
#14810=CARTESIAN_POINT('Origin',(1.76250000053405,4.72999999999882,2.20910800763363E-9));
#14811=CARTESIAN_POINT('',(1.76250000053404,-4.73000000000293,0.030000002209108));
#14812=CARTESIAN_POINT('',(1.76250000053404,-4.73000000000293,2.20910800763363E-9));
#14813=CARTESIAN_POINT('',(1.76250000053405,2.29071028217938,0.030000002209108));
#14814=CARTESIAN_POINT('Origin',(1.76250000053404,-4.73000000000293,2.20910800763363E-9));
#14815=CARTESIAN_POINT('',(-1.01249999945843,-4.73000000000292,0.030000002209108));
#14816=CARTESIAN_POINT('',(-1.01249999945843,-4.73000000000292,2.20910800763363E-9));
#14817=CARTESIAN_POINT('',(0.723719559873718,-4.73000000000292,0.030000002209108));
#14818=CARTESIAN_POINT('Origin',(-1.01249999945843,-4.73000000000292,2.20910800763363E-9));
#14819=CARTESIAN_POINT('',(-1.01249999945843,-4.34999999999429,0.030000002209108));
#14820=CARTESIAN_POINT('',(-1.01249999945843,-4.34999999999429,2.20910800763363E-9));
#14821=CARTESIAN_POINT('',(-1.01249999945843,-2.43928971782149,0.030000002209108));
#14822=CARTESIAN_POINT('Origin',(-3.18749999945873,-2.50000000000188,2.20910800763363E-9));
#14823=CARTESIAN_POINT('',(-3.28749999945875,-2.50000000000188,0.030000002209108));
#14824=CARTESIAN_POINT('',(-3.28749999945875,-2.50000000000188,2.20910800763363E-9));
#14825=CARTESIAN_POINT('',(-3.18749999945873,-2.50000000000188,0.030000002209108));
#14826=CARTESIAN_POINT('',(-1.75128044012267,-2.50000000000188,0.030000002209108));
#14827=CARTESIAN_POINT('',(-3.18749999945873,-2.50000000000188,2.20910800763363E-9));
#14828=CARTESIAN_POINT('Origin',(-3.28749999945875,-2.50000000000188,2.20910800763363E-9));
#14829=CARTESIAN_POINT('',(-3.2874999994583,-1.3242897178204,0.030000002209108));
#14830=CARTESIAN_POINT('Origin',(-5.83749999944094,-2.19999999999983,2.20910800763363E-9));
#14831=CARTESIAN_POINT('Origin',(-4.63749999944149,-1.40000000000197,2.20910800763363E-9));
#14832=CARTESIAN_POINT('Origin',(-5.83749999944094,-0.999999999999158,2.20910800763363E-9));
#14833=CARTESIAN_POINT('Origin',(-4.6374999994424,-0.200000000001925,2.20910800763363E-9));
#14834=CARTESIAN_POINT('Origin',(-5.83749999944094,0.200000000001798,2.20910800763363E-9));
#14835=CARTESIAN_POINT('Origin',(-4.6374999994416,0.999999999995847,2.20910800763363E-9));
#14836=CARTESIAN_POINT('',(-4.6374999994424,1.39999999999673,2.20910800763363E-9));
#14837=CARTESIAN_POINT('Origin',(-4.63749999944277,1.40000000000173,2.20910800763363E-9));
#14838=CARTESIAN_POINT('Origin',(-4.33749999944187,3.94999999999578,2.20910800763363E-9));
#14839=CARTESIAN_POINT('',(-4.33749999944187,3.94999999999578,0.030000002209108));
#14840=CARTESIAN_POINT('',(-4.33749999944187,3.94999999999578,0.030000002209108));
#14841=CARTESIAN_POINT('',(-4.33749999944187,3.94999999999578,2.20910800763363E-9));
#14842=CARTESIAN_POINT('Origin',(-4.33749999944188,-2.70000000000301,2.20910800763363E-9));
#14843=CARTESIAN_POINT('',(-4.33749999944188,-1.90000000000299,0.030000002209108));
#14844=CARTESIAN_POINT('',(-4.33749999944188,-1.90000000000299,2.20910800763363E-9));
#14845=CARTESIAN_POINT('',(-4.33749999944188,-2.70000000000301,0.030000002209108));
#14846=CARTESIAN_POINT('Origin',(-4.33749999944188,-1.90000000000299,2.20910800763363E-9));
#14847=CARTESIAN_POINT('',(-2.88749999945877,-1.9000000000014,0.030000002209108));
#14848=CARTESIAN_POINT('',(-4.33749999944188,-1.90000000000299,0.030000002209108));
#14849=CARTESIAN_POINT('',(-2.88749999945877,-1.9000000000014,2.20910800763363E-9));
#14850=CARTESIAN_POINT('Origin',(-2.88749999945877,-1.9000000000014,2.20910800763363E-9));
#14851=CARTESIAN_POINT('',(-2.88749999945854,-3.9499999999959,0.030000002209108));
#14852=CARTESIAN_POINT('',(-2.88749999945877,-1.9000000000014,0.030000002209108));
#14853=CARTESIAN_POINT('',(-2.88749999945854,-3.9499999999959,2.20910800763363E-9));
#14854=CARTESIAN_POINT('Origin',(-2.88749999945854,-3.9499999999959,2.20910800763363E-9));
#14855=CARTESIAN_POINT('',(-0.712499999459727,-3.94999999999397,0.030000002209108));
#14856=CARTESIAN_POINT('',(-2.88749999945854,-3.9499999999959,0.030000002209108));
#14857=CARTESIAN_POINT('',(-0.712499999459727,-3.94999999999397,2.20910800763363E-9));
#14858=CARTESIAN_POINT('Origin',(-0.712499999459727,-3.94999999999397,2.20910800763363E-9));
#14859=CARTESIAN_POINT('',(-0.712499999459728,-4.42999999999785,0.030000002209108));
#14860=CARTESIAN_POINT('',(-0.712499999459727,-3.94999999999397,0.030000002209108));
#14861=CARTESIAN_POINT('',(-0.712499999459728,-4.42999999999785,2.20910800763363E-9));
#14862=CARTESIAN_POINT('Origin',(-0.712499999459728,-4.42999999999785,2.20910800763363E-9));
#14863=CARTESIAN_POINT('',(1.46250000053272,-4.42999999999865,0.030000002209108));
#14864=CARTESIAN_POINT('',(-0.712499999459728,-4.42999999999785,0.030000002209108));
#14865=CARTESIAN_POINT('',(1.46250000053272,-4.42999999999865,2.20910800763363E-9));
#14866=CARTESIAN_POINT('Origin',(1.46250000053272,-4.42999999999865,2.20910800763363E-9));
#14867=CARTESIAN_POINT('',(1.46250000053409,4.42999999999989,0.030000002209108));
#14868=CARTESIAN_POINT('',(1.46250000053272,-4.42999999999865,0.030000002209108));
#14869=CARTESIAN_POINT('',(1.46250000053409,4.42999999999989,2.20910800763363E-9));
#14870=CARTESIAN_POINT('Origin',(1.46250000053409,4.42999999999989,2.20910800763363E-9));
#14871=CARTESIAN_POINT('',(-0.712499999458357,4.42999999999989,0.030000002209108));
#14872=CARTESIAN_POINT('',(1.46250000053409,4.42999999999989,0.030000002209108));
#14873=CARTESIAN_POINT('',(-0.712499999458357,4.42999999999989,2.20910800763363E-9));
#14874=CARTESIAN_POINT('Origin',(-0.712499999458357,4.42999999999989,2.20910800763363E-9));
#14875=CARTESIAN_POINT('',(-0.712499999458358,3.94999999999555,0.030000002209108));
#14876=CARTESIAN_POINT('',(-0.712499999458357,4.42999999999989,0.030000002209108));
#14877=CARTESIAN_POINT('',(-0.712499999458358,3.94999999999555,2.20910800763363E-9));
#14878=CARTESIAN_POINT('Origin',(-0.712499999458358,3.94999999999555,2.20910800763363E-9));
#14879=CARTESIAN_POINT('',(-0.712499999458358,3.94999999999555,0.030000002209108));
#14880=CARTESIAN_POINT('Origin',(-0.315060880786603,-0.148579435640047,
0.030000002209108));
#14881=CARTESIAN_POINT('',(-3.18749999945874,-2.24928971781816,0.030000002209108));
#14882=CARTESIAN_POINT('',(-1.31249999944929,-4.34999999999452,0.030000002209108));
#14883=CARTESIAN_POINT('',(-0.663780440120926,-4.34999999999402,0.030000002209108));
#14884=CARTESIAN_POINT('',(-1.31249999944929,-4.2499999999962,0.030000002209108));
#14885=CARTESIAN_POINT('',(-1.31249999944929,-2.24928971781728,0.030000002209108));
#14886=CARTESIAN_POINT('',(-0.81378044011252,-4.24999999999488,0.030000002209108));
#14887=CARTESIAN_POINT('Origin',(-1.01249999945843,-4.34999999999429,2.20910800763363E-9));
#14888=CARTESIAN_POINT('',(-1.31249999944929,-4.34999999999452,2.20910800763363E-9));
#14889=CARTESIAN_POINT('Origin',(-1.31249999944929,-4.34999999999452,2.20910800763363E-9));
#14890=CARTESIAN_POINT('',(-1.31249999944929,-4.2499999999962,2.20910800763363E-9));
#14891=CARTESIAN_POINT('Origin',(-1.31249999944929,-4.2499999999962,2.20910800763363E-9));
#14892=CARTESIAN_POINT('Origin',(-3.18749999945861,-4.3499999999961,2.20910800763363E-9));
#14893=CARTESIAN_POINT('Origin',(-5.66549999944088,-4.42499999999969,0.100000002209291));
#14894=CARTESIAN_POINT('',(-5.66549999944088,-4.42499999999969,0.100000002209291));
#14895=CARTESIAN_POINT('',(-5.60749999944066,-4.42499999999969,2.20910889581205E-9));
#14896=CARTESIAN_POINT('',(-5.66549999944088,-4.42499999999969,0.100000002209291));
#14897=CARTESIAN_POINT('',(-5.66549999944088,-3.97499999999969,0.100000002209291));
#14898=CARTESIAN_POINT('',(-5.66549999944088,-4.42499999999969,0.100000002209291));
#14899=CARTESIAN_POINT('',(-5.60749999944066,-3.97499999999969,2.20910889581205E-9));
#14900=CARTESIAN_POINT('',(-5.66549999944088,-3.97499999999969,0.100000002209291));
#14901=CARTESIAN_POINT('',(-5.60749999944066,-2.5124999999998,2.20910800763363E-9));
#14902=CARTESIAN_POINT('Origin',(-5.83749999944094,-4.42499999999969,0.100000002209291));
#14903=CARTESIAN_POINT('',(-5.83749999944094,-4.42499999999969,0.100000002209291));
#14904=CARTESIAN_POINT('',(-5.83749999944094,-4.42499999999969,0.100000002209291));
#14905=CARTESIAN_POINT('',(-5.83749999944094,-3.97499999999969,0.100000002209291));
#14906=CARTESIAN_POINT('',(-5.83749999944094,-4.51249999999969,0.100000002209291));
#14907=CARTESIAN_POINT('',(-5.83749999944094,-3.97499999999969,0.100000002209291));
#14908=CARTESIAN_POINT('Origin',(-5.7330993074076,-3.97499999999969,0.0453044274002015));
#14909=CARTESIAN_POINT('',(-5.83749999944094,-3.97499999999969,2.20910800763363E-9));
#14910=CARTESIAN_POINT('',(-5.34187860079276,-3.97499999999969,2.20910800763363E-9));
#14911=CARTESIAN_POINT('',(-5.83749999944094,-3.97499999999969,0.0226522148046548));
#14912=CARTESIAN_POINT('Origin',(-5.7330993074076,-4.42499999999969,0.0453044274002015));
#14913=CARTESIAN_POINT('',(-5.83749999944094,-4.42499999999969,2.20910800763363E-9));
#14914=CARTESIAN_POINT('',(-5.34187860079276,-4.42499999999969,2.20910800763363E-9));
#14915=CARTESIAN_POINT('',(-5.83749999944094,-4.42499999999969,0.0226522148046548));
#14916=CARTESIAN_POINT('Origin',(-4.95065789417792,-0.599999999999908,2.20910800763363E-9));
#14917=CARTESIAN_POINT('',(-5.83749999944094,-3.79999999999969,2.20910800763363E-9));
#14918=CARTESIAN_POINT('',(-5.83749999944094,-4.59999999999969,2.20910800763363E-9));
#14919=CARTESIAN_POINT('',(-4.93749999944088,-3.80000000000471,2.20910800763363E-9));
#14920=CARTESIAN_POINT('',(-4.63749999944152,-3.79999999999991,2.20910800763363E-9));
#14921=CARTESIAN_POINT('',(-4.93749999944088,-4.60000000000539,2.20910800763363E-9));
#14922=CARTESIAN_POINT('',(-4.93749999944088,-4.50000000000518,2.20910800763363E-9));
#14923=CARTESIAN_POINT('',(-5.83749999944094,-4.59999999999969,2.20910800763363E-9));
#14924=CARTESIAN_POINT('',(-5.83749999944094,-4.59999999999969,2.20910800763363E-9));
#14925=CARTESIAN_POINT('',(-5.83749999944094,-4.59999999999969,2.20910800763363E-9));
#14926=CARTESIAN_POINT('Origin',(-5.83749999944094,-3.79999999999991,2.20910800763363E-9));
#14927=CARTESIAN_POINT('',(-5.83749999944094,-3.79999999999991,0.500000002209108));
#14928=CARTESIAN_POINT('',(-5.83749999944094,-3.79999999999991,2.20910800763363E-9));
#14929=CARTESIAN_POINT('',(-4.637499999459,-3.80000000000406,0.500000002209108));
#14930=CARTESIAN_POINT('',(-5.53749999944537,-3.79999999999991,0.500000002209108));
#14931=CARTESIAN_POINT('',(-4.637499999459,-3.80000000000406,0.030000002209108));
#14932=CARTESIAN_POINT('',(-4.637499999459,-3.80000000000406,2.20910800763363E-9));
#14933=CARTESIAN_POINT('',(-4.93749999944088,-3.80000000000471,0.030000002209108));
#14934=CARTESIAN_POINT('',(-5.00660305974282,-3.80000000000486,0.030000002209108));
#14935=CARTESIAN_POINT('',(-4.93749999944088,-3.80000000000471,2.20910800763363E-9));
#14936=CARTESIAN_POINT('Origin',(-5.83749999944094,-4.59999999999969,2.20910800763363E-9));
#14937=CARTESIAN_POINT('',(-5.83749999944094,-4.59999999999969,0.500000002209108));
#14938=CARTESIAN_POINT('',(-5.83749999944094,-4.59999999999969,2.20910800763363E-9));
#14939=CARTESIAN_POINT('',(-5.83749999944094,-4.40000000000093,0.500000002209108));
#14940=CARTESIAN_POINT('Origin',(-3.93749999944094,-4.59999999999986,2.20910800763363E-9));
#14941=CARTESIAN_POINT('',(-4.93749999944088,-4.60000000000539,0.030000002209108));
#14942=CARTESIAN_POINT('',(-4.93749999944088,-4.60000000000539,2.20910800763363E-9));
#14943=CARTESIAN_POINT('',(-4.637499999459,-4.60000000000504,0.030000002209108));
#14944=CARTESIAN_POINT('',(-4.65660305975131,-4.60000000000506,0.030000002209108));
#14945=CARTESIAN_POINT('',(-4.637499999459,-4.60000000000504,0.500000002209108));
#14946=CARTESIAN_POINT('',(-4.637499999459,-4.60000000000504,2.20910800763363E-9));
#14947=CARTESIAN_POINT('',(-4.58749999944538,-4.59999999999981,0.500000002209108));
#14948=CARTESIAN_POINT('Origin',(-5.23749999944979,-4.20000000000217,0.500000002209108));
#14949=CARTESIAN_POINT('',(-4.637499999459,-4.00000000000312,0.500000002209108));
#14950=CARTESIAN_POINT('Origin',(-4.637499999459,-3.80000000000406,2.20910800763363E-9));
#14951=CARTESIAN_POINT('',(-4.637499999459,-4.02512741549652,0.030000002209108));
#14952=CARTESIAN_POINT('Origin',(-4.93749999944088,-4.80000000000523,2.20910800763363E-9));
#14953=CARTESIAN_POINT('',(-4.93749999944088,-4.80000000000523,0.030000002209108));
#14954=CARTESIAN_POINT('Origin',(-4.67570612004404,-4.25025483098898,0.030000002209108));
#14955=CARTESIAN_POINT('Origin',(-5.66549999944088,-3.22499999999969,0.100000002209291));
#14956=CARTESIAN_POINT('',(-5.66549999944088,-3.22499999999969,0.100000002209291));
#14957=CARTESIAN_POINT('',(-5.60749999944066,-3.22499999999969,2.20910889581205E-9));
#14958=CARTESIAN_POINT('',(-5.66549999944088,-3.22499999999969,0.100000002209291));
#14959=CARTESIAN_POINT('',(-5.66549999944088,-2.77499999999969,0.100000002209291));
#14960=CARTESIAN_POINT('',(-5.66549999944088,-3.22499999999969,0.100000002209291));
#14961=CARTESIAN_POINT('',(-5.60749999944066,-2.77499999999969,2.20910889581205E-9));
#14962=CARTESIAN_POINT('',(-5.66549999944088,-2.77499999999969,0.100000002209291));
#14963=CARTESIAN_POINT('',(-5.60749999944066,-1.9124999999998,2.20910800763363E-9));
#14964=CARTESIAN_POINT('Origin',(-5.83749999944094,-3.22499999999969,0.100000002209291));
#14965=CARTESIAN_POINT('',(-5.83749999944094,-3.22499999999969,0.100000002209291));
#14966=CARTESIAN_POINT('',(-5.83749999944094,-3.22499999999969,0.100000002209291));
#14967=CARTESIAN_POINT('',(-5.83749999944094,-2.77499999999969,0.100000002209291));
#14968=CARTESIAN_POINT('',(-5.83749999944094,-3.31249999999953,0.100000002209291));
#14969=CARTESIAN_POINT('',(-5.83749999944094,-2.77499999999969,0.100000002209291));
#14970=CARTESIAN_POINT('Origin',(-5.7330993074076,-2.77499999999969,0.0453044274002015));
#14971=CARTESIAN_POINT('',(-5.83749999944094,-2.77499999999969,2.20910800763363E-9));
#14972=CARTESIAN_POINT('',(-5.34187860079276,-2.77499999999969,2.20910800763363E-9));
#14973=CARTESIAN_POINT('',(-5.83749999944094,-2.77499999999969,0.0226522148046548));
#14974=CARTESIAN_POINT('Origin',(-5.7330993074076,-3.22499999999969,0.0453044274002015));
#14975=CARTESIAN_POINT('',(-5.83749999944094,-3.22499999999969,2.20910800763363E-9));
#14976=CARTESIAN_POINT('',(-5.34187860079276,-3.22499999999969,2.20910800763363E-9));
#14977=CARTESIAN_POINT('',(-5.83749999944094,-3.22499999999969,0.0226522148046548));
#14978=CARTESIAN_POINT('Origin',(-4.95065789417792,-0.599999999999908,2.20910800763363E-9));
#14979=CARTESIAN_POINT('',(-5.83749999944094,-2.59999999999969,2.20910800763363E-9));
#14980=CARTESIAN_POINT('',(-5.83749999944094,-3.39999999999969,2.20910800763363E-9));
#14981=CARTESIAN_POINT('',(-4.93749999944088,-2.60000000000471,2.20910800763363E-9));
#14982=CARTESIAN_POINT('',(-5.83749999944094,-2.59999999999969,2.20910800763363E-9));
#14983=CARTESIAN_POINT('',(-4.93749999944088,-3.40000000000539,2.20910800763363E-9));
#14984=CARTESIAN_POINT('',(-4.93749999944088,-3.30000000000518,2.20910800763363E-9));
#14985=CARTESIAN_POINT('',(-5.83749999944094,-3.39999999999969,2.20910800763363E-9));
#14986=CARTESIAN_POINT('',(-5.83749999944094,-3.39999999999936,2.20910800763363E-9));
#14987=CARTESIAN_POINT('',(-5.83749999944094,-3.39999999999969,2.20910800763363E-9));
#14988=CARTESIAN_POINT('Origin',(-5.83749999944094,-2.60000000000009,2.20910800763363E-9));
#14989=CARTESIAN_POINT('',(-5.83749999944094,-2.60000000000009,0.500000002209108));
#14990=CARTESIAN_POINT('',(-5.83749999944094,-2.60000000000009,2.20910800763363E-9));
#14991=CARTESIAN_POINT('',(-4.637499999459,-2.60000000000406,0.500000002209108));
#14992=CARTESIAN_POINT('',(-5.53749999944533,-2.60000000000009,0.500000002209108));
#14993=CARTESIAN_POINT('',(-4.637499999459,-2.60000000000406,0.030000002209108));
#14994=CARTESIAN_POINT('',(-4.637499999459,-2.60000000000406,2.20910800763363E-9));
#14995=CARTESIAN_POINT('',(-4.93749999944088,-2.60000000000471,0.030000002209108));
#14996=CARTESIAN_POINT('',(-5.00660305974282,-2.60000000000486,0.030000002209108));
#14997=CARTESIAN_POINT('',(-4.93749999944088,-2.60000000000471,2.20910800763363E-9));
#14998=CARTESIAN_POINT('Origin',(-4.63749999944164,-3.39999999999936,2.20910800763363E-9));
#14999=CARTESIAN_POINT('',(-4.93749999944088,-3.40000000000539,0.030000002209108));
#15000=CARTESIAN_POINT('',(-4.93749999944088,-3.40000000000539,2.20910800763363E-9));
#15001=CARTESIAN_POINT('',(-4.637499999459,-3.40000000000504,0.030000002209108));
#15002=CARTESIAN_POINT('',(-4.65660305975131,-3.40000000000506,0.030000002209108));
#15003=CARTESIAN_POINT('',(-4.637499999459,-3.40000000000503,0.500000002209108));
#15004=CARTESIAN_POINT('',(-4.637499999459,-3.40000000000504,2.20910800763363E-9));
#15005=CARTESIAN_POINT('',(-5.83749999944094,-3.39999999999936,0.500000002209108));
#15006=CARTESIAN_POINT('',(-4.93749999944568,-3.39999999999936,0.500000002209108));
#15007=CARTESIAN_POINT('',(-5.83749999944094,-3.39999999999936,2.20910800763363E-9));
#15008=CARTESIAN_POINT('Origin',(-5.23749999944972,-3.00000000000214,0.500000002209108));
#15009=CARTESIAN_POINT('',(-5.83749999944094,-3.20000000000075,0.500000002209108));
#15010=CARTESIAN_POINT('',(-4.637499999459,-2.8000000000031,0.500000002209108));
#15011=CARTESIAN_POINT('Origin',(-4.637499999459,-2.60000000000406,2.20910800763363E-9));
#15012=CARTESIAN_POINT('',(-4.637499999459,-2.82512741549652,0.030000002209108));
#15013=CARTESIAN_POINT('Origin',(-4.93749999944088,-3.60000000000523,2.20910800763363E-9));
#15014=CARTESIAN_POINT('',(-4.93749999944088,-3.60000000000523,0.030000002209108));
#15015=CARTESIAN_POINT('Origin',(-4.67570612004404,-3.05025483098898,0.030000002209108));
#15016=CARTESIAN_POINT('Origin',(-5.83749999944094,-3.39999999999936,2.20910800763363E-9));
#15017=CARTESIAN_POINT('Origin',(5.66550000055932,-0.224999999999692,0.100000002209291));
#15018=CARTESIAN_POINT('',(5.66550000055932,-0.224999999999692,0.100000002209291));
#15019=CARTESIAN_POINT('',(5.6075000005591,-0.224999999999692,2.20910889581205E-9));
#15020=CARTESIAN_POINT('',(5.66550000055932,-0.224999999999692,0.100000002209291));
#15021=CARTESIAN_POINT('',(5.6075000005591,0.22500000000031,2.20910889581205E-9));
#15022=CARTESIAN_POINT('',(5.6075000005591,-0.112500000000534,2.20910800763363E-9));
#15023=CARTESIAN_POINT('',(5.66550000055932,0.22500000000031,0.100000002209291));
#15024=CARTESIAN_POINT('',(5.66550000055932,0.22500000000031,0.100000002209291));
#15025=CARTESIAN_POINT('',(5.66550000055932,-0.224999999999692,0.100000002209291));
#15026=CARTESIAN_POINT('Origin',(5.83750000055939,-0.224999999999692,0.100000002209291));
#15027=CARTESIAN_POINT('',(5.83750000055939,-0.224999999999692,0.100000002209291));
#15028=CARTESIAN_POINT('',(5.83750000055939,-0.224999999999692,0.100000002209291));
#15029=CARTESIAN_POINT('',(5.83750000055939,0.225000000000309,0.100000002209291));
#15030=CARTESIAN_POINT('',(5.83750000055939,0.225000000000309,0.100000002209291));
#15031=CARTESIAN_POINT('',(5.83750000055939,0.187499999999393,0.100000002209291));
#15032=CARTESIAN_POINT('Origin',(5.73309930852604,0.22500000000031,0.0453044274002015));
#15033=CARTESIAN_POINT('',(5.83750000055939,0.225000000000309,2.20910800763363E-9));
#15034=CARTESIAN_POINT('',(5.48220485697691,0.22500000000031,2.20910800763363E-9));
#15035=CARTESIAN_POINT('',(5.83750000055939,0.22500000000031,0.0226522148046548));
#15036=CARTESIAN_POINT('Origin',(5.73309930852604,-0.224999999999692,0.0453044274002015));
#15037=CARTESIAN_POINT('',(5.83750000055939,-0.224999999999692,2.20910800763363E-9));
#15038=CARTESIAN_POINT('',(5.48220485697691,-0.224999999999692,2.20910800763363E-9));
#15039=CARTESIAN_POINT('',(5.83750000055939,-0.224999999999692,0.0226522148046548));
#15040=CARTESIAN_POINT('Origin',(5.66550000055932,-4.52499999999969,0.100000002209291));
#15041=CARTESIAN_POINT('',(5.66550000055932,-4.52499999999969,0.100000002209291));
#15042=CARTESIAN_POINT('',(5.6075000005591,-4.52499999999969,2.20910889581205E-9));
#15043=CARTESIAN_POINT('',(5.66550000055932,-4.52499999999969,0.100000002209291));
#15044=CARTESIAN_POINT('',(5.6075000005591,-4.07499999999969,2.20910889581205E-9));
#15045=CARTESIAN_POINT('',(5.6075000005591,-2.26250000000053,2.20910800763363E-9));
#15046=CARTESIAN_POINT('',(5.66550000055932,-4.07499999999969,0.100000002209291));
#15047=CARTESIAN_POINT('',(5.66550000055932,-4.07499999999969,0.100000002209291));
#15048=CARTESIAN_POINT('',(5.66550000055932,-4.52499999999969,0.100000002209291));
#15049=CARTESIAN_POINT('Origin',(5.83750000055939,-4.52499999999969,0.100000002209291));
#15050=CARTESIAN_POINT('',(5.83750000055939,-4.52499999999969,0.100000002209291));
#15051=CARTESIAN_POINT('',(5.83750000055939,-4.52499999999969,0.100000002209291));
#15052=CARTESIAN_POINT('',(5.83750000055939,-4.07499999999969,0.100000002209291));
#15053=CARTESIAN_POINT('',(5.83750000055939,-4.07499999999969,0.100000002209291));
#15054=CARTESIAN_POINT('',(5.83750000055942,-4.11250000000058,0.100000002209291));
#15055=CARTESIAN_POINT('Origin',(5.73309930852604,-4.07499999999969,0.0453044274002015));
#15056=CARTESIAN_POINT('',(5.83750000055939,-4.07499999999969,2.20910800763363E-9));
#15057=CARTESIAN_POINT('',(5.48220485697691,-4.07499999999969,2.20910800763363E-9));
#15058=CARTESIAN_POINT('',(5.83750000055942,-4.07499999999969,0.0226522148046548));
#15059=CARTESIAN_POINT('Origin',(5.73309930852604,-4.52499999999969,0.0453044274002015));
#15060=CARTESIAN_POINT('',(5.83750000055939,-4.52499999999969,2.20910800763363E-9));
#15061=CARTESIAN_POINT('',(5.48220485697691,-4.52499999999969,2.20910800763363E-9));
#15062=CARTESIAN_POINT('',(5.8375000005594,-4.52499999999969,0.0226522148046548));
#15063=CARTESIAN_POINT('Origin',(5.66550000055932,4.07500000000031,0.100000002209291));
#15064=CARTESIAN_POINT('',(5.66550000055932,4.07500000000031,0.100000002209291));
#15065=CARTESIAN_POINT('',(5.6075000005591,4.07500000000031,2.20910889581205E-9));
#15066=CARTESIAN_POINT('',(5.66550000055932,4.07500000000031,0.100000002209291));
#15067=CARTESIAN_POINT('',(5.6075000005591,4.52500000000031,2.20910889581205E-9));
#15068=CARTESIAN_POINT('',(5.6075000005591,2.03749999999947,2.20910800763363E-9));
#15069=CARTESIAN_POINT('',(5.66550000055932,4.52500000000031,0.100000002209291));
#15070=CARTESIAN_POINT('',(5.66550000055932,4.52500000000031,0.100000002209291));
#15071=CARTESIAN_POINT('',(5.66550000055932,4.07500000000031,0.100000002209291));
#15072=CARTESIAN_POINT('Origin',(5.83750000055939,4.07500000000031,0.100000002209291));
#15073=CARTESIAN_POINT('',(5.83750000055939,4.07500000000031,0.100000002209291));
#15074=CARTESIAN_POINT('',(5.83750000055939,4.07500000000031,0.100000002209291));
#15075=CARTESIAN_POINT('',(5.83750000055939,4.52500000000031,0.100000002209291));
#15076=CARTESIAN_POINT('',(5.83750000055939,4.52500000000031,0.100000002209291));
#15077=CARTESIAN_POINT('',(5.83750000055939,4.48749999999937,0.100000002209291));
#15078=CARTESIAN_POINT('Origin',(5.73309930852604,4.52500000000031,0.0453044274002015));
#15079=CARTESIAN_POINT('',(5.83750000055939,4.52500000000031,2.20910800763363E-9));
#15080=CARTESIAN_POINT('',(5.48220485697691,4.52500000000031,2.20910800763363E-9));
#15081=CARTESIAN_POINT('',(5.83750000055939,4.52500000000031,0.0226522148046548));
#15082=CARTESIAN_POINT('Origin',(5.73309930852604,4.07500000000031,0.0453044274002015));
#15083=CARTESIAN_POINT('',(5.83750000055939,4.07500000000031,2.20910800763363E-9));
#15084=CARTESIAN_POINT('',(5.48220485697691,4.07500000000031,2.20910800763363E-9));
#15085=CARTESIAN_POINT('',(5.83750000055939,4.07500000000031,0.0226522148046548));
#15086=CARTESIAN_POINT('Origin',(5.23131040542778,-1.37664738426755E-12,
2.20910800763363E-9));
#15087=CARTESIAN_POINT('',(5.83750000055938,-0.600000000001071,2.20910800763363E-9));
#15088=CARTESIAN_POINT('',(5.83750000055938,0.599999999998929,2.20910800763363E-9));
#15089=CARTESIAN_POINT('',(5.57750000055979,-0.60000000000134,2.20910800763363E-9));
#15090=CARTESIAN_POINT('',(5.40690520299378,-0.60000000000134,2.20910800763363E-9));
#15091=CARTESIAN_POINT('',(5.57750000055979,-3.70000000000148,2.20910800763363E-9));
#15092=CARTESIAN_POINT('',(5.57750000055979,-1.07500000000139,2.20910800763363E-9));
#15093=CARTESIAN_POINT('',(5.83750000055938,-3.70000000000107,2.20910800763363E-9));
#15094=CARTESIAN_POINT('',(5.83750000055944,-3.70000000000148,2.20910800763363E-9));
#15095=CARTESIAN_POINT('',(5.83750000055938,-3.70000000000107,2.20910800763363E-9));
#15096=CARTESIAN_POINT('',(5.83750000055938,-4.90000000000107,2.20910800763363E-9));
#15097=CARTESIAN_POINT('',(5.83750000055938,-3.70000000000107,2.20910800763363E-9));
#15098=CARTESIAN_POINT('',(5.1875000005498,-4.90000000000141,2.20910800763363E-9));
#15099=CARTESIAN_POINT('',(5.1875000005498,-4.90000000000141,2.20910800763363E-9));
#15100=CARTESIAN_POINT('',(5.18750000054969,-4.25000000000109,2.20910800763363E-9));
#15101=CARTESIAN_POINT('',(5.18750000054969,-4.25000000000109,2.20910800763363E-9));
#15102=CARTESIAN_POINT('',(4.85750000054248,-4.25000000000109,2.20910800763363E-9));
#15103=CARTESIAN_POINT('',(4.66250000054255,-4.25000000000109,2.20910800763363E-9));
#15104=CARTESIAN_POINT('',(4.85750000054248,4.24999999999884,2.20910800763363E-9));
#15105=CARTESIAN_POINT('',(4.85750000054248,4.24999999999884,2.20910800763363E-9));
#15106=CARTESIAN_POINT('',(5.18750000054969,4.24999999999891,2.20910800763363E-9));
#15107=CARTESIAN_POINT('',(4.86250000054248,4.24999999999884,2.20910800763363E-9));
#15108=CARTESIAN_POINT('',(5.18750000054969,4.89999999999855,2.20910800763363E-9));
#15109=CARTESIAN_POINT('',(5.18750000054969,4.89999999999855,2.20910800763363E-9));
#15110=CARTESIAN_POINT('',(5.83750000055938,4.89999999999893,2.20910800763363E-9));
#15111=CARTESIAN_POINT('',(5.83750000055939,4.89999999999843,2.20910800763363E-9));
#15112=CARTESIAN_POINT('',(5.83750000055938,4.89999999999893,2.20910800763363E-9));
#15113=CARTESIAN_POINT('',(5.83750000055938,3.69999999999893,2.20910800763363E-9));
#15114=CARTESIAN_POINT('',(5.83750000055938,4.89999999999893,2.20910800763363E-9));
#15115=CARTESIAN_POINT('',(5.57750000055979,3.69999999999816,2.20910800763363E-9));
#15116=CARTESIAN_POINT('',(5.40690520299378,3.69999999999816,2.20910800763363E-9));
#15117=CARTESIAN_POINT('',(5.57750000055979,0.599999999998478,2.20910800763363E-9));
#15118=CARTESIAN_POINT('',(5.57750000055979,1.07499999999847,2.20910800763363E-9));
#15119=CARTESIAN_POINT('',(5.83750000055938,0.599999999998929,2.20910800763363E-9));
#15120=CARTESIAN_POINT('',(5.83750000055939,0.599999999998477,2.20910800763363E-9));
#15121=CARTESIAN_POINT('',(5.83750000055938,0.599999999998929,2.20910800763363E-9));
#15122=CARTESIAN_POINT('Origin',(5.83750000055939,4.89999999999843,2.20910800763363E-9));
#15123=CARTESIAN_POINT('',(5.83750000055939,4.89999999999843,0.500000002209108));
#15124=CARTESIAN_POINT('',(5.83750000055939,4.89999999999843,2.20910800763363E-9));
#15125=CARTESIAN_POINT('',(5.83750000055939,3.69999999999816,0.500000002209108));
#15126=CARTESIAN_POINT('',(5.83750000055939,2.44999999999853,0.500000002209108));
#15127=CARTESIAN_POINT('',(5.83750000055939,3.69999999999816,2.20910800763363E-9));
#15128=CARTESIAN_POINT('Origin',(5.18750000054969,4.89999999999855,2.20910800763363E-9));
#15129=CARTESIAN_POINT('',(5.18750000054969,4.89999999999855,0.500000002209108));
#15130=CARTESIAN_POINT('',(5.18750000054969,4.89999999999855,2.20910800763363E-9));
#15131=CARTESIAN_POINT('',(5.20940520298917,4.89999999999854,0.500000002209108));
#15132=CARTESIAN_POINT('Origin',(5.83750000055939,0.599999999998477,2.20910800763363E-9));
#15133=CARTESIAN_POINT('',(5.83750000055939,0.599999999998478,0.500000002209108));
#15134=CARTESIAN_POINT('',(5.83750000055939,0.599999999998477,2.20910800763363E-9));
#15135=CARTESIAN_POINT('',(5.83750000055939,-0.60000000000134,0.500000002209108));
#15136=CARTESIAN_POINT('',(5.83750000055939,0.299999999998549,0.500000002209108));
#15137=CARTESIAN_POINT('',(5.83750000055939,-0.600000000001341,2.20910800763363E-9));
#15138=CARTESIAN_POINT('Origin',(5.58250000055979,0.599999999998477,2.20910800763363E-9));
#15139=CARTESIAN_POINT('',(5.57750000055979,0.599999999998482,0.500000002209108));
#15140=CARTESIAN_POINT('',(5.57750000055979,0.599999999998482,0.500000002209108));
#15141=CARTESIAN_POINT('',(5.40690520299378,0.599999999998477,0.500000002209108));
#15142=CARTESIAN_POINT('Origin',(5.83750000055944,-3.70000000000148,2.20910800763363E-9));
#15143=CARTESIAN_POINT('',(5.83750000055944,-3.70000000000148,0.500000002209108));
#15144=CARTESIAN_POINT('',(5.83750000055944,-3.70000000000148,2.20910800763363E-9));
#15145=CARTESIAN_POINT('',(5.83750000055938,-4.90000000000107,0.500000002209108));
#15146=CARTESIAN_POINT('',(5.83750000055953,-1.85000000000144,0.500000002209108));
#15147=CARTESIAN_POINT('',(5.83750000055938,-4.90000000000107,2.20910800763363E-9));
#15148=CARTESIAN_POINT('Origin',(5.58250000055979,-3.70000000000148,2.20910800763363E-9));
#15149=CARTESIAN_POINT('',(5.57750000055979,-3.70000000000148,0.500000002209108));
#15150=CARTESIAN_POINT('',(5.57750000055979,-3.70000000000148,0.500000002209108));
#15151=CARTESIAN_POINT('',(5.40690520299378,-3.70000000000148,0.500000002209108));
#15152=CARTESIAN_POINT('Origin',(5.83750000055939,3.69999999999816,2.20910800763363E-9));
#15153=CARTESIAN_POINT('',(5.57750000055979,3.69999999999816,0.500000002209108));
#15154=CARTESIAN_POINT('',(5.40690520299378,3.69999999999816,0.500000002209108));
#15155=CARTESIAN_POINT('',(5.57750000055979,3.69999999999816,2.20910800763363E-9));
#15156=CARTESIAN_POINT('Origin',(5.83750000055939,-0.600000000001341,2.20910800763363E-9));
#15157=CARTESIAN_POINT('',(5.57750000055979,-0.600000000001336,0.500000002209108));
#15158=CARTESIAN_POINT('',(5.40690520299378,-0.600000000001336,0.500000002209108));
#15159=CARTESIAN_POINT('',(5.57750000055979,-0.60000000000134,2.20910800763363E-9));
#15160=CARTESIAN_POINT('Origin',(4.85750000054248,-1.12503701123169E-12,
0.015000002209108));
#15161=CARTESIAN_POINT('',(4.85750000054248,4.24999999999884,0.030000002209108));
#15162=CARTESIAN_POINT('',(4.85750000054248,-4.25000000000109,0.030000002209108));
#15163=CARTESIAN_POINT('',(4.85750000054248,-0.0311282342547932,0.030000002209108));
#15164=CARTESIAN_POINT('',(4.85750000054248,4.24999999999884,0.030000002209108));
#15165=CARTESIAN_POINT('',(4.85750000054248,-4.25000000000109,2.20910800763363E-9));
#15166=CARTESIAN_POINT('Origin',(4.31491835286413,-0.0622564685084612,0.030000002209108));
#15167=CARTESIAN_POINT('',(4.66250000054255,-4.25000000000109,0.030000002209108));
#15168=CARTESIAN_POINT('',(4.75120917670691,-4.25000000000109,0.030000002209108));
#15169=CARTESIAN_POINT('',(4.66250000054255,4.2499999999988,0.030000002209108));
#15170=CARTESIAN_POINT('',(4.66250000054255,-2.15612823425478,0.030000002209108));
#15171=CARTESIAN_POINT('',(4.48870917670288,4.24999999999876,0.030000002209108));
#15172=CARTESIAN_POINT('Origin',(5.57750000055979,2.14999999999832,0.250000002209108));
#15173=CARTESIAN_POINT('',(5.57750000055979,1.07499999999847,0.500000002209108));
#15174=CARTESIAN_POINT('Origin',(5.23131040542778,-1.37746279671286E-12,
0.500000002209108));
#15175=CARTESIAN_POINT('',(5.18750000054969,4.24999999999891,0.500000002209108));
#15176=CARTESIAN_POINT('',(5.18750000054969,2.12499999999877,0.500000002209108));
#15177=CARTESIAN_POINT('',(4.66250000054255,4.24999999999879,0.500000002209108));
#15178=CARTESIAN_POINT('',(4.94690520298471,4.24999999999886,0.500000002209108));
#15179=CARTESIAN_POINT('',(4.66250000054255,-4.25000000000109,0.500000002209108));
#15180=CARTESIAN_POINT('',(4.66250000054255,-2.12500000000123,0.500000002209108));
#15181=CARTESIAN_POINT('',(5.18750000054968,-4.25000000000109,0.500000002209108));
#15182=CARTESIAN_POINT('',(5.20940520298873,-4.25000000000109,0.500000002209108));
#15183=CARTESIAN_POINT('',(5.1875000005498,-4.90000000000141,0.500000002209108));
#15184=CARTESIAN_POINT('',(5.18750000054937,-2.4500000000014,0.500000002209108));
#15185=CARTESIAN_POINT('',(5.53440520299486,-4.90000000000123,0.500000002209108));
#15186=CARTESIAN_POINT('',(5.57750000055979,-1.07500000000139,0.500000002209108));
#15187=CARTESIAN_POINT('Origin',(5.57750000055979,-2.15000000000141,0.250000002209108));
#15188=CARTESIAN_POINT('Origin',(5.18750000054969,-4.25000000000109,2.20910800763363E-9));
#15189=CARTESIAN_POINT('',(4.66250000054255,-4.25000000000109,2.20910800763363E-9));
#15190=CARTESIAN_POINT('',(5.18750000054969,-4.25000000000109,2.20910800763363E-9));
#15191=CARTESIAN_POINT('Origin',(5.83750000055938,-4.90000000000107,2.20910800763363E-9));
#15192=CARTESIAN_POINT('',(5.1875000005498,-4.90000000000141,2.20910800763363E-9));
#15193=CARTESIAN_POINT('Origin',(5.1875000005498,-4.90000000000141,2.20910800763363E-9));
#15194=CARTESIAN_POINT('Origin',(4.66250000054255,-4.25000000000109,2.20910800763363E-9));
#15195=CARTESIAN_POINT('',(4.66250000054255,4.2499999999988,2.20910800763363E-9));
#15196=CARTESIAN_POINT('Origin',(4.66250000054255,4.2499999999988,2.20910800763363E-9));
#15197=CARTESIAN_POINT('',(5.18750000054969,4.24999999999891,2.20910800763363E-9));
#15198=CARTESIAN_POINT('Origin',(5.18750000054969,4.24999999999891,2.20910800763363E-9));
#15199=UNCERTAINTY_MEASURE_WITH_UNIT(LENGTH_MEASURE(0.01),#15203,
'DISTANCE_ACCURACY_VALUE',
'Maximum model space distance between geometric entities at asserted c
onnectivities');
#15200=UNCERTAINTY_MEASURE_WITH_UNIT(LENGTH_MEASURE(0.01),#15203,
'DISTANCE_ACCURACY_VALUE',
'Maximum model space distance between geometric entities at asserted c
onnectivities');
#15201=(
GEOMETRIC_REPRESENTATION_CONTEXT(3)
GLOBAL_UNCERTAINTY_ASSIGNED_CONTEXT((#15199))
GLOBAL_UNIT_ASSIGNED_CONTEXT((#15203,#15205,#15204))
REPRESENTATION_CONTEXT('','3D')
);
#15202=(
GEOMETRIC_REPRESENTATION_CONTEXT(3)
GLOBAL_UNCERTAINTY_ASSIGNED_CONTEXT((#15200))
GLOBAL_UNIT_ASSIGNED_CONTEXT((#15203,#15205,#15204))
REPRESENTATION_CONTEXT('','3D')
);
#15203=(
LENGTH_UNIT()
NAMED_UNIT(*)
SI_UNIT(.MILLI.,.METRE.)
);
#15204=(
NAMED_UNIT(*)
SI_UNIT($,.STERADIAN.)
SOLID_ANGLE_UNIT()
);
#15205=(
NAMED_UNIT(*)
PLANE_ANGLE_UNIT()
SI_UNIT($,.RADIAN.)
);
#15206=SHAPE_DEFINITION_REPRESENTATION(#15207,#15208);
#15207=PRODUCT_DEFINITION_SHAPE('',$,#15210);
#15208=SHAPE_REPRESENTATION('',(#9086),#15201);
#15209=PRODUCT_DEFINITION_CONTEXT('part definition',#15214,'design');
#15210=PRODUCT_DEFINITION('Product','Product',#15211,#15209);
#15211=PRODUCT_DEFINITION_FORMATION('',$,#15216);
#15212=PRODUCT_RELATED_PRODUCT_CATEGORY('Product','Product',(#15216));
#15213=APPLICATION_PROTOCOL_DEFINITION('international standard',
'automotive_design',2009,#15214);
#15214=APPLICATION_CONTEXT(
'Core Data for Automotive Mechanical Design Process');
#15215=PRODUCT_CONTEXT('part definition',#15214,'mechanical');
#15216=PRODUCT('Product','Product',$,(#15215));
#15217=PRESENTATION_STYLE_ASSIGNMENT((#15220));
#15218=PRESENTATION_STYLE_ASSIGNMENT((#15221));
#15219=PRESENTATION_STYLE_ASSIGNMENT((#15222));
#15220=SURFACE_STYLE_USAGE(.BOTH.,#15223);
#15221=SURFACE_STYLE_USAGE(.BOTH.,#15224);
#15222=SURFACE_STYLE_USAGE(.BOTH.,#15225);
#15223=SURFACE_SIDE_STYLE('',(#15226));
#15224=SURFACE_SIDE_STYLE('',(#15227));
#15225=SURFACE_SIDE_STYLE('',(#15228));
#15226=SURFACE_STYLE_FILL_AREA(#15229);
#15227=SURFACE_STYLE_FILL_AREA(#15230);
#15228=SURFACE_STYLE_FILL_AREA(#15231);
#15229=FILL_AREA_STYLE('',(#15232));
#15230=FILL_AREA_STYLE('',(#15233));
#15231=FILL_AREA_STYLE('',(#15234));
#15232=FILL_AREA_STYLE_COLOUR('',#15235);
#15233=FILL_AREA_STYLE_COLOUR('',#15236);
#15234=FILL_AREA_STYLE_COLOUR('',#15237);
#15235=COLOUR_RGB('',1.,1.,1.);
#15236=COLOUR_RGB('',0.329411764705882,0.329411764705882,0.329411764705882);
#15237=COLOUR_RGB('',0.866666666666667,0.866666666666667,0.866666666666667);
ENDSEC;
END-ISO-10303-21;
