ISO-10303-21;
HEADER;
FILE_DESCRIPTION( ( 'Unknown' ), '1' );
FILE_NAME( 'I:/User_Groups_Only/17_EMC_Product_&_Development/Article_Master/eiCan/Powerelements/PeSMBU/Master_Data/01_CAD_drawing/1_Drawing/7466203/Released_Data/7466203.stp', 'Unknown', ( 'Unknown' ), ( 'Unknown' ), 'PSStep 14.0', 'Unknown', '  ' );
FILE_SCHEMA( ( 'AUTOMOTIVE_DESIGN { 1 0 10303 214 1 1 1 1 }' ) );
ENDSEC;
DATA;
#1 = MECHANICAL_DESIGN_GEOMETRIC_PRESENTATION_REPRESENTATION( ' ', ( #10, #11, #12, #13, #14, #15, #16, #17, #18, #19 ), #6 );
#2 = PRODUCT_DEFINITION_CONTEXT( '', #20, 'design' );
#3 = APPLICATION_PROTOCOL_DEFINITION( 'international standard', 'automotive_design', 2001, #20 );
#4 = PRODUCT_CATEGORY_RELATIONSHIP( 'NONE', 'NONE', #21, #22 );
#5 = SHAPE_DEFINITION_REPRESENTATION( #23, #24 );
#6 =  ( GEOMETRIC_REPRESENTATION_CONTEXT( 3 )GLOBAL_UNCERTAINTY_ASSIGNED_CONTEXT( ( #27 ) )GLOBAL_UNIT_ASSIGNED_CONTEXT( ( #29, #30, #31 ) )REPRESENTATION_CONTEXT( 'NONE', 'WORKSPACE' ) );
#10 = STYLED_ITEM( '', ( #33 ), #34 );
#11 = STYLED_ITEM( '', ( #35 ), #36 );
#12 = STYLED_ITEM( '', ( #37 ), #38 );
#13 = STYLED_ITEM( '', ( #39 ), #40 );
#14 = STYLED_ITEM( '', ( #41 ), #42 );
#15 = STYLED_ITEM( '', ( #43 ), #44 );
#16 = STYLED_ITEM( '', ( #45 ), #46 );
#17 = STYLED_ITEM( '', ( #47 ), #48 );
#18 = STYLED_ITEM( '', ( #49 ), #50 );
#19 = STYLED_ITEM( '', ( #51 ), #52 );
#20 = APPLICATION_CONTEXT( 'core data for automotive mechanical design processes' );
#21 = PRODUCT_CATEGORY( 'part', 'NONE' );
#22 = PRODUCT_RELATED_PRODUCT_CATEGORY( 'detail', ' ', ( #53 ) );
#23 = PRODUCT_DEFINITION_SHAPE( 'NONE', 'NONE', #54 );
#24 = ADVANCED_BREP_SHAPE_REPRESENTATION( '1', ( #55, #56 ), #6 );
#27 = UNCERTAINTY_MEASURE_WITH_UNIT( LENGTH_MEASURE( 0.00100000000000000 ), #29, '', '' );
#29 =  ( CONVERSION_BASED_UNIT( 'MILLIMETRE', #59 )LENGTH_UNIT(  )NAMED_UNIT( #62 ) );
#30 =  ( NAMED_UNIT( #64 )PLANE_ANGLE_UNIT(  )SI_UNIT( $, .RADIAN. ) );
#31 =  ( NAMED_UNIT( #64 )SI_UNIT( $, .STERADIAN. )SOLID_ANGLE_UNIT(  ) );
#33 = PRESENTATION_STYLE_ASSIGNMENT( ( #70 ) );
#34 = ADVANCED_FACE( '', ( #71 ), #72, .F. );
#35 = PRESENTATION_STYLE_ASSIGNMENT( ( #73 ) );
#36 = ADVANCED_FACE( '', ( #74 ), #75, .F. );
#37 = PRESENTATION_STYLE_ASSIGNMENT( ( #76 ) );
#38 = ADVANCED_FACE( '', ( #77, #78 ), #79, .F. );
#39 = PRESENTATION_STYLE_ASSIGNMENT( ( #80 ) );
#40 = ADVANCED_FACE( '', ( #81 ), #82, .T. );
#41 = PRESENTATION_STYLE_ASSIGNMENT( ( #83 ) );
#42 = ADVANCED_FACE( '', ( #84 ), #85, .F. );
#43 = PRESENTATION_STYLE_ASSIGNMENT( ( #86 ) );
#44 = ADVANCED_FACE( '', ( #87, #88 ), #89, .T. );
#45 = PRESENTATION_STYLE_ASSIGNMENT( ( #90 ) );
#46 = ADVANCED_FACE( '', ( #91 ), #92, .F. );
#47 = PRESENTATION_STYLE_ASSIGNMENT( ( #93 ) );
#48 = ADVANCED_FACE( '', ( #94 ), #95, .T. );
#49 = PRESENTATION_STYLE_ASSIGNMENT( ( #96 ) );
#50 = ADVANCED_FACE( '', ( #97, #98 ), #99, .F. );
#51 = PRESENTATION_STYLE_ASSIGNMENT( ( #100 ) );
#52 = ADVANCED_FACE( '', ( #101, #102 ), #103, .F. );
#53 = PRODUCT( '1', '1', 'PART-1-DESC', ( #104 ) );
#54 = PRODUCT_DEFINITION( 'NONE', 'NONE', #105, #2 );
#55 = MANIFOLD_SOLID_BREP( '1', #106 );
#56 = AXIS2_PLACEMENT_3D( '', #107, #108, #109 );
#59 = LENGTH_MEASURE_WITH_UNIT( LENGTH_MEASURE( 1.00000000000000 ), #110 );
#62 = DIMENSIONAL_EXPONENTS( 1.00000000000000, 0.000000000000000, 0.000000000000000, 0.000000000000000, 0.000000000000000, 0.000000000000000, 0.000000000000000 );
#64 = DIMENSIONAL_EXPONENTS( 0.000000000000000, 0.000000000000000, 0.000000000000000, 0.000000000000000, 0.000000000000000, 0.000000000000000, 0.000000000000000 );
#70 = SURFACE_STYLE_USAGE( .BOTH., #111 );
#71 = FACE_OUTER_BOUND( '', #112, .T. );
#72 = CONICAL_SURFACE( '', #113, 1.50000000000000, 0.785398163397448 );
#73 = SURFACE_STYLE_USAGE( .BOTH., #114 );
#74 = FACE_OUTER_BOUND( '', #115, .T. );
#75 = ( BOUNDED_SURFACE(  )B_SPLINE_SURFACE( 1, 2, ( ( #118, #119, #120, #121, #122, #123, #124, #125, #126, #127, #128, #129, #130, #131, #132, #133, #134, #135, #136, #137, #138, #139, #140, #141, #142, #143, #144, #145, #146, #147, #148, #149, #150, #151, #152, #153, #154, #155, #156, #157, #158, #159, #160, #161, #162, #163, #164, #165, #166, #167, #168, #169, #170, #171, #172, #173, #174, #175, #176, #177, #178, #179, #180, #181, #182, #183, #184, #185, #186, #187, #188, #189, #190, #191, #192, #193, #194, #195, #196, #197, #198, #199, #200, #201, #202, #203, #204, #205, #206, #207, #208, #209, #210, #211, #212, #213, #214 ), ( #215, #216, #217, #218, #219, #220, #221, #222, #223, #224, #225, #226, #227, #228, #229, #230, #231, #232, #233, #234, #235, #236, #237, #238, #239, #240, #241, #242, #243, #244, #245, #246, #247, #248, #249, #250, #251, #252, #253, #254, #255, #256, #257, #258, #259, #260, #261, #262, #263, #264, #265, #266, #267, #268, #269, #270, #271, #272, #273, #274, #275, #276, #277, #278, #279, #280, #281, #282, #283, #284, #285, #286, #287, #288, #289, #290, #291, #292, #293, #294, #295, #296, #297, #298, #299, #300, #301, #302, #303, #304, #305, #306, #307, #308, #309, #310, #311 ) ), .UNSPECIFIED., .F., .F., .F. )B_SPLINE_SURFACE_WITH_KNOTS( ( 2, 2 ), ( 3, 2, 2, 2, 2, 2, 2, 2, 2, 2, 2, 2, 2, 2, 2, 2, 2, 2, 2, 2, 2, 2, 2, 2, 2, 2, 2, 2, 2, 2, 2, 2, 2, 2, 2, 2, 2, 2, 2, 2, 2, 2, 2, 2, 2, 2, 2, 2, 3 ), ( 0.000000000000000, 1.00000000000000 ), ( 0.000000000000000, 0.0208333333333334, 0.0416666666666667, 0.0625000000000000, 0.0833333333333333, 0.104166666666667, 0.125000000000000, 0.145833333333333, 0.166666666666667, 0.187500000000000, 0.208333333333334, 0.229166666666666, 0.250000000000000, 0.270833333333334, 0.291666666666667, 0.312500000000000, 0.333333333333334, 0.354166666666667, 0.375000000000000, 0.395833333333334, 0.416666666666667, 0.437500000000000, 0.458333333333333, 0.479166666666667, 0.500000000000000, 0.520833333333333, 0.541666666666667, 0.562500000000000, 0.583333333333333, 0.604166666666667, 0.625000000000000, 0.645833333333333, 0.666666666666667, 0.687500000000000, 0.708333333333333, 0.729166666666667, 0.750000000000000, 0.770833333333333, 0.791666666666667, 0.812500000000000, 0.833333333333333, 0.854166666666667, 0.875000000000000, 0.895833333333333, 0.916666666666667, 0.937500000000000, 0.958333333333333, 0.979166666666667, 1.00000000000000 ), .UNSPECIFIED. )GEOMETRIC_REPRESENTATION_ITEM(  )RATIONAL_B_SPLINE_SURFACE( ( ( 1.00000000000000, 0.866025403784439, 1.00000000000000, 0.866025403784439, 1.00000000000000, 0.866025403784439, 1.00000000000000, 0.866025403784439, 1.00000000000000, 0.866025403784439, 1.00000000000000, 0.866025403784439, 1.00000000000000, 0.866025403784439, 1.00000000000000, 0.866025403784439, 1.00000000000000, 0.866025403784439, 1.00000000000000, 0.866025403784439, 1.00000000000000, 0.866025403784439, 1.00000000000000, 0.866025403784439, 1.00000000000000, 0.866025403784439, 1.00000000000000, 0.866025403784439, 1.00000000000000, 0.866025403784439, 1.00000000000000, 0.866025403784439, 1.00000000000000, 0.866025403784439, 1.00000000000000, 0.866025403784439, 1.00000000000000, 0.866025403784439, 1.00000000000000, 0.866025403784439, 1.00000000000000, 0.866025403784439, 1.00000000000000, 0.866025403784439, 1.00000000000000, 0.866025403784439, 1.00000000000000, 0.866025403784439, 1.00000000000000, 0.866025403784439, 1.00000000000000, 0.866025403784439, 1.00000000000000, 0.866025403784439, 1.00000000000000, 0.866025403784439, 1.00000000000000, 0.866025403784439, 1.00000000000000, 0.866025403784439, 1.00000000000000, 0.866025403784439, 1.00000000000000, 0.866025403784439, 1.00000000000000, 0.866025403784439, 1.00000000000000, 0.866025403784439, 1.00000000000000, 0.866025403784439, 1.00000000000000, 0.866025403784439, 1.00000000000000, 0.866025403784439, 1.00000000000000, 0.866025403784439, 1.00000000000000, 0.866025403784439, 1.00000000000000, 0.866025403784439, 1.00000000000000, 0.866025403784439, 1.00000000000000, 0.866025403784439, 1.00000000000000, 0.866025403784439, 1.00000000000000, 0.866025403784439, 1.00000000000000, 0.866025403784439, 1.00000000000000, 0.866025403784439, 1.00000000000000, 0.866025403784439, 1.00000000000000, 0.866025403784439, 1.00000000000000 ), ( 1.00000000000000, 0.866025403784439, 1.00000000000000, 0.866025403784439, 1.00000000000000, 0.866025403784439, 1.00000000000000, 0.866025403784439, 1.00000000000000, 0.866025403784439, 1.00000000000000, 0.866025403784439, 1.00000000000000, 0.866025403784439, 1.00000000000000, 0.866025403784439, 1.00000000000000, 0.866025403784439, 1.00000000000000, 0.866025403784439, 1.00000000000000, 0.866025403784439, 1.00000000000000, 0.866025403784439, 1.00000000000000, 0.866025403784439, 1.00000000000000, 0.866025403784439, 1.00000000000000, 0.866025403784439, 1.00000000000000, 0.866025403784439, 1.00000000000000, 0.866025403784439, 1.00000000000000, 0.866025403784439, 1.00000000000000, 0.866025403784439, 1.00000000000000, 0.866025403784439, 1.00000000000000, 0.866025403784439, 1.00000000000000, 0.866025403784439, 1.00000000000000, 0.866025403784439, 1.00000000000000, 0.866025403784439, 1.00000000000000, 0.866025403784439, 1.00000000000000, 0.866025403784439, 1.00000000000000, 0.866025403784439, 1.00000000000000, 0.866025403784439, 1.00000000000000, 0.866025403784439, 1.00000000000000, 0.866025403784439, 1.00000000000000, 0.866025403784439, 1.00000000000000, 0.866025403784439, 1.00000000000000, 0.866025403784439, 1.00000000000000, 0.866025403784439, 1.00000000000000, 0.866025403784439, 1.00000000000000, 0.866025403784439, 1.00000000000000, 0.866025403784439, 1.00000000000000, 0.866025403784439, 1.00000000000000, 0.866025403784439, 1.00000000000000, 0.866025403784439, 1.00000000000000, 0.866025403784439, 1.00000000000000, 0.866025403784439, 1.00000000000000, 0.866025403784439, 1.00000000000000, 0.866025403784439, 1.00000000000000, 0.866025403784439, 1.00000000000000, 0.866025403784439, 1.00000000000000, 0.866025403784439, 1.00000000000000, 0.866025403784439, 1.00000000000000 ) ) )REPRESENTATION_ITEM( '' )SURFACE(  ) );
#76 = SURFACE_STYLE_USAGE( .BOTH., #317 );
#77 = FACE_OUTER_BOUND( '', #318, .T. );
#78 = FACE_BOUND( '', #319, .T. );
#79 = PLANE( '', #320 );
#80 = SURFACE_STYLE_USAGE( .BOTH., #321 );
#81 = FACE_OUTER_BOUND( '', #322, .T. );
#82 = PLANE( '', #323 );
#83 = SURFACE_STYLE_USAGE( .BOTH., #324 );
#84 = FACE_OUTER_BOUND( '', #325, .T. );
#85 = ( BOUNDED_SURFACE(  )B_SPLINE_SURFACE( 1, 2, ( ( #328, #329, #330, #331, #332, #333, #334, #335, #336, #337, #338, #339, #340, #341, #342, #343, #344, #345, #346, #347, #348, #349, #350, #351, #352, #353, #354, #355, #356, #357, #358, #359, #360, #361, #362, #363, #364, #365, #366, #367, #368, #369, #370, #371, #372, #373, #374, #375, #376, #377, #378, #379, #380, #381, #382, #383, #384, #385, #386, #387, #388, #389, #390, #391, #392, #393, #394, #395, #396, #397, #398, #399, #400, #401, #402, #403, #404, #405, #406, #407, #408, #409, #410, #411, #412, #413, #414, #415, #416, #417, #418, #419, #420, #421, #422, #423, #424 ), ( #425, #426, #427, #428, #429, #430, #431, #432, #433, #434, #435, #436, #437, #438, #439, #440, #441, #442, #443, #444, #445, #446, #447, #448, #449, #450, #451, #452, #453, #454, #455, #456, #457, #458, #459, #460, #461, #462, #463, #464, #465, #466, #467, #468, #469, #470, #471, #472, #473, #474, #475, #476, #477, #478, #479, #480, #481, #482, #483, #484, #485, #486, #487, #488, #489, #490, #491, #492, #493, #494, #495, #496, #497, #498, #499, #500, #501, #502, #503, #504, #505, #506, #507, #508, #509, #510, #511, #512, #513, #514, #515, #516, #517, #518, #519, #520, #521 ) ), .UNSPECIFIED., .F., .F., .F. )B_SPLINE_SURFACE_WITH_KNOTS( ( 2, 2 ), ( 3, 2, 2, 2, 2, 2, 2, 2, 2, 2, 2, 2, 2, 2, 2, 2, 2, 2, 2, 2, 2, 2, 2, 2, 2, 2, 2, 2, 2, 2, 2, 2, 2, 2, 2, 2, 2, 2, 2, 2, 2, 2, 2, 2, 2, 2, 2, 2, 3 ), ( 0.000000000000000, 1.00000000000000 ), ( 0.000000000000000, 0.0208333333333334, 0.0416666666666667, 0.0625000000000000, 0.0833333333333333, 0.104166666666667, 0.125000000000000, 0.145833333333333, 0.166666666666667, 0.187500000000000, 0.208333333333334, 0.229166666666666, 0.250000000000000, 0.270833333333334, 0.291666666666667, 0.312500000000000, 0.333333333333334, 0.354166666666667, 0.375000000000000, 0.395833333333334, 0.416666666666667, 0.437500000000000, 0.458333333333333, 0.479166666666667, 0.500000000000000, 0.520833333333333, 0.541666666666667, 0.562500000000000, 0.583333333333333, 0.604166666666667, 0.625000000000000, 0.645833333333333, 0.666666666666667, 0.687500000000000, 0.708333333333333, 0.729166666666667, 0.750000000000000, 0.770833333333333, 0.791666666666667, 0.812500000000000, 0.833333333333333, 0.854166666666667, 0.875000000000000, 0.895833333333333, 0.916666666666667, 0.937500000000000, 0.958333333333333, 0.979166666666667, 1.00000000000000 ), .UNSPECIFIED. )GEOMETRIC_REPRESENTATION_ITEM(  )RATIONAL_B_SPLINE_SURFACE( ( ( 1.00000000000000, 0.866025403784439, 1.00000000000000, 0.866025403784439, 1.00000000000000, 0.866025403784439, 1.00000000000000, 0.866025403784439, 1.00000000000000, 0.866025403784439, 1.00000000000000, 0.866025403784439, 1.00000000000000, 0.866025403784439, 1.00000000000000, 0.866025403784439, 1.00000000000000, 0.866025403784439, 1.00000000000000, 0.866025403784439, 1.00000000000000, 0.866025403784439, 1.00000000000000, 0.866025403784439, 1.00000000000000, 0.866025403784439, 1.00000000000000, 0.866025403784439, 1.00000000000000, 0.866025403784439, 1.00000000000000, 0.866025403784439, 1.00000000000000, 0.866025403784439, 1.00000000000000, 0.866025403784439, 1.00000000000000, 0.866025403784439, 1.00000000000000, 0.866025403784439, 1.00000000000000, 0.866025403784439, 1.00000000000000, 0.866025403784439, 1.00000000000000, 0.866025403784439, 1.00000000000000, 0.866025403784439, 1.00000000000000, 0.866025403784439, 1.00000000000000, 0.866025403784439, 1.00000000000000, 0.866025403784439, 1.00000000000000, 0.866025403784439, 1.00000000000000, 0.866025403784439, 1.00000000000000, 0.866025403784439, 1.00000000000000, 0.866025403784439, 1.00000000000000, 0.866025403784439, 1.00000000000000, 0.866025403784439, 1.00000000000000, 0.866025403784439, 1.00000000000000, 0.866025403784439, 1.00000000000000, 0.866025403784439, 1.00000000000000, 0.866025403784439, 1.00000000000000, 0.866025403784439, 1.00000000000000, 0.866025403784439, 1.00000000000000, 0.866025403784439, 1.00000000000000, 0.866025403784439, 1.00000000000000, 0.866025403784439, 1.00000000000000, 0.866025403784439, 1.00000000000000, 0.866025403784439, 1.00000000000000, 0.866025403784439, 1.00000000000000, 0.866025403784439, 1.00000000000000, 0.866025403784439, 1.00000000000000, 0.866025403784439, 1.00000000000000 ), ( 1.00000000000000, 0.866025403784439, 1.00000000000000, 0.866025403784439, 1.00000000000000, 0.866025403784439, 1.00000000000000, 0.866025403784439, 1.00000000000000, 0.866025403784439, 1.00000000000000, 0.866025403784439, 1.00000000000000, 0.866025403784439, 1.00000000000000, 0.866025403784439, 1.00000000000000, 0.866025403784439, 1.00000000000000, 0.866025403784439, 1.00000000000000, 0.866025403784439, 1.00000000000000, 0.866025403784439, 1.00000000000000, 0.866025403784439, 1.00000000000000, 0.866025403784439, 1.00000000000000, 0.866025403784439, 1.00000000000000, 0.866025403784439, 1.00000000000000, 0.866025403784439, 1.00000000000000, 0.866025403784439, 1.00000000000000, 0.866025403784439, 1.00000000000000, 0.866025403784439, 1.00000000000000, 0.866025403784439, 1.00000000000000, 0.866025403784439, 1.00000000000000, 0.866025403784439, 1.00000000000000, 0.866025403784439, 1.00000000000000, 0.866025403784439, 1.00000000000000, 0.866025403784439, 1.00000000000000, 0.866025403784439, 1.00000000000000, 0.866025403784439, 1.00000000000000, 0.866025403784439, 1.00000000000000, 0.866025403784439, 1.00000000000000, 0.866025403784439, 1.00000000000000, 0.866025403784439, 1.00000000000000, 0.866025403784439, 1.00000000000000, 0.866025403784439, 1.00000000000000, 0.866025403784439, 1.00000000000000, 0.866025403784439, 1.00000000000000, 0.866025403784439, 1.00000000000000, 0.866025403784439, 1.00000000000000, 0.866025403784439, 1.00000000000000, 0.866025403784439, 1.00000000000000, 0.866025403784439, 1.00000000000000, 0.866025403784439, 1.00000000000000, 0.866025403784439, 1.00000000000000, 0.866025403784439, 1.00000000000000, 0.866025403784439, 1.00000000000000, 0.866025403784439, 1.00000000000000, 0.866025403784439, 1.00000000000000, 0.866025403784439, 1.00000000000000 ) ) )REPRESENTATION_ITEM( '' )SURFACE(  ) );
#86 = SURFACE_STYLE_USAGE( .BOTH., #527 );
#87 = FACE_OUTER_BOUND( '', #528, .T. );
#88 = FACE_OUTER_BOUND( '', #529, .T. );
#89 = CYLINDRICAL_SURFACE( '', #530, 3.50000000000000 );
#90 = SURFACE_STYLE_USAGE( .BOTH., #531 );
#91 = FACE_OUTER_BOUND( '', #532, .T. );
#92 = PLANE( '', #533 );
#93 = SURFACE_STYLE_USAGE( .BOTH., #534 );
#94 = FACE_OUTER_BOUND( '', #535, .T. );
#95 = PLANE( '', #536 );
#96 = SURFACE_STYLE_USAGE( .BOTH., #537 );
#97 = FACE_OUTER_BOUND( '', #538, .T. );
#98 = FACE_OUTER_BOUND( '', #539, .T. );
#99 = CYLINDRICAL_SURFACE( '', #540, 1.23000000000000 );
#100 = SURFACE_STYLE_USAGE( .BOTH., #541 );
#101 = FACE_OUTER_BOUND( '', #542, .T. );
#102 = FACE_BOUND( '', #543, .T. );
#103 = CONICAL_SURFACE( '', #544, 1.23000000000000, 1.02974425867665 );
#104 = PRODUCT_CONTEXT( '', #20, 'mechanical' );
#105 = PRODUCT_DEFINITION_FORMATION_WITH_SPECIFIED_SOURCE( ' ', 'NONE', #53, .NOT_KNOWN. );
#106 = CLOSED_SHELL( '', ( #38, #46, #34, #48, #42, #52, #36, #40, #50, #44 ) );
#107 = CARTESIAN_POINT( '', ( 0.000000000000000, 0.000000000000000, 0.000000000000000 ) );
#108 = DIRECTION( '', ( 0.000000000000000, 0.000000000000000, 1.00000000000000 ) );
#109 = DIRECTION( '', ( 1.00000000000000, 0.000000000000000, 0.000000000000000 ) );
#110 =  ( LENGTH_UNIT(  )NAMED_UNIT( #62 )SI_UNIT( .MILLI., .METRE. ) );
#111 = SURFACE_SIDE_STYLE( '', ( #546 ) );
#112 = EDGE_LOOP( '', ( #547, #548, #549, #550 ) );
#113 = AXIS2_PLACEMENT_3D( '', #551, #552, #553 );
#114 = SURFACE_SIDE_STYLE( '', ( #554 ) );
#115 = EDGE_LOOP( '', ( #555, #556, #557, #558, #559 ) );
#118 = CARTESIAN_POINT( '', ( 7.05196152422707, 1.22000000000000, 0.000000000000000 ) );
#119 = CARTESIAN_POINT( '', ( 7.01029485756040, 1.21999999999999, -0.704367328411343 ) );
#120 = CARTESIAN_POINT( '', ( 6.96862819089373, 0.610000000000000, -1.05655099261701 ) );
#121 = CARTESIAN_POINT( '', ( 6.92696152422707, 8.62601194162920E-017, -1.40873465682269 ) );
#122 = CARTESIAN_POINT( '', ( 6.88529485756040, -0.610000000000000, -1.05655099261701 ) );
#123 = CARTESIAN_POINT( '', ( 6.84362819089373, -1.21999999999999, -0.704367328411343 ) );
#124 = CARTESIAN_POINT( '', ( 6.80196152422707, -1.22000000000000, -1.49406909495976E-016 ) );
#125 = CARTESIAN_POINT( '', ( 6.76029485756040, -1.21999999999999, 0.704367328411343 ) );
#126 = CARTESIAN_POINT( '', ( 6.71862819089373, -0.610000000000000, 1.05655099261701 ) );
#127 = CARTESIAN_POINT( '', ( 6.67696152422707, -2.58780358248876E-016, 1.40873465682269 ) );
#128 = CARTESIAN_POINT( '', ( 6.63529485756040, 0.610000000000000, 1.05655099261701 ) );
#129 = CARTESIAN_POINT( '', ( 6.59362819089373, 1.21999999999999, 0.704367328411343 ) );
#130 = CARTESIAN_POINT( '', ( 6.55196152422707, 1.22000000000000, 0.000000000000000 ) );
#131 = CARTESIAN_POINT( '', ( 6.51029485756040, 1.21999999999999, -0.704367328411343 ) );
#132 = CARTESIAN_POINT( '', ( 6.46862819089373, 0.610000000000000, -1.05655099261701 ) );
#133 = CARTESIAN_POINT( '', ( 6.42696152422707, 8.62601194162920E-017, -1.40873465682269 ) );
#134 = CARTESIAN_POINT( '', ( 6.38529485756040, -0.610000000000000, -1.05655099261701 ) );
#135 = CARTESIAN_POINT( '', ( 6.34362819089373, -1.21999999999999, -0.704367328411343 ) );
#136 = CARTESIAN_POINT( '', ( 6.30196152422707, -1.22000000000000, -1.49406909495976E-016 ) );
#137 = CARTESIAN_POINT( '', ( 6.26029485756040, -1.21999999999999, 0.704367328411343 ) );
#138 = CARTESIAN_POINT( '', ( 6.21862819089373, -0.610000000000000, 1.05655099261701 ) );
#139 = CARTESIAN_POINT( '', ( 6.17696152422707, -2.58780358248876E-016, 1.40873465682269 ) );
#140 = CARTESIAN_POINT( '', ( 6.13529485756040, 0.610000000000000, 1.05655099261701 ) );
#141 = CARTESIAN_POINT( '', ( 6.09362819089373, 1.21999999999999, 0.704367328411343 ) );
#142 = CARTESIAN_POINT( '', ( 6.05196152422707, 1.22000000000000, 0.000000000000000 ) );
#143 = CARTESIAN_POINT( '', ( 6.01029485756040, 1.21999999999999, -0.704367328411343 ) );
#144 = CARTESIAN_POINT( '', ( 5.96862819089373, 0.610000000000000, -1.05655099261701 ) );
#145 = CARTESIAN_POINT( '', ( 5.92696152422707, 8.62601194162920E-017, -1.40873465682269 ) );
#146 = CARTESIAN_POINT( '', ( 5.88529485756040, -0.610000000000000, -1.05655099261701 ) );
#147 = CARTESIAN_POINT( '', ( 5.84362819089373, -1.21999999999999, -0.704367328411343 ) );
#148 = CARTESIAN_POINT( '', ( 5.80196152422707, -1.22000000000000, -1.49406909495976E-016 ) );
#149 = CARTESIAN_POINT( '', ( 5.76029485756040, -1.21999999999999, 0.704367328411343 ) );
#150 = CARTESIAN_POINT( '', ( 5.71862819089373, -0.610000000000000, 1.05655099261701 ) );
#151 = CARTESIAN_POINT( '', ( 5.67696152422707, -2.58780358248876E-016, 1.40873465682269 ) );
#152 = CARTESIAN_POINT( '', ( 5.63529485756040, 0.610000000000000, 1.05655099261701 ) );
#153 = CARTESIAN_POINT( '', ( 5.59362819089373, 1.21999999999999, 0.704367328411343 ) );
#154 = CARTESIAN_POINT( '', ( 5.55196152422707, 1.22000000000000, 0.000000000000000 ) );
#155 = CARTESIAN_POINT( '', ( 5.51029485756040, 1.21999999999999, -0.704367328411343 ) );
#156 = CARTESIAN_POINT( '', ( 5.46862819089373, 0.610000000000000, -1.05655099261701 ) );
#157 = CARTESIAN_POINT( '', ( 5.42696152422707, 8.62601194162920E-017, -1.40873465682269 ) );
#158 = CARTESIAN_POINT( '', ( 5.38529485756040, -0.610000000000000, -1.05655099261701 ) );
#159 = CARTESIAN_POINT( '', ( 5.34362819089373, -1.21999999999999, -0.704367328411343 ) );
#160 = CARTESIAN_POINT( '', ( 5.30196152422707, -1.22000000000000, -1.49406909495976E-016 ) );
#161 = CARTESIAN_POINT( '', ( 5.26029485756040, -1.21999999999999, 0.704367328411343 ) );
#162 = CARTESIAN_POINT( '', ( 5.21862819089373, -0.610000000000000, 1.05655099261701 ) );
#163 = CARTESIAN_POINT( '', ( 5.17696152422707, -2.58780358248876E-016, 1.40873465682269 ) );
#164 = CARTESIAN_POINT( '', ( 5.13529485756040, 0.610000000000000, 1.05655099261701 ) );
#165 = CARTESIAN_POINT( '', ( 5.09362819089373, 1.21999999999999, 0.704367328411343 ) );
#166 = CARTESIAN_POINT( '', ( 5.05196152422707, 1.22000000000000, 0.000000000000000 ) );
#167 = CARTESIAN_POINT( '', ( 5.01029485756040, 1.21999999999999, -0.704367328411343 ) );
#168 = CARTESIAN_POINT( '', ( 4.96862819089373, 0.610000000000000, -1.05655099261701 ) );
#169 = CARTESIAN_POINT( '', ( 4.92696152422707, 8.62601194162920E-017, -1.40873465682269 ) );
#170 = CARTESIAN_POINT( '', ( 4.88529485756040, -0.610000000000000, -1.05655099261701 ) );
#171 = CARTESIAN_POINT( '', ( 4.84362819089373, -1.21999999999999, -0.704367328411343 ) );
#172 = CARTESIAN_POINT( '', ( 4.80196152422707, -1.22000000000000, -1.49406909495976E-016 ) );
#173 = CARTESIAN_POINT( '', ( 4.76029485756040, -1.21999999999999, 0.704367328411343 ) );
#174 = CARTESIAN_POINT( '', ( 4.71862819089373, -0.610000000000000, 1.05655099261701 ) );
#175 = CARTESIAN_POINT( '', ( 4.67696152422707, -2.58780358248876E-016, 1.40873465682269 ) );
#176 = CARTESIAN_POINT( '', ( 4.63529485756040, 0.610000000000000, 1.05655099261701 ) );
#177 = CARTESIAN_POINT( '', ( 4.59362819089373, 1.21999999999999, 0.704367328411343 ) );
#178 = CARTESIAN_POINT( '', ( 4.55196152422707, 1.22000000000000, 0.000000000000000 ) );
#179 = CARTESIAN_POINT( '', ( 4.51029485756040, 1.21999999999999, -0.704367328411343 ) );
#180 = CARTESIAN_POINT( '', ( 4.46862819089373, 0.610000000000000, -1.05655099261701 ) );
#181 = CARTESIAN_POINT( '', ( 4.42696152422707, 8.62601194162920E-017, -1.40873465682269 ) );
#182 = CARTESIAN_POINT( '', ( 4.38529485756040, -0.610000000000000, -1.05655099261701 ) );
#183 = CARTESIAN_POINT( '', ( 4.34362819089373, -1.21999999999999, -0.704367328411343 ) );
#184 = CARTESIAN_POINT( '', ( 4.30196152422706, -1.22000000000000, -1.49406909495976E-016 ) );
#185 = CARTESIAN_POINT( '', ( 4.26029485756040, -1.21999999999999, 0.704367328411343 ) );
#186 = CARTESIAN_POINT( '', ( 4.21862819089374, -0.610000000000000, 1.05655099261701 ) );
#187 = CARTESIAN_POINT( '', ( 4.17696152422707, -2.58780358248876E-016, 1.40873465682269 ) );
#188 = CARTESIAN_POINT( '', ( 4.13529485756040, 0.610000000000000, 1.05655099261701 ) );
#189 = CARTESIAN_POINT( '', ( 4.09362819089373, 1.21999999999999, 0.704367328411343 ) );
#190 = CARTESIAN_POINT( '', ( 4.05196152422706, 1.22000000000000, 0.000000000000000 ) );
#191 = CARTESIAN_POINT( '', ( 4.01029485756040, 1.21999999999999, -0.704367328411343 ) );
#192 = CARTESIAN_POINT( '', ( 3.96862819089373, 0.610000000000000, -1.05655099261701 ) );
#193 = CARTESIAN_POINT( '', ( 3.92696152422707, 8.62601194162920E-017, -1.40873465682269 ) );
#194 = CARTESIAN_POINT( '', ( 3.88529485756040, -0.610000000000000, -1.05655099261701 ) );
#195 = CARTESIAN_POINT( '', ( 3.84362819089373, -1.21999999999999, -0.704367328411343 ) );
#196 = CARTESIAN_POINT( '', ( 3.80196152422706, -1.22000000000000, -1.49406909495976E-016 ) );
#197 = CARTESIAN_POINT( '', ( 3.76029485756040, -1.21999999999999, 0.704367328411343 ) );
#198 = CARTESIAN_POINT( '', ( 3.71862819089374, -0.610000000000000, 1.05655099261701 ) );
#199 = CARTESIAN_POINT( '', ( 3.67696152422706, -2.58780358248876E-016, 1.40873465682269 ) );
#200 = CARTESIAN_POINT( '', ( 3.63529485756040, 0.610000000000000, 1.05655099261701 ) );
#201 = CARTESIAN_POINT( '', ( 3.59362819089373, 1.21999999999999, 0.704367328411343 ) );
#202 = CARTESIAN_POINT( '', ( 3.55196152422706, 1.22000000000000, 0.000000000000000 ) );
#203 = CARTESIAN_POINT( '', ( 3.51029485756040, 1.21999999999999, -0.704367328411343 ) );
#204 = CARTESIAN_POINT( '', ( 3.46862819089374, 0.610000000000000, -1.05655099261701 ) );
#205 = CARTESIAN_POINT( '', ( 3.42696152422706, 8.62601194162920E-017, -1.40873465682269 ) );
#206 = CARTESIAN_POINT( '', ( 3.38529485756040, -0.610000000000000, -1.05655099261701 ) );
#207 = CARTESIAN_POINT( '', ( 3.34362819089373, -1.21999999999999, -0.704367328411343 ) );
#208 = CARTESIAN_POINT( '', ( 3.30196152422706, -1.22000000000000, -1.49406909495976E-016 ) );
#209 = CARTESIAN_POINT( '', ( 3.26029485756040, -1.21999999999999, 0.704367328411343 ) );
#210 = CARTESIAN_POINT( '', ( 3.21862819089374, -0.610000000000000, 1.05655099261701 ) );
#211 = CARTESIAN_POINT( '', ( 3.17696152422706, -2.58780358248876E-016, 1.40873465682269 ) );
#212 = CARTESIAN_POINT( '', ( 3.13529485756040, 0.610000000000000, 1.05655099261701 ) );
#213 = CARTESIAN_POINT( '', ( 3.09362819089373, 1.21999999999999, 0.704367328411343 ) );
#214 = CARTESIAN_POINT( '', ( 3.05196152422706, 1.22000000000000, 0.000000000000000 ) );
#215 = CARTESIAN_POINT( '', ( 7.21361959960016, 1.50000000000000, 0.000000000000000 ) );
#216 = CARTESIAN_POINT( '', ( 7.17195293293349, 1.49999999999999, -0.866025403784438 ) );
#217 = CARTESIAN_POINT( '', ( 7.13028626626683, 0.750000000000000, -1.29903810567665 ) );
#218 = CARTESIAN_POINT( '', ( 7.08861959960016, 1.06057523872490E-016, -1.73205080756888 ) );
#219 = CARTESIAN_POINT( '', ( 7.04695293293350, -0.750000000000000, -1.29903810567665 ) );
#220 = CARTESIAN_POINT( '', ( 7.00528626626682, -1.49999999999999, -0.866025403784438 ) );
#221 = CARTESIAN_POINT( '', ( 6.96361959960016, -1.50000000000000, -1.83697019872103E-016 ) );
#222 = CARTESIAN_POINT( '', ( 6.92195293293349, -1.49999999999999, 0.866025403784438 ) );
#223 = CARTESIAN_POINT( '', ( 6.88028626626683, -0.750000000000000, 1.29903810567665 ) );
#224 = CARTESIAN_POINT( '', ( 6.83861959960016, -3.18172571617471E-016, 1.73205080756888 ) );
#225 = CARTESIAN_POINT( '', ( 6.79695293293350, 0.750000000000000, 1.29903810567665 ) );
#226 = CARTESIAN_POINT( '', ( 6.75528626626682, 1.49999999999999, 0.866025403784438 ) );
#227 = CARTESIAN_POINT( '', ( 6.71361959960016, 1.50000000000000, 0.000000000000000 ) );
#228 = CARTESIAN_POINT( '', ( 6.67195293293349, 1.49999999999999, -0.866025403784438 ) );
#229 = CARTESIAN_POINT( '', ( 6.63028626626683, 0.750000000000000, -1.29903810567665 ) );
#230 = CARTESIAN_POINT( '', ( 6.58861959960016, 1.06057523872490E-016, -1.73205080756888 ) );
#231 = CARTESIAN_POINT( '', ( 6.54695293293349, -0.750000000000000, -1.29903810567665 ) );
#232 = CARTESIAN_POINT( '', ( 6.50528626626682, -1.49999999999999, -0.866025403784438 ) );
#233 = CARTESIAN_POINT( '', ( 6.46361959960016, -1.50000000000000, -1.83697019872103E-016 ) );
#234 = CARTESIAN_POINT( '', ( 6.42195293293349, -1.49999999999999, 0.866025403784438 ) );
#235 = CARTESIAN_POINT( '', ( 6.38028626626683, -0.750000000000000, 1.29903810567665 ) );
#236 = CARTESIAN_POINT( '', ( 6.33861959960016, -3.18172571617471E-016, 1.73205080756888 ) );
#237 = CARTESIAN_POINT( '', ( 6.29695293293350, 0.750000000000000, 1.29903810567665 ) );
#238 = CARTESIAN_POINT( '', ( 6.25528626626682, 1.49999999999999, 0.866025403784438 ) );
#239 = CARTESIAN_POINT( '', ( 6.21361959960016, 1.50000000000000, 0.000000000000000 ) );
#240 = CARTESIAN_POINT( '', ( 6.17195293293349, 1.49999999999999, -0.866025403784438 ) );
#241 = CARTESIAN_POINT( '', ( 6.13028626626683, 0.750000000000000, -1.29903810567665 ) );
#242 = CARTESIAN_POINT( '', ( 6.08861959960016, 1.06057523872490E-016, -1.73205080756888 ) );
#243 = CARTESIAN_POINT( '', ( 6.04695293293350, -0.750000000000000, -1.29903810567665 ) );
#244 = CARTESIAN_POINT( '', ( 6.00528626626682, -1.49999999999999, -0.866025403784438 ) );
#245 = CARTESIAN_POINT( '', ( 5.96361959960016, -1.50000000000000, -1.83697019872103E-016 ) );
#246 = CARTESIAN_POINT( '', ( 5.92195293293349, -1.49999999999999, 0.866025403784438 ) );
#247 = CARTESIAN_POINT( '', ( 5.88028626626683, -0.750000000000000, 1.29903810567665 ) );
#248 = CARTESIAN_POINT( '', ( 5.83861959960016, -3.18172571617471E-016, 1.73205080756888 ) );
#249 = CARTESIAN_POINT( '', ( 5.79695293293350, 0.750000000000000, 1.29903810567665 ) );
#250 = CARTESIAN_POINT( '', ( 5.75528626626682, 1.49999999999999, 0.866025403784438 ) );
#251 = CARTESIAN_POINT( '', ( 5.71361959960016, 1.50000000000000, 0.000000000000000 ) );
#252 = CARTESIAN_POINT( '', ( 5.67195293293349, 1.49999999999999, -0.866025403784438 ) );
#253 = CARTESIAN_POINT( '', ( 5.63028626626683, 0.750000000000000, -1.29903810567665 ) );
#254 = CARTESIAN_POINT( '', ( 5.58861959960016, 1.06057523872490E-016, -1.73205080756888 ) );
#255 = CARTESIAN_POINT( '', ( 5.54695293293350, -0.750000000000000, -1.29903810567665 ) );
#256 = CARTESIAN_POINT( '', ( 5.50528626626683, -1.49999999999999, -0.866025403784438 ) );
#257 = CARTESIAN_POINT( '', ( 5.46361959960016, -1.50000000000000, -1.83697019872103E-016 ) );
#258 = CARTESIAN_POINT( '', ( 5.42195293293349, -1.49999999999999, 0.866025403784438 ) );
#259 = CARTESIAN_POINT( '', ( 5.38028626626683, -0.750000000000000, 1.29903810567665 ) );
#260 = CARTESIAN_POINT( '', ( 5.33861959960016, -3.18172571617471E-016, 1.73205080756888 ) );
#261 = CARTESIAN_POINT( '', ( 5.29695293293350, 0.750000000000000, 1.29903810567665 ) );
#262 = CARTESIAN_POINT( '', ( 5.25528626626683, 1.49999999999999, 0.866025403784438 ) );
#263 = CARTESIAN_POINT( '', ( 5.21361959960016, 1.50000000000000, 0.000000000000000 ) );
#264 = CARTESIAN_POINT( '', ( 5.17195293293350, 1.49999999999999, -0.866025403784438 ) );
#265 = CARTESIAN_POINT( '', ( 5.13028626626683, 0.750000000000000, -1.29903810567665 ) );
#266 = CARTESIAN_POINT( '', ( 5.08861959960016, 1.06057523872490E-016, -1.73205080756888 ) );
#267 = CARTESIAN_POINT( '', ( 5.04695293293350, -0.750000000000000, -1.29903810567665 ) );
#268 = CARTESIAN_POINT( '', ( 5.00528626626683, -1.49999999999999, -0.866025403784438 ) );
#269 = CARTESIAN_POINT( '', ( 4.96361959960016, -1.50000000000000, -1.83697019872103E-016 ) );
#270 = CARTESIAN_POINT( '', ( 4.92195293293349, -1.49999999999999, 0.866025403784438 ) );
#271 = CARTESIAN_POINT( '', ( 4.88028626626683, -0.750000000000000, 1.29903810567665 ) );
#272 = CARTESIAN_POINT( '', ( 4.83861959960016, -3.18172571617471E-016, 1.73205080756888 ) );
#273 = CARTESIAN_POINT( '', ( 4.79695293293350, 0.750000000000000, 1.29903810567665 ) );
#274 = CARTESIAN_POINT( '', ( 4.75528626626683, 1.49999999999999, 0.866025403784438 ) );
#275 = CARTESIAN_POINT( '', ( 4.71361959960016, 1.50000000000000, 0.000000000000000 ) );
#276 = CARTESIAN_POINT( '', ( 4.67195293293349, 1.49999999999999, -0.866025403784438 ) );
#277 = CARTESIAN_POINT( '', ( 4.63028626626683, 0.750000000000000, -1.29903810567665 ) );
#278 = CARTESIAN_POINT( '', ( 4.58861959960016, 1.06057523872490E-016, -1.73205080756888 ) );
#279 = CARTESIAN_POINT( '', ( 4.54695293293349, -0.750000000000000, -1.29903810567665 ) );
#280 = CARTESIAN_POINT( '', ( 4.50528626626683, -1.49999999999999, -0.866025403784438 ) );
#281 = CARTESIAN_POINT( '', ( 4.46361959960016, -1.50000000000000, -1.83697019872103E-016 ) );
#282 = CARTESIAN_POINT( '', ( 4.42195293293350, -1.49999999999999, 0.866025403784438 ) );
#283 = CARTESIAN_POINT( '', ( 4.38028626626683, -0.750000000000000, 1.29903810567665 ) );
#284 = CARTESIAN_POINT( '', ( 4.33861959960016, -3.18172571617471E-016, 1.73205080756888 ) );
#285 = CARTESIAN_POINT( '', ( 4.29695293293350, 0.750000000000000, 1.29903810567665 ) );
#286 = CARTESIAN_POINT( '', ( 4.25528626626683, 1.49999999999999, 0.866025403784438 ) );
#287 = CARTESIAN_POINT( '', ( 4.21361959960016, 1.50000000000000, 0.000000000000000 ) );
#288 = CARTESIAN_POINT( '', ( 4.17195293293350, 1.49999999999999, -0.866025403784438 ) );
#289 = CARTESIAN_POINT( '', ( 4.13028626626683, 0.750000000000000, -1.29903810567665 ) );
#290 = CARTESIAN_POINT( '', ( 4.08861959960016, 1.06057523872490E-016, -1.73205080756888 ) );
#291 = CARTESIAN_POINT( '', ( 4.04695293293350, -0.750000000000000, -1.29903810567665 ) );
#292 = CARTESIAN_POINT( '', ( 4.00528626626683, -1.49999999999999, -0.866025403784438 ) );
#293 = CARTESIAN_POINT( '', ( 3.96361959960016, -1.50000000000000, -1.83697019872103E-016 ) );
#294 = CARTESIAN_POINT( '', ( 3.92195293293350, -1.49999999999999, 0.866025403784438 ) );
#295 = CARTESIAN_POINT( '', ( 3.88028626626683, -0.750000000000000, 1.29903810567665 ) );
#296 = CARTESIAN_POINT( '', ( 3.83861959960016, -3.18172571617471E-016, 1.73205080756888 ) );
#297 = CARTESIAN_POINT( '', ( 3.79695293293350, 0.750000000000000, 1.29903810567665 ) );
#298 = CARTESIAN_POINT( '', ( 3.75528626626682, 1.49999999999999, 0.866025403784438 ) );
#299 = CARTESIAN_POINT( '', ( 3.71361959960016, 1.50000000000000, 0.000000000000000 ) );
#300 = CARTESIAN_POINT( '', ( 3.67195293293350, 1.49999999999999, -0.866025403784438 ) );
#301 = CARTESIAN_POINT( '', ( 3.63028626626683, 0.750000000000000, -1.29903810567665 ) );
#302 = CARTESIAN_POINT( '', ( 3.58861959960016, 1.06057523872490E-016, -1.73205080756888 ) );
#303 = CARTESIAN_POINT( '', ( 3.54695293293350, -0.750000000000000, -1.29903810567665 ) );
#304 = CARTESIAN_POINT( '', ( 3.50528626626683, -1.49999999999999, -0.866025403784438 ) );
#305 = CARTESIAN_POINT( '', ( 3.46361959960016, -1.50000000000000, -1.83697019872103E-016 ) );
#306 = CARTESIAN_POINT( '', ( 3.42195293293350, -1.49999999999999, 0.866025403784438 ) );
#307 = CARTESIAN_POINT( '', ( 3.38028626626683, -0.750000000000000, 1.29903810567665 ) );
#308 = CARTESIAN_POINT( '', ( 3.33861959960016, -3.18172571617471E-016, 1.73205080756888 ) );
#309 = CARTESIAN_POINT( '', ( 3.29695293293350, 0.750000000000000, 1.29903810567665 ) );
#310 = CARTESIAN_POINT( '', ( 3.25528626626683, 1.49999999999999, 0.866025403784438 ) );
#311 = CARTESIAN_POINT( '', ( 3.21361959960016, 1.50000000000000, 0.000000000000000 ) );
#317 = SURFACE_SIDE_STYLE( '', ( #560 ) );
#318 = EDGE_LOOP( '', ( #561 ) );
#319 = EDGE_LOOP( '', ( #562 ) );
#320 = AXIS2_PLACEMENT_3D( '', #563, #564, #565 );
#321 = SURFACE_SIDE_STYLE( '', ( #566 ) );
#322 = EDGE_LOOP( '', ( #567, #568, #569 ) );
#323 = AXIS2_PLACEMENT_3D( '', #570, #571, #572 );
#324 = SURFACE_SIDE_STYLE( '', ( #573 ) );
#325 = EDGE_LOOP( '', ( #574, #575, #576, #577, #578 ) );
#328 = CARTESIAN_POINT( '', ( 7.21361959960016, 1.50000000000000, 0.000000000000000 ) );
#329 = CARTESIAN_POINT( '', ( 7.17195293293349, 1.49999999999999, -0.866025403784438 ) );
#330 = CARTESIAN_POINT( '', ( 7.13028626626683, 0.750000000000000, -1.29903810567665 ) );
#331 = CARTESIAN_POINT( '', ( 7.08861959960016, 1.06057523872490E-016, -1.73205080756888 ) );
#332 = CARTESIAN_POINT( '', ( 7.04695293293350, -0.750000000000000, -1.29903810567665 ) );
#333 = CARTESIAN_POINT( '', ( 7.00528626626682, -1.49999999999999, -0.866025403784438 ) );
#334 = CARTESIAN_POINT( '', ( 6.96361959960016, -1.50000000000000, -1.83697019872103E-016 ) );
#335 = CARTESIAN_POINT( '', ( 6.92195293293349, -1.49999999999999, 0.866025403784438 ) );
#336 = CARTESIAN_POINT( '', ( 6.88028626626683, -0.750000000000000, 1.29903810567665 ) );
#337 = CARTESIAN_POINT( '', ( 6.83861959960016, -3.18172571617471E-016, 1.73205080756888 ) );
#338 = CARTESIAN_POINT( '', ( 6.79695293293350, 0.750000000000000, 1.29903810567665 ) );
#339 = CARTESIAN_POINT( '', ( 6.75528626626682, 1.49999999999999, 0.866025403784438 ) );
#340 = CARTESIAN_POINT( '', ( 6.71361959960016, 1.50000000000000, 0.000000000000000 ) );
#341 = CARTESIAN_POINT( '', ( 6.67195293293349, 1.49999999999999, -0.866025403784438 ) );
#342 = CARTESIAN_POINT( '', ( 6.63028626626683, 0.750000000000000, -1.29903810567665 ) );
#343 = CARTESIAN_POINT( '', ( 6.58861959960016, 1.06057523872490E-016, -1.73205080756888 ) );
#344 = CARTESIAN_POINT( '', ( 6.54695293293349, -0.750000000000000, -1.29903810567665 ) );
#345 = CARTESIAN_POINT( '', ( 6.50528626626682, -1.49999999999999, -0.866025403784438 ) );
#346 = CARTESIAN_POINT( '', ( 6.46361959960016, -1.50000000000000, -1.83697019872103E-016 ) );
#347 = CARTESIAN_POINT( '', ( 6.42195293293349, -1.49999999999999, 0.866025403784438 ) );
#348 = CARTESIAN_POINT( '', ( 6.38028626626683, -0.750000000000000, 1.29903810567665 ) );
#349 = CARTESIAN_POINT( '', ( 6.33861959960016, -3.18172571617471E-016, 1.73205080756888 ) );
#350 = CARTESIAN_POINT( '', ( 6.29695293293350, 0.750000000000000, 1.29903810567665 ) );
#351 = CARTESIAN_POINT( '', ( 6.25528626626682, 1.49999999999999, 0.866025403784438 ) );
#352 = CARTESIAN_POINT( '', ( 6.21361959960016, 1.50000000000000, 0.000000000000000 ) );
#353 = CARTESIAN_POINT( '', ( 6.17195293293349, 1.49999999999999, -0.866025403784438 ) );
#354 = CARTESIAN_POINT( '', ( 6.13028626626683, 0.750000000000000, -1.29903810567665 ) );
#355 = CARTESIAN_POINT( '', ( 6.08861959960016, 1.06057523872490E-016, -1.73205080756888 ) );
#356 = CARTESIAN_POINT( '', ( 6.04695293293350, -0.750000000000000, -1.29903810567665 ) );
#357 = CARTESIAN_POINT( '', ( 6.00528626626682, -1.49999999999999, -0.866025403784438 ) );
#358 = CARTESIAN_POINT( '', ( 5.96361959960016, -1.50000000000000, -1.83697019872103E-016 ) );
#359 = CARTESIAN_POINT( '', ( 5.92195293293349, -1.49999999999999, 0.866025403784438 ) );
#360 = CARTESIAN_POINT( '', ( 5.88028626626683, -0.750000000000000, 1.29903810567665 ) );
#361 = CARTESIAN_POINT( '', ( 5.83861959960016, -3.18172571617471E-016, 1.73205080756888 ) );
#362 = CARTESIAN_POINT( '', ( 5.79695293293350, 0.750000000000000, 1.29903810567665 ) );
#363 = CARTESIAN_POINT( '', ( 5.75528626626682, 1.49999999999999, 0.866025403784438 ) );
#364 = CARTESIAN_POINT( '', ( 5.71361959960016, 1.50000000000000, 0.000000000000000 ) );
#365 = CARTESIAN_POINT( '', ( 5.67195293293349, 1.49999999999999, -0.866025403784438 ) );
#366 = CARTESIAN_POINT( '', ( 5.63028626626683, 0.750000000000000, -1.29903810567665 ) );
#367 = CARTESIAN_POINT( '', ( 5.58861959960016, 1.06057523872490E-016, -1.73205080756888 ) );
#368 = CARTESIAN_POINT( '', ( 5.54695293293350, -0.750000000000000, -1.29903810567665 ) );
#369 = CARTESIAN_POINT( '', ( 5.50528626626683, -1.49999999999999, -0.866025403784438 ) );
#370 = CARTESIAN_POINT( '', ( 5.46361959960016, -1.50000000000000, -1.83697019872103E-016 ) );
#371 = CARTESIAN_POINT( '', ( 5.42195293293349, -1.49999999999999, 0.866025403784438 ) );
#372 = CARTESIAN_POINT( '', ( 5.38028626626683, -0.750000000000000, 1.29903810567665 ) );
#373 = CARTESIAN_POINT( '', ( 5.33861959960016, -3.18172571617471E-016, 1.73205080756888 ) );
#374 = CARTESIAN_POINT( '', ( 5.29695293293350, 0.750000000000000, 1.29903810567665 ) );
#375 = CARTESIAN_POINT( '', ( 5.25528626626683, 1.49999999999999, 0.866025403784438 ) );
#376 = CARTESIAN_POINT( '', ( 5.21361959960016, 1.50000000000000, 0.000000000000000 ) );
#377 = CARTESIAN_POINT( '', ( 5.17195293293350, 1.49999999999999, -0.866025403784438 ) );
#378 = CARTESIAN_POINT( '', ( 5.13028626626683, 0.750000000000000, -1.29903810567665 ) );
#379 = CARTESIAN_POINT( '', ( 5.08861959960016, 1.06057523872490E-016, -1.73205080756888 ) );
#380 = CARTESIAN_POINT( '', ( 5.04695293293350, -0.750000000000000, -1.29903810567665 ) );
#381 = CARTESIAN_POINT( '', ( 5.00528626626683, -1.49999999999999, -0.866025403784438 ) );
#382 = CARTESIAN_POINT( '', ( 4.96361959960016, -1.50000000000000, -1.83697019872103E-016 ) );
#383 = CARTESIAN_POINT( '', ( 4.92195293293349, -1.49999999999999, 0.866025403784438 ) );
#384 = CARTESIAN_POINT( '', ( 4.88028626626683, -0.750000000000000, 1.29903810567665 ) );
#385 = CARTESIAN_POINT( '', ( 4.83861959960016, -3.18172571617471E-016, 1.73205080756888 ) );
#386 = CARTESIAN_POINT( '', ( 4.79695293293350, 0.750000000000000, 1.29903810567665 ) );
#387 = CARTESIAN_POINT( '', ( 4.75528626626683, 1.49999999999999, 0.866025403784438 ) );
#388 = CARTESIAN_POINT( '', ( 4.71361959960016, 1.50000000000000, 0.000000000000000 ) );
#389 = CARTESIAN_POINT( '', ( 4.67195293293349, 1.49999999999999, -0.866025403784438 ) );
#390 = CARTESIAN_POINT( '', ( 4.63028626626683, 0.750000000000000, -1.29903810567665 ) );
#391 = CARTESIAN_POINT( '', ( 4.58861959960016, 1.06057523872490E-016, -1.73205080756888 ) );
#392 = CARTESIAN_POINT( '', ( 4.54695293293349, -0.750000000000000, -1.29903810567665 ) );
#393 = CARTESIAN_POINT( '', ( 4.50528626626683, -1.49999999999999, -0.866025403784438 ) );
#394 = CARTESIAN_POINT( '', ( 4.46361959960016, -1.50000000000000, -1.83697019872103E-016 ) );
#395 = CARTESIAN_POINT( '', ( 4.42195293293350, -1.49999999999999, 0.866025403784438 ) );
#396 = CARTESIAN_POINT( '', ( 4.38028626626683, -0.750000000000000, 1.29903810567665 ) );
#397 = CARTESIAN_POINT( '', ( 4.33861959960016, -3.18172571617471E-016, 1.73205080756888 ) );
#398 = CARTESIAN_POINT( '', ( 4.29695293293350, 0.750000000000000, 1.29903810567665 ) );
#399 = CARTESIAN_POINT( '', ( 4.25528626626683, 1.49999999999999, 0.866025403784438 ) );
#400 = CARTESIAN_POINT( '', ( 4.21361959960016, 1.50000000000000, 0.000000000000000 ) );
#401 = CARTESIAN_POINT( '', ( 4.17195293293350, 1.49999999999999, -0.866025403784438 ) );
#402 = CARTESIAN_POINT( '', ( 4.13028626626683, 0.750000000000000, -1.29903810567665 ) );
#403 = CARTESIAN_POINT( '', ( 4.08861959960016, 1.06057523872490E-016, -1.73205080756888 ) );
#404 = CARTESIAN_POINT( '', ( 4.04695293293350, -0.750000000000000, -1.29903810567665 ) );
#405 = CARTESIAN_POINT( '', ( 4.00528626626683, -1.49999999999999, -0.866025403784438 ) );
#406 = CARTESIAN_POINT( '', ( 3.96361959960016, -1.50000000000000, -1.83697019872103E-016 ) );
#407 = CARTESIAN_POINT( '', ( 3.92195293293350, -1.49999999999999, 0.866025403784438 ) );
#408 = CARTESIAN_POINT( '', ( 3.88028626626683, -0.750000000000000, 1.29903810567665 ) );
#409 = CARTESIAN_POINT( '', ( 3.83861959960016, -3.18172571617471E-016, 1.73205080756888 ) );
#410 = CARTESIAN_POINT( '', ( 3.79695293293350, 0.750000000000000, 1.29903810567665 ) );
#411 = CARTESIAN_POINT( '', ( 3.75528626626682, 1.49999999999999, 0.866025403784438 ) );
#412 = CARTESIAN_POINT( '', ( 3.71361959960016, 1.50000000000000, 0.000000000000000 ) );
#413 = CARTESIAN_POINT( '', ( 3.67195293293350, 1.49999999999999, -0.866025403784438 ) );
#414 = CARTESIAN_POINT( '', ( 3.63028626626683, 0.750000000000000, -1.29903810567665 ) );
#415 = CARTESIAN_POINT( '', ( 3.58861959960016, 1.06057523872490E-016, -1.73205080756888 ) );
#416 = CARTESIAN_POINT( '', ( 3.54695293293350, -0.750000000000000, -1.29903810567665 ) );
#417 = CARTESIAN_POINT( '', ( 3.50528626626683, -1.49999999999999, -0.866025403784438 ) );
#418 = CARTESIAN_POINT( '', ( 3.46361959960016, -1.50000000000000, -1.83697019872103E-016 ) );
#419 = CARTESIAN_POINT( '', ( 3.42195293293350, -1.49999999999999, 0.866025403784438 ) );
#420 = CARTESIAN_POINT( '', ( 3.38028626626683, -0.750000000000000, 1.29903810567665 ) );
#421 = CARTESIAN_POINT( '', ( 3.33861959960016, -3.18172571617471E-016, 1.73205080756888 ) );
#422 = CARTESIAN_POINT( '', ( 3.29695293293350, 0.750000000000000, 1.29903810567665 ) );
#423 = CARTESIAN_POINT( '', ( 3.25528626626683, 1.49999999999999, 0.866025403784438 ) );
#424 = CARTESIAN_POINT( '', ( 3.21361959960016, 1.50000000000000, 0.000000000000000 ) );
#425 = CARTESIAN_POINT( '', ( 7.37527767497326, 1.22000000000000, 0.000000000000000 ) );
#426 = CARTESIAN_POINT( '', ( 7.33361100830659, 1.21999999999999, -0.704367328411343 ) );
#427 = CARTESIAN_POINT( '', ( 7.29194434163992, 0.610000000000000, -1.05655099261701 ) );
#428 = CARTESIAN_POINT( '', ( 7.25027767497326, 8.62601194162920E-017, -1.40873465682269 ) );
#429 = CARTESIAN_POINT( '', ( 7.20861100830659, -0.610000000000000, -1.05655099261701 ) );
#430 = CARTESIAN_POINT( '', ( 7.16694434163992, -1.21999999999999, -0.704367328411343 ) );
#431 = CARTESIAN_POINT( '', ( 7.12527767497326, -1.22000000000000, -1.49406909495976E-016 ) );
#432 = CARTESIAN_POINT( '', ( 7.08361100830659, -1.21999999999999, 0.704367328411343 ) );
#433 = CARTESIAN_POINT( '', ( 7.04194434163992, -0.610000000000000, 1.05655099261701 ) );
#434 = CARTESIAN_POINT( '', ( 7.00027767497326, -2.58780358248876E-016, 1.40873465682269 ) );
#435 = CARTESIAN_POINT( '', ( 6.95861100830659, 0.610000000000000, 1.05655099261701 ) );
#436 = CARTESIAN_POINT( '', ( 6.91694434163992, 1.21999999999999, 0.704367328411343 ) );
#437 = CARTESIAN_POINT( '', ( 6.87527767497326, 1.22000000000000, 0.000000000000000 ) );
#438 = CARTESIAN_POINT( '', ( 6.83361100830659, 1.21999999999999, -0.704367328411343 ) );
#439 = CARTESIAN_POINT( '', ( 6.79194434163992, 0.610000000000000, -1.05655099261701 ) );
#440 = CARTESIAN_POINT( '', ( 6.75027767497326, 8.62601194162920E-017, -1.40873465682269 ) );
#441 = CARTESIAN_POINT( '', ( 6.70861100830659, -0.610000000000000, -1.05655099261701 ) );
#442 = CARTESIAN_POINT( '', ( 6.66694434163992, -1.21999999999999, -0.704367328411343 ) );
#443 = CARTESIAN_POINT( '', ( 6.62527767497326, -1.22000000000000, -1.49406909495976E-016 ) );
#444 = CARTESIAN_POINT( '', ( 6.58361100830659, -1.21999999999999, 0.704367328411343 ) );
#445 = CARTESIAN_POINT( '', ( 6.54194434163992, -0.610000000000000, 1.05655099261701 ) );
#446 = CARTESIAN_POINT( '', ( 6.50027767497326, -2.58780358248876E-016, 1.40873465682269 ) );
#447 = CARTESIAN_POINT( '', ( 6.45861100830659, 0.610000000000000, 1.05655099261701 ) );
#448 = CARTESIAN_POINT( '', ( 6.41694434163992, 1.21999999999999, 0.704367328411343 ) );
#449 = CARTESIAN_POINT( '', ( 6.37527767497326, 1.22000000000000, 0.000000000000000 ) );
#450 = CARTESIAN_POINT( '', ( 6.33361100830659, 1.21999999999999, -0.704367328411343 ) );
#451 = CARTESIAN_POINT( '', ( 6.29194434163992, 0.610000000000000, -1.05655099261701 ) );
#452 = CARTESIAN_POINT( '', ( 6.25027767497326, 8.62601194162920E-017, -1.40873465682269 ) );
#453 = CARTESIAN_POINT( '', ( 6.20861100830659, -0.610000000000000, -1.05655099261701 ) );
#454 = CARTESIAN_POINT( '', ( 6.16694434163993, -1.21999999999999, -0.704367328411343 ) );
#455 = CARTESIAN_POINT( '', ( 6.12527767497326, -1.22000000000000, -1.49406909495976E-016 ) );
#456 = CARTESIAN_POINT( '', ( 6.08361100830659, -1.21999999999999, 0.704367328411343 ) );
#457 = CARTESIAN_POINT( '', ( 6.04194434163992, -0.610000000000000, 1.05655099261701 ) );
#458 = CARTESIAN_POINT( '', ( 6.00027767497326, -2.58780358248876E-016, 1.40873465682269 ) );
#459 = CARTESIAN_POINT( '', ( 5.95861100830659, 0.610000000000000, 1.05655099261701 ) );
#460 = CARTESIAN_POINT( '', ( 5.91694434163993, 1.21999999999999, 0.704367328411343 ) );
#461 = CARTESIAN_POINT( '', ( 5.87527767497326, 1.22000000000000, 0.000000000000000 ) );
#462 = CARTESIAN_POINT( '', ( 5.83361100830659, 1.21999999999999, -0.704367328411343 ) );
#463 = CARTESIAN_POINT( '', ( 5.79194434163992, 0.610000000000000, -1.05655099261701 ) );
#464 = CARTESIAN_POINT( '', ( 5.75027767497326, 8.62601194162920E-017, -1.40873465682269 ) );
#465 = CARTESIAN_POINT( '', ( 5.70861100830659, -0.610000000000000, -1.05655099261701 ) );
#466 = CARTESIAN_POINT( '', ( 5.66694434163993, -1.21999999999999, -0.704367328411343 ) );
#467 = CARTESIAN_POINT( '', ( 5.62527767497326, -1.22000000000000, -1.49406909495976E-016 ) );
#468 = CARTESIAN_POINT( '', ( 5.58361100830659, -1.21999999999999, 0.704367328411343 ) );
#469 = CARTESIAN_POINT( '', ( 5.54194434163992, -0.610000000000000, 1.05655099261701 ) );
#470 = CARTESIAN_POINT( '', ( 5.50027767497326, -2.58780358248876E-016, 1.40873465682269 ) );
#471 = CARTESIAN_POINT( '', ( 5.45861100830659, 0.610000000000000, 1.05655099261701 ) );
#472 = CARTESIAN_POINT( '', ( 5.41694434163993, 1.21999999999999, 0.704367328411343 ) );
#473 = CARTESIAN_POINT( '', ( 5.37527767497326, 1.22000000000000, 0.000000000000000 ) );
#474 = CARTESIAN_POINT( '', ( 5.33361100830659, 1.21999999999999, -0.704367328411343 ) );
#475 = CARTESIAN_POINT( '', ( 5.29194434163992, 0.610000000000000, -1.05655099261701 ) );
#476 = CARTESIAN_POINT( '', ( 5.25027767497326, 8.62601194162920E-017, -1.40873465682269 ) );
#477 = CARTESIAN_POINT( '', ( 5.20861100830659, -0.610000000000000, -1.05655099261701 ) );
#478 = CARTESIAN_POINT( '', ( 5.16694434163992, -1.21999999999999, -0.704367328411343 ) );
#479 = CARTESIAN_POINT( '', ( 5.12527767497326, -1.22000000000000, -1.49406909495976E-016 ) );
#480 = CARTESIAN_POINT( '', ( 5.08361100830659, -1.21999999999999, 0.704367328411343 ) );
#481 = CARTESIAN_POINT( '', ( 5.04194434163992, -0.610000000000000, 1.05655099261701 ) );
#482 = CARTESIAN_POINT( '', ( 5.00027767497326, -2.58780358248876E-016, 1.40873465682269 ) );
#483 = CARTESIAN_POINT( '', ( 4.95861100830659, 0.610000000000000, 1.05655099261701 ) );
#484 = CARTESIAN_POINT( '', ( 4.91694434163992, 1.21999999999999, 0.704367328411343 ) );
#485 = CARTESIAN_POINT( '', ( 4.87527767497326, 1.22000000000000, 0.000000000000000 ) );
#486 = CARTESIAN_POINT( '', ( 4.83361100830659, 1.21999999999999, -0.704367328411343 ) );
#487 = CARTESIAN_POINT( '', ( 4.79194434163992, 0.610000000000000, -1.05655099261701 ) );
#488 = CARTESIAN_POINT( '', ( 4.75027767497326, 8.62601194162920E-017, -1.40873465682269 ) );
#489 = CARTESIAN_POINT( '', ( 4.70861100830659, -0.610000000000000, -1.05655099261701 ) );
#490 = CARTESIAN_POINT( '', ( 4.66694434163992, -1.21999999999999, -0.704367328411343 ) );
#491 = CARTESIAN_POINT( '', ( 4.62527767497326, -1.22000000000000, -1.49406909495976E-016 ) );
#492 = CARTESIAN_POINT( '', ( 4.58361100830659, -1.21999999999999, 0.704367328411343 ) );
#493 = CARTESIAN_POINT( '', ( 4.54194434163992, -0.610000000000000, 1.05655099261701 ) );
#494 = CARTESIAN_POINT( '', ( 4.50027767497326, -2.58780358248876E-016, 1.40873465682269 ) );
#495 = CARTESIAN_POINT( '', ( 4.45861100830659, 0.610000000000000, 1.05655099261701 ) );
#496 = CARTESIAN_POINT( '', ( 4.41694434163992, 1.21999999999999, 0.704367328411343 ) );
#497 = CARTESIAN_POINT( '', ( 4.37527767497326, 1.22000000000000, 0.000000000000000 ) );
#498 = CARTESIAN_POINT( '', ( 4.33361100830659, 1.21999999999999, -0.704367328411343 ) );
#499 = CARTESIAN_POINT( '', ( 4.29194434163993, 0.610000000000000, -1.05655099261701 ) );
#500 = CARTESIAN_POINT( '', ( 4.25027767497326, 8.62601194162920E-017, -1.40873465682269 ) );
#501 = CARTESIAN_POINT( '', ( 4.20861100830659, -0.610000000000000, -1.05655099261701 ) );
#502 = CARTESIAN_POINT( '', ( 4.16694434163992, -1.21999999999999, -0.704367328411343 ) );
#503 = CARTESIAN_POINT( '', ( 4.12527767497326, -1.22000000000000, -1.49406909495976E-016 ) );
#504 = CARTESIAN_POINT( '', ( 4.08361100830659, -1.21999999999999, 0.704367328411343 ) );
#505 = CARTESIAN_POINT( '', ( 4.04194434163993, -0.610000000000000, 1.05655099261701 ) );
#506 = CARTESIAN_POINT( '', ( 4.00027767497326, -2.58780358248876E-016, 1.40873465682269 ) );
#507 = CARTESIAN_POINT( '', ( 3.95861100830659, 0.610000000000000, 1.05655099261701 ) );
#508 = CARTESIAN_POINT( '', ( 3.91694434163992, 1.21999999999999, 0.704367328411343 ) );
#509 = CARTESIAN_POINT( '', ( 3.87527767497325, 1.22000000000000, 0.000000000000000 ) );
#510 = CARTESIAN_POINT( '', ( 3.83361100830659, 1.21999999999999, -0.704367328411343 ) );
#511 = CARTESIAN_POINT( '', ( 3.79194434163993, 0.610000000000000, -1.05655099261701 ) );
#512 = CARTESIAN_POINT( '', ( 3.75027767497325, 8.62601194162920E-017, -1.40873465682269 ) );
#513 = CARTESIAN_POINT( '', ( 3.70861100830659, -0.610000000000000, -1.05655099261701 ) );
#514 = CARTESIAN_POINT( '', ( 3.66694434163993, -1.21999999999999, -0.704367328411343 ) );
#515 = CARTESIAN_POINT( '', ( 3.62527767497325, -1.22000000000000, -1.49406909495976E-016 ) );
#516 = CARTESIAN_POINT( '', ( 3.58361100830659, -1.21999999999999, 0.704367328411343 ) );
#517 = CARTESIAN_POINT( '', ( 3.54194434163993, -0.610000000000000, 1.05655099261701 ) );
#518 = CARTESIAN_POINT( '', ( 3.50027767497325, -2.58780358248876E-016, 1.40873465682269 ) );
#519 = CARTESIAN_POINT( '', ( 3.45861100830659, 0.610000000000000, 1.05655099261701 ) );
#520 = CARTESIAN_POINT( '', ( 3.41694434163992, 1.21999999999999, 0.704367328411343 ) );
#521 = CARTESIAN_POINT( '', ( 3.37527767497325, 1.22000000000000, 0.000000000000000 ) );
#527 = SURFACE_SIDE_STYLE( '', ( #579 ) );
#528 = EDGE_LOOP( '', ( #580 ) );
#529 = EDGE_LOOP( '', ( #581 ) );
#530 = AXIS2_PLACEMENT_3D( '', #582, #583, #584 );
#531 = SURFACE_SIDE_STYLE( '', ( #585 ) );
#532 = EDGE_LOOP( '', ( #586 ) );
#533 = AXIS2_PLACEMENT_3D( '', #587, #588, #589 );
#534 = SURFACE_SIDE_STYLE( '', ( #590 ) );
#535 = EDGE_LOOP( '', ( #591, #592, #593, #594 ) );
#536 = AXIS2_PLACEMENT_3D( '', #595, #596, #597 );
#537 = SURFACE_SIDE_STYLE( '', ( #598 ) );
#538 = EDGE_LOOP( '', ( #599 ) );
#539 = EDGE_LOOP( '', ( #600, #601, #602, #603 ) );
#540 = AXIS2_PLACEMENT_3D( '', #604, #605, #606 );
#541 = SURFACE_SIDE_STYLE( '', ( #607 ) );
#542 = EDGE_LOOP( '', ( #608 ) );
#543 = VERTEX_LOOP( '', #609 );
#544 = AXIS2_PLACEMENT_3D( '', #610, #611, #612 );
#546 = SURFACE_STYLE_FILL_AREA( #613 );
#547 = ORIENTED_EDGE( '', *, *, #614, .T. );
#548 = ORIENTED_EDGE( '', *, *, #615, .T. );
#549 = ORIENTED_EDGE( '', *, *, #616, .T. );
#550 = ORIENTED_EDGE( '', *, *, #617, .F. );
#551 = CARTESIAN_POINT( '', ( 7.00000000000000, 0.000000000000000, 0.000000000000000 ) );
#552 = DIRECTION( '', ( 1.00000000000000, -0.000000000000000, 0.000000000000000 ) );
#553 = DIRECTION( '', ( 0.000000000000000, 0.000000000000000, -1.00000000000000 ) );
#554 = SURFACE_STYLE_FILL_AREA( #618 );
#555 = ORIENTED_EDGE( '', *, *, #616, .F. );
#556 = ORIENTED_EDGE( '', *, *, #619, .F. );
#557 = ORIENTED_EDGE( '', *, *, #620, .T. );
#558 = ORIENTED_EDGE( '', *, *, #621, .T. );
#559 = ORIENTED_EDGE( '', *, *, #622, .F. );
#560 = SURFACE_STYLE_FILL_AREA( #623 );
#561 = ORIENTED_EDGE( '', *, *, #624, .F. );
#562 = ORIENTED_EDGE( '', *, *, #617, .T. );
#563 = CARTESIAN_POINT( '', ( 7.00000000000000, 0.000000000000000, 0.000000000000000 ) );
#564 = DIRECTION( '', ( -1.00000000000000, 0.000000000000000, 0.000000000000000 ) );
#565 = DIRECTION( '', ( 0.000000000000000, 0.000000000000000, 1.00000000000000 ) );
#566 = SURFACE_STYLE_FILL_AREA( #625 );
#567 = ORIENTED_EDGE( '', *, *, #626, .T. );
#568 = ORIENTED_EDGE( '', *, *, #627, .F. );
#569 = ORIENTED_EDGE( '', *, *, #621, .F. );
#570 = CARTESIAN_POINT( '', ( 3.42723919920032, 1.25000000000000, 2.02128619922971E-014 ) );
#571 = DIRECTION( '', ( 0.000000000000000, -1.61702895938378E-014, 1.00000000000000 ) );
#572 = DIRECTION( '', ( 1.00000000000000, 0.000000000000000, 0.000000000000000 ) );
#573 = SURFACE_STYLE_FILL_AREA( #628 );
#574 = ORIENTED_EDGE( '', *, *, #614, .F. );
#575 = ORIENTED_EDGE( '', *, *, #622, .T. );
#576 = ORIENTED_EDGE( '', *, *, #627, .T. );
#577 = ORIENTED_EDGE( '', *, *, #629, .T. );
#578 = ORIENTED_EDGE( '', *, *, #630, .F. );
#579 = SURFACE_STYLE_FILL_AREA( #631 );
#580 = ORIENTED_EDGE( '', *, *, #632, .F. );
#581 = ORIENTED_EDGE( '', *, *, #624, .T. );
#582 = CARTESIAN_POINT( '', ( 0.000000000000000, 0.000000000000000, 0.000000000000000 ) );
#583 = DIRECTION( '', ( 1.00000000000000, -0.000000000000000, -0.000000000000000 ) );
#584 = DIRECTION( '', ( 0.000000000000000, 0.000000000000000, 1.00000000000000 ) );
#585 = SURFACE_STYLE_FILL_AREA( #633 );
#586 = ORIENTED_EDGE( '', *, *, #632, .T. );
#587 = CARTESIAN_POINT( '', ( 0.000000000000000, 0.000000000000000, 3.50000000000000 ) );
#588 = DIRECTION( '', ( 1.00000000000000, 0.000000000000000, 0.000000000000000 ) );
#589 = DIRECTION( '', ( 0.000000000000000, 0.000000000000000, -1.00000000000000 ) );
#590 = SURFACE_STYLE_FILL_AREA( #634 );
#591 = ORIENTED_EDGE( '', *, *, #630, .T. );
#592 = ORIENTED_EDGE( '', *, *, #635, .T. );
#593 = ORIENTED_EDGE( '', *, *, #619, .T. );
#594 = ORIENTED_EDGE( '', *, *, #615, .F. );
#595 = CARTESIAN_POINT( '', ( 6.80000000000000, 0.000000000000000, 1.30000000000000 ) );
#596 = DIRECTION( '', ( 1.00000000000000, 0.000000000000000, 0.000000000000000 ) );
#597 = DIRECTION( '', ( 0.000000000000000, 0.000000000000000, -1.00000000000000 ) );
#598 = SURFACE_STYLE_FILL_AREA( #636 );
#599 = ORIENTED_EDGE( '', *, *, #637, .T. );
#600 = ORIENTED_EDGE( '', *, *, #635, .F. );
#601 = ORIENTED_EDGE( '', *, *, #629, .F. );
#602 = ORIENTED_EDGE( '', *, *, #626, .F. );
#603 = ORIENTED_EDGE( '', *, *, #620, .F. );
#604 = CARTESIAN_POINT( '', ( 7.00000000000000, 0.000000000000000, 0.000000000000000 ) );
#605 = DIRECTION( '', ( 1.00000000000000, -0.000000000000000, -0.000000000000000 ) );
#606 = DIRECTION( '', ( 0.000000000000000, 0.000000000000000, -1.00000000000000 ) );
#607 = SURFACE_STYLE_FILL_AREA( #638 );
#608 = ORIENTED_EDGE( '', *, *, #637, .F. );
#609 = VERTEX_POINT( '', #639 );
#610 = CARTESIAN_POINT( '', ( 2.23905856140390, 0.000000000000000, 0.000000000000000 ) );
#611 = DIRECTION( '', ( 1.00000000000000, -0.000000000000000, -0.000000000000000 ) );
#612 = DIRECTION( '', ( 0.000000000000000, 0.000000000000000, 1.00000000000000 ) );
#613 = FILL_AREA_STYLE( '', ( #640 ) );
#614 = EDGE_CURVE( '', #641, #642, #643, .T. );
#615 = EDGE_CURVE( '', #642, #644, #645, .T. );
#616 = EDGE_CURVE( '', #644, #641, #646, .T. );
#617 = EDGE_CURVE( '', #641, #641, #647, .T. );
#618 = FILL_AREA_STYLE( '', ( #648 ) );
#619 = EDGE_CURVE( '', #649, #644, #650, .T. );
#620 = EDGE_CURVE( '', #649, #651, #652, .T. );
#621 = EDGE_CURVE( '', #651, #653, #654, .T. );
#622 = EDGE_CURVE( '', #641, #653, #655, .T. );
#623 = FILL_AREA_STYLE( '', ( #656 ) );
#624 = EDGE_CURVE( '', #657, #657, #658, .T. );
#625 = FILL_AREA_STYLE( '', ( #659 ) );
#626 = EDGE_CURVE( '', #651, #660, #661, .F. );
#627 = EDGE_CURVE( '', #653, #660, #662, .T. );
#628 = FILL_AREA_STYLE( '', ( #663 ) );
#629 = EDGE_CURVE( '', #660, #664, #665, .F. );
#630 = EDGE_CURVE( '', #642, #664, #666, .T. );
#631 = FILL_AREA_STYLE( '', ( #667 ) );
#632 = EDGE_CURVE( '', #668, #668, #669, .T. );
#633 = FILL_AREA_STYLE( '', ( #670 ) );
#634 = FILL_AREA_STYLE( '', ( #671 ) );
#635 = EDGE_CURVE( '', #664, #649, #672, .F. );
#636 = FILL_AREA_STYLE( '', ( #673 ) );
#637 = EDGE_CURVE( '', #674, #674, #675, .T. );
#638 = FILL_AREA_STYLE( '', ( #676 ) );
#639 = CARTESIAN_POINT( '', ( 1.50000000000000, 0.000000000000000, 0.000000000000000 ) );
#640 = FILL_AREA_STYLE_COLOUR( '', #677 );
#641 = VERTEX_POINT( '', #678 );
#642 = VERTEX_POINT( '', #679 );
#643 = B_SPLINE_CURVE_WITH_KNOTS( '', 3, ( #680, #681, #682, #683, #684, #685, #686, #687, #688, #689, #690, #691, #692, #693, #694, #695, #696, #697, #698, #699, #700, #701, #702, #703, #704, #705, #706, #707, #708, #709 ), .UNSPECIFIED., .F., .F., ( 4, 2, 2, 2, 2, 2, 2, 2, 2, 2, 2, 2, 2, 2, 4 ), ( 9.92547266923186E-017, 0.000346121392212079, 0.000692242784424058, 0.00138448556884802, 0.00207672835327198, 0.00242284974548396, 0.00276897113769594, 0.00311509252990792, 0.00346121392211990, 0.00380733531433188, 0.00415345670654385, 0.00449957809875583, 0.00484569949096781, 0.00519182088317979, 0.00553794227539178 ), .UNSPECIFIED. );
#644 = VERTEX_POINT( '', #710 );
#645 = CIRCLE( '', #711, 1.30000000000000 );
#646 = B_SPLINE_CURVE_WITH_KNOTS( '', 3, ( #712, #713, #714, #715, #716, #717, #718, #719, #720, #721 ), .UNSPECIFIED., .F., .F., ( 4, 2, 2, 2, 4 ), ( 1.79213020858331E-014, 0.000376181694873046, 0.000752363389728170, 0.00112854508458329, 0.00150472677943842 ), .UNSPECIFIED. );
#647 = CIRCLE( '', #722, 1.50000000000000 );
#648 = FILL_AREA_STYLE_COLOUR( '', #723 );
#649 = VERTEX_POINT( '', #724 );
#650 = B_SPLINE_CURVE_WITH_KNOTS( '', 3, ( #725, #726, #727, #728 ), .UNSPECIFIED., .F., .F., ( 4, 4 ), ( 1.38025303463395E-015, 0.000631430702923236 ), .UNSPECIFIED. );
#651 = VERTEX_POINT( '', #729 );
#652 = ( BOUNDED_CURVE(  )B_SPLINE_CURVE( 2, ( #732, #733, #734, #735, #736, #737, #738, #739, #740, #741, #742, #743, #744, #745, #746, #747, #748, #749, #750, #751, #752, #753, #754, #755, #756, #757, #758, #759, #760, #761, #762, #763, #764, #765, #766, #767, #768, #769, #770, #771, #772, #773, #774, #775, #776, #777, #778, #779, #780, #781, #782, #783, #784, #785, #786, #787, #788, #789, #790, #791, #792, #793, #794, #795, #796, #797, #798, #799, #800, #801, #802, #803, #804, #805, #806, #807, #808, #809, #810, #811, #812, #813, #814, #815, #816, #817, #818, #819, #820, #821, #822 ), .UNSPECIFIED., .F., .F. )B_SPLINE_CURVE_WITH_KNOTS( ( 3, 2, 2, 2, 2, 2, 2, 2, 2, 2, 2, 2, 2, 2, 2, 2, 2, 2, 2, 2, 2, 2, 2, 2, 2, 2, 2, 2, 2, 2, 2, 2, 2, 2, 2, 2, 2, 2, 2, 2, 2, 2, 2, 2, 2, 3 ), ( 0.0646435638128622, 0.0833333333333333, 0.104166666666667, 0.125000000000000, 0.145833333333333, 0.166666666666667, 0.187500000000000, 0.208333333333334, 0.229166666666666, 0.250000000000000, 0.270833333333334, 0.291666666666667, 0.312500000000000, 0.333333333333334, 0.354166666666667, 0.375000000000000, 0.395833333333334, 0.416666666666667, 0.437500000000000, 0.458333333333333, 0.479166666666667, 0.500000000000000, 0.520833333333333, 0.541666666666667, 0.562500000000000, 0.583333333333333, 0.604166666666667, 0.625000000000000, 0.645833333333333, 0.666666666666667, 0.687500000000000, 0.708333333333333, 0.729166666666667, 0.750000000000000, 0.770833333333333, 0.791666666666667, 0.812500000000000, 0.833333333333333, 0.854166666666667, 0.875000000000000, 0.895833333333333, 0.916666666666667, 0.937500000000000, 0.958333333333333, 0.979166666666667, 1.00000000000000 ), .UNSPECIFIED. )CURVE(  )GEOMETRIC_REPRESENTATION_ITEM(  )RATIONAL_B_SPLINE_CURVE( ( 0.975267085865676, 0.879810192406383, 1.00000000000000, 0.866025403784439, 1.00000000000000, 0.866025403784439, 1.00000000000000, 0.866025403784439, 1.00000000000000, 0.866025403784439, 1.00000000000000, 0.866025403784439, 1.00000000000000, 0.866025403784439, 1.00000000000000, 0.866025403784439, 1.00000000000000, 0.866025403784439, 1.00000000000000, 0.866025403784439, 1.00000000000000, 0.866025403784439, 1.00000000000000, 0.866025403784439, 1.00000000000000, 0.866025403784439, 1.00000000000000, 0.866025403784439, 1.00000000000000, 0.866025403784439, 1.00000000000000, 0.866025403784439, 1.00000000000000, 0.866025403784439, 1.00000000000000, 0.866025403784439, 1.00000000000000, 0.866025403784439, 1.00000000000000, 0.866025403784439, 1.00000000000000, 0.866025403784439, 1.00000000000000, 0.866025403784439, 1.00000000000000, 0.866025403784439, 1.00000000000000, 0.866025403784439, 1.00000000000000, 0.866025403784439, 1.00000000000000, 0.866025403784439, 1.00000000000000, 0.866025403784439, 1.00000000000000, 0.866025403784439, 1.00000000000000, 0.866025403784439, 1.00000000000000, 0.866025403784439, 1.00000000000000, 0.866025403784439, 1.00000000000000, 0.866025403784439, 1.00000000000000, 0.866025403784439, 1.00000000000000, 0.866025403784439, 1.00000000000000, 0.866025403784439, 1.00000000000000, 0.866025403784439, 1.00000000000000, 0.866025403784439, 1.00000000000000, 0.866025403784439, 1.00000000000000, 0.866025403784439, 1.00000000000000, 0.866025403784439, 1.00000000000000, 0.866025403784439, 1.00000000000000, 0.866025403784439, 1.00000000000000, 0.866025403784439, 1.00000000000000, 0.866025403784439, 1.00000000000000, 0.866025403784439, 1.00000000000000 ) )REPRESENTATION_ITEM( '' ) );
#653 = VERTEX_POINT( '', #828 );
#654 = LINE( '', #829, #830 );
#655 = ( BOUNDED_CURVE(  )B_SPLINE_CURVE( 2, ( #833, #834, #835, #836, #837, #838, #839, #840, #841, #842, #843, #844, #845, #846, #847, #848, #849, #850, #851, #852, #853, #854, #855, #856, #857, #858, #859, #860, #861, #862, #863, #864, #865, #866, #867, #868, #869, #870, #871, #872, #873, #874, #875, #876, #877, #878, #879, #880, #881, #882, #883, #884, #885, #886, #887, #888, #889, #890, #891, #892, #893, #894, #895, #896, #897, #898, #899, #900, #901, #902, #903, #904, #905, #906, #907, #908, #909, #910, #911, #912, #913, #914, #915, #916, #917, #918, #919, #920, #921, #922, #923, #924, #925 ), .UNSPECIFIED., .F., .F. )B_SPLINE_CURVE_WITH_KNOTS( ( 3, 2, 2, 2, 2, 2, 2, 2, 2, 2, 2, 2, 2, 2, 2, 2, 2, 2, 2, 2, 2, 2, 2, 2, 2, 2, 2, 2, 2, 2, 2, 2, 2, 2, 2, 2, 2, 2, 2, 2, 2, 2, 2, 2, 2, 2, 3 ), ( 0.0533176146725689, 0.0625000000000000, 0.0833333333333333, 0.104166666666667, 0.125000000000000, 0.145833333333333, 0.166666666666667, 0.187500000000000, 0.208333333333334, 0.229166666666666, 0.250000000000000, 0.270833333333334, 0.291666666666667, 0.312500000000000, 0.333333333333334, 0.354166666666667, 0.375000000000000, 0.395833333333334, 0.416666666666667, 0.437500000000000, 0.458333333333333, 0.479166666666667, 0.500000000000000, 0.520833333333333, 0.541666666666667, 0.562500000000000, 0.583333333333333, 0.604166666666667, 0.625000000000000, 0.645833333333333, 0.666666666666667, 0.687500000000000, 0.708333333333333, 0.729166666666667, 0.750000000000000, 0.770833333333333, 0.791666666666667, 0.812500000000000, 0.833333333333333, 0.854166666666667, 0.875000000000000, 0.895833333333333, 0.916666666666667, 0.937500000000000, 0.958333333333333, 0.979166666666667, 1.00000000000000 ), .UNSPECIFIED. )CURVE(  )GEOMETRIC_REPRESENTATION_ITEM(  )RATIONAL_B_SPLINE_CURVE( ( 0.933953211536586, 0.940950094406163, 1.00000000000000, 0.866025403784439, 1.00000000000000, 0.866025403784439, 1.00000000000000, 0.866025403784439, 1.00000000000000, 0.866025403784439, 1.00000000000000, 0.866025403784439, 1.00000000000000, 0.866025403784439, 1.00000000000000, 0.866025403784439, 1.00000000000000, 0.866025403784439, 1.00000000000000, 0.866025403784439, 1.00000000000000, 0.866025403784439, 1.00000000000000, 0.866025403784439, 1.00000000000000, 0.866025403784439, 1.00000000000000, 0.866025403784439, 1.00000000000000, 0.866025403784439, 1.00000000000000, 0.866025403784439, 1.00000000000000, 0.866025403784439, 1.00000000000000, 0.866025403784439, 1.00000000000000, 0.866025403784439, 1.00000000000000, 0.866025403784439, 1.00000000000000, 0.866025403784439, 1.00000000000000, 0.866025403784439, 1.00000000000000, 0.866025403784439, 1.00000000000000, 0.866025403784439, 1.00000000000000, 0.866025403784439, 1.00000000000000, 0.866025403784439, 1.00000000000000, 0.866025403784439, 1.00000000000000, 0.866025403784439, 1.00000000000000, 0.866025403784439, 1.00000000000000, 0.866025403784439, 1.00000000000000, 0.866025403784439, 1.00000000000000, 0.866025403784439, 1.00000000000000, 0.866025403784439, 1.00000000000000, 0.866025403784439, 1.00000000000000, 0.866025403784439, 1.00000000000000, 0.866025403784439, 1.00000000000000, 0.866025403784439, 1.00000000000000, 0.866025403784439, 1.00000000000000, 0.866025403784439, 1.00000000000000, 0.866025403784439, 1.00000000000000, 0.866025403784439, 1.00000000000000, 0.866025403784439, 1.00000000000000, 0.866025403784439, 1.00000000000000, 0.866025403784439, 1.00000000000000, 0.866025403784439, 1.00000000000000, 0.866025403784439, 1.00000000000000 ) )REPRESENTATION_ITEM( '' ) );
#656 = FILL_AREA_STYLE_COLOUR( '', #931 );
#657 = VERTEX_POINT( '', #932 );
#658 = CIRCLE( '', #933, 3.50000000000000 );
#659 = FILL_AREA_STYLE_COLOUR( '', #934 );
#660 = VERTEX_POINT( '', #935 );
#661 = LINE( '', #936, #937 );
#662 = LINE( '', #938, #939 );
#663 = FILL_AREA_STYLE_COLOUR( '', #940 );
#664 = VERTEX_POINT( '', #941 );
#665 = ( BOUNDED_CURVE(  )B_SPLINE_CURVE( 2, ( #944, #945, #946, #947, #948, #949, #950, #951, #952, #953, #954, #955, #956, #957, #958, #959, #960, #961, #962, #963, #964, #965, #966, #967, #968, #969, #970, #971, #972, #973, #974, #975, #976, #977, #978, #979, #980, #981, #982, #983, #984, #985, #986, #987, #988, #989, #990, #991, #992, #993, #994, #995, #996, #997, #998, #999, #1000, #1001, #1002, #1003, #1004, #1005, #1006, #1007, #1008, #1009, #1010, #1011, #1012, #1013, #1014, #1015, #1016, #1017, #1018, #1019, #1020, #1021, #1022, #1023, #1024, #1025, #1026, #1027, #1028 ), .UNSPECIFIED., .F., .F. )B_SPLINE_CURVE_WITH_KNOTS( ( 3, 2, 2, 2, 2, 2, 2, 2, 2, 2, 2, 2, 2, 2, 2, 2, 2, 2, 2, 2, 2, 2, 2, 2, 2, 2, 2, 2, 2, 2, 2, 2, 2, 2, 2, 2, 2, 2, 2, 2, 2, 2, 3 ), ( 0.142101867831738, 0.145833333333333, 0.166666666666667, 0.187500000000000, 0.208333333333334, 0.229166666666666, 0.250000000000000, 0.270833333333334, 0.291666666666667, 0.312500000000000, 0.333333333333334, 0.354166666666667, 0.375000000000000, 0.395833333333334, 0.416666666666667, 0.437500000000000, 0.458333333333333, 0.479166666666667, 0.500000000000000, 0.520833333333333, 0.541666666666667, 0.562500000000000, 0.583333333333333, 0.604166666666667, 0.625000000000000, 0.645833333333333, 0.666666666666667, 0.687500000000000, 0.708333333333333, 0.729166666666667, 0.750000000000000, 0.770833333333333, 0.791666666666667, 0.812500000000000, 0.833333333333333, 0.854166666666667, 0.875000000000000, 0.895833333333333, 0.916666666666667, 0.937500000000000, 0.958333333333333, 0.979166666666667, 1.00000000000000 ), .UNSPECIFIED. )CURVE(  )GEOMETRIC_REPRESENTATION_ITEM(  )RATIONAL_B_SPLINE_CURVE( ( 0.960603476130828, 0.976003763974309, 1.00000000000000, 0.866025403784439, 1.00000000000000, 0.866025403784439, 1.00000000000000, 0.866025403784439, 1.00000000000000, 0.866025403784439, 1.00000000000000, 0.866025403784439, 1.00000000000000, 0.866025403784439, 1.00000000000000, 0.866025403784439, 1.00000000000000, 0.866025403784439, 1.00000000000000, 0.866025403784439, 1.00000000000000, 0.866025403784439, 1.00000000000000, 0.866025403784439, 1.00000000000000, 0.866025403784439, 1.00000000000000, 0.866025403784439, 1.00000000000000, 0.866025403784439, 1.00000000000000, 0.866025403784439, 1.00000000000000, 0.866025403784439, 1.00000000000000, 0.866025403784439, 1.00000000000000, 0.866025403784439, 1.00000000000000, 0.866025403784439, 1.00000000000000, 0.866025403784439, 1.00000000000000, 0.866025403784439, 1.00000000000000, 0.866025403784439, 1.00000000000000, 0.866025403784439, 1.00000000000000, 0.866025403784439, 1.00000000000000, 0.866025403784439, 1.00000000000000, 0.866025403784439, 1.00000000000000, 0.866025403784439, 1.00000000000000, 0.866025403784439, 1.00000000000000, 0.866025403784439, 1.00000000000000, 0.866025403784439, 1.00000000000000, 0.866025403784439, 1.00000000000000, 0.866025403784439, 1.00000000000000, 0.866025403784439, 1.00000000000000, 0.866025403784439, 1.00000000000000, 0.866025403784439, 1.00000000000000, 0.866025403784439, 1.00000000000000, 0.866025403784439, 1.00000000000000, 0.866025403784439, 1.00000000000000, 0.866025403784439, 1.00000000000000, 0.866025403784439, 1.00000000000000, 0.866025403784439, 1.00000000000000 ) )REPRESENTATION_ITEM( '' ) );
#666 = B_SPLINE_CURVE_WITH_KNOTS( '', 3, ( #1034, #1035, #1036, #1037 ), .UNSPECIFIED., .F., .F., ( 4, 4 ), ( 0.000291644427179277, 0.000915908873618128 ), .UNSPECIFIED. );
#667 = FILL_AREA_STYLE_COLOUR( '', #1038 );
#668 = VERTEX_POINT( '', #1039 );
#669 = CIRCLE( '', #1040, 3.50000000000000 );
#670 = FILL_AREA_STYLE_COLOUR( '', #1041 );
#671 = FILL_AREA_STYLE_COLOUR( '', #1042 );
#672 = CIRCLE( '', #1043, 1.23000000000000 );
#673 = FILL_AREA_STYLE_COLOUR( '', #1044 );
#674 = VERTEX_POINT( '', #1045 );
#675 = CIRCLE( '', #1046, 1.23000000000000 );
#676 = FILL_AREA_STYLE_COLOUR( '', #1047 );
#677 = COLOUR_RGB( '', 0.643137276172638, 0.678431391716003, 0.698039233684540 );
#678 = CARTESIAN_POINT( '', ( 7.00000000000000, -1.34399818714564, -0.666084734061081 ) );
#679 = CARTESIAN_POINT( '', ( 6.80000000000000, 1.21103769875144, -0.472639071811471 ) );
#680 = CARTESIAN_POINT( '', ( 7.00000000000000, -1.34399818714568, -0.666084734060990 ) );
#681 = CARTESIAN_POINT( '', ( 6.99589130985646, -1.39222283763794, -0.559526402330561 ) );
#682 = CARTESIAN_POINT( '', ( 6.99187617205827, -1.42722636194958, -0.449501374819421 ) );
#683 = CARTESIAN_POINT( '', ( 6.98403274868373, -1.47175363395237, -0.222770064341971 ) );
#684 = CARTESIAN_POINT( '', ( 6.98020515751261, -1.48097042192223, -0.105048580928259 ) );
#685 = CARTESIAN_POINT( '', ( 6.96944177445848, -1.46780441557090, 0.240861937010983 ) );
#686 = CARTESIAN_POINT( '', ( 6.96119332641434, -1.40259409670804, 0.470468855871612 ) );
#687 = CARTESIAN_POINT( '', ( 6.94438218515834, -1.17374550720268, 0.872975708958667 ) );
#688 = CARTESIAN_POINT( '', ( 6.93576955608325, -1.00945722809233, 1.04701234189803 ) );
#689 = CARTESIAN_POINT( '', ( 6.92412445843620, -0.717025731579744, 1.23590278892941 ) );
#690 = CARTESIAN_POINT( '', ( 6.92051355524631, -0.613392281743440, 1.28651838886107 ) );
#691 = CARTESIAN_POINT( '', ( 6.91240549767667, -0.393126134190439, 1.36156602044313 ) );
#692 = CARTESIAN_POINT( '', ( 6.90815081094517, -0.278496736389415, 1.38514804501200 ) );
#693 = CARTESIAN_POINT( '', ( 6.89952742633468, -0.0483509822476882, 1.40344078321575 ) );
#694 = CARTESIAN_POINT( '', ( 6.89505957108344, 0.0697887017057835, 1.39809181016255 ) );
#695 = CARTESIAN_POINT( '', ( 6.88636117846967, 0.297613149187078, 1.35895684120455 ) );
#696 = CARTESIAN_POINT( '', ( 6.88205958353921, 0.409187001235813, 1.32522930555790 ) );
#697 = CARTESIAN_POINT( '', ( 6.87377352110555, 0.622198705998060, 1.23032535509204 ) );
#698 = CARTESIAN_POINT( '', ( 6.87006435756129, 0.721049889274666, 1.17073368320975 ) );
#699 = CARTESIAN_POINT( '', ( 6.86183809811248, 0.902718272414982, 1.02623422379287 ) );
#700 = CARTESIAN_POINT( '', ( 6.85745057349204, 0.984549941368276, 0.941614894151506 ) );
#701 = CARTESIAN_POINT( '', ( 6.84855012595816, 1.12238205309978, 0.756406706450737 ) );
#702 = CARTESIAN_POINT( '', ( 6.84391288152408, 1.18018025313791, 0.653175368930836 ) );
#703 = CARTESIAN_POINT( '', ( 6.83484305696890, 1.26610038026112, 0.438357700045235 ) );
#704 = CARTESIAN_POINT( '', ( 6.83034277158432, 1.29520204913194, 0.325330422652383 ) );
#705 = CARTESIAN_POINT( '', ( 6.82166931088081, 1.32347178681755, 0.0938538166203096 ) );
#706 = CARTESIAN_POINT( '', ( 6.81780431684698, 1.32274436178568, -0.0216204673821262 ) );
#707 = CARTESIAN_POINT( '', ( 6.80926367260933, 1.29004080832690, -0.251948310196448 ) );
#708 = CARTESIAN_POINT( '', ( 6.80470453315627, 1.25799570959842, -0.365258977105107 ) );
#709 = CARTESIAN_POINT( '', ( 6.80000000000073, 1.21103769875871, -0.472639071794853 ) );
#710 = CARTESIAN_POINT( '', ( 6.80000000000000, -1.07185463173692, 0.735613790262337 ) );
#711 = AXIS2_PLACEMENT_3D( '', #1048, #1049, #1050 );
#712 = CARTESIAN_POINT( '', ( 6.80000000000000, -1.07185463172667, 0.735613790277273 ) );
#713 = CARTESIAN_POINT( '', ( 6.81880841150111, -1.15774753775352, 0.643699017743686 ) );
#714 = CARTESIAN_POINT( '', ( 6.83696967891588, -1.22853690886490, 0.541753025921067 ) );
#715 = CARTESIAN_POINT( '', ( 6.87226876810568, -1.34057087174144, 0.318280795767184 ) );
#716 = CARTESIAN_POINT( '', ( 6.88908892941385, -1.38040125288126, 0.198416213215034 ) );
#717 = CARTESIAN_POINT( '', ( 6.92006427111852, -1.42466878257258, -0.0470101358558233 ) );
#718 = CARTESIAN_POINT( '', ( 6.93519625071293, -1.42993051714476, -0.174270705317314 ) );
#719 = CARTESIAN_POINT( '', ( 6.96712270722428, -1.41030898202197, -0.422801250961335 ) );
#720 = CARTESIAN_POINT( '', ( 6.98360903181331, -1.38479637673770, -0.546851938187814 ) );
#721 = CARTESIAN_POINT( '', ( 7.00000000000000, -1.34399818714568, -0.666084734060994 ) );
#722 = AXIS2_PLACEMENT_3D( '', #1051, #1052, #1053 );
#723 = COLOUR_RGB( '', 0.643137276172638, 0.678431391716003, 0.698039233684540 );
#724 = CARTESIAN_POINT( '', ( 6.79999999999992, -1.22332414559431, 0.127976696339418 ) );
#725 = CARTESIAN_POINT( '', ( 6.80000000000000, -1.22332414559445, 0.127976696338045 ) );
#726 = CARTESIAN_POINT( '', ( 6.80000000000000, -1.22386360074179, 0.340621348733994 ) );
#727 = CARTESIAN_POINT( '', ( 6.80000000000001, -1.17081334977081, 0.550632834472359 ) );
#728 = CARTESIAN_POINT( '', ( 6.80000000000001, -1.07185463173511, 0.735613790261514 ) );
#729 = CARTESIAN_POINT( '', ( 3.05773502691896, 1.23000000000000, 1.98894562004205E-014 ) );
#732 = CARTESIAN_POINT( '', ( 6.79999999999983, -1.22332414559417, 0.127976696340792 ) );
#733 = CARTESIAN_POINT( '', ( 6.76119557330038, -1.15807766458966, 0.751665210813148 ) );
#734 = CARTESIAN_POINT( '', ( 6.72440169358563, -0.615000000000000, 1.06521124665486 ) );
#735 = CARTESIAN_POINT( '', ( 6.68273502691896, -2.60901508726327E-016, 1.42028166220648 ) );
#736 = CARTESIAN_POINT( '', ( 6.64106836025230, 0.615000000000000, 1.06521124665486 ) );
#737 = CARTESIAN_POINT( '', ( 6.59940169358564, 1.23000000000000, 0.710140831103239 ) );
#738 = CARTESIAN_POINT( '', ( 6.55773502691897, 1.23000000000000, 0.000000000000000 ) );
#739 = CARTESIAN_POINT( '', ( 6.51606836025229, 1.23000000000000, -0.710140831103239 ) );
#740 = CARTESIAN_POINT( '', ( 6.47440169358563, 0.615000000000000, -1.06521124665486 ) );
#741 = CARTESIAN_POINT( '', ( 6.43273502691896, 8.69671695754423E-017, -1.42028166220648 ) );
#742 = CARTESIAN_POINT( '', ( 6.39106836025230, -0.615000000000000, -1.06521124665486 ) );
#743 = CARTESIAN_POINT( '', ( 6.34940169358563, -1.23000000000000, -0.710140831103239 ) );
#744 = CARTESIAN_POINT( '', ( 6.30773502691897, -1.23000000000000, -1.50631556295125E-016 ) );
#745 = CARTESIAN_POINT( '', ( 6.26606836025229, -1.23000000000000, 0.710140831103239 ) );
#746 = CARTESIAN_POINT( '', ( 6.22440169358563, -0.615000000000000, 1.06521124665486 ) );
#747 = CARTESIAN_POINT( '', ( 6.18273502691896, -2.60901508726327E-016, 1.42028166220648 ) );
#748 = CARTESIAN_POINT( '', ( 6.14106836025230, 0.615000000000000, 1.06521124665486 ) );
#749 = CARTESIAN_POINT( '', ( 6.09940169358564, 1.23000000000000, 0.710140831103239 ) );
#750 = CARTESIAN_POINT( '', ( 6.05773502691897, 1.23000000000000, 0.000000000000000 ) );
#751 = CARTESIAN_POINT( '', ( 6.01606836025229, 1.23000000000000, -0.710140831103239 ) );
#752 = CARTESIAN_POINT( '', ( 5.97440169358563, 0.615000000000000, -1.06521124665486 ) );
#753 = CARTESIAN_POINT( '', ( 5.93273502691896, 8.69671695754423E-017, -1.42028166220648 ) );
#754 = CARTESIAN_POINT( '', ( 5.89106836025230, -0.615000000000000, -1.06521124665486 ) );
#755 = CARTESIAN_POINT( '', ( 5.84940169358563, -1.23000000000000, -0.710140831103239 ) );
#756 = CARTESIAN_POINT( '', ( 5.80773502691897, -1.23000000000000, -1.50631556295125E-016 ) );
#757 = CARTESIAN_POINT( '', ( 5.76606836025229, -1.23000000000000, 0.710140831103239 ) );
#758 = CARTESIAN_POINT( '', ( 5.72440169358563, -0.615000000000000, 1.06521124665486 ) );
#759 = CARTESIAN_POINT( '', ( 5.68273502691896, -2.60901508726327E-016, 1.42028166220648 ) );
#760 = CARTESIAN_POINT( '', ( 5.64106836025230, 0.615000000000000, 1.06521124665486 ) );
#761 = CARTESIAN_POINT( '', ( 5.59940169358563, 1.23000000000000, 0.710140831103239 ) );
#762 = CARTESIAN_POINT( '', ( 5.55773502691897, 1.23000000000000, 0.000000000000000 ) );
#763 = CARTESIAN_POINT( '', ( 5.51606836025229, 1.23000000000000, -0.710140831103239 ) );
#764 = CARTESIAN_POINT( '', ( 5.47440169358563, 0.615000000000000, -1.06521124665486 ) );
#765 = CARTESIAN_POINT( '', ( 5.43273502691896, 8.69671695754423E-017, -1.42028166220648 ) );
#766 = CARTESIAN_POINT( '', ( 5.39106836025230, -0.615000000000000, -1.06521124665486 ) );
#767 = CARTESIAN_POINT( '', ( 5.34940169358563, -1.23000000000000, -0.710140831103239 ) );
#768 = CARTESIAN_POINT( '', ( 5.30773502691897, -1.23000000000000, -1.50631556295125E-016 ) );
#769 = CARTESIAN_POINT( '', ( 5.26606836025230, -1.23000000000000, 0.710140831103239 ) );
#770 = CARTESIAN_POINT( '', ( 5.22440169358563, -0.615000000000000, 1.06521124665486 ) );
#771 = CARTESIAN_POINT( '', ( 5.18273502691896, -2.60901508726327E-016, 1.42028166220648 ) );
#772 = CARTESIAN_POINT( '', ( 5.14106836025230, 0.615000000000000, 1.06521124665486 ) );
#773 = CARTESIAN_POINT( '', ( 5.09940169358563, 1.23000000000000, 0.710140831103239 ) );
#774 = CARTESIAN_POINT( '', ( 5.05773502691897, 1.23000000000000, 0.000000000000000 ) );
#775 = CARTESIAN_POINT( '', ( 5.01606836025230, 1.23000000000000, -0.710140831103239 ) );
#776 = CARTESIAN_POINT( '', ( 4.97440169358563, 0.615000000000000, -1.06521124665486 ) );
#777 = CARTESIAN_POINT( '', ( 4.93273502691897, 8.69671695754423E-017, -1.42028166220648 ) );
#778 = CARTESIAN_POINT( '', ( 4.89106836025230, -0.615000000000000, -1.06521124665486 ) );
#779 = CARTESIAN_POINT( '', ( 4.84940169358563, -1.23000000000000, -0.710140831103239 ) );
#780 = CARTESIAN_POINT( '', ( 4.80773502691897, -1.23000000000000, -1.50631556295125E-016 ) );
#781 = CARTESIAN_POINT( '', ( 4.76606836025230, -1.23000000000000, 0.710140831103239 ) );
#782 = CARTESIAN_POINT( '', ( 4.72440169358563, -0.615000000000000, 1.06521124665486 ) );
#783 = CARTESIAN_POINT( '', ( 4.68273502691896, -2.60901508726327E-016, 1.42028166220648 ) );
#784 = CARTESIAN_POINT( '', ( 4.64106836025230, 0.615000000000000, 1.06521124665486 ) );
#785 = CARTESIAN_POINT( '', ( 4.59940169358563, 1.23000000000000, 0.710140831103239 ) );
#786 = CARTESIAN_POINT( '', ( 4.55773502691897, 1.23000000000000, 0.000000000000000 ) );
#787 = CARTESIAN_POINT( '', ( 4.51606836025230, 1.23000000000000, -0.710140831103239 ) );
#788 = CARTESIAN_POINT( '', ( 4.47440169358564, 0.615000000000000, -1.06521124665486 ) );
#789 = CARTESIAN_POINT( '', ( 4.43273502691897, 8.69671695754423E-017, -1.42028166220648 ) );
#790 = CARTESIAN_POINT( '', ( 4.39106836025230, -0.615000000000000, -1.06521124665486 ) );
#791 = CARTESIAN_POINT( '', ( 4.34940169358563, -1.23000000000000, -0.710140831103239 ) );
#792 = CARTESIAN_POINT( '', ( 4.30773502691896, -1.23000000000000, -1.50631556295125E-016 ) );
#793 = CARTESIAN_POINT( '', ( 4.26606836025230, -1.23000000000000, 0.710140831103239 ) );
#794 = CARTESIAN_POINT( '', ( 4.22440169358564, -0.615000000000000, 1.06521124665486 ) );
#795 = CARTESIAN_POINT( '', ( 4.18273502691897, -2.60901508726327E-016, 1.42028166220648 ) );
#796 = CARTESIAN_POINT( '', ( 4.14106836025230, 0.615000000000000, 1.06521124665486 ) );
#797 = CARTESIAN_POINT( '', ( 4.09940169358563, 1.23000000000000, 0.710140831103239 ) );
#798 = CARTESIAN_POINT( '', ( 4.05773502691896, 1.23000000000000, 0.000000000000000 ) );
#799 = CARTESIAN_POINT( '', ( 4.01606836025230, 1.23000000000000, -0.710140831103239 ) );
#800 = CARTESIAN_POINT( '', ( 3.97440169358564, 0.615000000000000, -1.06521124665486 ) );
#801 = CARTESIAN_POINT( '', ( 3.93273502691897, 8.69671695754423E-017, -1.42028166220648 ) );
#802 = CARTESIAN_POINT( '', ( 3.89106836025230, -0.615000000000000, -1.06521124665486 ) );
#803 = CARTESIAN_POINT( '', ( 3.84940169358563, -1.23000000000000, -0.710140831103239 ) );
#804 = CARTESIAN_POINT( '', ( 3.80773502691896, -1.23000000000000, -1.50631556295125E-016 ) );
#805 = CARTESIAN_POINT( '', ( 3.76606836025230, -1.23000000000000, 0.710140831103239 ) );
#806 = CARTESIAN_POINT( '', ( 3.72440169358563, -0.615000000000000, 1.06521124665486 ) );
#807 = CARTESIAN_POINT( '', ( 3.68273502691897, -2.60901508726327E-016, 1.42028166220648 ) );
#808 = CARTESIAN_POINT( '', ( 3.64106836025230, 0.615000000000000, 1.06521124665486 ) );
#809 = CARTESIAN_POINT( '', ( 3.59940169358563, 1.23000000000000, 0.710140831103239 ) );
#810 = CARTESIAN_POINT( '', ( 3.55773502691896, 1.23000000000000, 0.000000000000000 ) );
#811 = CARTESIAN_POINT( '', ( 3.51606836025230, 1.23000000000000, -0.710140831103239 ) );
#812 = CARTESIAN_POINT( '', ( 3.47440169358564, 0.615000000000000, -1.06521124665486 ) );
#813 = CARTESIAN_POINT( '', ( 3.43273502691897, 8.69671695754423E-017, -1.42028166220648 ) );
#814 = CARTESIAN_POINT( '', ( 3.39106836025230, -0.615000000000000, -1.06521124665486 ) );
#815 = CARTESIAN_POINT( '', ( 3.34940169358563, -1.23000000000000, -0.710140831103239 ) );
#816 = CARTESIAN_POINT( '', ( 3.30773502691896, -1.23000000000000, -1.50631556295125E-016 ) );
#817 = CARTESIAN_POINT( '', ( 3.26606836025230, -1.23000000000000, 0.710140831103239 ) );
#818 = CARTESIAN_POINT( '', ( 3.22440169358563, -0.615000000000000, 1.06521124665486 ) );
#819 = CARTESIAN_POINT( '', ( 3.18273502691897, -2.60901508726327E-016, 1.42028166220648 ) );
#820 = CARTESIAN_POINT( '', ( 3.14106836025230, 0.615000000000000, 1.06521124665486 ) );
#821 = CARTESIAN_POINT( '', ( 3.09940169358563, 1.23000000000000, 0.710140831103239 ) );
#822 = CARTESIAN_POINT( '', ( 3.05773502691896, 1.23000000000000, 0.000000000000000 ) );
#828 = CARTESIAN_POINT( '', ( 3.21361959960016, 1.50000000000000, 1.35972933543551E-014 ) );
#829 = CARTESIAN_POINT( '', ( 3.05196152422706, 1.22000000000000, 1.97277533044820E-014 ) );
#830 = VECTOR( '', #1054, 1000.00000000000 );
#833 = CARTESIAN_POINT( '', ( 7.00000000000000, -1.34399818714564, -0.666084734061082 ) );
#834 = CARTESIAN_POINT( '', ( 6.98052204534764, -1.50000000000000, -0.351310737681725 ) );
#835 = CARTESIAN_POINT( '', ( 6.96361959960016, -1.50000000000000, -1.83697019872103E-016 ) );
#836 = CARTESIAN_POINT( '', ( 6.92195293293349, -1.49999999999999, 0.866025403784438 ) );
#837 = CARTESIAN_POINT( '', ( 6.88028626626683, -0.750000000000000, 1.29903810567665 ) );
#838 = CARTESIAN_POINT( '', ( 6.83861959960016, -3.18172571617471E-016, 1.73205080756888 ) );
#839 = CARTESIAN_POINT( '', ( 6.79695293293350, 0.750000000000000, 1.29903810567665 ) );
#840 = CARTESIAN_POINT( '', ( 6.75528626626682, 1.49999999999999, 0.866025403784438 ) );
#841 = CARTESIAN_POINT( '', ( 6.71361959960016, 1.50000000000000, 3.67394039744205E-016 ) );
#842 = CARTESIAN_POINT( '', ( 6.67195293293349, 1.49999999999999, -0.866025403784438 ) );
#843 = CARTESIAN_POINT( '', ( 6.63028626626683, 0.750000000000000, -1.29903810567665 ) );
#844 = CARTESIAN_POINT( '', ( 6.58861959960016, 2.06865776846930E-015, -1.73205080756888 ) );
#845 = CARTESIAN_POINT( '', ( 6.54695293293349, -0.750000000000000, -1.29903810567665 ) );
#846 = CARTESIAN_POINT( '', ( 6.50528626626682, -1.49999999999999, -0.866025403784438 ) );
#847 = CARTESIAN_POINT( '', ( 6.46361959960016, -1.50000000000000, -5.51091059616307E-016 ) );
#848 = CARTESIAN_POINT( '', ( 6.42195293293349, -1.49999999999999, 0.866025403784438 ) );
#849 = CARTESIAN_POINT( '', ( 6.38028626626683, -0.750000000000000, 1.29903810567665 ) );
#850 = CARTESIAN_POINT( '', ( 6.33861959960016, -7.42402667107432E-016, 1.73205080756888 ) );
#851 = CARTESIAN_POINT( '', ( 6.29695293293350, 0.750000000000000, 1.29903810567665 ) );
#852 = CARTESIAN_POINT( '', ( 6.25528626626682, 1.49999999999999, 0.866025403784438 ) );
#853 = CARTESIAN_POINT( '', ( 6.21361959960016, 1.50000000000000, 7.34788079488409E-016 ) );
#854 = CARTESIAN_POINT( '', ( 6.17195293293349, 1.49999999999999, -0.866025403784438 ) );
#855 = CARTESIAN_POINT( '', ( 6.13028626626683, 0.750000000000000, -1.29903810567665 ) );
#856 = CARTESIAN_POINT( '', ( 6.08861959960016, 4.03125801306610E-015, -1.73205080756888 ) );
#857 = CARTESIAN_POINT( '', ( 6.04695293293350, -0.750000000000000, -1.29903810567665 ) );
#858 = CARTESIAN_POINT( '', ( 6.00528626626682, -1.49999999999999, -0.866025403784438 ) );
#859 = CARTESIAN_POINT( '', ( 5.96361959960016, -1.50000000000000, -3.58302035846088E-015 ) );
#860 = CARTESIAN_POINT( '', ( 5.92195293293349, -1.49999999999999, 0.866025403784438 ) );
#861 = CARTESIAN_POINT( '', ( 5.88028626626683, -0.750000000000000, 1.29903810567665 ) );
#862 = CARTESIAN_POINT( '', ( 5.83861959960016, -4.24337306081108E-015, 1.73205080756888 ) );
#863 = CARTESIAN_POINT( '', ( 5.79695293293350, 0.750000000000000, 1.29903810567665 ) );
#864 = CARTESIAN_POINT( '', ( 5.75528626626682, 1.49999999999999, 0.866025403784438 ) );
#865 = CARTESIAN_POINT( '', ( 5.71361959960016, 1.50000000000000, 1.10218211923261E-015 ) );
#866 = CARTESIAN_POINT( '', ( 5.67195293293349, 1.49999999999999, -0.866025403784438 ) );
#867 = CARTESIAN_POINT( '', ( 5.63028626626683, 0.750000000000000, -1.29903810567665 ) );
#868 = CARTESIAN_POINT( '', ( 5.58861959960016, 4.45548810855606E-015, -1.73205080756888 ) );
#869 = CARTESIAN_POINT( '', ( 5.54695293293350, -0.750000000000000, -1.29903810567665 ) );
#870 = CARTESIAN_POINT( '', ( 5.50528626626683, -1.49999999999999, -0.866025403784438 ) );
#871 = CARTESIAN_POINT( '', ( 5.46361959960016, -1.50000000000000, -1.28587913910472E-015 ) );
#872 = CARTESIAN_POINT( '', ( 5.42195293293349, -1.49999999999999, 0.866025403784438 ) );
#873 = CARTESIAN_POINT( '', ( 5.38028626626683, -0.750000000000000, 1.29903810567665 ) );
#874 = CARTESIAN_POINT( '', ( 5.33861959960016, -4.66760315630104E-015, 1.73205080756888 ) );
#875 = CARTESIAN_POINT( '', ( 5.29695293293350, 0.750000000000000, 1.29903810567665 ) );
#876 = CARTESIAN_POINT( '', ( 5.25528626626683, 1.49999999999999, 0.866025403784438 ) );
#877 = CARTESIAN_POINT( '', ( 5.21361959960016, 1.50000000000000, 1.46957615897682E-015 ) );
#878 = CARTESIAN_POINT( '', ( 5.17195293293350, 1.49999999999999, -0.866025403784438 ) );
#879 = CARTESIAN_POINT( '', ( 5.13028626626683, 0.750000000000000, -1.29903810567665 ) );
#880 = CARTESIAN_POINT( '', ( 5.08861959960016, 4.87971820404602E-015, -1.73205080756888 ) );
#881 = CARTESIAN_POINT( '', ( 5.04695293293350, -0.750000000000000, -1.29903810567666 ) );
#882 = CARTESIAN_POINT( '', ( 5.00528626626683, -1.49999999999999, -0.866025403784438 ) );
#883 = CARTESIAN_POINT( '', ( 4.96361959960016, -1.50000000000000, -6.98234369704965E-015 ) );
#884 = CARTESIAN_POINT( '', ( 4.92195293293349, -1.49999999999999, 0.866025403784438 ) );
#885 = CARTESIAN_POINT( '', ( 4.88028626626683, -0.750000000000000, 1.29903810567665 ) );
#886 = CARTESIAN_POINT( '', ( 4.83861959960016, -5.09183325179100E-015, 1.73205080756888 ) );
#887 = CARTESIAN_POINT( '', ( 4.79695293293350, 0.749999999999992, 1.29903810567666 ) );
#888 = CARTESIAN_POINT( '', ( 4.75528626626683, 1.49999999999999, 0.866025403784438 ) );
#889 = CARTESIAN_POINT( '', ( 4.71361959960016, 1.50000000000000, 7.16604071692175E-015 ) );
#890 = CARTESIAN_POINT( '', ( 4.67195293293349, 1.49999999999999, -0.866025403784438 ) );
#891 = CARTESIAN_POINT( '', ( 4.63028626626683, 0.750000000000000, -1.29903810567665 ) );
#892 = CARTESIAN_POINT( '', ( 4.58861959960016, 1.14574288959634E-014, -1.73205080756888 ) );
#893 = CARTESIAN_POINT( '', ( 4.54695293293349, -0.749999999999992, -1.29903810567666 ) );
#894 = CARTESIAN_POINT( '', ( 4.50528626626683, -1.49999999999999, -0.866025403784438 ) );
#895 = CARTESIAN_POINT( '', ( 4.46361959960016, -1.50000000000000, -7.34973773679386E-015 ) );
#896 = CARTESIAN_POINT( '', ( 4.42195293293350, -1.49999999999999, 0.866025403784438 ) );
#897 = CARTESIAN_POINT( '', ( 4.38028626626683, -0.750000000000000, 1.29903810567665 ) );
#898 = CARTESIAN_POINT( '', ( 4.33861959960016, -5.51606334728096E-015, 1.73205080756888 ) );
#899 = CARTESIAN_POINT( '', ( 4.29695293293350, 0.749999999999988, 1.29903810567666 ) );
#900 = CARTESIAN_POINT( '', ( 4.25528626626683, 1.49999999999999, 0.866025403784438 ) );
#901 = CARTESIAN_POINT( '', ( 4.21361959960016, 1.50000000000000, 2.20436423846523E-015 ) );
#902 = CARTESIAN_POINT( '', ( 4.17195293293350, 1.50000000000000, -0.866025403784427 ) );
#903 = CARTESIAN_POINT( '', ( 4.13028626626683, 0.750000000000000, -1.29903810567665 ) );
#904 = CARTESIAN_POINT( '', ( 4.08861959960016, 1.18816589914533E-014, -1.73205080756888 ) );
#905 = CARTESIAN_POINT( '', ( 4.04695293293350, -0.749999999999992, -1.29903810567666 ) );
#906 = CARTESIAN_POINT( '', ( 4.00528626626683, -1.49999999999999, -0.866025403784438 ) );
#907 = CARTESIAN_POINT( '', ( 3.96361959960016, -1.50000000000000, -7.71713177653806E-015 ) );
#908 = CARTESIAN_POINT( '', ( 3.92195293293350, -1.49999999999999, 0.866025403784438 ) );
#909 = CARTESIAN_POINT( '', ( 3.88028626626683, -0.750000000000000, 1.29903810567665 ) );
#910 = CARTESIAN_POINT( '', ( 3.83861959960016, -5.94029344277093E-015, 1.73205080756888 ) );
#911 = CARTESIAN_POINT( '', ( 3.79695293293350, 0.749999999999987, 1.29903810567666 ) );
#912 = CARTESIAN_POINT( '', ( 3.75528626626682, 1.49999999999999, 0.866025403784438 ) );
#913 = CARTESIAN_POINT( '', ( 3.71361959960016, 1.50000000000000, 2.57175827820943E-015 ) );
#914 = CARTESIAN_POINT( '', ( 3.67195293293350, 1.50000000000000, -0.866025403784427 ) );
#915 = CARTESIAN_POINT( '', ( 3.63028626626683, 0.750000000000000, -1.29903810567665 ) );
#916 = CARTESIAN_POINT( '', ( 3.58861959960016, 1.23058890869433E-014, -1.73205080756888 ) );
#917 = CARTESIAN_POINT( '', ( 3.54695293293350, -0.749999999999992, -1.29903810567666 ) );
#918 = CARTESIAN_POINT( '', ( 3.50528626626683, -1.49999999999999, -0.866025403784438 ) );
#919 = CARTESIAN_POINT( '', ( 3.46361959960016, -1.50000000000000, -8.08452581628226E-015 ) );
#920 = CARTESIAN_POINT( '', ( 3.42195293293350, -1.49999999999999, 0.866025403784438 ) );
#921 = CARTESIAN_POINT( '', ( 3.38028626626683, -0.750000000000000, 1.29903810567665 ) );
#922 = CARTESIAN_POINT( '', ( 3.33861959960016, -6.36452353826089E-015, 1.73205080756888 ) );
#923 = CARTESIAN_POINT( '', ( 3.29695293293350, 0.749999999999987, 1.29903810567666 ) );
#924 = CARTESIAN_POINT( '', ( 3.25528626626683, 1.49999999999999, 0.866025403784438 ) );
#925 = CARTESIAN_POINT( '', ( 3.21361959960016, 1.50000000000000, 2.93915231795363E-015 ) );
#931 = COLOUR_RGB( '', 0.643137276172638, 0.678431391716003, 0.698039233684540 );
#932 = CARTESIAN_POINT( '', ( 7.00000000000000, 0.000000000000000, 3.50000000000000 ) );
#933 = AXIS2_PLACEMENT_3D( '', #1055, #1056, #1057 );
#934 = COLOUR_RGB( '', 0.643137276172638, 0.678431391716003, 0.698039233684540 );
#935 = CARTESIAN_POINT( '', ( 3.36950417228136, 1.23000000000000, 1.98894562004205E-014 ) );
#936 = CARTESIAN_POINT( '', ( 7.00000000000000, 1.23000000000000, 1.98894562004205E-014 ) );
#937 = VECTOR( '', #1058, 1000.00000000000 );
#938 = CARTESIAN_POINT( '', ( 3.21361959960016, 1.50000000000000, 2.42554343907565E-014 ) );
#939 = VECTOR( '', #1059, 999.999999999999 );
#940 = COLOUR_RGB( '', 0.643137276172638, 0.678431391716003, 0.698039233684540 );
#941 = CARTESIAN_POINT( '', ( 6.80000000000000, 0.798579748015790, -0.935505417439705 ) );
#944 = CARTESIAN_POINT( '', ( 6.80000000000000, 0.798579748015791, -0.935505417439705 ) );
#945 = CARTESIAN_POINT( '', ( 6.79279282963496, 0.712740582539199, -1.00878069501510 ) );
#946 = CARTESIAN_POINT( '', ( 6.78617083894802, 0.615000000000000, -1.06521124665486 ) );
#947 = CARTESIAN_POINT( '', ( 6.74450417228135, 8.69671695754423E-017, -1.42028166220648 ) );
#948 = CARTESIAN_POINT( '', ( 6.70283750561469, -0.615000000000000, -1.06521124665486 ) );
#949 = CARTESIAN_POINT( '', ( 6.66117083894802, -1.23000000000000, -0.710140831103239 ) );
#950 = CARTESIAN_POINT( '', ( 6.61950417228136, -1.23000000000000, -1.50631556295125E-016 ) );
#951 = CARTESIAN_POINT( '', ( 6.57783750561469, -1.23000000000000, 0.710140831103239 ) );
#952 = CARTESIAN_POINT( '', ( 6.53617083894802, -0.615000000000000, 1.06521124665486 ) );
#953 = CARTESIAN_POINT( '', ( 6.49450417228135, -2.60901508726327E-016, 1.42028166220648 ) );
#954 = CARTESIAN_POINT( '', ( 6.45283750561469, 0.615000000000000, 1.06521124665486 ) );
#955 = CARTESIAN_POINT( '', ( 6.41117083894802, 1.23000000000000, 0.710140831103239 ) );
#956 = CARTESIAN_POINT( '', ( 6.36950417228136, 1.23000000000000, 0.000000000000000 ) );
#957 = CARTESIAN_POINT( '', ( 6.32783750561469, 1.23000000000000, -0.710140831103239 ) );
#958 = CARTESIAN_POINT( '', ( 6.28617083894803, 0.615000000000000, -1.06521124665486 ) );
#959 = CARTESIAN_POINT( '', ( 6.24450417228136, 8.69671695754423E-017, -1.42028166220648 ) );
#960 = CARTESIAN_POINT( '', ( 6.20283750561469, -0.615000000000000, -1.06521124665486 ) );
#961 = CARTESIAN_POINT( '', ( 6.16117083894802, -1.23000000000000, -0.710140831103239 ) );
#962 = CARTESIAN_POINT( '', ( 6.11950417228136, -1.23000000000000, -1.50631556295125E-016 ) );
#963 = CARTESIAN_POINT( '', ( 6.07783750561469, -1.23000000000000, 0.710140831103239 ) );
#964 = CARTESIAN_POINT( '', ( 6.03617083894802, -0.615000000000000, 1.06521124665486 ) );
#965 = CARTESIAN_POINT( '', ( 5.99450417228136, -2.60901508726327E-016, 1.42028166220648 ) );
#966 = CARTESIAN_POINT( '', ( 5.95283750561469, 0.615000000000000, 1.06521124665486 ) );
#967 = CARTESIAN_POINT( '', ( 5.91117083894802, 1.23000000000000, 0.710140831103239 ) );
#968 = CARTESIAN_POINT( '', ( 5.86950417228136, 1.23000000000000, 0.000000000000000 ) );
#969 = CARTESIAN_POINT( '', ( 5.82783750561469, 1.23000000000000, -0.710140831103239 ) );
#970 = CARTESIAN_POINT( '', ( 5.78617083894802, 0.615000000000000, -1.06521124665486 ) );
#971 = CARTESIAN_POINT( '', ( 5.74450417228136, 8.69671695754423E-017, -1.42028166220648 ) );
#972 = CARTESIAN_POINT( '', ( 5.70283750561469, -0.615000000000000, -1.06521124665486 ) );
#973 = CARTESIAN_POINT( '', ( 5.66117083894802, -1.23000000000000, -0.710140831103239 ) );
#974 = CARTESIAN_POINT( '', ( 5.61950417228136, -1.23000000000000, -1.50631556295125E-016 ) );
#975 = CARTESIAN_POINT( '', ( 5.57783750561469, -1.23000000000000, 0.710140831103239 ) );
#976 = CARTESIAN_POINT( '', ( 5.53617083894802, -0.615000000000000, 1.06521124665486 ) );
#977 = CARTESIAN_POINT( '', ( 5.49450417228136, -2.60901508726327E-016, 1.42028166220648 ) );
#978 = CARTESIAN_POINT( '', ( 5.45283750561469, 0.615000000000000, 1.06521124665486 ) );
#979 = CARTESIAN_POINT( '', ( 5.41117083894802, 1.23000000000000, 0.710140831103239 ) );
#980 = CARTESIAN_POINT( '', ( 5.36950417228136, 1.23000000000000, 0.000000000000000 ) );
#981 = CARTESIAN_POINT( '', ( 5.32783750561469, 1.23000000000000, -0.710140831103239 ) );
#982 = CARTESIAN_POINT( '', ( 5.28617083894802, 0.615000000000000, -1.06521124665486 ) );
#983 = CARTESIAN_POINT( '', ( 5.24450417228136, 8.69671695754423E-017, -1.42028166220648 ) );
#984 = CARTESIAN_POINT( '', ( 5.20283750561469, -0.615000000000000, -1.06521124665486 ) );
#985 = CARTESIAN_POINT( '', ( 5.16117083894802, -1.23000000000000, -0.710140831103239 ) );
#986 = CARTESIAN_POINT( '', ( 5.11950417228136, -1.23000000000000, -1.50631556295125E-016 ) );
#987 = CARTESIAN_POINT( '', ( 5.07783750561469, -1.23000000000000, 0.710140831103239 ) );
#988 = CARTESIAN_POINT( '', ( 5.03617083894802, -0.615000000000000, 1.06521124665486 ) );
#989 = CARTESIAN_POINT( '', ( 4.99450417228135, -2.60901508726327E-016, 1.42028166220648 ) );
#990 = CARTESIAN_POINT( '', ( 4.95283750561469, 0.615000000000000, 1.06521124665486 ) );
#991 = CARTESIAN_POINT( '', ( 4.91117083894802, 1.23000000000000, 0.710140831103239 ) );
#992 = CARTESIAN_POINT( '', ( 4.86950417228136, 1.23000000000000, 0.000000000000000 ) );
#993 = CARTESIAN_POINT( '', ( 4.82783750561469, 1.23000000000000, -0.710140831103239 ) );
#994 = CARTESIAN_POINT( '', ( 4.78617083894802, 0.615000000000000, -1.06521124665486 ) );
#995 = CARTESIAN_POINT( '', ( 4.74450417228136, 8.69671695754423E-017, -1.42028166220648 ) );
#996 = CARTESIAN_POINT( '', ( 4.70283750561469, -0.615000000000000, -1.06521124665486 ) );
#997 = CARTESIAN_POINT( '', ( 4.66117083894802, -1.23000000000000, -0.710140831103239 ) );
#998 = CARTESIAN_POINT( '', ( 4.61950417228136, -1.23000000000000, -1.50631556295125E-016 ) );
#999 = CARTESIAN_POINT( '', ( 4.57783750561469, -1.23000000000000, 0.710140831103239 ) );
#1000 = CARTESIAN_POINT( '', ( 4.53617083894803, -0.615000000000000, 1.06521124665486 ) );
#1001 = CARTESIAN_POINT( '', ( 4.49450417228135, -2.60901508726327E-016, 1.42028166220648 ) );
#1002 = CARTESIAN_POINT( '', ( 4.45283750561469, 0.615000000000000, 1.06521124665486 ) );
#1003 = CARTESIAN_POINT( '', ( 4.41117083894802, 1.23000000000000, 0.710140831103239 ) );
#1004 = CARTESIAN_POINT( '', ( 4.36950417228135, 1.23000000000000, 0.000000000000000 ) );
#1005 = CARTESIAN_POINT( '', ( 4.32783750561469, 1.23000000000000, -0.710140831103239 ) );
#1006 = CARTESIAN_POINT( '', ( 4.28617083894802, 0.615000000000000, -1.06521124665486 ) );
#1007 = CARTESIAN_POINT( '', ( 4.24450417228135, 8.69671695754423E-017, -1.42028166220648 ) );
#1008 = CARTESIAN_POINT( '', ( 4.20283750561469, -0.615000000000000, -1.06521124665486 ) );
#1009 = CARTESIAN_POINT( '', ( 4.16117083894802, -1.23000000000000, -0.710140831103239 ) );
#1010 = CARTESIAN_POINT( '', ( 4.11950417228135, -1.23000000000000, -1.50631556295125E-016 ) );
#1011 = CARTESIAN_POINT( '', ( 4.07783750561469, -1.23000000000000, 0.710140831103239 ) );
#1012 = CARTESIAN_POINT( '', ( 4.03617083894802, -0.615000000000000, 1.06521124665486 ) );
#1013 = CARTESIAN_POINT( '', ( 3.99450417228136, -2.60901508726327E-016, 1.42028166220648 ) );
#1014 = CARTESIAN_POINT( '', ( 3.95283750561469, 0.615000000000000, 1.06521124665486 ) );
#1015 = CARTESIAN_POINT( '', ( 3.91117083894802, 1.23000000000000, 0.710140831103239 ) );
#1016 = CARTESIAN_POINT( '', ( 3.86950417228135, 1.23000000000000, 0.000000000000000 ) );
#1017 = CARTESIAN_POINT( '', ( 3.82783750561469, 1.23000000000000, -0.710140831103239 ) );
#1018 = CARTESIAN_POINT( '', ( 3.78617083894803, 0.615000000000000, -1.06521124665486 ) );
#1019 = CARTESIAN_POINT( '', ( 3.74450417228136, 8.69671695754423E-017, -1.42028166220648 ) );
#1020 = CARTESIAN_POINT( '', ( 3.70283750561469, -0.615000000000000, -1.06521124665486 ) );
#1021 = CARTESIAN_POINT( '', ( 3.66117083894802, -1.23000000000000, -0.710140831103239 ) );
#1022 = CARTESIAN_POINT( '', ( 3.61950417228136, -1.23000000000000, -1.50631556295125E-016 ) );
#1023 = CARTESIAN_POINT( '', ( 3.57783750561469, -1.23000000000000, 0.710140831103239 ) );
#1024 = CARTESIAN_POINT( '', ( 3.53617083894803, -0.615000000000000, 1.06521124665486 ) );
#1025 = CARTESIAN_POINT( '', ( 3.49450417228136, -2.60901508726327E-016, 1.42028166220648 ) );
#1026 = CARTESIAN_POINT( '', ( 3.45283750561469, 0.615000000000000, 1.06521124665486 ) );
#1027 = CARTESIAN_POINT( '', ( 3.41117083894802, 1.23000000000000, 0.710140831103239 ) );
#1028 = CARTESIAN_POINT( '', ( 3.36950417228135, 1.23000000000000, 0.000000000000000 ) );
#1034 = CARTESIAN_POINT( '', ( 6.80000000000000, 1.21103769875145, -0.472639071811471 ) );
#1035 = CARTESIAN_POINT( '', ( 6.80000000000000, 1.11433034699228, -0.657756453248865 ) );
#1036 = CARTESIAN_POINT( '', ( 6.80000000000000, 0.972542037080601, -0.817398000440603 ) );
#1037 = CARTESIAN_POINT( '', ( 6.80000000000000, 0.798579748015792, -0.935505417439699 ) );
#1038 = COLOUR_RGB( '', 0.643137276172638, 0.678431391716003, 0.698039233684540 );
#1039 = CARTESIAN_POINT( '', ( 0.000000000000000, 0.000000000000000, 3.50000000000000 ) );
#1040 = AXIS2_PLACEMENT_3D( '', #1060, #1061, #1062 );
#1041 = COLOUR_RGB( '', 0.643137276172638, 0.678431391716003, 0.698039233684540 );
#1042 = COLOUR_RGB( '', 0.643137276172638, 0.678431391716003, 0.698039233684540 );
#1043 = AXIS2_PLACEMENT_3D( '', #1063, #1064, #1065 );
#1044 = COLOUR_RGB( '', 0.643137276172638, 0.678431391716003, 0.698039233684540 );
#1045 = CARTESIAN_POINT( '', ( 2.23905856140390, 0.000000000000000, 1.23000000000000 ) );
#1046 = AXIS2_PLACEMENT_3D( '', #1066, #1067, #1068 );
#1047 = COLOUR_RGB( '', 0.643137276172638, 0.678431391716003, 0.698039233684540 );
#1048 = CARTESIAN_POINT( '', ( 6.80000000000000, 0.000000000000000, 0.000000000000000 ) );
#1049 = DIRECTION( '', ( -1.00000000000000, 0.000000000000000, 0.000000000000000 ) );
#1050 = DIRECTION( '', ( 0.000000000000000, 0.000000000000000, 1.00000000000000 ) );
#1051 = CARTESIAN_POINT( '', ( 7.00000000000000, 0.000000000000000, 0.000000000000000 ) );
#1052 = DIRECTION( '', ( -1.00000000000000, 0.000000000000000, 0.000000000000000 ) );
#1053 = DIRECTION( '', ( 0.000000000000000, 0.000000000000000, 1.00000000000000 ) );
#1054 = DIRECTION( '', ( 0.500000000000000, 0.866025403784439, 1.40038815748147E-014 ) );
#1055 = CARTESIAN_POINT( '', ( 7.00000000000000, 0.000000000000000, 0.000000000000000 ) );
#1056 = DIRECTION( '', ( -1.00000000000000, 0.000000000000000, 0.000000000000000 ) );
#1057 = DIRECTION( '', ( 0.000000000000000, 0.000000000000000, 1.00000000000000 ) );
#1058 = DIRECTION( '', ( -1.00000000000000, 0.000000000000000, 0.000000000000000 ) );
#1059 = DIRECTION( '', ( 0.500000000000000, -0.866025403784438, -1.40038815748147E-014 ) );
#1060 = CARTESIAN_POINT( '', ( 0.000000000000000, 0.000000000000000, 0.000000000000000 ) );
#1061 = DIRECTION( '', ( -1.00000000000000, 0.000000000000000, 0.000000000000000 ) );
#1062 = DIRECTION( '', ( 0.000000000000000, 0.000000000000000, 1.00000000000000 ) );
#1063 = CARTESIAN_POINT( '', ( 6.80000000000000, 0.000000000000000, 0.000000000000000 ) );
#1064 = DIRECTION( '', ( 1.00000000000000, 0.000000000000000, 0.000000000000000 ) );
#1065 = DIRECTION( '', ( 0.000000000000000, 0.000000000000000, -1.00000000000000 ) );
#1066 = CARTESIAN_POINT( '', ( 2.23905856140390, 0.000000000000000, 0.000000000000000 ) );
#1067 = DIRECTION( '', ( -1.00000000000000, 0.000000000000000, 0.000000000000000 ) );
#1068 = DIRECTION( '', ( 0.000000000000000, 0.000000000000000, 1.00000000000000 ) );
ENDSEC;
END-ISO-10303-21;
